Copyright 1986-2022 Xilinx, Inc. All Rights Reserved. Copyright 2022-2024 Advanced Micro Devices, Inc. All Rights Reserved.
------------------------------------------------------------------------------------------------------------------------------------------------------------------------------------------------
| Tool Version : Vivado v.2024.2 (win64) Build 5239630 Fri Nov 08 22:35:27 MST 2024
| Date         : Thu Sep  3 14:02:46 2026
| Host         : DESKTOP-ADCQ3LG running 64-bit major release  (build 9200)
| Command      : report_timing_summary -delay_type min_max -report_unconstrained -max_paths 20 -file G:/EEG/Workflow/prj/eeg_2or8to2or16/output/report/.staging/route/physical/route_timing.rpt
| Design       : eeg_bci_ps_pl_system_wrapper
| Device       : 7z020-clg400
| Speed File   : -1  PRODUCTION 1.12 2019-11-22
| Design State : Routed
------------------------------------------------------------------------------------------------------------------------------------------------------------------------------------------------

Timing Summary Report

------------------------------------------------------------------------------------------------
| Timer Settings
| --------------
------------------------------------------------------------------------------------------------

  Enable Multi Corner Analysis               :  Yes
  Enable Pessimism Removal                   :  Yes
  Pessimism Removal Resolution               :  Nearest Common Node
  Enable Input Delay Default Clock           :  No
  Enable Preset / Clear Arcs                 :  No
  Disable Flight Delays                      :  No
  Ignore I/O Paths                           :  No
  Timing Early Launch at Borrowing Latches   :  No
  Borrow Time for Max Delay Exceptions       :  Yes
  Merge Timing Exceptions                    :  Yes
  Inter-SLR Compensation                     :  Conservative

  Corner  Analyze    Analyze    
  Name    Max Paths  Min Paths  
  ------  ---------  ---------  
  Slow    Yes        Yes        
  Fast    Yes        Yes        


------------------------------------------------------------------------------------------------
| Report Methodology
| ------------------
------------------------------------------------------------------------------------------------

No report available as report_methodology has not been run prior. Run report_methodology on the current design for the summary of methodology violations.



check_timing report

Table of Contents
-----------------
1. checking no_clock (0)
2. checking constant_clock (0)
3. checking pulse_width_clock (0)
4. checking unconstrained_internal_endpoints (0)
5. checking no_input_delay (0)
6. checking no_output_delay (0)
7. checking multiple_clock (0)
8. checking generated_clocks (0)
9. checking loops (0)
10. checking partial_input_delay (0)
11. checking partial_output_delay (0)
12. checking latch_loops (0)

1. checking no_clock (0)
------------------------
 There are 0 register/latch pins with no clock.


2. checking constant_clock (0)
------------------------------
 There are 0 register/latch pins with constant_clock.


3. checking pulse_width_clock (0)
---------------------------------
 There are 0 register/latch pins which need pulse_width check


4. checking unconstrained_internal_endpoints (0)
------------------------------------------------
 There are 0 pins that are not constrained for maximum delay.

 There are 0 pins that are not constrained for maximum delay due to constant clock.


5. checking no_input_delay (0)
------------------------------
 There are 0 input ports with no input delay specified.

 There are 0 input ports with no input delay but user has a false path constraint.


6. checking no_output_delay (0)
-------------------------------
 There are 0 ports with no output delay specified.

 There are 0 ports with no output delay but user has a false path constraint

 There are 0 ports with no output delay but with a timing clock defined on it or propagating through it


7. checking multiple_clock (0)
------------------------------
 There are 0 register/latch pins with multiple clocks.


8. checking generated_clocks (0)
--------------------------------
 There are 0 generated clocks that are not connected to a clock source.


9. checking loops (0)
---------------------
 There are 0 combinational loops in the design.


10. checking partial_input_delay (0)
------------------------------------
 There are 0 input ports with partial input delay specified.


11. checking partial_output_delay (0)
-------------------------------------
 There are 0 ports with partial output delay specified.


12. checking latch_loops (0)
----------------------------
 There are 0 combinational latch loops in the design through latch input



------------------------------------------------------------------------------------------------
| Design Timing Summary
| ---------------------
------------------------------------------------------------------------------------------------

    WNS(ns)      TNS(ns)  TNS Failing Endpoints  TNS Total Endpoints      WHS(ns)      THS(ns)  THS Failing Endpoints  THS Total Endpoints     WPWS(ns)     TPWS(ns)  TPWS Failing Endpoints  TPWS Total Endpoints  
    -------      -------  ---------------------  -------------------      -------      -------  ---------------------  -------------------     --------     --------  ----------------------  --------------------  
      0.021        0.000                      0                19535        0.078        0.000                      0                19535        5.750        0.000                       0                  6160  


All user specified timing constraints are met.


------------------------------------------------------------------------------------------------
| Clock Summary
| -------------
------------------------------------------------------------------------------------------------

Clock       Waveform(ns)       Period(ns)      Frequency(MHz)
-----       ------------       ----------      --------------
clk_fpga_0  {0.000 7.000}      14.000          71.429          


------------------------------------------------------------------------------------------------
| Intra Clock Table
| -----------------
------------------------------------------------------------------------------------------------

Clock             WNS(ns)      TNS(ns)  TNS Failing Endpoints  TNS Total Endpoints      WHS(ns)      THS(ns)  THS Failing Endpoints  THS Total Endpoints     WPWS(ns)     TPWS(ns)  TPWS Failing Endpoints  TPWS Total Endpoints  
-----             -------      -------  ---------------------  -------------------      -------      -------  ---------------------  -------------------     --------     --------  ----------------------  --------------------  
clk_fpga_0          0.021        0.000                      0                16383        0.078        0.000                      0                16383        5.750        0.000                       0                  6160  


------------------------------------------------------------------------------------------------
| Inter Clock Table
| -----------------
------------------------------------------------------------------------------------------------

From Clock    To Clock          WNS(ns)      TNS(ns)  TNS Failing Endpoints  TNS Total Endpoints      WHS(ns)      THS(ns)  THS Failing Endpoints  THS Total Endpoints  
----------    --------          -------      -------  ---------------------  -------------------      -------      -------  ---------------------  -------------------  


------------------------------------------------------------------------------------------------
| Other Path Groups Table
| -----------------------
------------------------------------------------------------------------------------------------

Path Group         From Clock         To Clock               WNS(ns)      TNS(ns)  TNS Failing Endpoints  TNS Total Endpoints      WHS(ns)      THS(ns)  THS Failing Endpoints  THS Total Endpoints  
----------         ----------         --------               -------      -------  ---------------------  -------------------      -------      -------  ---------------------  -------------------  
**async_default**  clk_fpga_0         clk_fpga_0               3.181        0.000                      0                 3152        1.118        0.000                      0                 3152  


------------------------------------------------------------------------------------------------
| User Ignored Path Table
| -----------------------
------------------------------------------------------------------------------------------------

Path Group    From Clock    To Clock    
----------    ----------    --------    
(none)                      clk_fpga_0    


------------------------------------------------------------------------------------------------
| Unconstrained Path Table
| ------------------------
------------------------------------------------------------------------------------------------

Path Group    From Clock    To Clock    
----------    ----------    --------    


------------------------------------------------------------------------------------------------
| Timing Details
| --------------
------------------------------------------------------------------------------------------------


---------------------------------------------------------------------------------------------------
From Clock:  clk_fpga_0
  To Clock:  clk_fpga_0

Setup :            0  Failing Endpoints,  Worst Slack        0.021ns,  Total Violation        0.000ns
Hold  :            0  Failing Endpoints,  Worst Slack        0.078ns,  Total Violation        0.000ns
PW    :            0  Failing Endpoints,  Worst Slack        5.750ns,  Total Violation        0.000ns
---------------------------------------------------------------------------------------------------


Max Delay Paths
--------------------------------------------------------------------------------------
Slack (MET) :             0.021ns  (required time - arrival time)
  Source:                 eeg_bci_ps_pl_system_i/BCI_0/inst/accelerator/core/datapath/mac16_inst/result_reg[10]/C
                            (rising edge-triggered cell FDCE clocked by clk_fpga_0  {rise@0.000ns fall@7.000ns period=14.000ns})
  Destination:            eeg_bci_ps_pl_system_i/BCI_0/inst/accelerator/core/feature_commit_data_reg[11]/D
                            (rising edge-triggered cell FDCE clocked by clk_fpga_0  {rise@0.000ns fall@7.000ns period=14.000ns})
  Path Group:             clk_fpga_0
  Path Type:              Setup (Max at Slow Process Corner)
  Requirement:            14.000ns  (clk_fpga_0 rise@14.000ns - clk_fpga_0 rise@0.000ns)
  Data Path Delay:        13.630ns  (logic 3.748ns (27.498%)  route 9.882ns (72.502%))
  Logic Levels:           17  (CARRY4=2 LUT2=1 LUT3=1 LUT4=2 LUT5=3 LUT6=7 MUXF7=1)
  Clock Path Skew:        -0.168ns (DCD - SCD + CPR)
    Destination Clock Delay (DCD):    2.628ns = ( 16.628 - 14.000 ) 
    Source Clock Delay      (SCD):    2.925ns
    Clock Pessimism Removal (CPR):    0.129ns
  Clock Uncertainty:      0.213ns  ((TSJ^2 + TIJ^2)^1/2 + DJ) / 2 + PE
    Total System Jitter     (TSJ):    0.071ns
    Total Input Jitter      (TIJ):    0.420ns
    Discrete Jitter          (DJ):    0.000ns
    Phase Error              (PE):    0.000ns

    Location             Delay type                Incr(ns)  Path(ns)    Netlist Resource(s)
  -------------------------------------------------------------------    -------------------
                         (clock clk_fpga_0 rise edge)
                                                      0.000     0.000 r  
    PS7_X0Y0             PS7                          0.000     0.000 r  eeg_bci_ps_pl_system_i/processing_system7_0/inst/PS7_i/FCLKCLK[0]
                         net (fo=1, routed)           1.193     1.193    eeg_bci_ps_pl_system_i/processing_system7_0/inst/FCLK_CLK_unbuffered[0]
    BUFGCTRL_X0Y16       BUFG (Prop_bufg_I_O)         0.101     1.294 r  eeg_bci_ps_pl_system_i/processing_system7_0/inst/buffer_fclk_clk_0.FCLK_CLK_0_BUFG/O
                         net (fo=6160, routed)        1.631     2.925    eeg_bci_ps_pl_system_i/BCI_0/inst/accelerator/core/datapath/mac16_inst/s_axi_aclk
    SLICE_X45Y75         FDCE                                         r  eeg_bci_ps_pl_system_i/BCI_0/inst/accelerator/core/datapath/mac16_inst/result_reg[10]/C
  -------------------------------------------------------------------    -------------------
    SLICE_X45Y75         FDCE (Prop_fdce_C_Q)         0.456     3.381 f  eeg_bci_ps_pl_system_i/BCI_0/inst/accelerator/core/datapath/mac16_inst/result_reg[10]/Q
                         net (fo=61, routed)          1.092     4.473    eeg_bci_ps_pl_system_i/BCI_0/inst/accelerator/core/datapath/mac16_inst/result[10]
    SLICE_X46Y72         LUT6 (Prop_lut6_I0_O)        0.124     4.597 f  eeg_bci_ps_pl_system_i/BCI_0/inst/accelerator/core/datapath/mac16_inst/v3_op7_cache0[0][15]_i_10/O
                         net (fo=1, routed)           0.292     4.889    eeg_bci_ps_pl_system_i/BCI_0/inst/accelerator/core/datapath/mac16_inst/v3_op7_cache0[0][15]_i_10_n_0
    SLICE_X47Y72         LUT5 (Prop_lut5_I0_O)        0.124     5.013 f  eeg_bci_ps_pl_system_i/BCI_0/inst/accelerator/core/datapath/mac16_inst/v3_op7_cache0[0][15]_i_5/O
                         net (fo=39, routed)          0.710     5.723    eeg_bci_ps_pl_system_i/BCI_0/inst/accelerator/core/datapath/mac16_inst/v3_op7_cache0[0][15]_i_5_n_0
    SLICE_X48Y71         LUT6 (Prop_lut6_I2_O)        0.124     5.847 f  eeg_bci_ps_pl_system_i/BCI_0/inst/accelerator/core/datapath/mac16_inst/v3_op7_cache0[0][14]_i_29/O
                         net (fo=2, routed)           0.504     6.350    eeg_bci_ps_pl_system_i/BCI_0/inst/accelerator/core/datapath/mac16_inst/op6_add_inst/exp_delta[3]
    SLICE_X49Y71         LUT6 (Prop_lut6_I5_O)        0.124     6.474 f  eeg_bci_ps_pl_system_i/BCI_0/inst/accelerator/core/datapath/mac16_inst/v3_op7_cache0[0][14]_i_28/O
                         net (fo=4, routed)           0.497     6.972    eeg_bci_ps_pl_system_i/BCI_0/inst/accelerator/core/datapath/mac16_inst/op6_add_inst/mant_temp4
    SLICE_X48Y70         LUT2 (Prop_lut2_I1_O)        0.124     7.096 r  eeg_bci_ps_pl_system_i/BCI_0/inst/accelerator/core/datapath/mac16_inst/v3_op7_cache0[0][14]_i_21/O
                         net (fo=16, routed)          0.758     7.854    eeg_bci_ps_pl_system_i/BCI_0/inst/accelerator/core/datapath/mac16_inst/op6_add_inst/align_shift[2]
    SLICE_X49Y69         LUT4 (Prop_lut4_I1_O)        0.124     7.978 r  eeg_bci_ps_pl_system_i/BCI_0/inst/accelerator/core/datapath/mac16_inst/v3_op7_cache0[0][2]_i_20/O
                         net (fo=2, routed)           0.592     8.570    eeg_bci_ps_pl_system_i/BCI_0/inst/accelerator/core/datapath/mac16_inst/v3_op7_cache0[0][2]_i_20_n_0
    SLICE_X51Y69         LUT5 (Prop_lut5_I0_O)        0.124     8.694 r  eeg_bci_ps_pl_system_i/BCI_0/inst/accelerator/core/datapath/mac16_inst/v3_op7_cache0[0][2]_i_14/O
                         net (fo=3, routed)           0.423     9.117    eeg_bci_ps_pl_system_i/BCI_0/inst/accelerator/core/datapath/mac16_inst/v3_op7_cache0[0][2]_i_14_n_0
    SLICE_X52Y70         LUT5 (Prop_lut5_I0_O)        0.124     9.241 r  eeg_bci_ps_pl_system_i/BCI_0/inst/accelerator/core/datapath/mac16_inst/v3_op7_cache0[0][2]_i_11/O
                         net (fo=1, routed)           0.656     9.897    eeg_bci_ps_pl_system_i/BCI_0/inst/accelerator/core/datapath/mac16_inst/v3_op7_cache0[0][2]_i_11_n_0
    SLICE_X53Y70         CARRY4 (Prop_carry4_S[0]_CO[3])
                                                      0.656    10.553 r  eeg_bci_ps_pl_system_i/BCI_0/inst/accelerator/core/datapath/mac16_inst/v3_op7_cache0_reg[0][2]_i_2/CO[3]
                         net (fo=1, routed)           0.000    10.553    eeg_bci_ps_pl_system_i/BCI_0/inst/accelerator/core/datapath/mac16_inst/v3_op7_cache0_reg[0][2]_i_2_n_0
    SLICE_X53Y71         CARRY4 (Prop_carry4_CI_O[1])
                                                      0.334    10.887 f  eeg_bci_ps_pl_system_i/BCI_0/inst/accelerator/core/datapath/mac16_inst/v3_op7_cache0_reg[0][6]_i_2/O[1]
                         net (fo=10, routed)          0.975    11.861    eeg_bci_ps_pl_system_i/BCI_0/inst/accelerator/core/datapath/mac16_inst/op6_add_inst/sel0[5]
    SLICE_X56Y70         LUT3 (Prop_lut3_I2_O)        0.303    12.164 r  eeg_bci_ps_pl_system_i/BCI_0/inst/accelerator/core/datapath/mac16_inst/v3_op7_cache0[0][13]_i_15/O
                         net (fo=2, routed)           0.884    13.048    eeg_bci_ps_pl_system_i/BCI_0/inst/accelerator/core/datapath/mac16_inst/v3_op7_cache0[0][13]_i_15_n_0
    SLICE_X57Y70         LUT6 (Prop_lut6_I2_O)        0.124    13.172 f  eeg_bci_ps_pl_system_i/BCI_0/inst/accelerator/core/datapath/mac16_inst/v3_op7_cache0[0][13]_i_11/O
                         net (fo=1, routed)           0.619    13.791    eeg_bci_ps_pl_system_i/BCI_0/inst/accelerator/core/datapath/mac16_inst/v3_op7_cache0[0][13]_i_11_n_0
    SLICE_X57Y69         LUT6 (Prop_lut6_I4_O)        0.124    13.915 f  eeg_bci_ps_pl_system_i/BCI_0/inst/accelerator/core/datapath/mac16_inst/v3_op7_cache0[0][13]_i_5/O
                         net (fo=4, routed)           0.352    14.266    eeg_bci_ps_pl_system_i/BCI_0/inst/accelerator/core/datapath/mac16_inst/v3_op7_cache0[0][13]_i_5_n_0
    SLICE_X55Y68         LUT6 (Prop_lut6_I4_O)        0.124    14.390 r  eeg_bci_ps_pl_system_i/BCI_0/inst/accelerator/core/datapath/mac16_inst/v3_op7_cache0[0][11]_i_1/O
                         net (fo=72, routed)          0.944    15.334    eeg_bci_ps_pl_system_i/BCI_0/inst/accelerator/core/datapath/mac16_inst/sum[11]
    SLICE_X52Y74         LUT4 (Prop_lut4_I0_O)        0.124    15.458 r  eeg_bci_ps_pl_system_i/BCI_0/inst/accelerator/core/datapath/mac16_inst/feature_commit_data[11]_i_5/O
                         net (fo=1, routed)           0.000    15.458    eeg_bci_ps_pl_system_i/BCI_0/inst/accelerator/core/datapath/mac16_inst/feature_commit_data[11]_i_5_n_0
    SLICE_X52Y74         MUXF7 (Prop_muxf7_I0_O)      0.212    15.670 r  eeg_bci_ps_pl_system_i/BCI_0/inst/accelerator/core/datapath/mac16_inst/feature_commit_data_reg[11]_i_2/O
                         net (fo=1, routed)           0.586    16.256    eeg_bci_ps_pl_system_i/BCI_0/inst/accelerator/core/datapath/mac16_inst/feature_commit_data_reg[11]_i_2_n_0
    SLICE_X52Y75         LUT6 (Prop_lut6_I1_O)        0.299    16.555 r  eeg_bci_ps_pl_system_i/BCI_0/inst/accelerator/core/datapath/mac16_inst/feature_commit_data[11]_i_1/O
                         net (fo=1, routed)           0.000    16.555    eeg_bci_ps_pl_system_i/BCI_0/inst/accelerator/core/datapath_n_427
    SLICE_X52Y75         FDCE                                         r  eeg_bci_ps_pl_system_i/BCI_0/inst/accelerator/core/feature_commit_data_reg[11]/D
  -------------------------------------------------------------------    -------------------

                         (clock clk_fpga_0 rise edge)
                                                     14.000    14.000 r  
    PS7_X0Y0             PS7                          0.000    14.000 r  eeg_bci_ps_pl_system_i/processing_system7_0/inst/PS7_i/FCLKCLK[0]
                         net (fo=1, routed)           1.088    15.088    eeg_bci_ps_pl_system_i/processing_system7_0/inst/FCLK_CLK_unbuffered[0]
    BUFGCTRL_X0Y16       BUFG (Prop_bufg_I_O)         0.091    15.179 r  eeg_bci_ps_pl_system_i/processing_system7_0/inst/buffer_fclk_clk_0.FCLK_CLK_0_BUFG/O
                         net (fo=6160, routed)        1.449    16.628    eeg_bci_ps_pl_system_i/BCI_0/inst/accelerator/core/s_axi_aclk
    SLICE_X52Y75         FDCE                                         r  eeg_bci_ps_pl_system_i/BCI_0/inst/accelerator/core/feature_commit_data_reg[11]/C
                         clock pessimism              0.129    16.757    
                         clock uncertainty           -0.213    16.544    
    SLICE_X52Y75         FDCE (Setup_fdce_C_D)        0.032    16.576    eeg_bci_ps_pl_system_i/BCI_0/inst/accelerator/core/feature_commit_data_reg[11]
  -------------------------------------------------------------------
                         required time                         16.576    
                         arrival time                         -16.555    
  -------------------------------------------------------------------
                         slack                                  0.021    

Slack (MET) :             0.039ns  (required time - arrival time)
  Source:                 eeg_bci_ps_pl_system_i/BCI_0/inst/accelerator/core/datapath/mac16_inst/result_reg[10]/C
                            (rising edge-triggered cell FDCE clocked by clk_fpga_0  {rise@0.000ns fall@7.000ns period=14.000ns})
  Destination:            eeg_bci_ps_pl_system_i/BCI_0/inst/accelerator/core/feature_commit_data_reg[0]/D
                            (rising edge-triggered cell FDCE clocked by clk_fpga_0  {rise@0.000ns fall@7.000ns period=14.000ns})
  Path Group:             clk_fpga_0
  Path Type:              Setup (Max at Slow Process Corner)
  Requirement:            14.000ns  (clk_fpga_0 rise@14.000ns - clk_fpga_0 rise@0.000ns)
  Data Path Delay:        13.723ns  (logic 3.755ns (27.364%)  route 9.968ns (72.636%))
  Logic Levels:           17  (CARRY4=2 LUT2=1 LUT4=3 LUT5=3 LUT6=7 MUXF7=1)
  Clock Path Skew:        -0.057ns (DCD - SCD + CPR)
    Destination Clock Delay (DCD):    2.639ns = ( 16.639 - 14.000 ) 
    Source Clock Delay      (SCD):    2.925ns
    Clock Pessimism Removal (CPR):    0.229ns
  Clock Uncertainty:      0.213ns  ((TSJ^2 + TIJ^2)^1/2 + DJ) / 2 + PE
    Total System Jitter     (TSJ):    0.071ns
    Total Input Jitter      (TIJ):    0.420ns
    Discrete Jitter          (DJ):    0.000ns
    Phase Error              (PE):    0.000ns

    Location             Delay type                Incr(ns)  Path(ns)    Netlist Resource(s)
  -------------------------------------------------------------------    -------------------
                         (clock clk_fpga_0 rise edge)
                                                      0.000     0.000 r  
    PS7_X0Y0             PS7                          0.000     0.000 r  eeg_bci_ps_pl_system_i/processing_system7_0/inst/PS7_i/FCLKCLK[0]
                         net (fo=1, routed)           1.193     1.193    eeg_bci_ps_pl_system_i/processing_system7_0/inst/FCLK_CLK_unbuffered[0]
    BUFGCTRL_X0Y16       BUFG (Prop_bufg_I_O)         0.101     1.294 r  eeg_bci_ps_pl_system_i/processing_system7_0/inst/buffer_fclk_clk_0.FCLK_CLK_0_BUFG/O
                         net (fo=6160, routed)        1.631     2.925    eeg_bci_ps_pl_system_i/BCI_0/inst/accelerator/core/datapath/mac16_inst/s_axi_aclk
    SLICE_X45Y75         FDCE                                         r  eeg_bci_ps_pl_system_i/BCI_0/inst/accelerator/core/datapath/mac16_inst/result_reg[10]/C
  -------------------------------------------------------------------    -------------------
    SLICE_X45Y75         FDCE (Prop_fdce_C_Q)         0.456     3.381 f  eeg_bci_ps_pl_system_i/BCI_0/inst/accelerator/core/datapath/mac16_inst/result_reg[10]/Q
                         net (fo=61, routed)          1.092     4.473    eeg_bci_ps_pl_system_i/BCI_0/inst/accelerator/core/datapath/mac16_inst/result[10]
    SLICE_X46Y72         LUT6 (Prop_lut6_I0_O)        0.124     4.597 f  eeg_bci_ps_pl_system_i/BCI_0/inst/accelerator/core/datapath/mac16_inst/v3_op7_cache0[0][15]_i_10/O
                         net (fo=1, routed)           0.292     4.889    eeg_bci_ps_pl_system_i/BCI_0/inst/accelerator/core/datapath/mac16_inst/v3_op7_cache0[0][15]_i_10_n_0
    SLICE_X47Y72         LUT5 (Prop_lut5_I0_O)        0.124     5.013 f  eeg_bci_ps_pl_system_i/BCI_0/inst/accelerator/core/datapath/mac16_inst/v3_op7_cache0[0][15]_i_5/O
                         net (fo=39, routed)          0.710     5.723    eeg_bci_ps_pl_system_i/BCI_0/inst/accelerator/core/datapath/mac16_inst/v3_op7_cache0[0][15]_i_5_n_0
    SLICE_X48Y71         LUT6 (Prop_lut6_I2_O)        0.124     5.847 f  eeg_bci_ps_pl_system_i/BCI_0/inst/accelerator/core/datapath/mac16_inst/v3_op7_cache0[0][14]_i_29/O
                         net (fo=2, routed)           0.504     6.350    eeg_bci_ps_pl_system_i/BCI_0/inst/accelerator/core/datapath/mac16_inst/op6_add_inst/exp_delta[3]
    SLICE_X49Y71         LUT6 (Prop_lut6_I5_O)        0.124     6.474 f  eeg_bci_ps_pl_system_i/BCI_0/inst/accelerator/core/datapath/mac16_inst/v3_op7_cache0[0][14]_i_28/O
                         net (fo=4, routed)           0.497     6.972    eeg_bci_ps_pl_system_i/BCI_0/inst/accelerator/core/datapath/mac16_inst/op6_add_inst/mant_temp4
    SLICE_X48Y70         LUT2 (Prop_lut2_I1_O)        0.124     7.096 r  eeg_bci_ps_pl_system_i/BCI_0/inst/accelerator/core/datapath/mac16_inst/v3_op7_cache0[0][14]_i_21/O
                         net (fo=16, routed)          0.758     7.854    eeg_bci_ps_pl_system_i/BCI_0/inst/accelerator/core/datapath/mac16_inst/op6_add_inst/align_shift[2]
    SLICE_X49Y69         LUT4 (Prop_lut4_I1_O)        0.124     7.978 r  eeg_bci_ps_pl_system_i/BCI_0/inst/accelerator/core/datapath/mac16_inst/v3_op7_cache0[0][2]_i_20/O
                         net (fo=2, routed)           0.592     8.570    eeg_bci_ps_pl_system_i/BCI_0/inst/accelerator/core/datapath/mac16_inst/v3_op7_cache0[0][2]_i_20_n_0
    SLICE_X51Y69         LUT5 (Prop_lut5_I0_O)        0.124     8.694 r  eeg_bci_ps_pl_system_i/BCI_0/inst/accelerator/core/datapath/mac16_inst/v3_op7_cache0[0][2]_i_14/O
                         net (fo=3, routed)           0.423     9.117    eeg_bci_ps_pl_system_i/BCI_0/inst/accelerator/core/datapath/mac16_inst/v3_op7_cache0[0][2]_i_14_n_0
    SLICE_X52Y70         LUT5 (Prop_lut5_I0_O)        0.124     9.241 r  eeg_bci_ps_pl_system_i/BCI_0/inst/accelerator/core/datapath/mac16_inst/v3_op7_cache0[0][2]_i_11/O
                         net (fo=1, routed)           0.656     9.897    eeg_bci_ps_pl_system_i/BCI_0/inst/accelerator/core/datapath/mac16_inst/v3_op7_cache0[0][2]_i_11_n_0
    SLICE_X53Y70         CARRY4 (Prop_carry4_S[0]_CO[3])
                                                      0.656    10.553 r  eeg_bci_ps_pl_system_i/BCI_0/inst/accelerator/core/datapath/mac16_inst/v3_op7_cache0_reg[0][2]_i_2/CO[3]
                         net (fo=1, routed)           0.000    10.553    eeg_bci_ps_pl_system_i/BCI_0/inst/accelerator/core/datapath/mac16_inst/v3_op7_cache0_reg[0][2]_i_2_n_0
    SLICE_X53Y71         CARRY4 (Prop_carry4_CI_O[3])
                                                      0.313    10.866 f  eeg_bci_ps_pl_system_i/BCI_0/inst/accelerator/core/datapath/mac16_inst/v3_op7_cache0_reg[0][6]_i_2/O[3]
                         net (fo=12, routed)          1.129    11.994    eeg_bci_ps_pl_system_i/BCI_0/inst/accelerator/core/datapath/mac16_inst/op6_add_inst/sel0[7]
    SLICE_X56Y70         LUT6 (Prop_lut6_I1_O)        0.306    12.300 f  eeg_bci_ps_pl_system_i/BCI_0/inst/accelerator/core/datapath/mac16_inst/v3_op7_cache0[0][13]_i_13/O
                         net (fo=1, routed)           0.480    12.781    eeg_bci_ps_pl_system_i/BCI_0/inst/accelerator/core/datapath/mac16_inst/v3_op7_cache0[0][13]_i_13_n_0
    SLICE_X57Y70         LUT6 (Prop_lut6_I3_O)        0.124    12.905 f  eeg_bci_ps_pl_system_i/BCI_0/inst/accelerator/core/datapath/mac16_inst/v3_op7_cache0[0][13]_i_7/O
                         net (fo=16, routed)          0.790    13.695    eeg_bci_ps_pl_system_i/BCI_0/inst/accelerator/core/datapath/mac16_inst/op6_add_inst/normalize_shift[1]
    SLICE_X55Y67         LUT4 (Prop_lut4_I3_O)        0.124    13.819 r  eeg_bci_ps_pl_system_i/BCI_0/inst/accelerator/core/datapath/mac16_inst/v3_op7_cache0[0][1]_i_2/O
                         net (fo=2, routed)           0.646    14.465    eeg_bci_ps_pl_system_i/BCI_0/inst/accelerator/core/datapath/mac16_inst/v3_op7_cache0[0][1]_i_2_n_0
    SLICE_X52Y67         LUT4 (Prop_lut4_I2_O)        0.124    14.589 r  eeg_bci_ps_pl_system_i/BCI_0/inst/accelerator/core/datapath/mac16_inst/v3_op7_cache0[0][0]_i_1/O
                         net (fo=72, routed)          0.898    15.486    eeg_bci_ps_pl_system_i/BCI_0/inst/accelerator/core/datapath/mac16_inst/sum[0]
    SLICE_X49Y74         LUT6 (Prop_lut6_I0_O)        0.124    15.610 r  eeg_bci_ps_pl_system_i/BCI_0/inst/accelerator/core/datapath/mac16_inst/feature_commit_data[0]_i_5/O
                         net (fo=1, routed)           0.000    15.610    eeg_bci_ps_pl_system_i/BCI_0/inst/accelerator/core/datapath/mac16_inst/feature_commit_data[0]_i_5_n_0
    SLICE_X49Y74         MUXF7 (Prop_muxf7_I0_O)      0.238    15.848 r  eeg_bci_ps_pl_system_i/BCI_0/inst/accelerator/core/datapath/mac16_inst/feature_commit_data_reg[0]_i_2/O
                         net (fo=1, routed)           0.501    16.350    eeg_bci_ps_pl_system_i/BCI_0/inst/accelerator/core/datapath/mac16_inst/feature_commit_data_reg[0]_i_2_n_0
    SLICE_X48Y74         LUT6 (Prop_lut6_I1_O)        0.298    16.648 r  eeg_bci_ps_pl_system_i/BCI_0/inst/accelerator/core/datapath/mac16_inst/feature_commit_data[0]_i_1/O
                         net (fo=1, routed)           0.000    16.648    eeg_bci_ps_pl_system_i/BCI_0/inst/accelerator/core/datapath_n_438
    SLICE_X48Y74         FDCE                                         r  eeg_bci_ps_pl_system_i/BCI_0/inst/accelerator/core/feature_commit_data_reg[0]/D
  -------------------------------------------------------------------    -------------------

                         (clock clk_fpga_0 rise edge)
                                                     14.000    14.000 r  
    PS7_X0Y0             PS7                          0.000    14.000 r  eeg_bci_ps_pl_system_i/processing_system7_0/inst/PS7_i/FCLKCLK[0]
                         net (fo=1, routed)           1.088    15.088    eeg_bci_ps_pl_system_i/processing_system7_0/inst/FCLK_CLK_unbuffered[0]
    BUFGCTRL_X0Y16       BUFG (Prop_bufg_I_O)         0.091    15.179 r  eeg_bci_ps_pl_system_i/processing_system7_0/inst/buffer_fclk_clk_0.FCLK_CLK_0_BUFG/O
                         net (fo=6160, routed)        1.460    16.639    eeg_bci_ps_pl_system_i/BCI_0/inst/accelerator/core/s_axi_aclk
    SLICE_X48Y74         FDCE                                         r  eeg_bci_ps_pl_system_i/BCI_0/inst/accelerator/core/feature_commit_data_reg[0]/C
                         clock pessimism              0.229    16.868    
                         clock uncertainty           -0.213    16.655    
    SLICE_X48Y74         FDCE (Setup_fdce_C_D)        0.031    16.686    eeg_bci_ps_pl_system_i/BCI_0/inst/accelerator/core/feature_commit_data_reg[0]
  -------------------------------------------------------------------
                         required time                         16.686    
                         arrival time                         -16.648    
  -------------------------------------------------------------------
                         slack                                  0.039    

Slack (MET) :             0.050ns  (required time - arrival time)
  Source:                 eeg_bci_ps_pl_system_i/BCI_0/inst/accelerator/core/datapath/mac16_inst/result_reg[10]/C
                            (rising edge-triggered cell FDCE clocked by clk_fpga_0  {rise@0.000ns fall@7.000ns period=14.000ns})
  Destination:            eeg_bci_ps_pl_system_i/BCI_0/inst/accelerator/core/feature_commit_data_reg[12]/D
                            (rising edge-triggered cell FDCE clocked by clk_fpga_0  {rise@0.000ns fall@7.000ns period=14.000ns})
  Path Group:             clk_fpga_0
  Path Type:              Setup (Max at Slow Process Corner)
  Requirement:            14.000ns  (clk_fpga_0 rise@14.000ns - clk_fpga_0 rise@0.000ns)
  Data Path Delay:        13.749ns  (logic 3.748ns (27.259%)  route 10.001ns (72.741%))
  Logic Levels:           17  (CARRY4=2 LUT2=1 LUT3=1 LUT4=1 LUT5=3 LUT6=8 MUXF7=1)
  Clock Path Skew:        -0.019ns (DCD - SCD + CPR)
    Destination Clock Delay (DCD):    2.643ns = ( 16.643 - 14.000 ) 
    Source Clock Delay      (SCD):    2.925ns
    Clock Pessimism Removal (CPR):    0.263ns
  Clock Uncertainty:      0.213ns  ((TSJ^2 + TIJ^2)^1/2 + DJ) / 2 + PE
    Total System Jitter     (TSJ):    0.071ns
    Total Input Jitter      (TIJ):    0.420ns
    Discrete Jitter          (DJ):    0.000ns
    Phase Error              (PE):    0.000ns

    Location             Delay type                Incr(ns)  Path(ns)    Netlist Resource(s)
  -------------------------------------------------------------------    -------------------
                         (clock clk_fpga_0 rise edge)
                                                      0.000     0.000 r  
    PS7_X0Y0             PS7                          0.000     0.000 r  eeg_bci_ps_pl_system_i/processing_system7_0/inst/PS7_i/FCLKCLK[0]
                         net (fo=1, routed)           1.193     1.193    eeg_bci_ps_pl_system_i/processing_system7_0/inst/FCLK_CLK_unbuffered[0]
    BUFGCTRL_X0Y16       BUFG (Prop_bufg_I_O)         0.101     1.294 r  eeg_bci_ps_pl_system_i/processing_system7_0/inst/buffer_fclk_clk_0.FCLK_CLK_0_BUFG/O
                         net (fo=6160, routed)        1.631     2.925    eeg_bci_ps_pl_system_i/BCI_0/inst/accelerator/core/datapath/mac16_inst/s_axi_aclk
    SLICE_X45Y75         FDCE                                         r  eeg_bci_ps_pl_system_i/BCI_0/inst/accelerator/core/datapath/mac16_inst/result_reg[10]/C
  -------------------------------------------------------------------    -------------------
    SLICE_X45Y75         FDCE (Prop_fdce_C_Q)         0.456     3.381 f  eeg_bci_ps_pl_system_i/BCI_0/inst/accelerator/core/datapath/mac16_inst/result_reg[10]/Q
                         net (fo=61, routed)          1.092     4.473    eeg_bci_ps_pl_system_i/BCI_0/inst/accelerator/core/datapath/mac16_inst/result[10]
    SLICE_X46Y72         LUT6 (Prop_lut6_I0_O)        0.124     4.597 f  eeg_bci_ps_pl_system_i/BCI_0/inst/accelerator/core/datapath/mac16_inst/v3_op7_cache0[0][15]_i_10/O
                         net (fo=1, routed)           0.292     4.889    eeg_bci_ps_pl_system_i/BCI_0/inst/accelerator/core/datapath/mac16_inst/v3_op7_cache0[0][15]_i_10_n_0
    SLICE_X47Y72         LUT5 (Prop_lut5_I0_O)        0.124     5.013 f  eeg_bci_ps_pl_system_i/BCI_0/inst/accelerator/core/datapath/mac16_inst/v3_op7_cache0[0][15]_i_5/O
                         net (fo=39, routed)          0.710     5.723    eeg_bci_ps_pl_system_i/BCI_0/inst/accelerator/core/datapath/mac16_inst/v3_op7_cache0[0][15]_i_5_n_0
    SLICE_X48Y71         LUT6 (Prop_lut6_I2_O)        0.124     5.847 f  eeg_bci_ps_pl_system_i/BCI_0/inst/accelerator/core/datapath/mac16_inst/v3_op7_cache0[0][14]_i_29/O
                         net (fo=2, routed)           0.504     6.350    eeg_bci_ps_pl_system_i/BCI_0/inst/accelerator/core/datapath/mac16_inst/op6_add_inst/exp_delta[3]
    SLICE_X49Y71         LUT6 (Prop_lut6_I5_O)        0.124     6.474 f  eeg_bci_ps_pl_system_i/BCI_0/inst/accelerator/core/datapath/mac16_inst/v3_op7_cache0[0][14]_i_28/O
                         net (fo=4, routed)           0.497     6.972    eeg_bci_ps_pl_system_i/BCI_0/inst/accelerator/core/datapath/mac16_inst/op6_add_inst/mant_temp4
    SLICE_X48Y70         LUT2 (Prop_lut2_I1_O)        0.124     7.096 r  eeg_bci_ps_pl_system_i/BCI_0/inst/accelerator/core/datapath/mac16_inst/v3_op7_cache0[0][14]_i_21/O
                         net (fo=16, routed)          0.758     7.854    eeg_bci_ps_pl_system_i/BCI_0/inst/accelerator/core/datapath/mac16_inst/op6_add_inst/align_shift[2]
    SLICE_X49Y69         LUT4 (Prop_lut4_I1_O)        0.124     7.978 r  eeg_bci_ps_pl_system_i/BCI_0/inst/accelerator/core/datapath/mac16_inst/v3_op7_cache0[0][2]_i_20/O
                         net (fo=2, routed)           0.592     8.570    eeg_bci_ps_pl_system_i/BCI_0/inst/accelerator/core/datapath/mac16_inst/v3_op7_cache0[0][2]_i_20_n_0
    SLICE_X51Y69         LUT5 (Prop_lut5_I0_O)        0.124     8.694 r  eeg_bci_ps_pl_system_i/BCI_0/inst/accelerator/core/datapath/mac16_inst/v3_op7_cache0[0][2]_i_14/O
                         net (fo=3, routed)           0.423     9.117    eeg_bci_ps_pl_system_i/BCI_0/inst/accelerator/core/datapath/mac16_inst/v3_op7_cache0[0][2]_i_14_n_0
    SLICE_X52Y70         LUT5 (Prop_lut5_I0_O)        0.124     9.241 r  eeg_bci_ps_pl_system_i/BCI_0/inst/accelerator/core/datapath/mac16_inst/v3_op7_cache0[0][2]_i_11/O
                         net (fo=1, routed)           0.656     9.897    eeg_bci_ps_pl_system_i/BCI_0/inst/accelerator/core/datapath/mac16_inst/v3_op7_cache0[0][2]_i_11_n_0
    SLICE_X53Y70         CARRY4 (Prop_carry4_S[0]_CO[3])
                                                      0.656    10.553 r  eeg_bci_ps_pl_system_i/BCI_0/inst/accelerator/core/datapath/mac16_inst/v3_op7_cache0_reg[0][2]_i_2/CO[3]
                         net (fo=1, routed)           0.000    10.553    eeg_bci_ps_pl_system_i/BCI_0/inst/accelerator/core/datapath/mac16_inst/v3_op7_cache0_reg[0][2]_i_2_n_0
    SLICE_X53Y71         CARRY4 (Prop_carry4_CI_O[1])
                                                      0.334    10.887 f  eeg_bci_ps_pl_system_i/BCI_0/inst/accelerator/core/datapath/mac16_inst/v3_op7_cache0_reg[0][6]_i_2/O[1]
                         net (fo=10, routed)          0.975    11.861    eeg_bci_ps_pl_system_i/BCI_0/inst/accelerator/core/datapath/mac16_inst/op6_add_inst/sel0[5]
    SLICE_X56Y70         LUT3 (Prop_lut3_I2_O)        0.303    12.164 r  eeg_bci_ps_pl_system_i/BCI_0/inst/accelerator/core/datapath/mac16_inst/v3_op7_cache0[0][13]_i_15/O
                         net (fo=2, routed)           0.884    13.048    eeg_bci_ps_pl_system_i/BCI_0/inst/accelerator/core/datapath/mac16_inst/v3_op7_cache0[0][13]_i_15_n_0
    SLICE_X57Y70         LUT6 (Prop_lut6_I2_O)        0.124    13.172 f  eeg_bci_ps_pl_system_i/BCI_0/inst/accelerator/core/datapath/mac16_inst/v3_op7_cache0[0][13]_i_11/O
                         net (fo=1, routed)           0.619    13.791    eeg_bci_ps_pl_system_i/BCI_0/inst/accelerator/core/datapath/mac16_inst/v3_op7_cache0[0][13]_i_11_n_0
    SLICE_X57Y69         LUT6 (Prop_lut6_I4_O)        0.124    13.915 f  eeg_bci_ps_pl_system_i/BCI_0/inst/accelerator/core/datapath/mac16_inst/v3_op7_cache0[0][13]_i_5/O
                         net (fo=4, routed)           0.325    14.239    eeg_bci_ps_pl_system_i/BCI_0/inst/accelerator/core/datapath/mac16_inst/v3_op7_cache0[0][13]_i_5_n_0
    SLICE_X56Y68         LUT6 (Prop_lut6_I4_O)        0.124    14.363 r  eeg_bci_ps_pl_system_i/BCI_0/inst/accelerator/core/datapath/mac16_inst/v3_op7_cache0[0][12]_i_1/O
                         net (fo=72, routed)          1.135    15.498    eeg_bci_ps_pl_system_i/BCI_0/inst/accelerator/core/datapath/mac16_inst/sum[12]
    SLICE_X46Y76         LUT6 (Prop_lut6_I0_O)        0.124    15.622 r  eeg_bci_ps_pl_system_i/BCI_0/inst/accelerator/core/datapath/mac16_inst/feature_commit_data[12]_i_6/O
                         net (fo=1, routed)           0.000    15.622    eeg_bci_ps_pl_system_i/BCI_0/inst/accelerator/core/datapath/mac16_inst/feature_commit_data[12]_i_6_n_0
    SLICE_X46Y76         MUXF7 (Prop_muxf7_I1_O)      0.214    15.836 r  eeg_bci_ps_pl_system_i/BCI_0/inst/accelerator/core/datapath/mac16_inst/feature_commit_data_reg[12]_i_2/O
                         net (fo=1, routed)           0.541    16.377    eeg_bci_ps_pl_system_i/BCI_0/inst/accelerator/core/datapath/mac16_inst/feature_commit_data_reg[12]_i_2_n_0
    SLICE_X45Y77         LUT6 (Prop_lut6_I1_O)        0.297    16.674 r  eeg_bci_ps_pl_system_i/BCI_0/inst/accelerator/core/datapath/mac16_inst/feature_commit_data[12]_i_1/O
                         net (fo=1, routed)           0.000    16.674    eeg_bci_ps_pl_system_i/BCI_0/inst/accelerator/core/datapath_n_426
    SLICE_X45Y77         FDCE                                         r  eeg_bci_ps_pl_system_i/BCI_0/inst/accelerator/core/feature_commit_data_reg[12]/D
  -------------------------------------------------------------------    -------------------

                         (clock clk_fpga_0 rise edge)
                                                     14.000    14.000 r  
    PS7_X0Y0             PS7                          0.000    14.000 r  eeg_bci_ps_pl_system_i/processing_system7_0/inst/PS7_i/FCLKCLK[0]
                         net (fo=1, routed)           1.088    15.088    eeg_bci_ps_pl_system_i/processing_system7_0/inst/FCLK_CLK_unbuffered[0]
    BUFGCTRL_X0Y16       BUFG (Prop_bufg_I_O)         0.091    15.179 r  eeg_bci_ps_pl_system_i/processing_system7_0/inst/buffer_fclk_clk_0.FCLK_CLK_0_BUFG/O
                         net (fo=6160, routed)        1.464    16.643    eeg_bci_ps_pl_system_i/BCI_0/inst/accelerator/core/s_axi_aclk
    SLICE_X45Y77         FDCE                                         r  eeg_bci_ps_pl_system_i/BCI_0/inst/accelerator/core/feature_commit_data_reg[12]/C
                         clock pessimism              0.263    16.906    
                         clock uncertainty           -0.213    16.693    
    SLICE_X45Y77         FDCE (Setup_fdce_C_D)        0.031    16.724    eeg_bci_ps_pl_system_i/BCI_0/inst/accelerator/core/feature_commit_data_reg[12]
  -------------------------------------------------------------------
                         required time                         16.724    
                         arrival time                         -16.674    
  -------------------------------------------------------------------
                         slack                                  0.050    

Slack (MET) :             0.113ns  (required time - arrival time)
  Source:                 eeg_bci_ps_pl_system_i/BCI_0/inst/accelerator/core/datapath/mac16_inst/result_reg[10]/C
                            (rising edge-triggered cell FDCE clocked by clk_fpga_0  {rise@0.000ns fall@7.000ns period=14.000ns})
  Destination:            eeg_bci_ps_pl_system_i/BCI_0/inst/accelerator/core/feature_commit_data_reg[3]/D
                            (rising edge-triggered cell FDCE clocked by clk_fpga_0  {rise@0.000ns fall@7.000ns period=14.000ns})
  Path Group:             clk_fpga_0
  Path Type:              Setup (Max at Slow Process Corner)
  Requirement:            14.000ns  (clk_fpga_0 rise@14.000ns - clk_fpga_0 rise@0.000ns)
  Data Path Delay:        13.583ns  (logic 3.764ns (27.711%)  route 9.819ns (72.289%))
  Logic Levels:           17  (CARRY4=2 LUT2=1 LUT4=1 LUT5=5 LUT6=7 MUXF7=1)
  Clock Path Skew:        -0.168ns (DCD - SCD + CPR)
    Destination Clock Delay (DCD):    2.628ns = ( 16.628 - 14.000 ) 
    Source Clock Delay      (SCD):    2.925ns
    Clock Pessimism Removal (CPR):    0.129ns
  Clock Uncertainty:      0.213ns  ((TSJ^2 + TIJ^2)^1/2 + DJ) / 2 + PE
    Total System Jitter     (TSJ):    0.071ns
    Total Input Jitter      (TIJ):    0.420ns
    Discrete Jitter          (DJ):    0.000ns
    Phase Error              (PE):    0.000ns

    Location             Delay type                Incr(ns)  Path(ns)    Netlist Resource(s)
  -------------------------------------------------------------------    -------------------
                         (clock clk_fpga_0 rise edge)
                                                      0.000     0.000 r  
    PS7_X0Y0             PS7                          0.000     0.000 r  eeg_bci_ps_pl_system_i/processing_system7_0/inst/PS7_i/FCLKCLK[0]
                         net (fo=1, routed)           1.193     1.193    eeg_bci_ps_pl_system_i/processing_system7_0/inst/FCLK_CLK_unbuffered[0]
    BUFGCTRL_X0Y16       BUFG (Prop_bufg_I_O)         0.101     1.294 r  eeg_bci_ps_pl_system_i/processing_system7_0/inst/buffer_fclk_clk_0.FCLK_CLK_0_BUFG/O
                         net (fo=6160, routed)        1.631     2.925    eeg_bci_ps_pl_system_i/BCI_0/inst/accelerator/core/datapath/mac16_inst/s_axi_aclk
    SLICE_X45Y75         FDCE                                         r  eeg_bci_ps_pl_system_i/BCI_0/inst/accelerator/core/datapath/mac16_inst/result_reg[10]/C
  -------------------------------------------------------------------    -------------------
    SLICE_X45Y75         FDCE (Prop_fdce_C_Q)         0.456     3.381 f  eeg_bci_ps_pl_system_i/BCI_0/inst/accelerator/core/datapath/mac16_inst/result_reg[10]/Q
                         net (fo=61, routed)          1.092     4.473    eeg_bci_ps_pl_system_i/BCI_0/inst/accelerator/core/datapath/mac16_inst/result[10]
    SLICE_X46Y72         LUT6 (Prop_lut6_I0_O)        0.124     4.597 f  eeg_bci_ps_pl_system_i/BCI_0/inst/accelerator/core/datapath/mac16_inst/v3_op7_cache0[0][15]_i_10/O
                         net (fo=1, routed)           0.292     4.889    eeg_bci_ps_pl_system_i/BCI_0/inst/accelerator/core/datapath/mac16_inst/v3_op7_cache0[0][15]_i_10_n_0
    SLICE_X47Y72         LUT5 (Prop_lut5_I0_O)        0.124     5.013 f  eeg_bci_ps_pl_system_i/BCI_0/inst/accelerator/core/datapath/mac16_inst/v3_op7_cache0[0][15]_i_5/O
                         net (fo=39, routed)          0.710     5.723    eeg_bci_ps_pl_system_i/BCI_0/inst/accelerator/core/datapath/mac16_inst/v3_op7_cache0[0][15]_i_5_n_0
    SLICE_X48Y71         LUT6 (Prop_lut6_I2_O)        0.124     5.847 f  eeg_bci_ps_pl_system_i/BCI_0/inst/accelerator/core/datapath/mac16_inst/v3_op7_cache0[0][14]_i_29/O
                         net (fo=2, routed)           0.504     6.350    eeg_bci_ps_pl_system_i/BCI_0/inst/accelerator/core/datapath/mac16_inst/op6_add_inst/exp_delta[3]
    SLICE_X49Y71         LUT6 (Prop_lut6_I5_O)        0.124     6.474 f  eeg_bci_ps_pl_system_i/BCI_0/inst/accelerator/core/datapath/mac16_inst/v3_op7_cache0[0][14]_i_28/O
                         net (fo=4, routed)           0.497     6.972    eeg_bci_ps_pl_system_i/BCI_0/inst/accelerator/core/datapath/mac16_inst/op6_add_inst/mant_temp4
    SLICE_X48Y70         LUT2 (Prop_lut2_I1_O)        0.124     7.096 r  eeg_bci_ps_pl_system_i/BCI_0/inst/accelerator/core/datapath/mac16_inst/v3_op7_cache0[0][14]_i_21/O
                         net (fo=16, routed)          0.758     7.854    eeg_bci_ps_pl_system_i/BCI_0/inst/accelerator/core/datapath/mac16_inst/op6_add_inst/align_shift[2]
    SLICE_X49Y69         LUT4 (Prop_lut4_I1_O)        0.124     7.978 r  eeg_bci_ps_pl_system_i/BCI_0/inst/accelerator/core/datapath/mac16_inst/v3_op7_cache0[0][2]_i_20/O
                         net (fo=2, routed)           0.592     8.570    eeg_bci_ps_pl_system_i/BCI_0/inst/accelerator/core/datapath/mac16_inst/v3_op7_cache0[0][2]_i_20_n_0
    SLICE_X51Y69         LUT5 (Prop_lut5_I0_O)        0.124     8.694 r  eeg_bci_ps_pl_system_i/BCI_0/inst/accelerator/core/datapath/mac16_inst/v3_op7_cache0[0][2]_i_14/O
                         net (fo=3, routed)           0.423     9.117    eeg_bci_ps_pl_system_i/BCI_0/inst/accelerator/core/datapath/mac16_inst/v3_op7_cache0[0][2]_i_14_n_0
    SLICE_X52Y70         LUT5 (Prop_lut5_I0_O)        0.124     9.241 r  eeg_bci_ps_pl_system_i/BCI_0/inst/accelerator/core/datapath/mac16_inst/v3_op7_cache0[0][2]_i_11/O
                         net (fo=1, routed)           0.656     9.897    eeg_bci_ps_pl_system_i/BCI_0/inst/accelerator/core/datapath/mac16_inst/v3_op7_cache0[0][2]_i_11_n_0
    SLICE_X53Y70         CARRY4 (Prop_carry4_S[0]_CO[3])
                                                      0.656    10.553 r  eeg_bci_ps_pl_system_i/BCI_0/inst/accelerator/core/datapath/mac16_inst/v3_op7_cache0_reg[0][2]_i_2/CO[3]
                         net (fo=1, routed)           0.000    10.553    eeg_bci_ps_pl_system_i/BCI_0/inst/accelerator/core/datapath/mac16_inst/v3_op7_cache0_reg[0][2]_i_2_n_0
    SLICE_X53Y71         CARRY4 (Prop_carry4_CI_O[3])
                                                      0.313    10.866 r  eeg_bci_ps_pl_system_i/BCI_0/inst/accelerator/core/datapath/mac16_inst/v3_op7_cache0_reg[0][6]_i_2/O[3]
                         net (fo=12, routed)          1.129    11.994    eeg_bci_ps_pl_system_i/BCI_0/inst/accelerator/core/datapath/mac16_inst/op6_add_inst/sel0[7]
    SLICE_X56Y70         LUT6 (Prop_lut6_I1_O)        0.306    12.300 r  eeg_bci_ps_pl_system_i/BCI_0/inst/accelerator/core/datapath/mac16_inst/v3_op7_cache0[0][13]_i_13/O
                         net (fo=1, routed)           0.480    12.781    eeg_bci_ps_pl_system_i/BCI_0/inst/accelerator/core/datapath/mac16_inst/v3_op7_cache0[0][13]_i_13_n_0
    SLICE_X57Y70         LUT6 (Prop_lut6_I3_O)        0.124    12.905 r  eeg_bci_ps_pl_system_i/BCI_0/inst/accelerator/core/datapath/mac16_inst/v3_op7_cache0[0][13]_i_7/O
                         net (fo=16, routed)          0.763    13.667    eeg_bci_ps_pl_system_i/BCI_0/inst/accelerator/core/datapath/mac16_inst/op6_add_inst/normalize_shift[1]
    SLICE_X52Y68         LUT5 (Prop_lut5_I1_O)        0.124    13.791 r  eeg_bci_ps_pl_system_i/BCI_0/inst/accelerator/core/datapath/mac16_inst/v3_op7_cache0[0][3]_i_2/O
                         net (fo=3, routed)           0.454    14.245    eeg_bci_ps_pl_system_i/BCI_0/inst/accelerator/core/datapath/mac16_inst/v3_op7_cache0[0][3]_i_2_n_0
    SLICE_X51Y68         LUT5 (Prop_lut5_I2_O)        0.124    14.369 r  eeg_bci_ps_pl_system_i/BCI_0/inst/accelerator/core/datapath/mac16_inst/v3_op7_cache0[0][3]_i_1/O
                         net (fo=72, routed)          0.990    15.359    eeg_bci_ps_pl_system_i/BCI_0/inst/accelerator/core/datapath/mac16_inst/sum[3]
    SLICE_X50Y73         LUT6 (Prop_lut6_I0_O)        0.124    15.483 r  eeg_bci_ps_pl_system_i/BCI_0/inst/accelerator/core/datapath/mac16_inst/feature_commit_data[3]_i_6/O
                         net (fo=1, routed)           0.000    15.483    eeg_bci_ps_pl_system_i/BCI_0/inst/accelerator/core/datapath/mac16_inst/feature_commit_data[3]_i_6_n_0
    SLICE_X50Y73         MUXF7 (Prop_muxf7_I1_O)      0.247    15.730 r  eeg_bci_ps_pl_system_i/BCI_0/inst/accelerator/core/datapath/mac16_inst/feature_commit_data_reg[3]_i_2/O
                         net (fo=1, routed)           0.480    16.210    eeg_bci_ps_pl_system_i/BCI_0/inst/accelerator/core/datapath/mac16_inst/feature_commit_data_reg[3]_i_2_n_0
    SLICE_X50Y75         LUT6 (Prop_lut6_I1_O)        0.298    16.508 r  eeg_bci_ps_pl_system_i/BCI_0/inst/accelerator/core/datapath/mac16_inst/feature_commit_data[3]_i_1/O
                         net (fo=1, routed)           0.000    16.508    eeg_bci_ps_pl_system_i/BCI_0/inst/accelerator/core/datapath_n_435
    SLICE_X50Y75         FDCE                                         r  eeg_bci_ps_pl_system_i/BCI_0/inst/accelerator/core/feature_commit_data_reg[3]/D
  -------------------------------------------------------------------    -------------------

                         (clock clk_fpga_0 rise edge)
                                                     14.000    14.000 r  
    PS7_X0Y0             PS7                          0.000    14.000 r  eeg_bci_ps_pl_system_i/processing_system7_0/inst/PS7_i/FCLKCLK[0]
                         net (fo=1, routed)           1.088    15.088    eeg_bci_ps_pl_system_i/processing_system7_0/inst/FCLK_CLK_unbuffered[0]
    BUFGCTRL_X0Y16       BUFG (Prop_bufg_I_O)         0.091    15.179 r  eeg_bci_ps_pl_system_i/processing_system7_0/inst/buffer_fclk_clk_0.FCLK_CLK_0_BUFG/O
                         net (fo=6160, routed)        1.449    16.628    eeg_bci_ps_pl_system_i/BCI_0/inst/accelerator/core/s_axi_aclk
    SLICE_X50Y75         FDCE                                         r  eeg_bci_ps_pl_system_i/BCI_0/inst/accelerator/core/feature_commit_data_reg[3]/C
                         clock pessimism              0.129    16.757    
                         clock uncertainty           -0.213    16.544    
    SLICE_X50Y75         FDCE (Setup_fdce_C_D)        0.077    16.621    eeg_bci_ps_pl_system_i/BCI_0/inst/accelerator/core/feature_commit_data_reg[3]
  -------------------------------------------------------------------
                         required time                         16.621    
                         arrival time                         -16.508    
  -------------------------------------------------------------------
                         slack                                  0.113    

Slack (MET) :             0.122ns  (required time - arrival time)
  Source:                 eeg_bci_ps_pl_system_i/BCI_0/inst/accelerator/core/datapath/mac16_inst/result_reg[10]/C
                            (rising edge-triggered cell FDCE clocked by clk_fpga_0  {rise@0.000ns fall@7.000ns period=14.000ns})
  Destination:            eeg_bci_ps_pl_system_i/BCI_0/inst/accelerator/core/feature_commit_data_reg[10]/D
                            (rising edge-triggered cell FDCE clocked by clk_fpga_0  {rise@0.000ns fall@7.000ns period=14.000ns})
  Path Group:             clk_fpga_0
  Path Type:              Setup (Max at Slow Process Corner)
  Requirement:            14.000ns  (clk_fpga_0 rise@14.000ns - clk_fpga_0 rise@0.000ns)
  Data Path Delay:        13.678ns  (logic 3.753ns (27.439%)  route 9.925ns (72.561%))
  Logic Levels:           17  (CARRY4=2 LUT2=1 LUT3=1 LUT4=1 LUT5=3 LUT6=8 MUXF7=1)
  Clock Path Skew:        -0.019ns (DCD - SCD + CPR)
    Destination Clock Delay (DCD):    2.643ns = ( 16.643 - 14.000 ) 
    Source Clock Delay      (SCD):    2.925ns
    Clock Pessimism Removal (CPR):    0.263ns
  Clock Uncertainty:      0.213ns  ((TSJ^2 + TIJ^2)^1/2 + DJ) / 2 + PE
    Total System Jitter     (TSJ):    0.071ns
    Total Input Jitter      (TIJ):    0.420ns
    Discrete Jitter          (DJ):    0.000ns
    Phase Error              (PE):    0.000ns

    Location             Delay type                Incr(ns)  Path(ns)    Netlist Resource(s)
  -------------------------------------------------------------------    -------------------
                         (clock clk_fpga_0 rise edge)
                                                      0.000     0.000 r  
    PS7_X0Y0             PS7                          0.000     0.000 r  eeg_bci_ps_pl_system_i/processing_system7_0/inst/PS7_i/FCLKCLK[0]
                         net (fo=1, routed)           1.193     1.193    eeg_bci_ps_pl_system_i/processing_system7_0/inst/FCLK_CLK_unbuffered[0]
    BUFGCTRL_X0Y16       BUFG (Prop_bufg_I_O)         0.101     1.294 r  eeg_bci_ps_pl_system_i/processing_system7_0/inst/buffer_fclk_clk_0.FCLK_CLK_0_BUFG/O
                         net (fo=6160, routed)        1.631     2.925    eeg_bci_ps_pl_system_i/BCI_0/inst/accelerator/core/datapath/mac16_inst/s_axi_aclk
    SLICE_X45Y75         FDCE                                         r  eeg_bci_ps_pl_system_i/BCI_0/inst/accelerator/core/datapath/mac16_inst/result_reg[10]/C
  -------------------------------------------------------------------    -------------------
    SLICE_X45Y75         FDCE (Prop_fdce_C_Q)         0.456     3.381 f  eeg_bci_ps_pl_system_i/BCI_0/inst/accelerator/core/datapath/mac16_inst/result_reg[10]/Q
                         net (fo=61, routed)          1.092     4.473    eeg_bci_ps_pl_system_i/BCI_0/inst/accelerator/core/datapath/mac16_inst/result[10]
    SLICE_X46Y72         LUT6 (Prop_lut6_I0_O)        0.124     4.597 f  eeg_bci_ps_pl_system_i/BCI_0/inst/accelerator/core/datapath/mac16_inst/v3_op7_cache0[0][15]_i_10/O
                         net (fo=1, routed)           0.292     4.889    eeg_bci_ps_pl_system_i/BCI_0/inst/accelerator/core/datapath/mac16_inst/v3_op7_cache0[0][15]_i_10_n_0
    SLICE_X47Y72         LUT5 (Prop_lut5_I0_O)        0.124     5.013 f  eeg_bci_ps_pl_system_i/BCI_0/inst/accelerator/core/datapath/mac16_inst/v3_op7_cache0[0][15]_i_5/O
                         net (fo=39, routed)          0.710     5.723    eeg_bci_ps_pl_system_i/BCI_0/inst/accelerator/core/datapath/mac16_inst/v3_op7_cache0[0][15]_i_5_n_0
    SLICE_X48Y71         LUT6 (Prop_lut6_I2_O)        0.124     5.847 f  eeg_bci_ps_pl_system_i/BCI_0/inst/accelerator/core/datapath/mac16_inst/v3_op7_cache0[0][14]_i_29/O
                         net (fo=2, routed)           0.504     6.350    eeg_bci_ps_pl_system_i/BCI_0/inst/accelerator/core/datapath/mac16_inst/op6_add_inst/exp_delta[3]
    SLICE_X49Y71         LUT6 (Prop_lut6_I5_O)        0.124     6.474 f  eeg_bci_ps_pl_system_i/BCI_0/inst/accelerator/core/datapath/mac16_inst/v3_op7_cache0[0][14]_i_28/O
                         net (fo=4, routed)           0.497     6.972    eeg_bci_ps_pl_system_i/BCI_0/inst/accelerator/core/datapath/mac16_inst/op6_add_inst/mant_temp4
    SLICE_X48Y70         LUT2 (Prop_lut2_I1_O)        0.124     7.096 r  eeg_bci_ps_pl_system_i/BCI_0/inst/accelerator/core/datapath/mac16_inst/v3_op7_cache0[0][14]_i_21/O
                         net (fo=16, routed)          0.758     7.854    eeg_bci_ps_pl_system_i/BCI_0/inst/accelerator/core/datapath/mac16_inst/op6_add_inst/align_shift[2]
    SLICE_X49Y69         LUT4 (Prop_lut4_I1_O)        0.124     7.978 r  eeg_bci_ps_pl_system_i/BCI_0/inst/accelerator/core/datapath/mac16_inst/v3_op7_cache0[0][2]_i_20/O
                         net (fo=2, routed)           0.592     8.570    eeg_bci_ps_pl_system_i/BCI_0/inst/accelerator/core/datapath/mac16_inst/v3_op7_cache0[0][2]_i_20_n_0
    SLICE_X51Y69         LUT5 (Prop_lut5_I0_O)        0.124     8.694 r  eeg_bci_ps_pl_system_i/BCI_0/inst/accelerator/core/datapath/mac16_inst/v3_op7_cache0[0][2]_i_14/O
                         net (fo=3, routed)           0.423     9.117    eeg_bci_ps_pl_system_i/BCI_0/inst/accelerator/core/datapath/mac16_inst/v3_op7_cache0[0][2]_i_14_n_0
    SLICE_X52Y70         LUT5 (Prop_lut5_I0_O)        0.124     9.241 r  eeg_bci_ps_pl_system_i/BCI_0/inst/accelerator/core/datapath/mac16_inst/v3_op7_cache0[0][2]_i_11/O
                         net (fo=1, routed)           0.656     9.897    eeg_bci_ps_pl_system_i/BCI_0/inst/accelerator/core/datapath/mac16_inst/v3_op7_cache0[0][2]_i_11_n_0
    SLICE_X53Y70         CARRY4 (Prop_carry4_S[0]_CO[3])
                                                      0.656    10.553 r  eeg_bci_ps_pl_system_i/BCI_0/inst/accelerator/core/datapath/mac16_inst/v3_op7_cache0_reg[0][2]_i_2/CO[3]
                         net (fo=1, routed)           0.000    10.553    eeg_bci_ps_pl_system_i/BCI_0/inst/accelerator/core/datapath/mac16_inst/v3_op7_cache0_reg[0][2]_i_2_n_0
    SLICE_X53Y71         CARRY4 (Prop_carry4_CI_O[1])
                                                      0.334    10.887 f  eeg_bci_ps_pl_system_i/BCI_0/inst/accelerator/core/datapath/mac16_inst/v3_op7_cache0_reg[0][6]_i_2/O[1]
                         net (fo=10, routed)          0.975    11.861    eeg_bci_ps_pl_system_i/BCI_0/inst/accelerator/core/datapath/mac16_inst/op6_add_inst/sel0[5]
    SLICE_X56Y70         LUT3 (Prop_lut3_I2_O)        0.303    12.164 r  eeg_bci_ps_pl_system_i/BCI_0/inst/accelerator/core/datapath/mac16_inst/v3_op7_cache0[0][13]_i_15/O
                         net (fo=2, routed)           0.884    13.048    eeg_bci_ps_pl_system_i/BCI_0/inst/accelerator/core/datapath/mac16_inst/v3_op7_cache0[0][13]_i_15_n_0
    SLICE_X57Y70         LUT6 (Prop_lut6_I2_O)        0.124    13.172 f  eeg_bci_ps_pl_system_i/BCI_0/inst/accelerator/core/datapath/mac16_inst/v3_op7_cache0[0][13]_i_11/O
                         net (fo=1, routed)           0.619    13.791    eeg_bci_ps_pl_system_i/BCI_0/inst/accelerator/core/datapath/mac16_inst/v3_op7_cache0[0][13]_i_11_n_0
    SLICE_X57Y69         LUT6 (Prop_lut6_I4_O)        0.124    13.915 f  eeg_bci_ps_pl_system_i/BCI_0/inst/accelerator/core/datapath/mac16_inst/v3_op7_cache0[0][13]_i_5/O
                         net (fo=4, routed)           0.355    14.269    eeg_bci_ps_pl_system_i/BCI_0/inst/accelerator/core/datapath/mac16_inst/v3_op7_cache0[0][13]_i_5_n_0
    SLICE_X55Y68         LUT6 (Prop_lut6_I4_O)        0.124    14.393 r  eeg_bci_ps_pl_system_i/BCI_0/inst/accelerator/core/datapath/mac16_inst/v3_op7_cache0[0][10]_i_1/O
                         net (fo=72, routed)          0.953    15.346    eeg_bci_ps_pl_system_i/BCI_0/inst/accelerator/core/datapath/mac16_inst/sum[10]
    SLICE_X53Y75         LUT6 (Prop_lut6_I0_O)        0.124    15.470 r  eeg_bci_ps_pl_system_i/BCI_0/inst/accelerator/core/datapath/mac16_inst/feature_commit_data[10]_i_6/O
                         net (fo=1, routed)           0.000    15.470    eeg_bci_ps_pl_system_i/BCI_0/inst/accelerator/core/datapath/mac16_inst/feature_commit_data[10]_i_6_n_0
    SLICE_X53Y75         MUXF7 (Prop_muxf7_I1_O)      0.217    15.687 r  eeg_bci_ps_pl_system_i/BCI_0/inst/accelerator/core/datapath/mac16_inst/feature_commit_data_reg[10]_i_2/O
                         net (fo=1, routed)           0.616    16.304    eeg_bci_ps_pl_system_i/BCI_0/inst/accelerator/core/datapath/mac16_inst/feature_commit_data_reg[10]_i_2_n_0
    SLICE_X45Y77         LUT6 (Prop_lut6_I1_O)        0.299    16.603 r  eeg_bci_ps_pl_system_i/BCI_0/inst/accelerator/core/datapath/mac16_inst/feature_commit_data[10]_i_1/O
                         net (fo=1, routed)           0.000    16.603    eeg_bci_ps_pl_system_i/BCI_0/inst/accelerator/core/datapath_n_428
    SLICE_X45Y77         FDCE                                         r  eeg_bci_ps_pl_system_i/BCI_0/inst/accelerator/core/feature_commit_data_reg[10]/D
  -------------------------------------------------------------------    -------------------

                         (clock clk_fpga_0 rise edge)
                                                     14.000    14.000 r  
    PS7_X0Y0             PS7                          0.000    14.000 r  eeg_bci_ps_pl_system_i/processing_system7_0/inst/PS7_i/FCLKCLK[0]
                         net (fo=1, routed)           1.088    15.088    eeg_bci_ps_pl_system_i/processing_system7_0/inst/FCLK_CLK_unbuffered[0]
    BUFGCTRL_X0Y16       BUFG (Prop_bufg_I_O)         0.091    15.179 r  eeg_bci_ps_pl_system_i/processing_system7_0/inst/buffer_fclk_clk_0.FCLK_CLK_0_BUFG/O
                         net (fo=6160, routed)        1.464    16.643    eeg_bci_ps_pl_system_i/BCI_0/inst/accelerator/core/s_axi_aclk
    SLICE_X45Y77         FDCE                                         r  eeg_bci_ps_pl_system_i/BCI_0/inst/accelerator/core/feature_commit_data_reg[10]/C
                         clock pessimism              0.263    16.906    
                         clock uncertainty           -0.213    16.693    
    SLICE_X45Y77         FDCE (Setup_fdce_C_D)        0.032    16.725    eeg_bci_ps_pl_system_i/BCI_0/inst/accelerator/core/feature_commit_data_reg[10]
  -------------------------------------------------------------------
                         required time                         16.725    
                         arrival time                         -16.603    
  -------------------------------------------------------------------
                         slack                                  0.122    

Slack (MET) :             0.212ns  (required time - arrival time)
  Source:                 eeg_bci_ps_pl_system_i/BCI_0/inst/accelerator/core/datapath/mac16_inst/result_reg[10]/C
                            (rising edge-triggered cell FDCE clocked by clk_fpga_0  {rise@0.000ns fall@7.000ns period=14.000ns})
  Destination:            eeg_bci_ps_pl_system_i/BCI_0/inst/accelerator/core/feature_commit_data_reg[1]/D
                            (rising edge-triggered cell FDCE clocked by clk_fpga_0  {rise@0.000ns fall@7.000ns period=14.000ns})
  Path Group:             clk_fpga_0
  Path Type:              Setup (Max at Slow Process Corner)
  Requirement:            14.000ns  (clk_fpga_0 rise@14.000ns - clk_fpga_0 rise@0.000ns)
  Data Path Delay:        13.551ns  (logic 3.735ns (27.562%)  route 9.816ns (72.438%))
  Logic Levels:           17  (CARRY4=2 LUT2=1 LUT4=2 LUT5=4 LUT6=7 MUXF7=1)
  Clock Path Skew:        -0.055ns (DCD - SCD + CPR)
    Destination Clock Delay (DCD):    2.641ns = ( 16.641 - 14.000 ) 
    Source Clock Delay      (SCD):    2.925ns
    Clock Pessimism Removal (CPR):    0.229ns
  Clock Uncertainty:      0.213ns  ((TSJ^2 + TIJ^2)^1/2 + DJ) / 2 + PE
    Total System Jitter     (TSJ):    0.071ns
    Total Input Jitter      (TIJ):    0.420ns
    Discrete Jitter          (DJ):    0.000ns
    Phase Error              (PE):    0.000ns

    Location             Delay type                Incr(ns)  Path(ns)    Netlist Resource(s)
  -------------------------------------------------------------------    -------------------
                         (clock clk_fpga_0 rise edge)
                                                      0.000     0.000 r  
    PS7_X0Y0             PS7                          0.000     0.000 r  eeg_bci_ps_pl_system_i/processing_system7_0/inst/PS7_i/FCLKCLK[0]
                         net (fo=1, routed)           1.193     1.193    eeg_bci_ps_pl_system_i/processing_system7_0/inst/FCLK_CLK_unbuffered[0]
    BUFGCTRL_X0Y16       BUFG (Prop_bufg_I_O)         0.101     1.294 r  eeg_bci_ps_pl_system_i/processing_system7_0/inst/buffer_fclk_clk_0.FCLK_CLK_0_BUFG/O
                         net (fo=6160, routed)        1.631     2.925    eeg_bci_ps_pl_system_i/BCI_0/inst/accelerator/core/datapath/mac16_inst/s_axi_aclk
    SLICE_X45Y75         FDCE                                         r  eeg_bci_ps_pl_system_i/BCI_0/inst/accelerator/core/datapath/mac16_inst/result_reg[10]/C
  -------------------------------------------------------------------    -------------------
    SLICE_X45Y75         FDCE (Prop_fdce_C_Q)         0.456     3.381 f  eeg_bci_ps_pl_system_i/BCI_0/inst/accelerator/core/datapath/mac16_inst/result_reg[10]/Q
                         net (fo=61, routed)          1.092     4.473    eeg_bci_ps_pl_system_i/BCI_0/inst/accelerator/core/datapath/mac16_inst/result[10]
    SLICE_X46Y72         LUT6 (Prop_lut6_I0_O)        0.124     4.597 f  eeg_bci_ps_pl_system_i/BCI_0/inst/accelerator/core/datapath/mac16_inst/v3_op7_cache0[0][15]_i_10/O
                         net (fo=1, routed)           0.292     4.889    eeg_bci_ps_pl_system_i/BCI_0/inst/accelerator/core/datapath/mac16_inst/v3_op7_cache0[0][15]_i_10_n_0
    SLICE_X47Y72         LUT5 (Prop_lut5_I0_O)        0.124     5.013 f  eeg_bci_ps_pl_system_i/BCI_0/inst/accelerator/core/datapath/mac16_inst/v3_op7_cache0[0][15]_i_5/O
                         net (fo=39, routed)          0.710     5.723    eeg_bci_ps_pl_system_i/BCI_0/inst/accelerator/core/datapath/mac16_inst/v3_op7_cache0[0][15]_i_5_n_0
    SLICE_X48Y71         LUT6 (Prop_lut6_I2_O)        0.124     5.847 f  eeg_bci_ps_pl_system_i/BCI_0/inst/accelerator/core/datapath/mac16_inst/v3_op7_cache0[0][14]_i_29/O
                         net (fo=2, routed)           0.504     6.350    eeg_bci_ps_pl_system_i/BCI_0/inst/accelerator/core/datapath/mac16_inst/op6_add_inst/exp_delta[3]
    SLICE_X49Y71         LUT6 (Prop_lut6_I5_O)        0.124     6.474 f  eeg_bci_ps_pl_system_i/BCI_0/inst/accelerator/core/datapath/mac16_inst/v3_op7_cache0[0][14]_i_28/O
                         net (fo=4, routed)           0.497     6.972    eeg_bci_ps_pl_system_i/BCI_0/inst/accelerator/core/datapath/mac16_inst/op6_add_inst/mant_temp4
    SLICE_X48Y70         LUT2 (Prop_lut2_I1_O)        0.124     7.096 r  eeg_bci_ps_pl_system_i/BCI_0/inst/accelerator/core/datapath/mac16_inst/v3_op7_cache0[0][14]_i_21/O
                         net (fo=16, routed)          0.758     7.854    eeg_bci_ps_pl_system_i/BCI_0/inst/accelerator/core/datapath/mac16_inst/op6_add_inst/align_shift[2]
    SLICE_X49Y69         LUT4 (Prop_lut4_I1_O)        0.124     7.978 r  eeg_bci_ps_pl_system_i/BCI_0/inst/accelerator/core/datapath/mac16_inst/v3_op7_cache0[0][2]_i_20/O
                         net (fo=2, routed)           0.592     8.570    eeg_bci_ps_pl_system_i/BCI_0/inst/accelerator/core/datapath/mac16_inst/v3_op7_cache0[0][2]_i_20_n_0
    SLICE_X51Y69         LUT5 (Prop_lut5_I0_O)        0.124     8.694 r  eeg_bci_ps_pl_system_i/BCI_0/inst/accelerator/core/datapath/mac16_inst/v3_op7_cache0[0][2]_i_14/O
                         net (fo=3, routed)           0.423     9.117    eeg_bci_ps_pl_system_i/BCI_0/inst/accelerator/core/datapath/mac16_inst/v3_op7_cache0[0][2]_i_14_n_0
    SLICE_X52Y70         LUT5 (Prop_lut5_I0_O)        0.124     9.241 r  eeg_bci_ps_pl_system_i/BCI_0/inst/accelerator/core/datapath/mac16_inst/v3_op7_cache0[0][2]_i_11/O
                         net (fo=1, routed)           0.656     9.897    eeg_bci_ps_pl_system_i/BCI_0/inst/accelerator/core/datapath/mac16_inst/v3_op7_cache0[0][2]_i_11_n_0
    SLICE_X53Y70         CARRY4 (Prop_carry4_S[0]_CO[3])
                                                      0.656    10.553 r  eeg_bci_ps_pl_system_i/BCI_0/inst/accelerator/core/datapath/mac16_inst/v3_op7_cache0_reg[0][2]_i_2/CO[3]
                         net (fo=1, routed)           0.000    10.553    eeg_bci_ps_pl_system_i/BCI_0/inst/accelerator/core/datapath/mac16_inst/v3_op7_cache0_reg[0][2]_i_2_n_0
    SLICE_X53Y71         CARRY4 (Prop_carry4_CI_O[3])
                                                      0.313    10.866 f  eeg_bci_ps_pl_system_i/BCI_0/inst/accelerator/core/datapath/mac16_inst/v3_op7_cache0_reg[0][6]_i_2/O[3]
                         net (fo=12, routed)          1.129    11.994    eeg_bci_ps_pl_system_i/BCI_0/inst/accelerator/core/datapath/mac16_inst/op6_add_inst/sel0[7]
    SLICE_X56Y70         LUT6 (Prop_lut6_I1_O)        0.306    12.300 f  eeg_bci_ps_pl_system_i/BCI_0/inst/accelerator/core/datapath/mac16_inst/v3_op7_cache0[0][13]_i_13/O
                         net (fo=1, routed)           0.480    12.781    eeg_bci_ps_pl_system_i/BCI_0/inst/accelerator/core/datapath/mac16_inst/v3_op7_cache0[0][13]_i_13_n_0
    SLICE_X57Y70         LUT6 (Prop_lut6_I3_O)        0.124    12.905 f  eeg_bci_ps_pl_system_i/BCI_0/inst/accelerator/core/datapath/mac16_inst/v3_op7_cache0[0][13]_i_7/O
                         net (fo=16, routed)          0.790    13.695    eeg_bci_ps_pl_system_i/BCI_0/inst/accelerator/core/datapath/mac16_inst/op6_add_inst/normalize_shift[1]
    SLICE_X55Y67         LUT4 (Prop_lut4_I3_O)        0.124    13.819 r  eeg_bci_ps_pl_system_i/BCI_0/inst/accelerator/core/datapath/mac16_inst/v3_op7_cache0[0][1]_i_2/O
                         net (fo=2, routed)           0.531    14.349    eeg_bci_ps_pl_system_i/BCI_0/inst/accelerator/core/datapath/mac16_inst/v3_op7_cache0[0][1]_i_2_n_0
    SLICE_X52Y67         LUT5 (Prop_lut5_I2_O)        0.124    14.473 r  eeg_bci_ps_pl_system_i/BCI_0/inst/accelerator/core/datapath/mac16_inst/v3_op7_cache0[0][1]_i_1/O
                         net (fo=72, routed)          0.929    15.403    eeg_bci_ps_pl_system_i/BCI_0/inst/accelerator/core/datapath/mac16_inst/sum[1]
    SLICE_X49Y73         LUT6 (Prop_lut6_I0_O)        0.124    15.527 r  eeg_bci_ps_pl_system_i/BCI_0/inst/accelerator/core/datapath/mac16_inst/feature_commit_data[1]_i_6/O
                         net (fo=1, routed)           0.000    15.527    eeg_bci_ps_pl_system_i/BCI_0/inst/accelerator/core/datapath/mac16_inst/feature_commit_data[1]_i_6_n_0
    SLICE_X49Y73         MUXF7 (Prop_muxf7_I1_O)      0.217    15.744 r  eeg_bci_ps_pl_system_i/BCI_0/inst/accelerator/core/datapath/mac16_inst/feature_commit_data_reg[1]_i_2/O
                         net (fo=1, routed)           0.433    16.177    eeg_bci_ps_pl_system_i/BCI_0/inst/accelerator/core/datapath/mac16_inst/feature_commit_data_reg[1]_i_2_n_0
    SLICE_X49Y73         LUT6 (Prop_lut6_I1_O)        0.299    16.476 r  eeg_bci_ps_pl_system_i/BCI_0/inst/accelerator/core/datapath/mac16_inst/feature_commit_data[1]_i_1/O
                         net (fo=1, routed)           0.000    16.476    eeg_bci_ps_pl_system_i/BCI_0/inst/accelerator/core/datapath_n_437
    SLICE_X49Y73         FDCE                                         r  eeg_bci_ps_pl_system_i/BCI_0/inst/accelerator/core/feature_commit_data_reg[1]/D
  -------------------------------------------------------------------    -------------------

                         (clock clk_fpga_0 rise edge)
                                                     14.000    14.000 r  
    PS7_X0Y0             PS7                          0.000    14.000 r  eeg_bci_ps_pl_system_i/processing_system7_0/inst/PS7_i/FCLKCLK[0]
                         net (fo=1, routed)           1.088    15.088    eeg_bci_ps_pl_system_i/processing_system7_0/inst/FCLK_CLK_unbuffered[0]
    BUFGCTRL_X0Y16       BUFG (Prop_bufg_I_O)         0.091    15.179 r  eeg_bci_ps_pl_system_i/processing_system7_0/inst/buffer_fclk_clk_0.FCLK_CLK_0_BUFG/O
                         net (fo=6160, routed)        1.462    16.641    eeg_bci_ps_pl_system_i/BCI_0/inst/accelerator/core/s_axi_aclk
    SLICE_X49Y73         FDCE                                         r  eeg_bci_ps_pl_system_i/BCI_0/inst/accelerator/core/feature_commit_data_reg[1]/C
                         clock pessimism              0.229    16.870    
                         clock uncertainty           -0.213    16.657    
    SLICE_X49Y73         FDCE (Setup_fdce_C_D)        0.031    16.688    eeg_bci_ps_pl_system_i/BCI_0/inst/accelerator/core/feature_commit_data_reg[1]
  -------------------------------------------------------------------
                         required time                         16.688    
                         arrival time                         -16.476    
  -------------------------------------------------------------------
                         slack                                  0.212    

Slack (MET) :             0.221ns  (required time - arrival time)
  Source:                 eeg_bci_ps_pl_system_i/BCI_0/inst/accelerator/core/datapath/active_opcode_reg[0]/C
                            (rising edge-triggered cell FDCE clocked by clk_fpga_0  {rise@0.000ns fall@7.000ns period=14.000ns})
  Destination:            eeg_bci_ps_pl_system_i/BCI_0/inst/accelerator/core/argmax/maximum_index_reg[2]/CE
                            (rising edge-triggered cell FDCE clocked by clk_fpga_0  {rise@0.000ns fall@7.000ns period=14.000ns})
  Path Group:             clk_fpga_0
  Path Type:              Setup (Max at Slow Process Corner)
  Requirement:            14.000ns  (clk_fpga_0 rise@14.000ns - clk_fpga_0 rise@0.000ns)
  Data Path Delay:        13.300ns  (logic 3.389ns (25.482%)  route 9.911ns (74.518%))
  Logic Levels:           15  (CARRY4=4 LUT2=1 LUT3=2 LUT4=2 LUT5=1 LUT6=4 RAMD32=1)
  Clock Path Skew:        -0.061ns (DCD - SCD + CPR)
    Destination Clock Delay (DCD):    2.655ns = ( 16.655 - 14.000 ) 
    Source Clock Delay      (SCD):    2.945ns
    Clock Pessimism Removal (CPR):    0.229ns
  Clock Uncertainty:      0.213ns  ((TSJ^2 + TIJ^2)^1/2 + DJ) / 2 + PE
    Total System Jitter     (TSJ):    0.071ns
    Total Input Jitter      (TIJ):    0.420ns
    Discrete Jitter          (DJ):    0.000ns
    Phase Error              (PE):    0.000ns

    Location             Delay type                Incr(ns)  Path(ns)    Netlist Resource(s)
  -------------------------------------------------------------------    -------------------
                         (clock clk_fpga_0 rise edge)
                                                      0.000     0.000 r  
    PS7_X0Y0             PS7                          0.000     0.000 r  eeg_bci_ps_pl_system_i/processing_system7_0/inst/PS7_i/FCLKCLK[0]
                         net (fo=1, routed)           1.193     1.193    eeg_bci_ps_pl_system_i/processing_system7_0/inst/FCLK_CLK_unbuffered[0]
    BUFGCTRL_X0Y16       BUFG (Prop_bufg_I_O)         0.101     1.294 r  eeg_bci_ps_pl_system_i/processing_system7_0/inst/buffer_fclk_clk_0.FCLK_CLK_0_BUFG/O
                         net (fo=6160, routed)        1.651     2.945    eeg_bci_ps_pl_system_i/BCI_0/inst/accelerator/core/datapath/s_axi_aclk
    SLICE_X45Y54         FDCE                                         r  eeg_bci_ps_pl_system_i/BCI_0/inst/accelerator/core/datapath/active_opcode_reg[0]/C
  -------------------------------------------------------------------    -------------------
    SLICE_X45Y54         FDCE (Prop_fdce_C_Q)         0.456     3.401 r  eeg_bci_ps_pl_system_i/BCI_0/inst/accelerator/core/datapath/active_opcode_reg[0]/Q
                         net (fo=190, routed)         1.216     4.617    eeg_bci_ps_pl_system_i/BCI_0/inst/accelerator/core/datapath/mac16_inst/input_lane_valid_q_reg[8]_0[0]
    SLICE_X49Y56         LUT6 (Prop_lut6_I3_O)        0.124     4.741 r  eeg_bci_ps_pl_system_i/BCI_0/inst/accelerator/core/datapath/mac16_inst/data_bus_q[239]_i_19/O
                         net (fo=9, routed)           0.651     5.392    eeg_bci_ps_pl_system_i/BCI_0/inst/accelerator/core/datapath/mac16_inst/data_bus_q[239]_i_19_n_0
    SLICE_X48Y56         CARRY4 (Prop_carry4_DI[0]_CO[3])
                                                      0.526     5.918 r  eeg_bci_ps_pl_system_i/BCI_0/inst/accelerator/core/datapath/mac16_inst/bank0_reg_0_15_0_5_i_33/CO[3]
                         net (fo=1, routed)           0.000     5.918    eeg_bci_ps_pl_system_i/BCI_0/inst/accelerator/core/datapath/mac16_inst_n_238
    SLICE_X48Y57         CARRY4 (Prop_carry4_CI_O[0])
                                                      0.222     6.140 r  eeg_bci_ps_pl_system_i/BCI_0/inst/accelerator/core/datapath/bank15_reg_0_15_0_5_i_6/O[0]
                         net (fo=1, routed)           0.616     6.756    eeg_bci_ps_pl_system_i/BCI_0/inst/accelerator/core/datapath/tile_read_base_index0[4]
    SLICE_X43Y59         LUT5 (Prop_lut5_I3_O)        0.299     7.055 r  eeg_bci_ps_pl_system_i/BCI_0/inst/accelerator/core/datapath/eeg_bci_ps_pl_s5_LUT5_63/O
                         net (fo=71, routed)          0.819     7.875    eeg_bci_ps_pl_system_i/BCI_0/inst/accelerator/core/datapath/tile_read_base_index[4]
    SLICE_X47Y58         LUT4 (Prop_lut4_I2_O)        0.124     7.999 r  eeg_bci_ps_pl_system_i/BCI_0/inst/accelerator/core/datapath/eeg_bci_ps_pl_s5_LUT4_44/O
                         net (fo=19, routed)          0.347     8.345    eeg_bci_ps_pl_system_i/BCI_0/inst/accelerator/core/datapath/eeg_bci_ps_pl_s5_net_127
    SLICE_X48Y58         LUT3 (Prop_lut3_I2_O)        0.124     8.469 r  eeg_bci_ps_pl_system_i/BCI_0/inst/accelerator/core/datapath/eeg_bci_ps_pl_s5_LUT3_32/O
                         net (fo=19, routed)          0.574     9.043    eeg_bci_ps_pl_system_i/BCI_0/inst/accelerator/core/datapath/eeg_bci_ps_pl_s5_net_129
    SLICE_X51Y59         LUT3 (Prop_lut3_I2_O)        0.124     9.167 r  eeg_bci_ps_pl_system_i/BCI_0/inst/accelerator/core/datapath/eeg_bci_ps_pl_s5_LUT3_50/O
                         net (fo=18, routed)          1.233    10.400    eeg_bci_ps_pl_system_i/BCI_0/inst/accelerator/core/tile_buffer/bank14_reg_0_15_0_5/ADDRA1
    SLICE_X54Y60         RAMD32 (Prop_ramd32_RADR1_O)
                                                      0.124    10.524 r  eeg_bci_ps_pl_system_i/BCI_0/inst/accelerator/core/tile_buffer/bank14_reg_0_15_0_5/RAMA_D1/O
                         net (fo=4, routed)           0.607    11.131    eeg_bci_ps_pl_system_i/BCI_0/inst/accelerator/core/tile_buffer/physical_bank_words[225]
    SLICE_X55Y59         LUT6 (Prop_lut6_I1_O)        0.124    11.255 r  eeg_bci_ps_pl_system_i/BCI_0/inst/accelerator/core/tile_buffer/data_bus_q[193]_i_7/O
                         net (fo=4, routed)           1.018    12.273    eeg_bci_ps_pl_system_i/BCI_0/inst/accelerator/core/tile_buffer/data_bus_q[193]_i_7_n_0
    SLICE_X51Y59         LUT6 (Prop_lut6_I0_O)        0.124    12.397 r  eeg_bci_ps_pl_system_i/BCI_0/inst/accelerator/core/tile_buffer/data_bus_q[1]_i_2/O
                         net (fo=7, routed)           0.950    13.347    eeg_bci_ps_pl_system_i/BCI_0/inst/accelerator/core/datapath/tile_read_window[1]
    SLICE_X40Y61         LUT2 (Prop_lut2_I0_O)        0.124    13.471 r  eeg_bci_ps_pl_system_i/BCI_0/inst/accelerator/core/datapath/eeg_bci_ps_pl_s5_LUT2_15/O
                         net (fo=5, routed)           0.567    14.038    eeg_bci_ps_pl_system_i/BCI_0/inst/accelerator/core/datapath/eeg_bci_ps_pl_s5_net_28
    SLICE_X43Y61         LUT4 (Prop_lut4_I3_O)        0.124    14.162 r  eeg_bci_ps_pl_system_i/BCI_0/inst/accelerator/core/datapath/eeg_bci_ps_pl_s5_LUT4_8/O
                         net (fo=1, routed)           0.000    14.162    eeg_bci_ps_pl_system_i/BCI_0/inst/accelerator/core/datapath/eeg_bci_ps_pl_s5_net_605
    SLICE_X43Y61         CARRY4 (Prop_carry4_S[0]_CO[3])
                                                      0.532    14.694 r  eeg_bci_ps_pl_system_i/BCI_0/inst/accelerator/core/datapath/maximum_score_reg[15]_i_16/CO[3]
                         net (fo=1, routed)           0.000    14.694    eeg_bci_ps_pl_system_i/BCI_0/inst/accelerator/core/datapath/maximum_score_reg[15]_i_16_n_0
    SLICE_X43Y62         CARRY4 (Prop_carry4_CI_CO[3])
                                                      0.114    14.808 r  eeg_bci_ps_pl_system_i/BCI_0/inst/accelerator/core/datapath/maximum_score_reg[15]_i_5/CO[3]
                         net (fo=2, routed)           0.737    15.545    eeg_bci_ps_pl_system_i/BCI_0/inst/accelerator/core/datapath/CO[0]
    SLICE_X40Y62         LUT6 (Prop_lut6_I3_O)        0.124    15.669 r  eeg_bci_ps_pl_system_i/BCI_0/inst/accelerator/core/datapath/eeg_bci_ps_pl_s5_LUT6_148/O
                         net (fo=20, routed)          0.576    16.245    eeg_bci_ps_pl_system_i/BCI_0/inst/accelerator/core/argmax/E[0]
    SLICE_X40Y61         FDCE                                         r  eeg_bci_ps_pl_system_i/BCI_0/inst/accelerator/core/argmax/maximum_index_reg[2]/CE
  -------------------------------------------------------------------    -------------------

                         (clock clk_fpga_0 rise edge)
                                                     14.000    14.000 r  
    PS7_X0Y0             PS7                          0.000    14.000 r  eeg_bci_ps_pl_system_i/processing_system7_0/inst/PS7_i/FCLKCLK[0]
                         net (fo=1, routed)           1.088    15.088    eeg_bci_ps_pl_system_i/processing_system7_0/inst/FCLK_CLK_unbuffered[0]
    BUFGCTRL_X0Y16       BUFG (Prop_bufg_I_O)         0.091    15.179 r  eeg_bci_ps_pl_system_i/processing_system7_0/inst/buffer_fclk_clk_0.FCLK_CLK_0_BUFG/O
                         net (fo=6160, routed)        1.476    16.655    eeg_bci_ps_pl_system_i/BCI_0/inst/accelerator/core/argmax/s_axi_aclk
    SLICE_X40Y61         FDCE                                         r  eeg_bci_ps_pl_system_i/BCI_0/inst/accelerator/core/argmax/maximum_index_reg[2]/C
                         clock pessimism              0.229    16.884    
                         clock uncertainty           -0.213    16.671    
    SLICE_X40Y61         FDCE (Setup_fdce_C_CE)      -0.205    16.466    eeg_bci_ps_pl_system_i/BCI_0/inst/accelerator/core/argmax/maximum_index_reg[2]
  -------------------------------------------------------------------
                         required time                         16.466    
                         arrival time                         -16.245    
  -------------------------------------------------------------------
                         slack                                  0.221    

Slack (MET) :             0.221ns  (required time - arrival time)
  Source:                 eeg_bci_ps_pl_system_i/BCI_0/inst/accelerator/core/datapath/active_opcode_reg[0]/C
                            (rising edge-triggered cell FDCE clocked by clk_fpga_0  {rise@0.000ns fall@7.000ns period=14.000ns})
  Destination:            eeg_bci_ps_pl_system_i/BCI_0/inst/accelerator/core/argmax/maximum_index_reg[3]/CE
                            (rising edge-triggered cell FDCE clocked by clk_fpga_0  {rise@0.000ns fall@7.000ns period=14.000ns})
  Path Group:             clk_fpga_0
  Path Type:              Setup (Max at Slow Process Corner)
  Requirement:            14.000ns  (clk_fpga_0 rise@14.000ns - clk_fpga_0 rise@0.000ns)
  Data Path Delay:        13.300ns  (logic 3.389ns (25.482%)  route 9.911ns (74.518%))
  Logic Levels:           15  (CARRY4=4 LUT2=1 LUT3=2 LUT4=2 LUT5=1 LUT6=4 RAMD32=1)
  Clock Path Skew:        -0.061ns (DCD - SCD + CPR)
    Destination Clock Delay (DCD):    2.655ns = ( 16.655 - 14.000 ) 
    Source Clock Delay      (SCD):    2.945ns
    Clock Pessimism Removal (CPR):    0.229ns
  Clock Uncertainty:      0.213ns  ((TSJ^2 + TIJ^2)^1/2 + DJ) / 2 + PE
    Total System Jitter     (TSJ):    0.071ns
    Total Input Jitter      (TIJ):    0.420ns
    Discrete Jitter          (DJ):    0.000ns
    Phase Error              (PE):    0.000ns

    Location             Delay type                Incr(ns)  Path(ns)    Netlist Resource(s)
  -------------------------------------------------------------------    -------------------
                         (clock clk_fpga_0 rise edge)
                                                      0.000     0.000 r  
    PS7_X0Y0             PS7                          0.000     0.000 r  eeg_bci_ps_pl_system_i/processing_system7_0/inst/PS7_i/FCLKCLK[0]
                         net (fo=1, routed)           1.193     1.193    eeg_bci_ps_pl_system_i/processing_system7_0/inst/FCLK_CLK_unbuffered[0]
    BUFGCTRL_X0Y16       BUFG (Prop_bufg_I_O)         0.101     1.294 r  eeg_bci_ps_pl_system_i/processing_system7_0/inst/buffer_fclk_clk_0.FCLK_CLK_0_BUFG/O
                         net (fo=6160, routed)        1.651     2.945    eeg_bci_ps_pl_system_i/BCI_0/inst/accelerator/core/datapath/s_axi_aclk
    SLICE_X45Y54         FDCE                                         r  eeg_bci_ps_pl_system_i/BCI_0/inst/accelerator/core/datapath/active_opcode_reg[0]/C
  -------------------------------------------------------------------    -------------------
    SLICE_X45Y54         FDCE (Prop_fdce_C_Q)         0.456     3.401 r  eeg_bci_ps_pl_system_i/BCI_0/inst/accelerator/core/datapath/active_opcode_reg[0]/Q
                         net (fo=190, routed)         1.216     4.617    eeg_bci_ps_pl_system_i/BCI_0/inst/accelerator/core/datapath/mac16_inst/input_lane_valid_q_reg[8]_0[0]
    SLICE_X49Y56         LUT6 (Prop_lut6_I3_O)        0.124     4.741 r  eeg_bci_ps_pl_system_i/BCI_0/inst/accelerator/core/datapath/mac16_inst/data_bus_q[239]_i_19/O
                         net (fo=9, routed)           0.651     5.392    eeg_bci_ps_pl_system_i/BCI_0/inst/accelerator/core/datapath/mac16_inst/data_bus_q[239]_i_19_n_0
    SLICE_X48Y56         CARRY4 (Prop_carry4_DI[0]_CO[3])
                                                      0.526     5.918 r  eeg_bci_ps_pl_system_i/BCI_0/inst/accelerator/core/datapath/mac16_inst/bank0_reg_0_15_0_5_i_33/CO[3]
                         net (fo=1, routed)           0.000     5.918    eeg_bci_ps_pl_system_i/BCI_0/inst/accelerator/core/datapath/mac16_inst_n_238
    SLICE_X48Y57         CARRY4 (Prop_carry4_CI_O[0])
                                                      0.222     6.140 r  eeg_bci_ps_pl_system_i/BCI_0/inst/accelerator/core/datapath/bank15_reg_0_15_0_5_i_6/O[0]
                         net (fo=1, routed)           0.616     6.756    eeg_bci_ps_pl_system_i/BCI_0/inst/accelerator/core/datapath/tile_read_base_index0[4]
    SLICE_X43Y59         LUT5 (Prop_lut5_I3_O)        0.299     7.055 r  eeg_bci_ps_pl_system_i/BCI_0/inst/accelerator/core/datapath/eeg_bci_ps_pl_s5_LUT5_63/O
                         net (fo=71, routed)          0.819     7.875    eeg_bci_ps_pl_system_i/BCI_0/inst/accelerator/core/datapath/tile_read_base_index[4]
    SLICE_X47Y58         LUT4 (Prop_lut4_I2_O)        0.124     7.999 r  eeg_bci_ps_pl_system_i/BCI_0/inst/accelerator/core/datapath/eeg_bci_ps_pl_s5_LUT4_44/O
                         net (fo=19, routed)          0.347     8.345    eeg_bci_ps_pl_system_i/BCI_0/inst/accelerator/core/datapath/eeg_bci_ps_pl_s5_net_127
    SLICE_X48Y58         LUT3 (Prop_lut3_I2_O)        0.124     8.469 r  eeg_bci_ps_pl_system_i/BCI_0/inst/accelerator/core/datapath/eeg_bci_ps_pl_s5_LUT3_32/O
                         net (fo=19, routed)          0.574     9.043    eeg_bci_ps_pl_system_i/BCI_0/inst/accelerator/core/datapath/eeg_bci_ps_pl_s5_net_129
    SLICE_X51Y59         LUT3 (Prop_lut3_I2_O)        0.124     9.167 r  eeg_bci_ps_pl_system_i/BCI_0/inst/accelerator/core/datapath/eeg_bci_ps_pl_s5_LUT3_50/O
                         net (fo=18, routed)          1.233    10.400    eeg_bci_ps_pl_system_i/BCI_0/inst/accelerator/core/tile_buffer/bank14_reg_0_15_0_5/ADDRA1
    SLICE_X54Y60         RAMD32 (Prop_ramd32_RADR1_O)
                                                      0.124    10.524 r  eeg_bci_ps_pl_system_i/BCI_0/inst/accelerator/core/tile_buffer/bank14_reg_0_15_0_5/RAMA_D1/O
                         net (fo=4, routed)           0.607    11.131    eeg_bci_ps_pl_system_i/BCI_0/inst/accelerator/core/tile_buffer/physical_bank_words[225]
    SLICE_X55Y59         LUT6 (Prop_lut6_I1_O)        0.124    11.255 r  eeg_bci_ps_pl_system_i/BCI_0/inst/accelerator/core/tile_buffer/data_bus_q[193]_i_7/O
                         net (fo=4, routed)           1.018    12.273    eeg_bci_ps_pl_system_i/BCI_0/inst/accelerator/core/tile_buffer/data_bus_q[193]_i_7_n_0
    SLICE_X51Y59         LUT6 (Prop_lut6_I0_O)        0.124    12.397 r  eeg_bci_ps_pl_system_i/BCI_0/inst/accelerator/core/tile_buffer/data_bus_q[1]_i_2/O
                         net (fo=7, routed)           0.950    13.347    eeg_bci_ps_pl_system_i/BCI_0/inst/accelerator/core/datapath/tile_read_window[1]
    SLICE_X40Y61         LUT2 (Prop_lut2_I0_O)        0.124    13.471 r  eeg_bci_ps_pl_system_i/BCI_0/inst/accelerator/core/datapath/eeg_bci_ps_pl_s5_LUT2_15/O
                         net (fo=5, routed)           0.567    14.038    eeg_bci_ps_pl_system_i/BCI_0/inst/accelerator/core/datapath/eeg_bci_ps_pl_s5_net_28
    SLICE_X43Y61         LUT4 (Prop_lut4_I3_O)        0.124    14.162 r  eeg_bci_ps_pl_system_i/BCI_0/inst/accelerator/core/datapath/eeg_bci_ps_pl_s5_LUT4_8/O
                         net (fo=1, routed)           0.000    14.162    eeg_bci_ps_pl_system_i/BCI_0/inst/accelerator/core/datapath/eeg_bci_ps_pl_s5_net_605
    SLICE_X43Y61         CARRY4 (Prop_carry4_S[0]_CO[3])
                                                      0.532    14.694 r  eeg_bci_ps_pl_system_i/BCI_0/inst/accelerator/core/datapath/maximum_score_reg[15]_i_16/CO[3]
                         net (fo=1, routed)           0.000    14.694    eeg_bci_ps_pl_system_i/BCI_0/inst/accelerator/core/datapath/maximum_score_reg[15]_i_16_n_0
    SLICE_X43Y62         CARRY4 (Prop_carry4_CI_CO[3])
                                                      0.114    14.808 r  eeg_bci_ps_pl_system_i/BCI_0/inst/accelerator/core/datapath/maximum_score_reg[15]_i_5/CO[3]
                         net (fo=2, routed)           0.737    15.545    eeg_bci_ps_pl_system_i/BCI_0/inst/accelerator/core/datapath/CO[0]
    SLICE_X40Y62         LUT6 (Prop_lut6_I3_O)        0.124    15.669 r  eeg_bci_ps_pl_system_i/BCI_0/inst/accelerator/core/datapath/eeg_bci_ps_pl_s5_LUT6_148/O
                         net (fo=20, routed)          0.576    16.245    eeg_bci_ps_pl_system_i/BCI_0/inst/accelerator/core/argmax/E[0]
    SLICE_X40Y61         FDCE                                         r  eeg_bci_ps_pl_system_i/BCI_0/inst/accelerator/core/argmax/maximum_index_reg[3]/CE
  -------------------------------------------------------------------    -------------------

                         (clock clk_fpga_0 rise edge)
                                                     14.000    14.000 r  
    PS7_X0Y0             PS7                          0.000    14.000 r  eeg_bci_ps_pl_system_i/processing_system7_0/inst/PS7_i/FCLKCLK[0]
                         net (fo=1, routed)           1.088    15.088    eeg_bci_ps_pl_system_i/processing_system7_0/inst/FCLK_CLK_unbuffered[0]
    BUFGCTRL_X0Y16       BUFG (Prop_bufg_I_O)         0.091    15.179 r  eeg_bci_ps_pl_system_i/processing_system7_0/inst/buffer_fclk_clk_0.FCLK_CLK_0_BUFG/O
                         net (fo=6160, routed)        1.476    16.655    eeg_bci_ps_pl_system_i/BCI_0/inst/accelerator/core/argmax/s_axi_aclk
    SLICE_X40Y61         FDCE                                         r  eeg_bci_ps_pl_system_i/BCI_0/inst/accelerator/core/argmax/maximum_index_reg[3]/C
                         clock pessimism              0.229    16.884    
                         clock uncertainty           -0.213    16.671    
    SLICE_X40Y61         FDCE (Setup_fdce_C_CE)      -0.205    16.466    eeg_bci_ps_pl_system_i/BCI_0/inst/accelerator/core/argmax/maximum_index_reg[3]
  -------------------------------------------------------------------
                         required time                         16.466    
                         arrival time                         -16.245    
  -------------------------------------------------------------------
                         slack                                  0.221    

Slack (MET) :             0.221ns  (required time - arrival time)
  Source:                 eeg_bci_ps_pl_system_i/BCI_0/inst/accelerator/core/datapath/active_opcode_reg[0]/C
                            (rising edge-triggered cell FDCE clocked by clk_fpga_0  {rise@0.000ns fall@7.000ns period=14.000ns})
  Destination:            eeg_bci_ps_pl_system_i/BCI_0/inst/accelerator/core/argmax/maximum_score_reg[12]/CE
                            (rising edge-triggered cell FDCE clocked by clk_fpga_0  {rise@0.000ns fall@7.000ns period=14.000ns})
  Path Group:             clk_fpga_0
  Path Type:              Setup (Max at Slow Process Corner)
  Requirement:            14.000ns  (clk_fpga_0 rise@14.000ns - clk_fpga_0 rise@0.000ns)
  Data Path Delay:        13.300ns  (logic 3.389ns (25.482%)  route 9.911ns (74.518%))
  Logic Levels:           15  (CARRY4=4 LUT2=1 LUT3=2 LUT4=2 LUT5=1 LUT6=4 RAMD32=1)
  Clock Path Skew:        -0.061ns (DCD - SCD + CPR)
    Destination Clock Delay (DCD):    2.655ns = ( 16.655 - 14.000 ) 
    Source Clock Delay      (SCD):    2.945ns
    Clock Pessimism Removal (CPR):    0.229ns
  Clock Uncertainty:      0.213ns  ((TSJ^2 + TIJ^2)^1/2 + DJ) / 2 + PE
    Total System Jitter     (TSJ):    0.071ns
    Total Input Jitter      (TIJ):    0.420ns
    Discrete Jitter          (DJ):    0.000ns
    Phase Error              (PE):    0.000ns

    Location             Delay type                Incr(ns)  Path(ns)    Netlist Resource(s)
  -------------------------------------------------------------------    -------------------
                         (clock clk_fpga_0 rise edge)
                                                      0.000     0.000 r  
    PS7_X0Y0             PS7                          0.000     0.000 r  eeg_bci_ps_pl_system_i/processing_system7_0/inst/PS7_i/FCLKCLK[0]
                         net (fo=1, routed)           1.193     1.193    eeg_bci_ps_pl_system_i/processing_system7_0/inst/FCLK_CLK_unbuffered[0]
    BUFGCTRL_X0Y16       BUFG (Prop_bufg_I_O)         0.101     1.294 r  eeg_bci_ps_pl_system_i/processing_system7_0/inst/buffer_fclk_clk_0.FCLK_CLK_0_BUFG/O
                         net (fo=6160, routed)        1.651     2.945    eeg_bci_ps_pl_system_i/BCI_0/inst/accelerator/core/datapath/s_axi_aclk
    SLICE_X45Y54         FDCE                                         r  eeg_bci_ps_pl_system_i/BCI_0/inst/accelerator/core/datapath/active_opcode_reg[0]/C
  -------------------------------------------------------------------    -------------------
    SLICE_X45Y54         FDCE (Prop_fdce_C_Q)         0.456     3.401 r  eeg_bci_ps_pl_system_i/BCI_0/inst/accelerator/core/datapath/active_opcode_reg[0]/Q
                         net (fo=190, routed)         1.216     4.617    eeg_bci_ps_pl_system_i/BCI_0/inst/accelerator/core/datapath/mac16_inst/input_lane_valid_q_reg[8]_0[0]
    SLICE_X49Y56         LUT6 (Prop_lut6_I3_O)        0.124     4.741 r  eeg_bci_ps_pl_system_i/BCI_0/inst/accelerator/core/datapath/mac16_inst/data_bus_q[239]_i_19/O
                         net (fo=9, routed)           0.651     5.392    eeg_bci_ps_pl_system_i/BCI_0/inst/accelerator/core/datapath/mac16_inst/data_bus_q[239]_i_19_n_0
    SLICE_X48Y56         CARRY4 (Prop_carry4_DI[0]_CO[3])
                                                      0.526     5.918 r  eeg_bci_ps_pl_system_i/BCI_0/inst/accelerator/core/datapath/mac16_inst/bank0_reg_0_15_0_5_i_33/CO[3]
                         net (fo=1, routed)           0.000     5.918    eeg_bci_ps_pl_system_i/BCI_0/inst/accelerator/core/datapath/mac16_inst_n_238
    SLICE_X48Y57         CARRY4 (Prop_carry4_CI_O[0])
                                                      0.222     6.140 r  eeg_bci_ps_pl_system_i/BCI_0/inst/accelerator/core/datapath/bank15_reg_0_15_0_5_i_6/O[0]
                         net (fo=1, routed)           0.616     6.756    eeg_bci_ps_pl_system_i/BCI_0/inst/accelerator/core/datapath/tile_read_base_index0[4]
    SLICE_X43Y59         LUT5 (Prop_lut5_I3_O)        0.299     7.055 r  eeg_bci_ps_pl_system_i/BCI_0/inst/accelerator/core/datapath/eeg_bci_ps_pl_s5_LUT5_63/O
                         net (fo=71, routed)          0.819     7.875    eeg_bci_ps_pl_system_i/BCI_0/inst/accelerator/core/datapath/tile_read_base_index[4]
    SLICE_X47Y58         LUT4 (Prop_lut4_I2_O)        0.124     7.999 r  eeg_bci_ps_pl_system_i/BCI_0/inst/accelerator/core/datapath/eeg_bci_ps_pl_s5_LUT4_44/O
                         net (fo=19, routed)          0.347     8.345    eeg_bci_ps_pl_system_i/BCI_0/inst/accelerator/core/datapath/eeg_bci_ps_pl_s5_net_127
    SLICE_X48Y58         LUT3 (Prop_lut3_I2_O)        0.124     8.469 r  eeg_bci_ps_pl_system_i/BCI_0/inst/accelerator/core/datapath/eeg_bci_ps_pl_s5_LUT3_32/O
                         net (fo=19, routed)          0.574     9.043    eeg_bci_ps_pl_system_i/BCI_0/inst/accelerator/core/datapath/eeg_bci_ps_pl_s5_net_129
    SLICE_X51Y59         LUT3 (Prop_lut3_I2_O)        0.124     9.167 r  eeg_bci_ps_pl_system_i/BCI_0/inst/accelerator/core/datapath/eeg_bci_ps_pl_s5_LUT3_50/O
                         net (fo=18, routed)          1.233    10.400    eeg_bci_ps_pl_system_i/BCI_0/inst/accelerator/core/tile_buffer/bank14_reg_0_15_0_5/ADDRA1
    SLICE_X54Y60         RAMD32 (Prop_ramd32_RADR1_O)
                                                      0.124    10.524 r  eeg_bci_ps_pl_system_i/BCI_0/inst/accelerator/core/tile_buffer/bank14_reg_0_15_0_5/RAMA_D1/O
                         net (fo=4, routed)           0.607    11.131    eeg_bci_ps_pl_system_i/BCI_0/inst/accelerator/core/tile_buffer/physical_bank_words[225]
    SLICE_X55Y59         LUT6 (Prop_lut6_I1_O)        0.124    11.255 r  eeg_bci_ps_pl_system_i/BCI_0/inst/accelerator/core/tile_buffer/data_bus_q[193]_i_7/O
                         net (fo=4, routed)           1.018    12.273    eeg_bci_ps_pl_system_i/BCI_0/inst/accelerator/core/tile_buffer/data_bus_q[193]_i_7_n_0
    SLICE_X51Y59         LUT6 (Prop_lut6_I0_O)        0.124    12.397 r  eeg_bci_ps_pl_system_i/BCI_0/inst/accelerator/core/tile_buffer/data_bus_q[1]_i_2/O
                         net (fo=7, routed)           0.950    13.347    eeg_bci_ps_pl_system_i/BCI_0/inst/accelerator/core/datapath/tile_read_window[1]
    SLICE_X40Y61         LUT2 (Prop_lut2_I0_O)        0.124    13.471 r  eeg_bci_ps_pl_system_i/BCI_0/inst/accelerator/core/datapath/eeg_bci_ps_pl_s5_LUT2_15/O
                         net (fo=5, routed)           0.567    14.038    eeg_bci_ps_pl_system_i/BCI_0/inst/accelerator/core/datapath/eeg_bci_ps_pl_s5_net_28
    SLICE_X43Y61         LUT4 (Prop_lut4_I3_O)        0.124    14.162 r  eeg_bci_ps_pl_system_i/BCI_0/inst/accelerator/core/datapath/eeg_bci_ps_pl_s5_LUT4_8/O
                         net (fo=1, routed)           0.000    14.162    eeg_bci_ps_pl_system_i/BCI_0/inst/accelerator/core/datapath/eeg_bci_ps_pl_s5_net_605
    SLICE_X43Y61         CARRY4 (Prop_carry4_S[0]_CO[3])
                                                      0.532    14.694 r  eeg_bci_ps_pl_system_i/BCI_0/inst/accelerator/core/datapath/maximum_score_reg[15]_i_16/CO[3]
                         net (fo=1, routed)           0.000    14.694    eeg_bci_ps_pl_system_i/BCI_0/inst/accelerator/core/datapath/maximum_score_reg[15]_i_16_n_0
    SLICE_X43Y62         CARRY4 (Prop_carry4_CI_CO[3])
                                                      0.114    14.808 r  eeg_bci_ps_pl_system_i/BCI_0/inst/accelerator/core/datapath/maximum_score_reg[15]_i_5/CO[3]
                         net (fo=2, routed)           0.737    15.545    eeg_bci_ps_pl_system_i/BCI_0/inst/accelerator/core/datapath/CO[0]
    SLICE_X40Y62         LUT6 (Prop_lut6_I3_O)        0.124    15.669 r  eeg_bci_ps_pl_system_i/BCI_0/inst/accelerator/core/datapath/eeg_bci_ps_pl_s5_LUT6_148/O
                         net (fo=20, routed)          0.576    16.245    eeg_bci_ps_pl_system_i/BCI_0/inst/accelerator/core/argmax/E[0]
    SLICE_X40Y61         FDCE                                         r  eeg_bci_ps_pl_system_i/BCI_0/inst/accelerator/core/argmax/maximum_score_reg[12]/CE
  -------------------------------------------------------------------    -------------------

                         (clock clk_fpga_0 rise edge)
                                                     14.000    14.000 r  
    PS7_X0Y0             PS7                          0.000    14.000 r  eeg_bci_ps_pl_system_i/processing_system7_0/inst/PS7_i/FCLKCLK[0]
                         net (fo=1, routed)           1.088    15.088    eeg_bci_ps_pl_system_i/processing_system7_0/inst/FCLK_CLK_unbuffered[0]
    BUFGCTRL_X0Y16       BUFG (Prop_bufg_I_O)         0.091    15.179 r  eeg_bci_ps_pl_system_i/processing_system7_0/inst/buffer_fclk_clk_0.FCLK_CLK_0_BUFG/O
                         net (fo=6160, routed)        1.476    16.655    eeg_bci_ps_pl_system_i/BCI_0/inst/accelerator/core/argmax/s_axi_aclk
    SLICE_X40Y61         FDCE                                         r  eeg_bci_ps_pl_system_i/BCI_0/inst/accelerator/core/argmax/maximum_score_reg[12]/C
                         clock pessimism              0.229    16.884    
                         clock uncertainty           -0.213    16.671    
    SLICE_X40Y61         FDCE (Setup_fdce_C_CE)      -0.205    16.466    eeg_bci_ps_pl_system_i/BCI_0/inst/accelerator/core/argmax/maximum_score_reg[12]
  -------------------------------------------------------------------
                         required time                         16.466    
                         arrival time                         -16.245    
  -------------------------------------------------------------------
                         slack                                  0.221    

Slack (MET) :             0.226ns  (required time - arrival time)
  Source:                 eeg_bci_ps_pl_system_i/BCI_0/inst/accelerator/core/datapath/mac16_inst/result_reg[10]/C
                            (rising edge-triggered cell FDCE clocked by clk_fpga_0  {rise@0.000ns fall@7.000ns period=14.000ns})
  Destination:            eeg_bci_ps_pl_system_i/BCI_0/inst/accelerator/core/feature_commit_data_reg[9]/D
                            (rising edge-triggered cell FDCE clocked by clk_fpga_0  {rise@0.000ns fall@7.000ns period=14.000ns})
  Path Group:             clk_fpga_0
  Path Type:              Setup (Max at Slow Process Corner)
  Requirement:            14.000ns  (clk_fpga_0 rise@14.000ns - clk_fpga_0 rise@0.000ns)
  Data Path Delay:        13.426ns  (logic 3.780ns (28.155%)  route 9.646ns (71.845%))
  Logic Levels:           17  (CARRY4=2 LUT2=1 LUT4=1 LUT5=7 LUT6=5 MUXF7=1)
  Clock Path Skew:        -0.166ns (DCD - SCD + CPR)
    Destination Clock Delay (DCD):    2.630ns = ( 16.630 - 14.000 ) 
    Source Clock Delay      (SCD):    2.925ns
    Clock Pessimism Removal (CPR):    0.129ns
  Clock Uncertainty:      0.213ns  ((TSJ^2 + TIJ^2)^1/2 + DJ) / 2 + PE
    Total System Jitter     (TSJ):    0.071ns
    Total Input Jitter      (TIJ):    0.420ns
    Discrete Jitter          (DJ):    0.000ns
    Phase Error              (PE):    0.000ns

    Location             Delay type                Incr(ns)  Path(ns)    Netlist Resource(s)
  -------------------------------------------------------------------    -------------------
                         (clock clk_fpga_0 rise edge)
                                                      0.000     0.000 r  
    PS7_X0Y0             PS7                          0.000     0.000 r  eeg_bci_ps_pl_system_i/processing_system7_0/inst/PS7_i/FCLKCLK[0]
                         net (fo=1, routed)           1.193     1.193    eeg_bci_ps_pl_system_i/processing_system7_0/inst/FCLK_CLK_unbuffered[0]
    BUFGCTRL_X0Y16       BUFG (Prop_bufg_I_O)         0.101     1.294 r  eeg_bci_ps_pl_system_i/processing_system7_0/inst/buffer_fclk_clk_0.FCLK_CLK_0_BUFG/O
                         net (fo=6160, routed)        1.631     2.925    eeg_bci_ps_pl_system_i/BCI_0/inst/accelerator/core/datapath/mac16_inst/s_axi_aclk
    SLICE_X45Y75         FDCE                                         r  eeg_bci_ps_pl_system_i/BCI_0/inst/accelerator/core/datapath/mac16_inst/result_reg[10]/C
  -------------------------------------------------------------------    -------------------
    SLICE_X45Y75         FDCE (Prop_fdce_C_Q)         0.456     3.381 f  eeg_bci_ps_pl_system_i/BCI_0/inst/accelerator/core/datapath/mac16_inst/result_reg[10]/Q
                         net (fo=61, routed)          1.092     4.473    eeg_bci_ps_pl_system_i/BCI_0/inst/accelerator/core/datapath/mac16_inst/result[10]
    SLICE_X46Y72         LUT6 (Prop_lut6_I0_O)        0.124     4.597 f  eeg_bci_ps_pl_system_i/BCI_0/inst/accelerator/core/datapath/mac16_inst/v3_op7_cache0[0][15]_i_10/O
                         net (fo=1, routed)           0.292     4.889    eeg_bci_ps_pl_system_i/BCI_0/inst/accelerator/core/datapath/mac16_inst/v3_op7_cache0[0][15]_i_10_n_0
    SLICE_X47Y72         LUT5 (Prop_lut5_I0_O)        0.124     5.013 f  eeg_bci_ps_pl_system_i/BCI_0/inst/accelerator/core/datapath/mac16_inst/v3_op7_cache0[0][15]_i_5/O
                         net (fo=39, routed)          0.710     5.723    eeg_bci_ps_pl_system_i/BCI_0/inst/accelerator/core/datapath/mac16_inst/v3_op7_cache0[0][15]_i_5_n_0
    SLICE_X48Y71         LUT6 (Prop_lut6_I2_O)        0.124     5.847 f  eeg_bci_ps_pl_system_i/BCI_0/inst/accelerator/core/datapath/mac16_inst/v3_op7_cache0[0][14]_i_29/O
                         net (fo=2, routed)           0.504     6.350    eeg_bci_ps_pl_system_i/BCI_0/inst/accelerator/core/datapath/mac16_inst/op6_add_inst/exp_delta[3]
    SLICE_X49Y71         LUT6 (Prop_lut6_I5_O)        0.124     6.474 f  eeg_bci_ps_pl_system_i/BCI_0/inst/accelerator/core/datapath/mac16_inst/v3_op7_cache0[0][14]_i_28/O
                         net (fo=4, routed)           0.497     6.972    eeg_bci_ps_pl_system_i/BCI_0/inst/accelerator/core/datapath/mac16_inst/op6_add_inst/mant_temp4
    SLICE_X48Y70         LUT2 (Prop_lut2_I1_O)        0.124     7.096 r  eeg_bci_ps_pl_system_i/BCI_0/inst/accelerator/core/datapath/mac16_inst/v3_op7_cache0[0][14]_i_21/O
                         net (fo=16, routed)          0.758     7.854    eeg_bci_ps_pl_system_i/BCI_0/inst/accelerator/core/datapath/mac16_inst/op6_add_inst/align_shift[2]
    SLICE_X49Y69         LUT4 (Prop_lut4_I1_O)        0.124     7.978 r  eeg_bci_ps_pl_system_i/BCI_0/inst/accelerator/core/datapath/mac16_inst/v3_op7_cache0[0][2]_i_20/O
                         net (fo=2, routed)           0.592     8.570    eeg_bci_ps_pl_system_i/BCI_0/inst/accelerator/core/datapath/mac16_inst/v3_op7_cache0[0][2]_i_20_n_0
    SLICE_X51Y69         LUT5 (Prop_lut5_I0_O)        0.124     8.694 r  eeg_bci_ps_pl_system_i/BCI_0/inst/accelerator/core/datapath/mac16_inst/v3_op7_cache0[0][2]_i_14/O
                         net (fo=3, routed)           0.423     9.117    eeg_bci_ps_pl_system_i/BCI_0/inst/accelerator/core/datapath/mac16_inst/v3_op7_cache0[0][2]_i_14_n_0
    SLICE_X52Y70         LUT5 (Prop_lut5_I0_O)        0.124     9.241 r  eeg_bci_ps_pl_system_i/BCI_0/inst/accelerator/core/datapath/mac16_inst/v3_op7_cache0[0][2]_i_11/O
                         net (fo=1, routed)           0.656     9.897    eeg_bci_ps_pl_system_i/BCI_0/inst/accelerator/core/datapath/mac16_inst/v3_op7_cache0[0][2]_i_11_n_0
    SLICE_X53Y70         CARRY4 (Prop_carry4_S[0]_CO[3])
                                                      0.656    10.553 r  eeg_bci_ps_pl_system_i/BCI_0/inst/accelerator/core/datapath/mac16_inst/v3_op7_cache0_reg[0][2]_i_2/CO[3]
                         net (fo=1, routed)           0.000    10.553    eeg_bci_ps_pl_system_i/BCI_0/inst/accelerator/core/datapath/mac16_inst/v3_op7_cache0_reg[0][2]_i_2_n_0
    SLICE_X53Y71         CARRY4 (Prop_carry4_CI_O[1])
                                                      0.334    10.887 r  eeg_bci_ps_pl_system_i/BCI_0/inst/accelerator/core/datapath/mac16_inst/v3_op7_cache0_reg[0][6]_i_2/O[1]
                         net (fo=10, routed)          0.988    11.874    eeg_bci_ps_pl_system_i/BCI_0/inst/accelerator/core/datapath/mac16_inst/op6_add_inst/sel0[5]
    SLICE_X55Y71         LUT5 (Prop_lut5_I3_O)        0.303    12.177 f  eeg_bci_ps_pl_system_i/BCI_0/inst/accelerator/core/datapath/mac16_inst/v3_op7_cache0[0][13]_i_17/O
                         net (fo=1, routed)           0.301    12.478    eeg_bci_ps_pl_system_i/BCI_0/inst/accelerator/core/datapath/mac16_inst/v3_op7_cache0[0][13]_i_17_n_0
    SLICE_X55Y70         LUT5 (Prop_lut5_I2_O)        0.124    12.602 r  eeg_bci_ps_pl_system_i/BCI_0/inst/accelerator/core/datapath/mac16_inst/v3_op7_cache0[0][13]_i_9/O
                         net (fo=15, routed)          0.901    13.503    eeg_bci_ps_pl_system_i/BCI_0/inst/accelerator/core/datapath/mac16_inst/op6_add_inst/normalize_shift[2]
    SLICE_X55Y68         LUT6 (Prop_lut6_I4_O)        0.124    13.627 r  eeg_bci_ps_pl_system_i/BCI_0/inst/accelerator/core/datapath/mac16_inst/v3_op7_cache0[0][9]_i_4/O
                         net (fo=1, routed)           0.943    14.571    eeg_bci_ps_pl_system_i/BCI_0/inst/accelerator/core/datapath/mac16_inst/v3_op7_cache0[0][9]_i_4_n_0
    SLICE_X52Y75         LUT5 (Prop_lut5_I4_O)        0.124    14.695 r  eeg_bci_ps_pl_system_i/BCI_0/inst/accelerator/core/datapath/mac16_inst/v3_op7_cache0[0][9]_i_1/O
                         net (fo=72, routed)          0.546    15.241    eeg_bci_ps_pl_system_i/BCI_0/inst/accelerator/core/datapath/mac16_inst/sum[9]
    SLICE_X53Y75         LUT5 (Prop_lut5_I0_O)        0.124    15.365 r  eeg_bci_ps_pl_system_i/BCI_0/inst/accelerator/core/datapath/mac16_inst/feature_commit_data[9]_i_6/O
                         net (fo=1, routed)           0.000    15.365    eeg_bci_ps_pl_system_i/BCI_0/inst/accelerator/core/datapath/mac16_inst/feature_commit_data[9]_i_6_n_0
    SLICE_X53Y75         MUXF7 (Prop_muxf7_I1_O)      0.245    15.610 r  eeg_bci_ps_pl_system_i/BCI_0/inst/accelerator/core/datapath/mac16_inst/feature_commit_data_reg[9]_i_2/O
                         net (fo=1, routed)           0.443    16.053    eeg_bci_ps_pl_system_i/BCI_0/inst/accelerator/core/datapath/mac16_inst/feature_commit_data_reg[9]_i_2_n_0
    SLICE_X51Y76         LUT6 (Prop_lut6_I1_O)        0.298    16.351 r  eeg_bci_ps_pl_system_i/BCI_0/inst/accelerator/core/datapath/mac16_inst/feature_commit_data[9]_i_1/O
                         net (fo=1, routed)           0.000    16.351    eeg_bci_ps_pl_system_i/BCI_0/inst/accelerator/core/datapath_n_429
    SLICE_X51Y76         FDCE                                         r  eeg_bci_ps_pl_system_i/BCI_0/inst/accelerator/core/feature_commit_data_reg[9]/D
  -------------------------------------------------------------------    -------------------

                         (clock clk_fpga_0 rise edge)
                                                     14.000    14.000 r  
    PS7_X0Y0             PS7                          0.000    14.000 r  eeg_bci_ps_pl_system_i/processing_system7_0/inst/PS7_i/FCLKCLK[0]
                         net (fo=1, routed)           1.088    15.088    eeg_bci_ps_pl_system_i/processing_system7_0/inst/FCLK_CLK_unbuffered[0]
    BUFGCTRL_X0Y16       BUFG (Prop_bufg_I_O)         0.091    15.179 r  eeg_bci_ps_pl_system_i/processing_system7_0/inst/buffer_fclk_clk_0.FCLK_CLK_0_BUFG/O
                         net (fo=6160, routed)        1.451    16.630    eeg_bci_ps_pl_system_i/BCI_0/inst/accelerator/core/s_axi_aclk
    SLICE_X51Y76         FDCE                                         r  eeg_bci_ps_pl_system_i/BCI_0/inst/accelerator/core/feature_commit_data_reg[9]/C
                         clock pessimism              0.129    16.759    
                         clock uncertainty           -0.213    16.546    
    SLICE_X51Y76         FDCE (Setup_fdce_C_D)        0.031    16.577    eeg_bci_ps_pl_system_i/BCI_0/inst/accelerator/core/feature_commit_data_reg[9]
  -------------------------------------------------------------------
                         required time                         16.577    
                         arrival time                         -16.351    
  -------------------------------------------------------------------
                         slack                                  0.226    

Slack (MET) :             0.241ns  (required time - arrival time)
  Source:                 eeg_bci_ps_pl_system_i/BCI_0/inst/accelerator/core/datapath/mac16_inst/result_reg[10]/C
                            (rising edge-triggered cell FDCE clocked by clk_fpga_0  {rise@0.000ns fall@7.000ns period=14.000ns})
  Destination:            eeg_bci_ps_pl_system_i/BCI_0/inst/accelerator/core/feature_commit_data_reg[13]/D
                            (rising edge-triggered cell FDCE clocked by clk_fpga_0  {rise@0.000ns fall@7.000ns period=14.000ns})
  Path Group:             clk_fpga_0
  Path Type:              Setup (Max at Slow Process Corner)
  Requirement:            14.000ns  (clk_fpga_0 rise@14.000ns - clk_fpga_0 rise@0.000ns)
  Data Path Delay:        13.458ns  (logic 3.748ns (27.849%)  route 9.710ns (72.151%))
  Logic Levels:           17  (CARRY4=2 LUT2=1 LUT3=1 LUT4=1 LUT5=4 LUT6=7 MUXF7=1)
  Clock Path Skew:        -0.168ns (DCD - SCD + CPR)
    Destination Clock Delay (DCD):    2.628ns = ( 16.628 - 14.000 ) 
    Source Clock Delay      (SCD):    2.925ns
    Clock Pessimism Removal (CPR):    0.129ns
  Clock Uncertainty:      0.213ns  ((TSJ^2 + TIJ^2)^1/2 + DJ) / 2 + PE
    Total System Jitter     (TSJ):    0.071ns
    Total Input Jitter      (TIJ):    0.420ns
    Discrete Jitter          (DJ):    0.000ns
    Phase Error              (PE):    0.000ns

    Location             Delay type                Incr(ns)  Path(ns)    Netlist Resource(s)
  -------------------------------------------------------------------    -------------------
                         (clock clk_fpga_0 rise edge)
                                                      0.000     0.000 r  
    PS7_X0Y0             PS7                          0.000     0.000 r  eeg_bci_ps_pl_system_i/processing_system7_0/inst/PS7_i/FCLKCLK[0]
                         net (fo=1, routed)           1.193     1.193    eeg_bci_ps_pl_system_i/processing_system7_0/inst/FCLK_CLK_unbuffered[0]
    BUFGCTRL_X0Y16       BUFG (Prop_bufg_I_O)         0.101     1.294 r  eeg_bci_ps_pl_system_i/processing_system7_0/inst/buffer_fclk_clk_0.FCLK_CLK_0_BUFG/O
                         net (fo=6160, routed)        1.631     2.925    eeg_bci_ps_pl_system_i/BCI_0/inst/accelerator/core/datapath/mac16_inst/s_axi_aclk
    SLICE_X45Y75         FDCE                                         r  eeg_bci_ps_pl_system_i/BCI_0/inst/accelerator/core/datapath/mac16_inst/result_reg[10]/C
  -------------------------------------------------------------------    -------------------
    SLICE_X45Y75         FDCE (Prop_fdce_C_Q)         0.456     3.381 f  eeg_bci_ps_pl_system_i/BCI_0/inst/accelerator/core/datapath/mac16_inst/result_reg[10]/Q
                         net (fo=61, routed)          1.092     4.473    eeg_bci_ps_pl_system_i/BCI_0/inst/accelerator/core/datapath/mac16_inst/result[10]
    SLICE_X46Y72         LUT6 (Prop_lut6_I0_O)        0.124     4.597 f  eeg_bci_ps_pl_system_i/BCI_0/inst/accelerator/core/datapath/mac16_inst/v3_op7_cache0[0][15]_i_10/O
                         net (fo=1, routed)           0.292     4.889    eeg_bci_ps_pl_system_i/BCI_0/inst/accelerator/core/datapath/mac16_inst/v3_op7_cache0[0][15]_i_10_n_0
    SLICE_X47Y72         LUT5 (Prop_lut5_I0_O)        0.124     5.013 f  eeg_bci_ps_pl_system_i/BCI_0/inst/accelerator/core/datapath/mac16_inst/v3_op7_cache0[0][15]_i_5/O
                         net (fo=39, routed)          0.710     5.723    eeg_bci_ps_pl_system_i/BCI_0/inst/accelerator/core/datapath/mac16_inst/v3_op7_cache0[0][15]_i_5_n_0
    SLICE_X48Y71         LUT6 (Prop_lut6_I2_O)        0.124     5.847 f  eeg_bci_ps_pl_system_i/BCI_0/inst/accelerator/core/datapath/mac16_inst/v3_op7_cache0[0][14]_i_29/O
                         net (fo=2, routed)           0.504     6.350    eeg_bci_ps_pl_system_i/BCI_0/inst/accelerator/core/datapath/mac16_inst/op6_add_inst/exp_delta[3]
    SLICE_X49Y71         LUT6 (Prop_lut6_I5_O)        0.124     6.474 f  eeg_bci_ps_pl_system_i/BCI_0/inst/accelerator/core/datapath/mac16_inst/v3_op7_cache0[0][14]_i_28/O
                         net (fo=4, routed)           0.497     6.972    eeg_bci_ps_pl_system_i/BCI_0/inst/accelerator/core/datapath/mac16_inst/op6_add_inst/mant_temp4
    SLICE_X48Y70         LUT2 (Prop_lut2_I1_O)        0.124     7.096 r  eeg_bci_ps_pl_system_i/BCI_0/inst/accelerator/core/datapath/mac16_inst/v3_op7_cache0[0][14]_i_21/O
                         net (fo=16, routed)          0.758     7.854    eeg_bci_ps_pl_system_i/BCI_0/inst/accelerator/core/datapath/mac16_inst/op6_add_inst/align_shift[2]
    SLICE_X49Y69         LUT4 (Prop_lut4_I1_O)        0.124     7.978 r  eeg_bci_ps_pl_system_i/BCI_0/inst/accelerator/core/datapath/mac16_inst/v3_op7_cache0[0][2]_i_20/O
                         net (fo=2, routed)           0.592     8.570    eeg_bci_ps_pl_system_i/BCI_0/inst/accelerator/core/datapath/mac16_inst/v3_op7_cache0[0][2]_i_20_n_0
    SLICE_X51Y69         LUT5 (Prop_lut5_I0_O)        0.124     8.694 r  eeg_bci_ps_pl_system_i/BCI_0/inst/accelerator/core/datapath/mac16_inst/v3_op7_cache0[0][2]_i_14/O
                         net (fo=3, routed)           0.423     9.117    eeg_bci_ps_pl_system_i/BCI_0/inst/accelerator/core/datapath/mac16_inst/v3_op7_cache0[0][2]_i_14_n_0
    SLICE_X52Y70         LUT5 (Prop_lut5_I0_O)        0.124     9.241 r  eeg_bci_ps_pl_system_i/BCI_0/inst/accelerator/core/datapath/mac16_inst/v3_op7_cache0[0][2]_i_11/O
                         net (fo=1, routed)           0.656     9.897    eeg_bci_ps_pl_system_i/BCI_0/inst/accelerator/core/datapath/mac16_inst/v3_op7_cache0[0][2]_i_11_n_0
    SLICE_X53Y70         CARRY4 (Prop_carry4_S[0]_CO[3])
                                                      0.656    10.553 r  eeg_bci_ps_pl_system_i/BCI_0/inst/accelerator/core/datapath/mac16_inst/v3_op7_cache0_reg[0][2]_i_2/CO[3]
                         net (fo=1, routed)           0.000    10.553    eeg_bci_ps_pl_system_i/BCI_0/inst/accelerator/core/datapath/mac16_inst/v3_op7_cache0_reg[0][2]_i_2_n_0
    SLICE_X53Y71         CARRY4 (Prop_carry4_CI_O[1])
                                                      0.334    10.887 f  eeg_bci_ps_pl_system_i/BCI_0/inst/accelerator/core/datapath/mac16_inst/v3_op7_cache0_reg[0][6]_i_2/O[1]
                         net (fo=10, routed)          0.975    11.861    eeg_bci_ps_pl_system_i/BCI_0/inst/accelerator/core/datapath/mac16_inst/op6_add_inst/sel0[5]
    SLICE_X56Y70         LUT3 (Prop_lut3_I2_O)        0.303    12.164 r  eeg_bci_ps_pl_system_i/BCI_0/inst/accelerator/core/datapath/mac16_inst/v3_op7_cache0[0][13]_i_15/O
                         net (fo=2, routed)           0.884    13.048    eeg_bci_ps_pl_system_i/BCI_0/inst/accelerator/core/datapath/mac16_inst/v3_op7_cache0[0][13]_i_15_n_0
    SLICE_X57Y70         LUT6 (Prop_lut6_I2_O)        0.124    13.172 f  eeg_bci_ps_pl_system_i/BCI_0/inst/accelerator/core/datapath/mac16_inst/v3_op7_cache0[0][13]_i_11/O
                         net (fo=1, routed)           0.619    13.791    eeg_bci_ps_pl_system_i/BCI_0/inst/accelerator/core/datapath/mac16_inst/v3_op7_cache0[0][13]_i_11_n_0
    SLICE_X57Y69         LUT6 (Prop_lut6_I4_O)        0.124    13.915 f  eeg_bci_ps_pl_system_i/BCI_0/inst/accelerator/core/datapath/mac16_inst/v3_op7_cache0[0][13]_i_5/O
                         net (fo=4, routed)           0.607    14.521    eeg_bci_ps_pl_system_i/BCI_0/inst/accelerator/core/datapath/mac16_inst/v3_op7_cache0[0][13]_i_5_n_0
    SLICE_X55Y69         LUT6 (Prop_lut6_I4_O)        0.124    14.645 r  eeg_bci_ps_pl_system_i/BCI_0/inst/accelerator/core/datapath/mac16_inst/v3_op7_cache0[0][13]_i_1/O
                         net (fo=72, routed)          0.764    15.410    eeg_bci_ps_pl_system_i/BCI_0/inst/accelerator/core/datapath/mac16_inst/sum[13]
    SLICE_X50Y73         LUT5 (Prop_lut5_I0_O)        0.124    15.534 r  eeg_bci_ps_pl_system_i/BCI_0/inst/accelerator/core/datapath/mac16_inst/feature_commit_data[13]_i_10/O
                         net (fo=1, routed)           0.000    15.534    eeg_bci_ps_pl_system_i/BCI_0/inst/accelerator/core/datapath/mac16_inst/feature_commit_data[13]_i_10_n_0
    SLICE_X50Y73         MUXF7 (Prop_muxf7_I1_O)      0.214    15.748 r  eeg_bci_ps_pl_system_i/BCI_0/inst/accelerator/core/datapath/mac16_inst/feature_commit_data_reg[13]_i_3/O
                         net (fo=1, routed)           0.339    16.086    eeg_bci_ps_pl_system_i/BCI_0/inst/accelerator/core/datapath/mac16_inst/feature_commit_data_reg[13]_i_3_n_0
    SLICE_X50Y75         LUT6 (Prop_lut6_I3_O)        0.297    16.383 r  eeg_bci_ps_pl_system_i/BCI_0/inst/accelerator/core/datapath/mac16_inst/feature_commit_data[13]_i_1/O
                         net (fo=1, routed)           0.000    16.383    eeg_bci_ps_pl_system_i/BCI_0/inst/accelerator/core/datapath_n_425
    SLICE_X50Y75         FDCE                                         r  eeg_bci_ps_pl_system_i/BCI_0/inst/accelerator/core/feature_commit_data_reg[13]/D
  -------------------------------------------------------------------    -------------------

                         (clock clk_fpga_0 rise edge)
                                                     14.000    14.000 r  
    PS7_X0Y0             PS7                          0.000    14.000 r  eeg_bci_ps_pl_system_i/processing_system7_0/inst/PS7_i/FCLKCLK[0]
                         net (fo=1, routed)           1.088    15.088    eeg_bci_ps_pl_system_i/processing_system7_0/inst/FCLK_CLK_unbuffered[0]
    BUFGCTRL_X0Y16       BUFG (Prop_bufg_I_O)         0.091    15.179 r  eeg_bci_ps_pl_system_i/processing_system7_0/inst/buffer_fclk_clk_0.FCLK_CLK_0_BUFG/O
                         net (fo=6160, routed)        1.449    16.628    eeg_bci_ps_pl_system_i/BCI_0/inst/accelerator/core/s_axi_aclk
    SLICE_X50Y75         FDCE                                         r  eeg_bci_ps_pl_system_i/BCI_0/inst/accelerator/core/feature_commit_data_reg[13]/C
                         clock pessimism              0.129    16.757    
                         clock uncertainty           -0.213    16.544    
    SLICE_X50Y75         FDCE (Setup_fdce_C_D)        0.081    16.625    eeg_bci_ps_pl_system_i/BCI_0/inst/accelerator/core/feature_commit_data_reg[13]
  -------------------------------------------------------------------
                         required time                         16.625    
                         arrival time                         -16.383    
  -------------------------------------------------------------------
                         slack                                  0.241    

Slack (MET) :             0.258ns  (required time - arrival time)
  Source:                 eeg_bci_ps_pl_system_i/BCI_0/inst/accelerator/core/datapath/mac16_inst/result_reg[10]/C
                            (rising edge-triggered cell FDCE clocked by clk_fpga_0  {rise@0.000ns fall@7.000ns period=14.000ns})
  Destination:            eeg_bci_ps_pl_system_i/BCI_0/inst/accelerator/core/feature_commit_data_reg[8]/D
                            (rising edge-triggered cell FDCE clocked by clk_fpga_0  {rise@0.000ns fall@7.000ns period=14.000ns})
  Path Group:             clk_fpga_0
  Path Type:              Setup (Max at Slow Process Corner)
  Requirement:            14.000ns  (clk_fpga_0 rise@14.000ns - clk_fpga_0 rise@0.000ns)
  Data Path Delay:        13.439ns  (logic 3.753ns (27.925%)  route 9.686ns (72.075%))
  Logic Levels:           17  (CARRY4=2 LUT2=1 LUT4=1 LUT5=6 LUT6=6 MUXF7=1)
  Clock Path Skew:        -0.168ns (DCD - SCD + CPR)
    Destination Clock Delay (DCD):    2.628ns = ( 16.628 - 14.000 ) 
    Source Clock Delay      (SCD):    2.925ns
    Clock Pessimism Removal (CPR):    0.129ns
  Clock Uncertainty:      0.213ns  ((TSJ^2 + TIJ^2)^1/2 + DJ) / 2 + PE
    Total System Jitter     (TSJ):    0.071ns
    Total Input Jitter      (TIJ):    0.420ns
    Discrete Jitter          (DJ):    0.000ns
    Phase Error              (PE):    0.000ns

    Location             Delay type                Incr(ns)  Path(ns)    Netlist Resource(s)
  -------------------------------------------------------------------    -------------------
                         (clock clk_fpga_0 rise edge)
                                                      0.000     0.000 r  
    PS7_X0Y0             PS7                          0.000     0.000 r  eeg_bci_ps_pl_system_i/processing_system7_0/inst/PS7_i/FCLKCLK[0]
                         net (fo=1, routed)           1.193     1.193    eeg_bci_ps_pl_system_i/processing_system7_0/inst/FCLK_CLK_unbuffered[0]
    BUFGCTRL_X0Y16       BUFG (Prop_bufg_I_O)         0.101     1.294 r  eeg_bci_ps_pl_system_i/processing_system7_0/inst/buffer_fclk_clk_0.FCLK_CLK_0_BUFG/O
                         net (fo=6160, routed)        1.631     2.925    eeg_bci_ps_pl_system_i/BCI_0/inst/accelerator/core/datapath/mac16_inst/s_axi_aclk
    SLICE_X45Y75         FDCE                                         r  eeg_bci_ps_pl_system_i/BCI_0/inst/accelerator/core/datapath/mac16_inst/result_reg[10]/C
  -------------------------------------------------------------------    -------------------
    SLICE_X45Y75         FDCE (Prop_fdce_C_Q)         0.456     3.381 f  eeg_bci_ps_pl_system_i/BCI_0/inst/accelerator/core/datapath/mac16_inst/result_reg[10]/Q
                         net (fo=61, routed)          1.092     4.473    eeg_bci_ps_pl_system_i/BCI_0/inst/accelerator/core/datapath/mac16_inst/result[10]
    SLICE_X46Y72         LUT6 (Prop_lut6_I0_O)        0.124     4.597 f  eeg_bci_ps_pl_system_i/BCI_0/inst/accelerator/core/datapath/mac16_inst/v3_op7_cache0[0][15]_i_10/O
                         net (fo=1, routed)           0.292     4.889    eeg_bci_ps_pl_system_i/BCI_0/inst/accelerator/core/datapath/mac16_inst/v3_op7_cache0[0][15]_i_10_n_0
    SLICE_X47Y72         LUT5 (Prop_lut5_I0_O)        0.124     5.013 f  eeg_bci_ps_pl_system_i/BCI_0/inst/accelerator/core/datapath/mac16_inst/v3_op7_cache0[0][15]_i_5/O
                         net (fo=39, routed)          0.710     5.723    eeg_bci_ps_pl_system_i/BCI_0/inst/accelerator/core/datapath/mac16_inst/v3_op7_cache0[0][15]_i_5_n_0
    SLICE_X48Y71         LUT6 (Prop_lut6_I2_O)        0.124     5.847 f  eeg_bci_ps_pl_system_i/BCI_0/inst/accelerator/core/datapath/mac16_inst/v3_op7_cache0[0][14]_i_29/O
                         net (fo=2, routed)           0.504     6.350    eeg_bci_ps_pl_system_i/BCI_0/inst/accelerator/core/datapath/mac16_inst/op6_add_inst/exp_delta[3]
    SLICE_X49Y71         LUT6 (Prop_lut6_I5_O)        0.124     6.474 f  eeg_bci_ps_pl_system_i/BCI_0/inst/accelerator/core/datapath/mac16_inst/v3_op7_cache0[0][14]_i_28/O
                         net (fo=4, routed)           0.497     6.972    eeg_bci_ps_pl_system_i/BCI_0/inst/accelerator/core/datapath/mac16_inst/op6_add_inst/mant_temp4
    SLICE_X48Y70         LUT2 (Prop_lut2_I1_O)        0.124     7.096 r  eeg_bci_ps_pl_system_i/BCI_0/inst/accelerator/core/datapath/mac16_inst/v3_op7_cache0[0][14]_i_21/O
                         net (fo=16, routed)          0.758     7.854    eeg_bci_ps_pl_system_i/BCI_0/inst/accelerator/core/datapath/mac16_inst/op6_add_inst/align_shift[2]
    SLICE_X49Y69         LUT4 (Prop_lut4_I1_O)        0.124     7.978 r  eeg_bci_ps_pl_system_i/BCI_0/inst/accelerator/core/datapath/mac16_inst/v3_op7_cache0[0][2]_i_20/O
                         net (fo=2, routed)           0.592     8.570    eeg_bci_ps_pl_system_i/BCI_0/inst/accelerator/core/datapath/mac16_inst/v3_op7_cache0[0][2]_i_20_n_0
    SLICE_X51Y69         LUT5 (Prop_lut5_I0_O)        0.124     8.694 r  eeg_bci_ps_pl_system_i/BCI_0/inst/accelerator/core/datapath/mac16_inst/v3_op7_cache0[0][2]_i_14/O
                         net (fo=3, routed)           0.423     9.117    eeg_bci_ps_pl_system_i/BCI_0/inst/accelerator/core/datapath/mac16_inst/v3_op7_cache0[0][2]_i_14_n_0
    SLICE_X52Y70         LUT5 (Prop_lut5_I0_O)        0.124     9.241 r  eeg_bci_ps_pl_system_i/BCI_0/inst/accelerator/core/datapath/mac16_inst/v3_op7_cache0[0][2]_i_11/O
                         net (fo=1, routed)           0.656     9.897    eeg_bci_ps_pl_system_i/BCI_0/inst/accelerator/core/datapath/mac16_inst/v3_op7_cache0[0][2]_i_11_n_0
    SLICE_X53Y70         CARRY4 (Prop_carry4_S[0]_CO[3])
                                                      0.656    10.553 r  eeg_bci_ps_pl_system_i/BCI_0/inst/accelerator/core/datapath/mac16_inst/v3_op7_cache0_reg[0][2]_i_2/CO[3]
                         net (fo=1, routed)           0.000    10.553    eeg_bci_ps_pl_system_i/BCI_0/inst/accelerator/core/datapath/mac16_inst/v3_op7_cache0_reg[0][2]_i_2_n_0
    SLICE_X53Y71         CARRY4 (Prop_carry4_CI_O[1])
                                                      0.334    10.887 r  eeg_bci_ps_pl_system_i/BCI_0/inst/accelerator/core/datapath/mac16_inst/v3_op7_cache0_reg[0][6]_i_2/O[1]
                         net (fo=10, routed)          0.988    11.874    eeg_bci_ps_pl_system_i/BCI_0/inst/accelerator/core/datapath/mac16_inst/op6_add_inst/sel0[5]
    SLICE_X55Y71         LUT5 (Prop_lut5_I3_O)        0.303    12.177 f  eeg_bci_ps_pl_system_i/BCI_0/inst/accelerator/core/datapath/mac16_inst/v3_op7_cache0[0][13]_i_17/O
                         net (fo=1, routed)           0.301    12.478    eeg_bci_ps_pl_system_i/BCI_0/inst/accelerator/core/datapath/mac16_inst/v3_op7_cache0[0][13]_i_17_n_0
    SLICE_X55Y70         LUT5 (Prop_lut5_I2_O)        0.124    12.602 r  eeg_bci_ps_pl_system_i/BCI_0/inst/accelerator/core/datapath/mac16_inst/v3_op7_cache0[0][13]_i_9/O
                         net (fo=15, routed)          0.862    13.465    eeg_bci_ps_pl_system_i/BCI_0/inst/accelerator/core/datapath/mac16_inst/op6_add_inst/normalize_shift[2]
    SLICE_X56Y69         LUT6 (Prop_lut6_I4_O)        0.124    13.589 r  eeg_bci_ps_pl_system_i/BCI_0/inst/accelerator/core/datapath/mac16_inst/v3_op7_cache0[0][9]_i_2/O
                         net (fo=2, routed)           0.606    14.195    eeg_bci_ps_pl_system_i/BCI_0/inst/accelerator/core/datapath/mac16_inst/v3_op7_cache0[0][9]_i_2_n_0
    SLICE_X54Y68         LUT5 (Prop_lut5_I4_O)        0.124    14.319 r  eeg_bci_ps_pl_system_i/BCI_0/inst/accelerator/core/datapath/mac16_inst/v3_op7_cache0[0][8]_i_1/O
                         net (fo=72, routed)          0.887    15.206    eeg_bci_ps_pl_system_i/BCI_0/inst/accelerator/core/datapath/mac16_inst/sum[8]
    SLICE_X51Y74         LUT6 (Prop_lut6_I0_O)        0.124    15.330 r  eeg_bci_ps_pl_system_i/BCI_0/inst/accelerator/core/datapath/mac16_inst/feature_commit_data[8]_i_6/O
                         net (fo=1, routed)           0.000    15.330    eeg_bci_ps_pl_system_i/BCI_0/inst/accelerator/core/datapath/mac16_inst/feature_commit_data[8]_i_6_n_0
    SLICE_X51Y74         MUXF7 (Prop_muxf7_I1_O)      0.217    15.547 r  eeg_bci_ps_pl_system_i/BCI_0/inst/accelerator/core/datapath/mac16_inst/feature_commit_data_reg[8]_i_2/O
                         net (fo=1, routed)           0.519    16.065    eeg_bci_ps_pl_system_i/BCI_0/inst/accelerator/core/datapath/mac16_inst/feature_commit_data_reg[8]_i_2_n_0
    SLICE_X50Y74         LUT6 (Prop_lut6_I1_O)        0.299    16.364 r  eeg_bci_ps_pl_system_i/BCI_0/inst/accelerator/core/datapath/mac16_inst/feature_commit_data[8]_i_1/O
                         net (fo=1, routed)           0.000    16.364    eeg_bci_ps_pl_system_i/BCI_0/inst/accelerator/core/datapath_n_430
    SLICE_X50Y74         FDCE                                         r  eeg_bci_ps_pl_system_i/BCI_0/inst/accelerator/core/feature_commit_data_reg[8]/D
  -------------------------------------------------------------------    -------------------

                         (clock clk_fpga_0 rise edge)
                                                     14.000    14.000 r  
    PS7_X0Y0             PS7                          0.000    14.000 r  eeg_bci_ps_pl_system_i/processing_system7_0/inst/PS7_i/FCLKCLK[0]
                         net (fo=1, routed)           1.088    15.088    eeg_bci_ps_pl_system_i/processing_system7_0/inst/FCLK_CLK_unbuffered[0]
    BUFGCTRL_X0Y16       BUFG (Prop_bufg_I_O)         0.091    15.179 r  eeg_bci_ps_pl_system_i/processing_system7_0/inst/buffer_fclk_clk_0.FCLK_CLK_0_BUFG/O
                         net (fo=6160, routed)        1.449    16.628    eeg_bci_ps_pl_system_i/BCI_0/inst/accelerator/core/s_axi_aclk
    SLICE_X50Y74         FDCE                                         r  eeg_bci_ps_pl_system_i/BCI_0/inst/accelerator/core/feature_commit_data_reg[8]/C
                         clock pessimism              0.129    16.757    
                         clock uncertainty           -0.213    16.544    
    SLICE_X50Y74         FDCE (Setup_fdce_C_D)        0.079    16.623    eeg_bci_ps_pl_system_i/BCI_0/inst/accelerator/core/feature_commit_data_reg[8]
  -------------------------------------------------------------------
                         required time                         16.623    
                         arrival time                         -16.364    
  -------------------------------------------------------------------
                         slack                                  0.258    

Slack (MET) :             0.259ns  (required time - arrival time)
  Source:                 eeg_bci_ps_pl_system_i/BCI_0/inst/accelerator/core/datapath/mac16_inst/result_reg[10]/C
                            (rising edge-triggered cell FDCE clocked by clk_fpga_0  {rise@0.000ns fall@7.000ns period=14.000ns})
  Destination:            eeg_bci_ps_pl_system_i/BCI_0/inst/accelerator/core/feature_commit_data_reg[7]/D
                            (rising edge-triggered cell FDCE clocked by clk_fpga_0  {rise@0.000ns fall@7.000ns period=14.000ns})
  Path Group:             clk_fpga_0
  Path Type:              Setup (Max at Slow Process Corner)
  Requirement:            14.000ns  (clk_fpga_0 rise@14.000ns - clk_fpga_0 rise@0.000ns)
  Data Path Delay:        13.439ns  (logic 3.725ns (27.717%)  route 9.714ns (72.282%))
  Logic Levels:           17  (CARRY4=2 LUT2=1 LUT4=1 LUT5=4 LUT6=8 MUXF7=1)
  Clock Path Skew:        -0.168ns (DCD - SCD + CPR)
    Destination Clock Delay (DCD):    2.628ns = ( 16.628 - 14.000 ) 
    Source Clock Delay      (SCD):    2.925ns
    Clock Pessimism Removal (CPR):    0.129ns
  Clock Uncertainty:      0.213ns  ((TSJ^2 + TIJ^2)^1/2 + DJ) / 2 + PE
    Total System Jitter     (TSJ):    0.071ns
    Total Input Jitter      (TIJ):    0.420ns
    Discrete Jitter          (DJ):    0.000ns
    Phase Error              (PE):    0.000ns

    Location             Delay type                Incr(ns)  Path(ns)    Netlist Resource(s)
  -------------------------------------------------------------------    -------------------
                         (clock clk_fpga_0 rise edge)
                                                      0.000     0.000 r  
    PS7_X0Y0             PS7                          0.000     0.000 r  eeg_bci_ps_pl_system_i/processing_system7_0/inst/PS7_i/FCLKCLK[0]
                         net (fo=1, routed)           1.193     1.193    eeg_bci_ps_pl_system_i/processing_system7_0/inst/FCLK_CLK_unbuffered[0]
    BUFGCTRL_X0Y16       BUFG (Prop_bufg_I_O)         0.101     1.294 r  eeg_bci_ps_pl_system_i/processing_system7_0/inst/buffer_fclk_clk_0.FCLK_CLK_0_BUFG/O
                         net (fo=6160, routed)        1.631     2.925    eeg_bci_ps_pl_system_i/BCI_0/inst/accelerator/core/datapath/mac16_inst/s_axi_aclk
    SLICE_X45Y75         FDCE                                         r  eeg_bci_ps_pl_system_i/BCI_0/inst/accelerator/core/datapath/mac16_inst/result_reg[10]/C
  -------------------------------------------------------------------    -------------------
    SLICE_X45Y75         FDCE (Prop_fdce_C_Q)         0.456     3.381 f  eeg_bci_ps_pl_system_i/BCI_0/inst/accelerator/core/datapath/mac16_inst/result_reg[10]/Q
                         net (fo=61, routed)          1.092     4.473    eeg_bci_ps_pl_system_i/BCI_0/inst/accelerator/core/datapath/mac16_inst/result[10]
    SLICE_X46Y72         LUT6 (Prop_lut6_I0_O)        0.124     4.597 f  eeg_bci_ps_pl_system_i/BCI_0/inst/accelerator/core/datapath/mac16_inst/v3_op7_cache0[0][15]_i_10/O
                         net (fo=1, routed)           0.292     4.889    eeg_bci_ps_pl_system_i/BCI_0/inst/accelerator/core/datapath/mac16_inst/v3_op7_cache0[0][15]_i_10_n_0
    SLICE_X47Y72         LUT5 (Prop_lut5_I0_O)        0.124     5.013 f  eeg_bci_ps_pl_system_i/BCI_0/inst/accelerator/core/datapath/mac16_inst/v3_op7_cache0[0][15]_i_5/O
                         net (fo=39, routed)          0.710     5.723    eeg_bci_ps_pl_system_i/BCI_0/inst/accelerator/core/datapath/mac16_inst/v3_op7_cache0[0][15]_i_5_n_0
    SLICE_X48Y71         LUT6 (Prop_lut6_I2_O)        0.124     5.847 f  eeg_bci_ps_pl_system_i/BCI_0/inst/accelerator/core/datapath/mac16_inst/v3_op7_cache0[0][14]_i_29/O
                         net (fo=2, routed)           0.504     6.350    eeg_bci_ps_pl_system_i/BCI_0/inst/accelerator/core/datapath/mac16_inst/op6_add_inst/exp_delta[3]
    SLICE_X49Y71         LUT6 (Prop_lut6_I5_O)        0.124     6.474 f  eeg_bci_ps_pl_system_i/BCI_0/inst/accelerator/core/datapath/mac16_inst/v3_op7_cache0[0][14]_i_28/O
                         net (fo=4, routed)           0.497     6.972    eeg_bci_ps_pl_system_i/BCI_0/inst/accelerator/core/datapath/mac16_inst/op6_add_inst/mant_temp4
    SLICE_X48Y70         LUT2 (Prop_lut2_I1_O)        0.124     7.096 r  eeg_bci_ps_pl_system_i/BCI_0/inst/accelerator/core/datapath/mac16_inst/v3_op7_cache0[0][14]_i_21/O
                         net (fo=16, routed)          0.758     7.854    eeg_bci_ps_pl_system_i/BCI_0/inst/accelerator/core/datapath/mac16_inst/op6_add_inst/align_shift[2]
    SLICE_X49Y69         LUT4 (Prop_lut4_I1_O)        0.124     7.978 r  eeg_bci_ps_pl_system_i/BCI_0/inst/accelerator/core/datapath/mac16_inst/v3_op7_cache0[0][2]_i_20/O
                         net (fo=2, routed)           0.592     8.570    eeg_bci_ps_pl_system_i/BCI_0/inst/accelerator/core/datapath/mac16_inst/v3_op7_cache0[0][2]_i_20_n_0
    SLICE_X51Y69         LUT5 (Prop_lut5_I0_O)        0.124     8.694 r  eeg_bci_ps_pl_system_i/BCI_0/inst/accelerator/core/datapath/mac16_inst/v3_op7_cache0[0][2]_i_14/O
                         net (fo=3, routed)           0.423     9.117    eeg_bci_ps_pl_system_i/BCI_0/inst/accelerator/core/datapath/mac16_inst/v3_op7_cache0[0][2]_i_14_n_0
    SLICE_X52Y70         LUT5 (Prop_lut5_I0_O)        0.124     9.241 r  eeg_bci_ps_pl_system_i/BCI_0/inst/accelerator/core/datapath/mac16_inst/v3_op7_cache0[0][2]_i_11/O
                         net (fo=1, routed)           0.656     9.897    eeg_bci_ps_pl_system_i/BCI_0/inst/accelerator/core/datapath/mac16_inst/v3_op7_cache0[0][2]_i_11_n_0
    SLICE_X53Y70         CARRY4 (Prop_carry4_S[0]_CO[3])
                                                      0.656    10.553 r  eeg_bci_ps_pl_system_i/BCI_0/inst/accelerator/core/datapath/mac16_inst/v3_op7_cache0_reg[0][2]_i_2/CO[3]
                         net (fo=1, routed)           0.000    10.553    eeg_bci_ps_pl_system_i/BCI_0/inst/accelerator/core/datapath/mac16_inst/v3_op7_cache0_reg[0][2]_i_2_n_0
    SLICE_X53Y71         CARRY4 (Prop_carry4_CI_O[3])
                                                      0.313    10.866 r  eeg_bci_ps_pl_system_i/BCI_0/inst/accelerator/core/datapath/mac16_inst/v3_op7_cache0_reg[0][6]_i_2/O[3]
                         net (fo=12, routed)          1.129    11.994    eeg_bci_ps_pl_system_i/BCI_0/inst/accelerator/core/datapath/mac16_inst/op6_add_inst/sel0[7]
    SLICE_X56Y70         LUT6 (Prop_lut6_I1_O)        0.306    12.300 r  eeg_bci_ps_pl_system_i/BCI_0/inst/accelerator/core/datapath/mac16_inst/v3_op7_cache0[0][13]_i_13/O
                         net (fo=1, routed)           0.480    12.781    eeg_bci_ps_pl_system_i/BCI_0/inst/accelerator/core/datapath/mac16_inst/v3_op7_cache0[0][13]_i_13_n_0
    SLICE_X57Y70         LUT6 (Prop_lut6_I3_O)        0.124    12.905 r  eeg_bci_ps_pl_system_i/BCI_0/inst/accelerator/core/datapath/mac16_inst/v3_op7_cache0[0][13]_i_7/O
                         net (fo=16, routed)          0.702    13.607    eeg_bci_ps_pl_system_i/BCI_0/inst/accelerator/core/datapath/mac16_inst/op6_add_inst/normalize_shift[1]
    SLICE_X56Y68         LUT6 (Prop_lut6_I4_O)        0.124    13.731 r  eeg_bci_ps_pl_system_i/BCI_0/inst/accelerator/core/datapath/mac16_inst/v3_op7_cache0[0][8]_i_2/O
                         net (fo=2, routed)           0.542    14.273    eeg_bci_ps_pl_system_i/BCI_0/inst/accelerator/core/datapath/mac16_inst/v3_op7_cache0[0][8]_i_2_n_0
    SLICE_X54Y68         LUT5 (Prop_lut5_I4_O)        0.124    14.397 r  eeg_bci_ps_pl_system_i/BCI_0/inst/accelerator/core/datapath/mac16_inst/v3_op7_cache0[0][7]_i_1/O
                         net (fo=72, routed)          0.868    15.265    eeg_bci_ps_pl_system_i/BCI_0/inst/accelerator/core/datapath/mac16_inst/sum[7]
    SLICE_X50Y74         LUT6 (Prop_lut6_I0_O)        0.124    15.389 r  eeg_bci_ps_pl_system_i/BCI_0/inst/accelerator/core/datapath/mac16_inst/feature_commit_data[7]_i_5/O
                         net (fo=1, routed)           0.000    15.389    eeg_bci_ps_pl_system_i/BCI_0/inst/accelerator/core/datapath/mac16_inst/feature_commit_data[7]_i_5_n_0
    SLICE_X50Y74         MUXF7 (Prop_muxf7_I0_O)      0.209    15.598 r  eeg_bci_ps_pl_system_i/BCI_0/inst/accelerator/core/datapath/mac16_inst/feature_commit_data_reg[7]_i_2/O
                         net (fo=1, routed)           0.469    16.067    eeg_bci_ps_pl_system_i/BCI_0/inst/accelerator/core/datapath/mac16_inst/feature_commit_data_reg[7]_i_2_n_0
    SLICE_X50Y74         LUT6 (Prop_lut6_I1_O)        0.297    16.364 r  eeg_bci_ps_pl_system_i/BCI_0/inst/accelerator/core/datapath/mac16_inst/feature_commit_data[7]_i_1/O
                         net (fo=1, routed)           0.000    16.364    eeg_bci_ps_pl_system_i/BCI_0/inst/accelerator/core/datapath_n_431
    SLICE_X50Y74         FDCE                                         r  eeg_bci_ps_pl_system_i/BCI_0/inst/accelerator/core/feature_commit_data_reg[7]/D
  -------------------------------------------------------------------    -------------------

                         (clock clk_fpga_0 rise edge)
                                                     14.000    14.000 r  
    PS7_X0Y0             PS7                          0.000    14.000 r  eeg_bci_ps_pl_system_i/processing_system7_0/inst/PS7_i/FCLKCLK[0]
                         net (fo=1, routed)           1.088    15.088    eeg_bci_ps_pl_system_i/processing_system7_0/inst/FCLK_CLK_unbuffered[0]
    BUFGCTRL_X0Y16       BUFG (Prop_bufg_I_O)         0.091    15.179 r  eeg_bci_ps_pl_system_i/processing_system7_0/inst/buffer_fclk_clk_0.FCLK_CLK_0_BUFG/O
                         net (fo=6160, routed)        1.449    16.628    eeg_bci_ps_pl_system_i/BCI_0/inst/accelerator/core/s_axi_aclk
    SLICE_X50Y74         FDCE                                         r  eeg_bci_ps_pl_system_i/BCI_0/inst/accelerator/core/feature_commit_data_reg[7]/C
                         clock pessimism              0.129    16.757    
                         clock uncertainty           -0.213    16.544    
    SLICE_X50Y74         FDCE (Setup_fdce_C_D)        0.079    16.623    eeg_bci_ps_pl_system_i/BCI_0/inst/accelerator/core/feature_commit_data_reg[7]
  -------------------------------------------------------------------
                         required time                         16.623    
                         arrival time                         -16.364    
  -------------------------------------------------------------------
                         slack                                  0.259    

Slack (MET) :             0.268ns  (required time - arrival time)
  Source:                 eeg_bci_ps_pl_system_i/BCI_0/inst/accelerator/core/datapath/mac16_inst/result_reg[10]/C
                            (rising edge-triggered cell FDCE clocked by clk_fpga_0  {rise@0.000ns fall@7.000ns period=14.000ns})
  Destination:            eeg_bci_ps_pl_system_i/BCI_0/inst/accelerator/core/feature_commit_data_reg[6]/D
                            (rising edge-triggered cell FDCE clocked by clk_fpga_0  {rise@0.000ns fall@7.000ns period=14.000ns})
  Path Group:             clk_fpga_0
  Path Type:              Setup (Max at Slow Process Corner)
  Requirement:            14.000ns  (clk_fpga_0 rise@14.000ns - clk_fpga_0 rise@0.000ns)
  Data Path Delay:        13.383ns  (logic 3.735ns (27.908%)  route 9.648ns (72.092%))
  Logic Levels:           17  (CARRY4=2 LUT2=1 LUT4=1 LUT5=4 LUT6=8 MUXF7=1)
  Clock Path Skew:        -0.166ns (DCD - SCD + CPR)
    Destination Clock Delay (DCD):    2.630ns = ( 16.630 - 14.000 ) 
    Source Clock Delay      (SCD):    2.925ns
    Clock Pessimism Removal (CPR):    0.129ns
  Clock Uncertainty:      0.213ns  ((TSJ^2 + TIJ^2)^1/2 + DJ) / 2 + PE
    Total System Jitter     (TSJ):    0.071ns
    Total Input Jitter      (TIJ):    0.420ns
    Discrete Jitter          (DJ):    0.000ns
    Phase Error              (PE):    0.000ns

    Location             Delay type                Incr(ns)  Path(ns)    Netlist Resource(s)
  -------------------------------------------------------------------    -------------------
                         (clock clk_fpga_0 rise edge)
                                                      0.000     0.000 r  
    PS7_X0Y0             PS7                          0.000     0.000 r  eeg_bci_ps_pl_system_i/processing_system7_0/inst/PS7_i/FCLKCLK[0]
                         net (fo=1, routed)           1.193     1.193    eeg_bci_ps_pl_system_i/processing_system7_0/inst/FCLK_CLK_unbuffered[0]
    BUFGCTRL_X0Y16       BUFG (Prop_bufg_I_O)         0.101     1.294 r  eeg_bci_ps_pl_system_i/processing_system7_0/inst/buffer_fclk_clk_0.FCLK_CLK_0_BUFG/O
                         net (fo=6160, routed)        1.631     2.925    eeg_bci_ps_pl_system_i/BCI_0/inst/accelerator/core/datapath/mac16_inst/s_axi_aclk
    SLICE_X45Y75         FDCE                                         r  eeg_bci_ps_pl_system_i/BCI_0/inst/accelerator/core/datapath/mac16_inst/result_reg[10]/C
  -------------------------------------------------------------------    -------------------
    SLICE_X45Y75         FDCE (Prop_fdce_C_Q)         0.456     3.381 f  eeg_bci_ps_pl_system_i/BCI_0/inst/accelerator/core/datapath/mac16_inst/result_reg[10]/Q
                         net (fo=61, routed)          1.092     4.473    eeg_bci_ps_pl_system_i/BCI_0/inst/accelerator/core/datapath/mac16_inst/result[10]
    SLICE_X46Y72         LUT6 (Prop_lut6_I0_O)        0.124     4.597 f  eeg_bci_ps_pl_system_i/BCI_0/inst/accelerator/core/datapath/mac16_inst/v3_op7_cache0[0][15]_i_10/O
                         net (fo=1, routed)           0.292     4.889    eeg_bci_ps_pl_system_i/BCI_0/inst/accelerator/core/datapath/mac16_inst/v3_op7_cache0[0][15]_i_10_n_0
    SLICE_X47Y72         LUT5 (Prop_lut5_I0_O)        0.124     5.013 f  eeg_bci_ps_pl_system_i/BCI_0/inst/accelerator/core/datapath/mac16_inst/v3_op7_cache0[0][15]_i_5/O
                         net (fo=39, routed)          0.710     5.723    eeg_bci_ps_pl_system_i/BCI_0/inst/accelerator/core/datapath/mac16_inst/v3_op7_cache0[0][15]_i_5_n_0
    SLICE_X48Y71         LUT6 (Prop_lut6_I2_O)        0.124     5.847 f  eeg_bci_ps_pl_system_i/BCI_0/inst/accelerator/core/datapath/mac16_inst/v3_op7_cache0[0][14]_i_29/O
                         net (fo=2, routed)           0.504     6.350    eeg_bci_ps_pl_system_i/BCI_0/inst/accelerator/core/datapath/mac16_inst/op6_add_inst/exp_delta[3]
    SLICE_X49Y71         LUT6 (Prop_lut6_I5_O)        0.124     6.474 f  eeg_bci_ps_pl_system_i/BCI_0/inst/accelerator/core/datapath/mac16_inst/v3_op7_cache0[0][14]_i_28/O
                         net (fo=4, routed)           0.497     6.972    eeg_bci_ps_pl_system_i/BCI_0/inst/accelerator/core/datapath/mac16_inst/op6_add_inst/mant_temp4
    SLICE_X48Y70         LUT2 (Prop_lut2_I1_O)        0.124     7.096 r  eeg_bci_ps_pl_system_i/BCI_0/inst/accelerator/core/datapath/mac16_inst/v3_op7_cache0[0][14]_i_21/O
                         net (fo=16, routed)          0.758     7.854    eeg_bci_ps_pl_system_i/BCI_0/inst/accelerator/core/datapath/mac16_inst/op6_add_inst/align_shift[2]
    SLICE_X49Y69         LUT4 (Prop_lut4_I1_O)        0.124     7.978 r  eeg_bci_ps_pl_system_i/BCI_0/inst/accelerator/core/datapath/mac16_inst/v3_op7_cache0[0][2]_i_20/O
                         net (fo=2, routed)           0.592     8.570    eeg_bci_ps_pl_system_i/BCI_0/inst/accelerator/core/datapath/mac16_inst/v3_op7_cache0[0][2]_i_20_n_0
    SLICE_X51Y69         LUT5 (Prop_lut5_I0_O)        0.124     8.694 r  eeg_bci_ps_pl_system_i/BCI_0/inst/accelerator/core/datapath/mac16_inst/v3_op7_cache0[0][2]_i_14/O
                         net (fo=3, routed)           0.423     9.117    eeg_bci_ps_pl_system_i/BCI_0/inst/accelerator/core/datapath/mac16_inst/v3_op7_cache0[0][2]_i_14_n_0
    SLICE_X52Y70         LUT5 (Prop_lut5_I0_O)        0.124     9.241 r  eeg_bci_ps_pl_system_i/BCI_0/inst/accelerator/core/datapath/mac16_inst/v3_op7_cache0[0][2]_i_11/O
                         net (fo=1, routed)           0.656     9.897    eeg_bci_ps_pl_system_i/BCI_0/inst/accelerator/core/datapath/mac16_inst/v3_op7_cache0[0][2]_i_11_n_0
    SLICE_X53Y70         CARRY4 (Prop_carry4_S[0]_CO[3])
                                                      0.656    10.553 r  eeg_bci_ps_pl_system_i/BCI_0/inst/accelerator/core/datapath/mac16_inst/v3_op7_cache0_reg[0][2]_i_2/CO[3]
                         net (fo=1, routed)           0.000    10.553    eeg_bci_ps_pl_system_i/BCI_0/inst/accelerator/core/datapath/mac16_inst/v3_op7_cache0_reg[0][2]_i_2_n_0
    SLICE_X53Y71         CARRY4 (Prop_carry4_CI_O[3])
                                                      0.313    10.866 r  eeg_bci_ps_pl_system_i/BCI_0/inst/accelerator/core/datapath/mac16_inst/v3_op7_cache0_reg[0][6]_i_2/O[3]
                         net (fo=12, routed)          1.129    11.994    eeg_bci_ps_pl_system_i/BCI_0/inst/accelerator/core/datapath/mac16_inst/op6_add_inst/sel0[7]
    SLICE_X56Y70         LUT6 (Prop_lut6_I1_O)        0.306    12.300 r  eeg_bci_ps_pl_system_i/BCI_0/inst/accelerator/core/datapath/mac16_inst/v3_op7_cache0[0][13]_i_13/O
                         net (fo=1, routed)           0.480    12.781    eeg_bci_ps_pl_system_i/BCI_0/inst/accelerator/core/datapath/mac16_inst/v3_op7_cache0[0][13]_i_13_n_0
    SLICE_X57Y70         LUT6 (Prop_lut6_I3_O)        0.124    12.905 r  eeg_bci_ps_pl_system_i/BCI_0/inst/accelerator/core/datapath/mac16_inst/v3_op7_cache0[0][13]_i_7/O
                         net (fo=16, routed)          0.683    13.588    eeg_bci_ps_pl_system_i/BCI_0/inst/accelerator/core/datapath/mac16_inst/op6_add_inst/normalize_shift[1]
    SLICE_X57Y69         LUT6 (Prop_lut6_I3_O)        0.124    13.712 r  eeg_bci_ps_pl_system_i/BCI_0/inst/accelerator/core/datapath/mac16_inst/v3_op7_cache0[0][7]_i_2/O
                         net (fo=2, routed)           0.467    14.179    eeg_bci_ps_pl_system_i/BCI_0/inst/accelerator/core/datapath/mac16_inst/v3_op7_cache0[0][7]_i_2_n_0
    SLICE_X55Y67         LUT5 (Prop_lut5_I4_O)        0.124    14.303 r  eeg_bci_ps_pl_system_i/BCI_0/inst/accelerator/core/datapath/mac16_inst/v3_op7_cache0[0][6]_i_1/O
                         net (fo=72, routed)          0.932    15.235    eeg_bci_ps_pl_system_i/BCI_0/inst/accelerator/core/datapath/mac16_inst/sum[6]
    SLICE_X51Y73         LUT6 (Prop_lut6_I0_O)        0.124    15.359 r  eeg_bci_ps_pl_system_i/BCI_0/inst/accelerator/core/datapath/mac16_inst/feature_commit_data[6]_i_6/O
                         net (fo=1, routed)           0.000    15.359    eeg_bci_ps_pl_system_i/BCI_0/inst/accelerator/core/datapath/mac16_inst/feature_commit_data[6]_i_6_n_0
    SLICE_X51Y73         MUXF7 (Prop_muxf7_I1_O)      0.217    15.576 r  eeg_bci_ps_pl_system_i/BCI_0/inst/accelerator/core/datapath/mac16_inst/feature_commit_data_reg[6]_i_2/O
                         net (fo=1, routed)           0.433    16.009    eeg_bci_ps_pl_system_i/BCI_0/inst/accelerator/core/datapath/mac16_inst/feature_commit_data_reg[6]_i_2_n_0
    SLICE_X51Y73         LUT6 (Prop_lut6_I1_O)        0.299    16.308 r  eeg_bci_ps_pl_system_i/BCI_0/inst/accelerator/core/datapath/mac16_inst/feature_commit_data[6]_i_1/O
                         net (fo=1, routed)           0.000    16.308    eeg_bci_ps_pl_system_i/BCI_0/inst/accelerator/core/datapath_n_432
    SLICE_X51Y73         FDCE                                         r  eeg_bci_ps_pl_system_i/BCI_0/inst/accelerator/core/feature_commit_data_reg[6]/D
  -------------------------------------------------------------------    -------------------

                         (clock clk_fpga_0 rise edge)
                                                     14.000    14.000 r  
    PS7_X0Y0             PS7                          0.000    14.000 r  eeg_bci_ps_pl_system_i/processing_system7_0/inst/PS7_i/FCLKCLK[0]
                         net (fo=1, routed)           1.088    15.088    eeg_bci_ps_pl_system_i/processing_system7_0/inst/FCLK_CLK_unbuffered[0]
    BUFGCTRL_X0Y16       BUFG (Prop_bufg_I_O)         0.091    15.179 r  eeg_bci_ps_pl_system_i/processing_system7_0/inst/buffer_fclk_clk_0.FCLK_CLK_0_BUFG/O
                         net (fo=6160, routed)        1.451    16.630    eeg_bci_ps_pl_system_i/BCI_0/inst/accelerator/core/s_axi_aclk
    SLICE_X51Y73         FDCE                                         r  eeg_bci_ps_pl_system_i/BCI_0/inst/accelerator/core/feature_commit_data_reg[6]/C
                         clock pessimism              0.129    16.759    
                         clock uncertainty           -0.213    16.546    
    SLICE_X51Y73         FDCE (Setup_fdce_C_D)        0.031    16.577    eeg_bci_ps_pl_system_i/BCI_0/inst/accelerator/core/feature_commit_data_reg[6]
  -------------------------------------------------------------------
                         required time                         16.577    
                         arrival time                         -16.308    
  -------------------------------------------------------------------
                         slack                                  0.268    

Slack (MET) :             0.271ns  (required time - arrival time)
  Source:                 eeg_bci_ps_pl_system_i/BCI_0/inst/accelerator/core/datapath/mac16_inst/result_reg[10]/C
                            (rising edge-triggered cell FDCE clocked by clk_fpga_0  {rise@0.000ns fall@7.000ns period=14.000ns})
  Destination:            eeg_bci_ps_pl_system_i/BCI_0/inst/accelerator/core/feature_commit_data_reg[5]/D
                            (rising edge-triggered cell FDCE clocked by clk_fpga_0  {rise@0.000ns fall@7.000ns period=14.000ns})
  Path Group:             clk_fpga_0
  Path Type:              Setup (Max at Slow Process Corner)
  Requirement:            14.000ns  (clk_fpga_0 rise@14.000ns - clk_fpga_0 rise@0.000ns)
  Data Path Delay:        13.488ns  (logic 3.773ns (27.974%)  route 9.715ns (72.026%))
  Logic Levels:           17  (CARRY4=2 LUT2=1 LUT4=1 LUT5=6 LUT6=6 MUXF7=1)
  Clock Path Skew:        -0.057ns (DCD - SCD + CPR)
    Destination Clock Delay (DCD):    2.639ns = ( 16.639 - 14.000 ) 
    Source Clock Delay      (SCD):    2.925ns
    Clock Pessimism Removal (CPR):    0.229ns
  Clock Uncertainty:      0.213ns  ((TSJ^2 + TIJ^2)^1/2 + DJ) / 2 + PE
    Total System Jitter     (TSJ):    0.071ns
    Total Input Jitter      (TIJ):    0.420ns
    Discrete Jitter          (DJ):    0.000ns
    Phase Error              (PE):    0.000ns

    Location             Delay type                Incr(ns)  Path(ns)    Netlist Resource(s)
  -------------------------------------------------------------------    -------------------
                         (clock clk_fpga_0 rise edge)
                                                      0.000     0.000 r  
    PS7_X0Y0             PS7                          0.000     0.000 r  eeg_bci_ps_pl_system_i/processing_system7_0/inst/PS7_i/FCLKCLK[0]
                         net (fo=1, routed)           1.193     1.193    eeg_bci_ps_pl_system_i/processing_system7_0/inst/FCLK_CLK_unbuffered[0]
    BUFGCTRL_X0Y16       BUFG (Prop_bufg_I_O)         0.101     1.294 r  eeg_bci_ps_pl_system_i/processing_system7_0/inst/buffer_fclk_clk_0.FCLK_CLK_0_BUFG/O
                         net (fo=6160, routed)        1.631     2.925    eeg_bci_ps_pl_system_i/BCI_0/inst/accelerator/core/datapath/mac16_inst/s_axi_aclk
    SLICE_X45Y75         FDCE                                         r  eeg_bci_ps_pl_system_i/BCI_0/inst/accelerator/core/datapath/mac16_inst/result_reg[10]/C
  -------------------------------------------------------------------    -------------------
    SLICE_X45Y75         FDCE (Prop_fdce_C_Q)         0.456     3.381 f  eeg_bci_ps_pl_system_i/BCI_0/inst/accelerator/core/datapath/mac16_inst/result_reg[10]/Q
                         net (fo=61, routed)          1.092     4.473    eeg_bci_ps_pl_system_i/BCI_0/inst/accelerator/core/datapath/mac16_inst/result[10]
    SLICE_X46Y72         LUT6 (Prop_lut6_I0_O)        0.124     4.597 f  eeg_bci_ps_pl_system_i/BCI_0/inst/accelerator/core/datapath/mac16_inst/v3_op7_cache0[0][15]_i_10/O
                         net (fo=1, routed)           0.292     4.889    eeg_bci_ps_pl_system_i/BCI_0/inst/accelerator/core/datapath/mac16_inst/v3_op7_cache0[0][15]_i_10_n_0
    SLICE_X47Y72         LUT5 (Prop_lut5_I0_O)        0.124     5.013 f  eeg_bci_ps_pl_system_i/BCI_0/inst/accelerator/core/datapath/mac16_inst/v3_op7_cache0[0][15]_i_5/O
                         net (fo=39, routed)          0.710     5.723    eeg_bci_ps_pl_system_i/BCI_0/inst/accelerator/core/datapath/mac16_inst/v3_op7_cache0[0][15]_i_5_n_0
    SLICE_X48Y71         LUT6 (Prop_lut6_I2_O)        0.124     5.847 f  eeg_bci_ps_pl_system_i/BCI_0/inst/accelerator/core/datapath/mac16_inst/v3_op7_cache0[0][14]_i_29/O
                         net (fo=2, routed)           0.504     6.350    eeg_bci_ps_pl_system_i/BCI_0/inst/accelerator/core/datapath/mac16_inst/op6_add_inst/exp_delta[3]
    SLICE_X49Y71         LUT6 (Prop_lut6_I5_O)        0.124     6.474 f  eeg_bci_ps_pl_system_i/BCI_0/inst/accelerator/core/datapath/mac16_inst/v3_op7_cache0[0][14]_i_28/O
                         net (fo=4, routed)           0.497     6.972    eeg_bci_ps_pl_system_i/BCI_0/inst/accelerator/core/datapath/mac16_inst/op6_add_inst/mant_temp4
    SLICE_X48Y70         LUT2 (Prop_lut2_I1_O)        0.124     7.096 r  eeg_bci_ps_pl_system_i/BCI_0/inst/accelerator/core/datapath/mac16_inst/v3_op7_cache0[0][14]_i_21/O
                         net (fo=16, routed)          0.758     7.854    eeg_bci_ps_pl_system_i/BCI_0/inst/accelerator/core/datapath/mac16_inst/op6_add_inst/align_shift[2]
    SLICE_X49Y69         LUT4 (Prop_lut4_I1_O)        0.124     7.978 r  eeg_bci_ps_pl_system_i/BCI_0/inst/accelerator/core/datapath/mac16_inst/v3_op7_cache0[0][2]_i_20/O
                         net (fo=2, routed)           0.592     8.570    eeg_bci_ps_pl_system_i/BCI_0/inst/accelerator/core/datapath/mac16_inst/v3_op7_cache0[0][2]_i_20_n_0
    SLICE_X51Y69         LUT5 (Prop_lut5_I0_O)        0.124     8.694 r  eeg_bci_ps_pl_system_i/BCI_0/inst/accelerator/core/datapath/mac16_inst/v3_op7_cache0[0][2]_i_14/O
                         net (fo=3, routed)           0.423     9.117    eeg_bci_ps_pl_system_i/BCI_0/inst/accelerator/core/datapath/mac16_inst/v3_op7_cache0[0][2]_i_14_n_0
    SLICE_X52Y70         LUT5 (Prop_lut5_I0_O)        0.124     9.241 r  eeg_bci_ps_pl_system_i/BCI_0/inst/accelerator/core/datapath/mac16_inst/v3_op7_cache0[0][2]_i_11/O
                         net (fo=1, routed)           0.656     9.897    eeg_bci_ps_pl_system_i/BCI_0/inst/accelerator/core/datapath/mac16_inst/v3_op7_cache0[0][2]_i_11_n_0
    SLICE_X53Y70         CARRY4 (Prop_carry4_S[0]_CO[3])
                                                      0.656    10.553 r  eeg_bci_ps_pl_system_i/BCI_0/inst/accelerator/core/datapath/mac16_inst/v3_op7_cache0_reg[0][2]_i_2/CO[3]
                         net (fo=1, routed)           0.000    10.553    eeg_bci_ps_pl_system_i/BCI_0/inst/accelerator/core/datapath/mac16_inst/v3_op7_cache0_reg[0][2]_i_2_n_0
    SLICE_X53Y71         CARRY4 (Prop_carry4_CI_O[1])
                                                      0.334    10.887 r  eeg_bci_ps_pl_system_i/BCI_0/inst/accelerator/core/datapath/mac16_inst/v3_op7_cache0_reg[0][6]_i_2/O[1]
                         net (fo=10, routed)          0.988    11.874    eeg_bci_ps_pl_system_i/BCI_0/inst/accelerator/core/datapath/mac16_inst/op6_add_inst/sel0[5]
    SLICE_X55Y71         LUT5 (Prop_lut5_I3_O)        0.303    12.177 f  eeg_bci_ps_pl_system_i/BCI_0/inst/accelerator/core/datapath/mac16_inst/v3_op7_cache0[0][13]_i_17/O
                         net (fo=1, routed)           0.301    12.478    eeg_bci_ps_pl_system_i/BCI_0/inst/accelerator/core/datapath/mac16_inst/v3_op7_cache0[0][13]_i_17_n_0
    SLICE_X55Y70         LUT5 (Prop_lut5_I2_O)        0.124    12.602 r  eeg_bci_ps_pl_system_i/BCI_0/inst/accelerator/core/datapath/mac16_inst/v3_op7_cache0[0][13]_i_9/O
                         net (fo=15, routed)          0.980    13.583    eeg_bci_ps_pl_system_i/BCI_0/inst/accelerator/core/datapath/mac16_inst/op6_add_inst/normalize_shift[2]
    SLICE_X56Y67         LUT6 (Prop_lut6_I3_O)        0.124    13.707 r  eeg_bci_ps_pl_system_i/BCI_0/inst/accelerator/core/datapath/mac16_inst/v3_op7_cache0[0][6]_i_3/O
                         net (fo=2, routed)           0.870    14.577    eeg_bci_ps_pl_system_i/BCI_0/inst/accelerator/core/datapath/mac16_inst/v3_op7_cache0[0][6]_i_3_n_0
    SLICE_X53Y74         LUT5 (Prop_lut5_I4_O)        0.124    14.701 r  eeg_bci_ps_pl_system_i/BCI_0/inst/accelerator/core/datapath/mac16_inst/v3_op7_cache0[0][5]_i_1/O
                         net (fo=72, routed)          0.484    15.185    eeg_bci_ps_pl_system_i/BCI_0/inst/accelerator/core/datapath/mac16_inst/sum[5]
    SLICE_X52Y74         LUT6 (Prop_lut6_I0_O)        0.124    15.309 r  eeg_bci_ps_pl_system_i/BCI_0/inst/accelerator/core/datapath/mac16_inst/feature_commit_data[5]_i_5/O
                         net (fo=1, routed)           0.000    15.309    eeg_bci_ps_pl_system_i/BCI_0/inst/accelerator/core/datapath/mac16_inst/feature_commit_data[5]_i_5_n_0
    SLICE_X52Y74         MUXF7 (Prop_muxf7_I0_O)      0.238    15.547 r  eeg_bci_ps_pl_system_i/BCI_0/inst/accelerator/core/datapath/mac16_inst/feature_commit_data_reg[5]_i_2/O
                         net (fo=1, routed)           0.567    16.115    eeg_bci_ps_pl_system_i/BCI_0/inst/accelerator/core/datapath/mac16_inst/feature_commit_data_reg[5]_i_2_n_0
    SLICE_X48Y74         LUT6 (Prop_lut6_I1_O)        0.298    16.413 r  eeg_bci_ps_pl_system_i/BCI_0/inst/accelerator/core/datapath/mac16_inst/feature_commit_data[5]_i_1/O
                         net (fo=1, routed)           0.000    16.413    eeg_bci_ps_pl_system_i/BCI_0/inst/accelerator/core/datapath_n_433
    SLICE_X48Y74         FDCE                                         r  eeg_bci_ps_pl_system_i/BCI_0/inst/accelerator/core/feature_commit_data_reg[5]/D
  -------------------------------------------------------------------    -------------------

                         (clock clk_fpga_0 rise edge)
                                                     14.000    14.000 r  
    PS7_X0Y0             PS7                          0.000    14.000 r  eeg_bci_ps_pl_system_i/processing_system7_0/inst/PS7_i/FCLKCLK[0]
                         net (fo=1, routed)           1.088    15.088    eeg_bci_ps_pl_system_i/processing_system7_0/inst/FCLK_CLK_unbuffered[0]
    BUFGCTRL_X0Y16       BUFG (Prop_bufg_I_O)         0.091    15.179 r  eeg_bci_ps_pl_system_i/processing_system7_0/inst/buffer_fclk_clk_0.FCLK_CLK_0_BUFG/O
                         net (fo=6160, routed)        1.460    16.639    eeg_bci_ps_pl_system_i/BCI_0/inst/accelerator/core/s_axi_aclk
    SLICE_X48Y74         FDCE                                         r  eeg_bci_ps_pl_system_i/BCI_0/inst/accelerator/core/feature_commit_data_reg[5]/C
                         clock pessimism              0.229    16.868    
                         clock uncertainty           -0.213    16.655    
    SLICE_X48Y74         FDCE (Setup_fdce_C_D)        0.029    16.684    eeg_bci_ps_pl_system_i/BCI_0/inst/accelerator/core/feature_commit_data_reg[5]
  -------------------------------------------------------------------
                         required time                         16.684    
                         arrival time                         -16.413    
  -------------------------------------------------------------------
                         slack                                  0.271    

Slack (MET) :             0.302ns  (required time - arrival time)
  Source:                 eeg_bci_ps_pl_system_i/BCI_0/inst/accelerator/core/datapath/mac16_inst/result_reg[10]/C
                            (rising edge-triggered cell FDCE clocked by clk_fpga_0  {rise@0.000ns fall@7.000ns period=14.000ns})
  Destination:            eeg_bci_ps_pl_system_i/BCI_0/inst/accelerator/core/datapath/v3_op7_cache1_reg[8][14]/D
                            (rising edge-triggered cell FDRE clocked by clk_fpga_0  {rise@0.000ns fall@7.000ns period=14.000ns})
  Path Group:             clk_fpga_0
  Path Type:              Setup (Max at Slow Process Corner)
  Requirement:            14.000ns  (clk_fpga_0 rise@14.000ns - clk_fpga_0 rise@0.000ns)
  Data Path Delay:        13.375ns  (logic 3.219ns (24.067%)  route 10.156ns (75.933%))
  Logic Levels:           15  (CARRY4=2 LUT2=1 LUT4=3 LUT5=3 LUT6=6)
  Clock Path Skew:        -0.049ns (DCD - SCD + CPR)
    Destination Clock Delay (DCD):    2.647ns = ( 16.647 - 14.000 ) 
    Source Clock Delay      (SCD):    2.925ns
    Clock Pessimism Removal (CPR):    0.229ns
  Clock Uncertainty:      0.213ns  ((TSJ^2 + TIJ^2)^1/2 + DJ) / 2 + PE
    Total System Jitter     (TSJ):    0.071ns
    Total Input Jitter      (TIJ):    0.420ns
    Discrete Jitter          (DJ):    0.000ns
    Phase Error              (PE):    0.000ns

    Location             Delay type                Incr(ns)  Path(ns)    Netlist Resource(s)
  -------------------------------------------------------------------    -------------------
                         (clock clk_fpga_0 rise edge)
                                                      0.000     0.000 r  
    PS7_X0Y0             PS7                          0.000     0.000 r  eeg_bci_ps_pl_system_i/processing_system7_0/inst/PS7_i/FCLKCLK[0]
                         net (fo=1, routed)           1.193     1.193    eeg_bci_ps_pl_system_i/processing_system7_0/inst/FCLK_CLK_unbuffered[0]
    BUFGCTRL_X0Y16       BUFG (Prop_bufg_I_O)         0.101     1.294 r  eeg_bci_ps_pl_system_i/processing_system7_0/inst/buffer_fclk_clk_0.FCLK_CLK_0_BUFG/O
                         net (fo=6160, routed)        1.631     2.925    eeg_bci_ps_pl_system_i/BCI_0/inst/accelerator/core/datapath/mac16_inst/s_axi_aclk
    SLICE_X45Y75         FDCE                                         r  eeg_bci_ps_pl_system_i/BCI_0/inst/accelerator/core/datapath/mac16_inst/result_reg[10]/C
  -------------------------------------------------------------------    -------------------
    SLICE_X45Y75         FDCE (Prop_fdce_C_Q)         0.456     3.381 f  eeg_bci_ps_pl_system_i/BCI_0/inst/accelerator/core/datapath/mac16_inst/result_reg[10]/Q
                         net (fo=61, routed)          1.092     4.473    eeg_bci_ps_pl_system_i/BCI_0/inst/accelerator/core/datapath/mac16_inst/result[10]
    SLICE_X46Y72         LUT6 (Prop_lut6_I0_O)        0.124     4.597 f  eeg_bci_ps_pl_system_i/BCI_0/inst/accelerator/core/datapath/mac16_inst/v3_op7_cache0[0][15]_i_10/O
                         net (fo=1, routed)           0.292     4.889    eeg_bci_ps_pl_system_i/BCI_0/inst/accelerator/core/datapath/mac16_inst/v3_op7_cache0[0][15]_i_10_n_0
    SLICE_X47Y72         LUT5 (Prop_lut5_I0_O)        0.124     5.013 f  eeg_bci_ps_pl_system_i/BCI_0/inst/accelerator/core/datapath/mac16_inst/v3_op7_cache0[0][15]_i_5/O
                         net (fo=39, routed)          0.710     5.723    eeg_bci_ps_pl_system_i/BCI_0/inst/accelerator/core/datapath/mac16_inst/v3_op7_cache0[0][15]_i_5_n_0
    SLICE_X48Y71         LUT6 (Prop_lut6_I2_O)        0.124     5.847 f  eeg_bci_ps_pl_system_i/BCI_0/inst/accelerator/core/datapath/mac16_inst/v3_op7_cache0[0][14]_i_29/O
                         net (fo=2, routed)           0.504     6.350    eeg_bci_ps_pl_system_i/BCI_0/inst/accelerator/core/datapath/mac16_inst/op6_add_inst/exp_delta[3]
    SLICE_X49Y71         LUT6 (Prop_lut6_I5_O)        0.124     6.474 f  eeg_bci_ps_pl_system_i/BCI_0/inst/accelerator/core/datapath/mac16_inst/v3_op7_cache0[0][14]_i_28/O
                         net (fo=4, routed)           0.497     6.972    eeg_bci_ps_pl_system_i/BCI_0/inst/accelerator/core/datapath/mac16_inst/op6_add_inst/mant_temp4
    SLICE_X48Y70         LUT2 (Prop_lut2_I1_O)        0.124     7.096 r  eeg_bci_ps_pl_system_i/BCI_0/inst/accelerator/core/datapath/mac16_inst/v3_op7_cache0[0][14]_i_21/O
                         net (fo=16, routed)          0.758     7.854    eeg_bci_ps_pl_system_i/BCI_0/inst/accelerator/core/datapath/mac16_inst/op6_add_inst/align_shift[2]
    SLICE_X49Y69         LUT4 (Prop_lut4_I1_O)        0.124     7.978 r  eeg_bci_ps_pl_system_i/BCI_0/inst/accelerator/core/datapath/mac16_inst/v3_op7_cache0[0][2]_i_20/O
                         net (fo=2, routed)           0.592     8.570    eeg_bci_ps_pl_system_i/BCI_0/inst/accelerator/core/datapath/mac16_inst/v3_op7_cache0[0][2]_i_20_n_0
    SLICE_X51Y69         LUT5 (Prop_lut5_I0_O)        0.124     8.694 r  eeg_bci_ps_pl_system_i/BCI_0/inst/accelerator/core/datapath/mac16_inst/v3_op7_cache0[0][2]_i_14/O
                         net (fo=3, routed)           0.423     9.117    eeg_bci_ps_pl_system_i/BCI_0/inst/accelerator/core/datapath/mac16_inst/v3_op7_cache0[0][2]_i_14_n_0
    SLICE_X52Y70         LUT5 (Prop_lut5_I0_O)        0.124     9.241 r  eeg_bci_ps_pl_system_i/BCI_0/inst/accelerator/core/datapath/mac16_inst/v3_op7_cache0[0][2]_i_11/O
                         net (fo=1, routed)           0.656     9.897    eeg_bci_ps_pl_system_i/BCI_0/inst/accelerator/core/datapath/mac16_inst/v3_op7_cache0[0][2]_i_11_n_0
    SLICE_X53Y70         CARRY4 (Prop_carry4_S[0]_CO[3])
                                                      0.656    10.553 r  eeg_bci_ps_pl_system_i/BCI_0/inst/accelerator/core/datapath/mac16_inst/v3_op7_cache0_reg[0][2]_i_2/CO[3]
                         net (fo=1, routed)           0.000    10.553    eeg_bci_ps_pl_system_i/BCI_0/inst/accelerator/core/datapath/mac16_inst/v3_op7_cache0_reg[0][2]_i_2_n_0
    SLICE_X53Y71         CARRY4 (Prop_carry4_CI_O[3])
                                                      0.313    10.866 f  eeg_bci_ps_pl_system_i/BCI_0/inst/accelerator/core/datapath/mac16_inst/v3_op7_cache0_reg[0][6]_i_2/O[3]
                         net (fo=12, routed)          1.129    11.994    eeg_bci_ps_pl_system_i/BCI_0/inst/accelerator/core/datapath/mac16_inst/op6_add_inst/sel0[7]
    SLICE_X56Y70         LUT6 (Prop_lut6_I1_O)        0.306    12.300 f  eeg_bci_ps_pl_system_i/BCI_0/inst/accelerator/core/datapath/mac16_inst/v3_op7_cache0[0][13]_i_13/O
                         net (fo=1, routed)           0.480    12.781    eeg_bci_ps_pl_system_i/BCI_0/inst/accelerator/core/datapath/mac16_inst/v3_op7_cache0[0][13]_i_13_n_0
    SLICE_X57Y70         LUT6 (Prop_lut6_I3_O)        0.124    12.905 f  eeg_bci_ps_pl_system_i/BCI_0/inst/accelerator/core/datapath/mac16_inst/v3_op7_cache0[0][13]_i_7/O
                         net (fo=16, routed)          0.853    13.758    eeg_bci_ps_pl_system_i/BCI_0/inst/accelerator/core/datapath/mac16_inst/op6_add_inst/normalize_shift[1]
    SLICE_X54Y73         LUT6 (Prop_lut6_I5_O)        0.124    13.882 r  eeg_bci_ps_pl_system_i/BCI_0/inst/accelerator/core/datapath/mac16_inst/v3_op7_cache0[0][14]_i_15/O
                         net (fo=2, routed)           0.183    14.065    eeg_bci_ps_pl_system_i/BCI_0/inst/accelerator/core/datapath/mac16_inst/v3_op7_cache0[0][14]_i_15_n_0
    SLICE_X54Y73         LUT4 (Prop_lut4_I0_O)        0.124    14.189 f  eeg_bci_ps_pl_system_i/BCI_0/inst/accelerator/core/datapath/mac16_inst/v3_op7_cache0[0][14]_i_4/O
                         net (fo=1, routed)           0.621    14.810    eeg_bci_ps_pl_system_i/BCI_0/inst/accelerator/core/datapath/mac16_inst/v3_op7_cache0[0][14]_i_4_n_0
    SLICE_X54Y66         LUT4 (Prop_lut4_I2_O)        0.124    14.934 r  eeg_bci_ps_pl_system_i/BCI_0/inst/accelerator/core/datapath/mac16_inst/v3_op7_cache0[0][14]_i_1/O
                         net (fo=71, routed)          1.366    16.300    eeg_bci_ps_pl_system_i/BCI_0/inst/accelerator/core/datapath/op6_add_sum[14]
    SLICE_X44Y68         FDRE                                         r  eeg_bci_ps_pl_system_i/BCI_0/inst/accelerator/core/datapath/v3_op7_cache1_reg[8][14]/D
  -------------------------------------------------------------------    -------------------

                         (clock clk_fpga_0 rise edge)
                                                     14.000    14.000 r  
    PS7_X0Y0             PS7                          0.000    14.000 r  eeg_bci_ps_pl_system_i/processing_system7_0/inst/PS7_i/FCLKCLK[0]
                         net (fo=1, routed)           1.088    15.088    eeg_bci_ps_pl_system_i/processing_system7_0/inst/FCLK_CLK_unbuffered[0]
    BUFGCTRL_X0Y16       BUFG (Prop_bufg_I_O)         0.091    15.179 r  eeg_bci_ps_pl_system_i/processing_system7_0/inst/buffer_fclk_clk_0.FCLK_CLK_0_BUFG/O
                         net (fo=6160, routed)        1.468    16.647    eeg_bci_ps_pl_system_i/BCI_0/inst/accelerator/core/datapath/s_axi_aclk
    SLICE_X44Y68         FDRE                                         r  eeg_bci_ps_pl_system_i/BCI_0/inst/accelerator/core/datapath/v3_op7_cache1_reg[8][14]/C
                         clock pessimism              0.229    16.876    
                         clock uncertainty           -0.213    16.663    
    SLICE_X44Y68         FDRE (Setup_fdre_C_D)       -0.061    16.602    eeg_bci_ps_pl_system_i/BCI_0/inst/accelerator/core/datapath/v3_op7_cache1_reg[8][14]
  -------------------------------------------------------------------
                         required time                         16.602    
                         arrival time                         -16.300    
  -------------------------------------------------------------------
                         slack                                  0.302    

Slack (MET) :             0.309ns  (required time - arrival time)
  Source:                 eeg_bci_ps_pl_system_i/BCI_0/inst/accelerator/core/datapath/mac16_inst/result_reg[10]/C
                            (rising edge-triggered cell FDCE clocked by clk_fpga_0  {rise@0.000ns fall@7.000ns period=14.000ns})
  Destination:            eeg_bci_ps_pl_system_i/BCI_0/inst/accelerator/core/datapath/v3_op7_cache1_reg[16][14]/D
                            (rising edge-triggered cell FDRE clocked by clk_fpga_0  {rise@0.000ns fall@7.000ns period=14.000ns})
  Path Group:             clk_fpga_0
  Path Type:              Setup (Max at Slow Process Corner)
  Requirement:            14.000ns  (clk_fpga_0 rise@14.000ns - clk_fpga_0 rise@0.000ns)
  Data Path Delay:        13.307ns  (logic 3.219ns (24.190%)  route 10.088ns (75.810%))
  Logic Levels:           15  (CARRY4=2 LUT2=1 LUT4=3 LUT5=3 LUT6=6)
  Clock Path Skew:        -0.089ns (DCD - SCD + CPR)
    Destination Clock Delay (DCD):    2.707ns = ( 16.707 - 14.000 ) 
    Source Clock Delay      (SCD):    2.925ns
    Clock Pessimism Removal (CPR):    0.129ns
  Clock Uncertainty:      0.213ns  ((TSJ^2 + TIJ^2)^1/2 + DJ) / 2 + PE
    Total System Jitter     (TSJ):    0.071ns
    Total Input Jitter      (TIJ):    0.420ns
    Discrete Jitter          (DJ):    0.000ns
    Phase Error              (PE):    0.000ns

    Location             Delay type                Incr(ns)  Path(ns)    Netlist Resource(s)
  -------------------------------------------------------------------    -------------------
                         (clock clk_fpga_0 rise edge)
                                                      0.000     0.000 r  
    PS7_X0Y0             PS7                          0.000     0.000 r  eeg_bci_ps_pl_system_i/processing_system7_0/inst/PS7_i/FCLKCLK[0]
                         net (fo=1, routed)           1.193     1.193    eeg_bci_ps_pl_system_i/processing_system7_0/inst/FCLK_CLK_unbuffered[0]
    BUFGCTRL_X0Y16       BUFG (Prop_bufg_I_O)         0.101     1.294 r  eeg_bci_ps_pl_system_i/processing_system7_0/inst/buffer_fclk_clk_0.FCLK_CLK_0_BUFG/O
                         net (fo=6160, routed)        1.631     2.925    eeg_bci_ps_pl_system_i/BCI_0/inst/accelerator/core/datapath/mac16_inst/s_axi_aclk
    SLICE_X45Y75         FDCE                                         r  eeg_bci_ps_pl_system_i/BCI_0/inst/accelerator/core/datapath/mac16_inst/result_reg[10]/C
  -------------------------------------------------------------------    -------------------
    SLICE_X45Y75         FDCE (Prop_fdce_C_Q)         0.456     3.381 f  eeg_bci_ps_pl_system_i/BCI_0/inst/accelerator/core/datapath/mac16_inst/result_reg[10]/Q
                         net (fo=61, routed)          1.092     4.473    eeg_bci_ps_pl_system_i/BCI_0/inst/accelerator/core/datapath/mac16_inst/result[10]
    SLICE_X46Y72         LUT6 (Prop_lut6_I0_O)        0.124     4.597 f  eeg_bci_ps_pl_system_i/BCI_0/inst/accelerator/core/datapath/mac16_inst/v3_op7_cache0[0][15]_i_10/O
                         net (fo=1, routed)           0.292     4.889    eeg_bci_ps_pl_system_i/BCI_0/inst/accelerator/core/datapath/mac16_inst/v3_op7_cache0[0][15]_i_10_n_0
    SLICE_X47Y72         LUT5 (Prop_lut5_I0_O)        0.124     5.013 f  eeg_bci_ps_pl_system_i/BCI_0/inst/accelerator/core/datapath/mac16_inst/v3_op7_cache0[0][15]_i_5/O
                         net (fo=39, routed)          0.710     5.723    eeg_bci_ps_pl_system_i/BCI_0/inst/accelerator/core/datapath/mac16_inst/v3_op7_cache0[0][15]_i_5_n_0
    SLICE_X48Y71         LUT6 (Prop_lut6_I2_O)        0.124     5.847 f  eeg_bci_ps_pl_system_i/BCI_0/inst/accelerator/core/datapath/mac16_inst/v3_op7_cache0[0][14]_i_29/O
                         net (fo=2, routed)           0.504     6.350    eeg_bci_ps_pl_system_i/BCI_0/inst/accelerator/core/datapath/mac16_inst/op6_add_inst/exp_delta[3]
    SLICE_X49Y71         LUT6 (Prop_lut6_I5_O)        0.124     6.474 f  eeg_bci_ps_pl_system_i/BCI_0/inst/accelerator/core/datapath/mac16_inst/v3_op7_cache0[0][14]_i_28/O
                         net (fo=4, routed)           0.497     6.972    eeg_bci_ps_pl_system_i/BCI_0/inst/accelerator/core/datapath/mac16_inst/op6_add_inst/mant_temp4
    SLICE_X48Y70         LUT2 (Prop_lut2_I1_O)        0.124     7.096 r  eeg_bci_ps_pl_system_i/BCI_0/inst/accelerator/core/datapath/mac16_inst/v3_op7_cache0[0][14]_i_21/O
                         net (fo=16, routed)          0.758     7.854    eeg_bci_ps_pl_system_i/BCI_0/inst/accelerator/core/datapath/mac16_inst/op6_add_inst/align_shift[2]
    SLICE_X49Y69         LUT4 (Prop_lut4_I1_O)        0.124     7.978 r  eeg_bci_ps_pl_system_i/BCI_0/inst/accelerator/core/datapath/mac16_inst/v3_op7_cache0[0][2]_i_20/O
                         net (fo=2, routed)           0.592     8.570    eeg_bci_ps_pl_system_i/BCI_0/inst/accelerator/core/datapath/mac16_inst/v3_op7_cache0[0][2]_i_20_n_0
    SLICE_X51Y69         LUT5 (Prop_lut5_I0_O)        0.124     8.694 r  eeg_bci_ps_pl_system_i/BCI_0/inst/accelerator/core/datapath/mac16_inst/v3_op7_cache0[0][2]_i_14/O
                         net (fo=3, routed)           0.423     9.117    eeg_bci_ps_pl_system_i/BCI_0/inst/accelerator/core/datapath/mac16_inst/v3_op7_cache0[0][2]_i_14_n_0
    SLICE_X52Y70         LUT5 (Prop_lut5_I0_O)        0.124     9.241 r  eeg_bci_ps_pl_system_i/BCI_0/inst/accelerator/core/datapath/mac16_inst/v3_op7_cache0[0][2]_i_11/O
                         net (fo=1, routed)           0.656     9.897    eeg_bci_ps_pl_system_i/BCI_0/inst/accelerator/core/datapath/mac16_inst/v3_op7_cache0[0][2]_i_11_n_0
    SLICE_X53Y70         CARRY4 (Prop_carry4_S[0]_CO[3])
                                                      0.656    10.553 r  eeg_bci_ps_pl_system_i/BCI_0/inst/accelerator/core/datapath/mac16_inst/v3_op7_cache0_reg[0][2]_i_2/CO[3]
                         net (fo=1, routed)           0.000    10.553    eeg_bci_ps_pl_system_i/BCI_0/inst/accelerator/core/datapath/mac16_inst/v3_op7_cache0_reg[0][2]_i_2_n_0
    SLICE_X53Y71         CARRY4 (Prop_carry4_CI_O[3])
                                                      0.313    10.866 f  eeg_bci_ps_pl_system_i/BCI_0/inst/accelerator/core/datapath/mac16_inst/v3_op7_cache0_reg[0][6]_i_2/O[3]
                         net (fo=12, routed)          1.129    11.994    eeg_bci_ps_pl_system_i/BCI_0/inst/accelerator/core/datapath/mac16_inst/op6_add_inst/sel0[7]
    SLICE_X56Y70         LUT6 (Prop_lut6_I1_O)        0.306    12.300 f  eeg_bci_ps_pl_system_i/BCI_0/inst/accelerator/core/datapath/mac16_inst/v3_op7_cache0[0][13]_i_13/O
                         net (fo=1, routed)           0.480    12.781    eeg_bci_ps_pl_system_i/BCI_0/inst/accelerator/core/datapath/mac16_inst/v3_op7_cache0[0][13]_i_13_n_0
    SLICE_X57Y70         LUT6 (Prop_lut6_I3_O)        0.124    12.905 f  eeg_bci_ps_pl_system_i/BCI_0/inst/accelerator/core/datapath/mac16_inst/v3_op7_cache0[0][13]_i_7/O
                         net (fo=16, routed)          0.853    13.758    eeg_bci_ps_pl_system_i/BCI_0/inst/accelerator/core/datapath/mac16_inst/op6_add_inst/normalize_shift[1]
    SLICE_X54Y73         LUT6 (Prop_lut6_I5_O)        0.124    13.882 r  eeg_bci_ps_pl_system_i/BCI_0/inst/accelerator/core/datapath/mac16_inst/v3_op7_cache0[0][14]_i_15/O
                         net (fo=2, routed)           0.183    14.065    eeg_bci_ps_pl_system_i/BCI_0/inst/accelerator/core/datapath/mac16_inst/v3_op7_cache0[0][14]_i_15_n_0
    SLICE_X54Y73         LUT4 (Prop_lut4_I0_O)        0.124    14.189 f  eeg_bci_ps_pl_system_i/BCI_0/inst/accelerator/core/datapath/mac16_inst/v3_op7_cache0[0][14]_i_4/O
                         net (fo=1, routed)           0.621    14.810    eeg_bci_ps_pl_system_i/BCI_0/inst/accelerator/core/datapath/mac16_inst/v3_op7_cache0[0][14]_i_4_n_0
    SLICE_X54Y66         LUT4 (Prop_lut4_I2_O)        0.124    14.934 r  eeg_bci_ps_pl_system_i/BCI_0/inst/accelerator/core/datapath/mac16_inst/v3_op7_cache0[0][14]_i_1/O
                         net (fo=71, routed)          1.298    16.232    eeg_bci_ps_pl_system_i/BCI_0/inst/accelerator/core/datapath/op6_add_sum[14]
    SLICE_X61Y71         FDRE                                         r  eeg_bci_ps_pl_system_i/BCI_0/inst/accelerator/core/datapath/v3_op7_cache1_reg[16][14]/D
  -------------------------------------------------------------------    -------------------

                         (clock clk_fpga_0 rise edge)
                                                     14.000    14.000 r  
    PS7_X0Y0             PS7                          0.000    14.000 r  eeg_bci_ps_pl_system_i/processing_system7_0/inst/PS7_i/FCLKCLK[0]
                         net (fo=1, routed)           1.088    15.088    eeg_bci_ps_pl_system_i/processing_system7_0/inst/FCLK_CLK_unbuffered[0]
    BUFGCTRL_X0Y16       BUFG (Prop_bufg_I_O)         0.091    15.179 r  eeg_bci_ps_pl_system_i/processing_system7_0/inst/buffer_fclk_clk_0.FCLK_CLK_0_BUFG/O
                         net (fo=6160, routed)        1.528    16.707    eeg_bci_ps_pl_system_i/BCI_0/inst/accelerator/core/datapath/s_axi_aclk
    SLICE_X61Y71         FDRE                                         r  eeg_bci_ps_pl_system_i/BCI_0/inst/accelerator/core/datapath/v3_op7_cache1_reg[16][14]/C
                         clock pessimism              0.129    16.836    
                         clock uncertainty           -0.213    16.623    
    SLICE_X61Y71         FDRE (Setup_fdre_C_D)       -0.081    16.542    eeg_bci_ps_pl_system_i/BCI_0/inst/accelerator/core/datapath/v3_op7_cache1_reg[16][14]
  -------------------------------------------------------------------
                         required time                         16.542    
                         arrival time                         -16.232    
  -------------------------------------------------------------------
                         slack                                  0.309    

Slack (MET) :             0.328ns  (required time - arrival time)
  Source:                 eeg_bci_ps_pl_system_i/BCI_0/inst/accelerator/core/datapath/active_opcode_reg[0]/C
                            (rising edge-triggered cell FDCE clocked by clk_fpga_0  {rise@0.000ns fall@7.000ns period=14.000ns})
  Destination:            eeg_bci_ps_pl_system_i/BCI_0/inst/accelerator/core/argmax/result_reg[0]/D
                            (rising edge-triggered cell FDCE clocked by clk_fpga_0  {rise@0.000ns fall@7.000ns period=14.000ns})
  Path Group:             clk_fpga_0
  Path Type:              Setup (Max at Slow Process Corner)
  Requirement:            14.000ns  (clk_fpga_0 rise@14.000ns - clk_fpga_0 rise@0.000ns)
  Data Path Delay:        13.426ns  (logic 3.513ns (26.165%)  route 9.913ns (73.835%))
  Logic Levels:           16  (CARRY4=4 LUT2=1 LUT3=3 LUT4=2 LUT5=2 LUT6=3 RAMD32=1)
  Clock Path Skew:        -0.064ns (DCD - SCD + CPR)
    Destination Clock Delay (DCD):    2.652ns = ( 16.652 - 14.000 ) 
    Source Clock Delay      (SCD):    2.945ns
    Clock Pessimism Removal (CPR):    0.229ns
  Clock Uncertainty:      0.213ns  ((TSJ^2 + TIJ^2)^1/2 + DJ) / 2 + PE
    Total System Jitter     (TSJ):    0.071ns
    Total Input Jitter      (TIJ):    0.420ns
    Discrete Jitter          (DJ):    0.000ns
    Phase Error              (PE):    0.000ns

    Location             Delay type                Incr(ns)  Path(ns)    Netlist Resource(s)
  -------------------------------------------------------------------    -------------------
                         (clock clk_fpga_0 rise edge)
                                                      0.000     0.000 r  
    PS7_X0Y0             PS7                          0.000     0.000 r  eeg_bci_ps_pl_system_i/processing_system7_0/inst/PS7_i/FCLKCLK[0]
                         net (fo=1, routed)           1.193     1.193    eeg_bci_ps_pl_system_i/processing_system7_0/inst/FCLK_CLK_unbuffered[0]
    BUFGCTRL_X0Y16       BUFG (Prop_bufg_I_O)         0.101     1.294 r  eeg_bci_ps_pl_system_i/processing_system7_0/inst/buffer_fclk_clk_0.FCLK_CLK_0_BUFG/O
                         net (fo=6160, routed)        1.651     2.945    eeg_bci_ps_pl_system_i/BCI_0/inst/accelerator/core/datapath/s_axi_aclk
    SLICE_X45Y54         FDCE                                         r  eeg_bci_ps_pl_system_i/BCI_0/inst/accelerator/core/datapath/active_opcode_reg[0]/C
  -------------------------------------------------------------------    -------------------
    SLICE_X45Y54         FDCE (Prop_fdce_C_Q)         0.456     3.401 r  eeg_bci_ps_pl_system_i/BCI_0/inst/accelerator/core/datapath/active_opcode_reg[0]/Q
                         net (fo=190, routed)         1.216     4.617    eeg_bci_ps_pl_system_i/BCI_0/inst/accelerator/core/datapath/mac16_inst/input_lane_valid_q_reg[8]_0[0]
    SLICE_X49Y56         LUT6 (Prop_lut6_I3_O)        0.124     4.741 r  eeg_bci_ps_pl_system_i/BCI_0/inst/accelerator/core/datapath/mac16_inst/data_bus_q[239]_i_19/O
                         net (fo=9, routed)           0.651     5.392    eeg_bci_ps_pl_system_i/BCI_0/inst/accelerator/core/datapath/mac16_inst/data_bus_q[239]_i_19_n_0
    SLICE_X48Y56         CARRY4 (Prop_carry4_DI[0]_CO[3])
                                                      0.526     5.918 r  eeg_bci_ps_pl_system_i/BCI_0/inst/accelerator/core/datapath/mac16_inst/bank0_reg_0_15_0_5_i_33/CO[3]
                         net (fo=1, routed)           0.000     5.918    eeg_bci_ps_pl_system_i/BCI_0/inst/accelerator/core/datapath/mac16_inst_n_238
    SLICE_X48Y57         CARRY4 (Prop_carry4_CI_O[0])
                                                      0.222     6.140 r  eeg_bci_ps_pl_system_i/BCI_0/inst/accelerator/core/datapath/bank15_reg_0_15_0_5_i_6/O[0]
                         net (fo=1, routed)           0.616     6.756    eeg_bci_ps_pl_system_i/BCI_0/inst/accelerator/core/datapath/tile_read_base_index0[4]
    SLICE_X43Y59         LUT5 (Prop_lut5_I3_O)        0.299     7.055 r  eeg_bci_ps_pl_system_i/BCI_0/inst/accelerator/core/datapath/eeg_bci_ps_pl_s5_LUT5_63/O
                         net (fo=71, routed)          0.819     7.875    eeg_bci_ps_pl_system_i/BCI_0/inst/accelerator/core/datapath/tile_read_base_index[4]
    SLICE_X47Y58         LUT4 (Prop_lut4_I2_O)        0.124     7.999 r  eeg_bci_ps_pl_system_i/BCI_0/inst/accelerator/core/datapath/eeg_bci_ps_pl_s5_LUT4_44/O
                         net (fo=19, routed)          0.347     8.345    eeg_bci_ps_pl_system_i/BCI_0/inst/accelerator/core/datapath/eeg_bci_ps_pl_s5_net_127
    SLICE_X48Y58         LUT3 (Prop_lut3_I2_O)        0.124     8.469 r  eeg_bci_ps_pl_system_i/BCI_0/inst/accelerator/core/datapath/eeg_bci_ps_pl_s5_LUT3_32/O
                         net (fo=19, routed)          0.574     9.043    eeg_bci_ps_pl_system_i/BCI_0/inst/accelerator/core/datapath/eeg_bci_ps_pl_s5_net_129
    SLICE_X51Y59         LUT3 (Prop_lut3_I2_O)        0.124     9.167 r  eeg_bci_ps_pl_system_i/BCI_0/inst/accelerator/core/datapath/eeg_bci_ps_pl_s5_LUT3_50/O
                         net (fo=18, routed)          1.233    10.400    eeg_bci_ps_pl_system_i/BCI_0/inst/accelerator/core/tile_buffer/bank14_reg_0_15_0_5/ADDRA1
    SLICE_X54Y60         RAMD32 (Prop_ramd32_RADR1_O)
                                                      0.124    10.524 r  eeg_bci_ps_pl_system_i/BCI_0/inst/accelerator/core/tile_buffer/bank14_reg_0_15_0_5/RAMA_D1/O
                         net (fo=4, routed)           0.607    11.131    eeg_bci_ps_pl_system_i/BCI_0/inst/accelerator/core/tile_buffer/physical_bank_words[225]
    SLICE_X55Y59         LUT6 (Prop_lut6_I1_O)        0.124    11.255 r  eeg_bci_ps_pl_system_i/BCI_0/inst/accelerator/core/tile_buffer/data_bus_q[193]_i_7/O
                         net (fo=4, routed)           1.018    12.273    eeg_bci_ps_pl_system_i/BCI_0/inst/accelerator/core/tile_buffer/data_bus_q[193]_i_7_n_0
    SLICE_X51Y59         LUT6 (Prop_lut6_I0_O)        0.124    12.397 r  eeg_bci_ps_pl_system_i/BCI_0/inst/accelerator/core/tile_buffer/data_bus_q[1]_i_2/O
                         net (fo=7, routed)           0.950    13.347    eeg_bci_ps_pl_system_i/BCI_0/inst/accelerator/core/datapath/tile_read_window[1]
    SLICE_X40Y61         LUT2 (Prop_lut2_I0_O)        0.124    13.471 r  eeg_bci_ps_pl_system_i/BCI_0/inst/accelerator/core/datapath/eeg_bci_ps_pl_s5_LUT2_15/O
                         net (fo=5, routed)           0.567    14.038    eeg_bci_ps_pl_system_i/BCI_0/inst/accelerator/core/datapath/eeg_bci_ps_pl_s5_net_28
    SLICE_X43Y61         LUT4 (Prop_lut4_I3_O)        0.124    14.162 r  eeg_bci_ps_pl_system_i/BCI_0/inst/accelerator/core/datapath/eeg_bci_ps_pl_s5_LUT4_8/O
                         net (fo=1, routed)           0.000    14.162    eeg_bci_ps_pl_system_i/BCI_0/inst/accelerator/core/datapath/eeg_bci_ps_pl_s5_net_605
    SLICE_X43Y61         CARRY4 (Prop_carry4_S[0]_CO[3])
                                                      0.532    14.694 r  eeg_bci_ps_pl_system_i/BCI_0/inst/accelerator/core/datapath/maximum_score_reg[15]_i_16/CO[3]
                         net (fo=1, routed)           0.000    14.694    eeg_bci_ps_pl_system_i/BCI_0/inst/accelerator/core/datapath/maximum_score_reg[15]_i_16_n_0
    SLICE_X43Y62         CARRY4 (Prop_carry4_CI_CO[3])
                                                      0.114    14.808 r  eeg_bci_ps_pl_system_i/BCI_0/inst/accelerator/core/datapath/maximum_score_reg[15]_i_5/CO[3]
                         net (fo=2, routed)           0.892    15.700    eeg_bci_ps_pl_system_i/BCI_0/inst/accelerator/core/argmax/CO[0]
    SLICE_X42Y64         LUT5 (Prop_lut5_I1_O)        0.124    15.824 r  eeg_bci_ps_pl_system_i/BCI_0/inst/accelerator/core/argmax/result[3]_i_3__0/O
                         net (fo=4, routed)           0.423    16.247    eeg_bci_ps_pl_system_i/BCI_0/inst/accelerator/core/argmax/result1
    SLICE_X40Y65         LUT3 (Prop_lut3_I1_O)        0.124    16.371 r  eeg_bci_ps_pl_system_i/BCI_0/inst/accelerator/core/argmax/result[0]_i_1/O
                         net (fo=1, routed)           0.000    16.371    eeg_bci_ps_pl_system_i/BCI_0/inst/accelerator/core/argmax/result[0]_i_1_n_0
    SLICE_X40Y65         FDCE                                         r  eeg_bci_ps_pl_system_i/BCI_0/inst/accelerator/core/argmax/result_reg[0]/D
  -------------------------------------------------------------------    -------------------

                         (clock clk_fpga_0 rise edge)
                                                     14.000    14.000 r  
    PS7_X0Y0             PS7                          0.000    14.000 r  eeg_bci_ps_pl_system_i/processing_system7_0/inst/PS7_i/FCLKCLK[0]
                         net (fo=1, routed)           1.088    15.088    eeg_bci_ps_pl_system_i/processing_system7_0/inst/FCLK_CLK_unbuffered[0]
    BUFGCTRL_X0Y16       BUFG (Prop_bufg_I_O)         0.091    15.179 r  eeg_bci_ps_pl_system_i/processing_system7_0/inst/buffer_fclk_clk_0.FCLK_CLK_0_BUFG/O
                         net (fo=6160, routed)        1.473    16.652    eeg_bci_ps_pl_system_i/BCI_0/inst/accelerator/core/argmax/s_axi_aclk
    SLICE_X40Y65         FDCE                                         r  eeg_bci_ps_pl_system_i/BCI_0/inst/accelerator/core/argmax/result_reg[0]/C
                         clock pessimism              0.229    16.881    
                         clock uncertainty           -0.213    16.668    
    SLICE_X40Y65         FDCE (Setup_fdce_C_D)        0.031    16.699    eeg_bci_ps_pl_system_i/BCI_0/inst/accelerator/core/argmax/result_reg[0]
  -------------------------------------------------------------------
                         required time                         16.699    
                         arrival time                         -16.371    
  -------------------------------------------------------------------
                         slack                                  0.328    

Slack (MET) :             0.330ns  (required time - arrival time)
  Source:                 eeg_bci_ps_pl_system_i/BCI_0/inst/accelerator/core/datapath/active_opcode_reg[0]/C
                            (rising edge-triggered cell FDCE clocked by clk_fpga_0  {rise@0.000ns fall@7.000ns period=14.000ns})
  Destination:            eeg_bci_ps_pl_system_i/BCI_0/inst/accelerator/core/argmax/result_reg[2]/D
                            (rising edge-triggered cell FDCE clocked by clk_fpga_0  {rise@0.000ns fall@7.000ns period=14.000ns})
  Path Group:             clk_fpga_0
  Path Type:              Setup (Max at Slow Process Corner)
  Requirement:            14.000ns  (clk_fpga_0 rise@14.000ns - clk_fpga_0 rise@0.000ns)
  Data Path Delay:        13.422ns  (logic 3.513ns (26.173%)  route 9.909ns (73.827%))
  Logic Levels:           16  (CARRY4=4 LUT2=1 LUT3=3 LUT4=2 LUT5=2 LUT6=3 RAMD32=1)
  Clock Path Skew:        -0.064ns (DCD - SCD + CPR)
    Destination Clock Delay (DCD):    2.652ns = ( 16.652 - 14.000 ) 
    Source Clock Delay      (SCD):    2.945ns
    Clock Pessimism Removal (CPR):    0.229ns
  Clock Uncertainty:      0.213ns  ((TSJ^2 + TIJ^2)^1/2 + DJ) / 2 + PE
    Total System Jitter     (TSJ):    0.071ns
    Total Input Jitter      (TIJ):    0.420ns
    Discrete Jitter          (DJ):    0.000ns
    Phase Error              (PE):    0.000ns

    Location             Delay type                Incr(ns)  Path(ns)    Netlist Resource(s)
  -------------------------------------------------------------------    -------------------
                         (clock clk_fpga_0 rise edge)
                                                      0.000     0.000 r  
    PS7_X0Y0             PS7                          0.000     0.000 r  eeg_bci_ps_pl_system_i/processing_system7_0/inst/PS7_i/FCLKCLK[0]
                         net (fo=1, routed)           1.193     1.193    eeg_bci_ps_pl_system_i/processing_system7_0/inst/FCLK_CLK_unbuffered[0]
    BUFGCTRL_X0Y16       BUFG (Prop_bufg_I_O)         0.101     1.294 r  eeg_bci_ps_pl_system_i/processing_system7_0/inst/buffer_fclk_clk_0.FCLK_CLK_0_BUFG/O
                         net (fo=6160, routed)        1.651     2.945    eeg_bci_ps_pl_system_i/BCI_0/inst/accelerator/core/datapath/s_axi_aclk
    SLICE_X45Y54         FDCE                                         r  eeg_bci_ps_pl_system_i/BCI_0/inst/accelerator/core/datapath/active_opcode_reg[0]/C
  -------------------------------------------------------------------    -------------------
    SLICE_X45Y54         FDCE (Prop_fdce_C_Q)         0.456     3.401 r  eeg_bci_ps_pl_system_i/BCI_0/inst/accelerator/core/datapath/active_opcode_reg[0]/Q
                         net (fo=190, routed)         1.216     4.617    eeg_bci_ps_pl_system_i/BCI_0/inst/accelerator/core/datapath/mac16_inst/input_lane_valid_q_reg[8]_0[0]
    SLICE_X49Y56         LUT6 (Prop_lut6_I3_O)        0.124     4.741 r  eeg_bci_ps_pl_system_i/BCI_0/inst/accelerator/core/datapath/mac16_inst/data_bus_q[239]_i_19/O
                         net (fo=9, routed)           0.651     5.392    eeg_bci_ps_pl_system_i/BCI_0/inst/accelerator/core/datapath/mac16_inst/data_bus_q[239]_i_19_n_0
    SLICE_X48Y56         CARRY4 (Prop_carry4_DI[0]_CO[3])
                                                      0.526     5.918 r  eeg_bci_ps_pl_system_i/BCI_0/inst/accelerator/core/datapath/mac16_inst/bank0_reg_0_15_0_5_i_33/CO[3]
                         net (fo=1, routed)           0.000     5.918    eeg_bci_ps_pl_system_i/BCI_0/inst/accelerator/core/datapath/mac16_inst_n_238
    SLICE_X48Y57         CARRY4 (Prop_carry4_CI_O[0])
                                                      0.222     6.140 r  eeg_bci_ps_pl_system_i/BCI_0/inst/accelerator/core/datapath/bank15_reg_0_15_0_5_i_6/O[0]
                         net (fo=1, routed)           0.616     6.756    eeg_bci_ps_pl_system_i/BCI_0/inst/accelerator/core/datapath/tile_read_base_index0[4]
    SLICE_X43Y59         LUT5 (Prop_lut5_I3_O)        0.299     7.055 r  eeg_bci_ps_pl_system_i/BCI_0/inst/accelerator/core/datapath/eeg_bci_ps_pl_s5_LUT5_63/O
                         net (fo=71, routed)          0.819     7.875    eeg_bci_ps_pl_system_i/BCI_0/inst/accelerator/core/datapath/tile_read_base_index[4]
    SLICE_X47Y58         LUT4 (Prop_lut4_I2_O)        0.124     7.999 r  eeg_bci_ps_pl_system_i/BCI_0/inst/accelerator/core/datapath/eeg_bci_ps_pl_s5_LUT4_44/O
                         net (fo=19, routed)          0.347     8.345    eeg_bci_ps_pl_system_i/BCI_0/inst/accelerator/core/datapath/eeg_bci_ps_pl_s5_net_127
    SLICE_X48Y58         LUT3 (Prop_lut3_I2_O)        0.124     8.469 r  eeg_bci_ps_pl_system_i/BCI_0/inst/accelerator/core/datapath/eeg_bci_ps_pl_s5_LUT3_32/O
                         net (fo=19, routed)          0.574     9.043    eeg_bci_ps_pl_system_i/BCI_0/inst/accelerator/core/datapath/eeg_bci_ps_pl_s5_net_129
    SLICE_X51Y59         LUT3 (Prop_lut3_I2_O)        0.124     9.167 r  eeg_bci_ps_pl_system_i/BCI_0/inst/accelerator/core/datapath/eeg_bci_ps_pl_s5_LUT3_50/O
                         net (fo=18, routed)          1.233    10.400    eeg_bci_ps_pl_system_i/BCI_0/inst/accelerator/core/tile_buffer/bank14_reg_0_15_0_5/ADDRA1
    SLICE_X54Y60         RAMD32 (Prop_ramd32_RADR1_O)
                                                      0.124    10.524 r  eeg_bci_ps_pl_system_i/BCI_0/inst/accelerator/core/tile_buffer/bank14_reg_0_15_0_5/RAMA_D1/O
                         net (fo=4, routed)           0.607    11.131    eeg_bci_ps_pl_system_i/BCI_0/inst/accelerator/core/tile_buffer/physical_bank_words[225]
    SLICE_X55Y59         LUT6 (Prop_lut6_I1_O)        0.124    11.255 r  eeg_bci_ps_pl_system_i/BCI_0/inst/accelerator/core/tile_buffer/data_bus_q[193]_i_7/O
                         net (fo=4, routed)           1.018    12.273    eeg_bci_ps_pl_system_i/BCI_0/inst/accelerator/core/tile_buffer/data_bus_q[193]_i_7_n_0
    SLICE_X51Y59         LUT6 (Prop_lut6_I0_O)        0.124    12.397 r  eeg_bci_ps_pl_system_i/BCI_0/inst/accelerator/core/tile_buffer/data_bus_q[1]_i_2/O
                         net (fo=7, routed)           0.950    13.347    eeg_bci_ps_pl_system_i/BCI_0/inst/accelerator/core/datapath/tile_read_window[1]
    SLICE_X40Y61         LUT2 (Prop_lut2_I0_O)        0.124    13.471 r  eeg_bci_ps_pl_system_i/BCI_0/inst/accelerator/core/datapath/eeg_bci_ps_pl_s5_LUT2_15/O
                         net (fo=5, routed)           0.567    14.038    eeg_bci_ps_pl_system_i/BCI_0/inst/accelerator/core/datapath/eeg_bci_ps_pl_s5_net_28
    SLICE_X43Y61         LUT4 (Prop_lut4_I3_O)        0.124    14.162 r  eeg_bci_ps_pl_system_i/BCI_0/inst/accelerator/core/datapath/eeg_bci_ps_pl_s5_LUT4_8/O
                         net (fo=1, routed)           0.000    14.162    eeg_bci_ps_pl_system_i/BCI_0/inst/accelerator/core/datapath/eeg_bci_ps_pl_s5_net_605
    SLICE_X43Y61         CARRY4 (Prop_carry4_S[0]_CO[3])
                                                      0.532    14.694 r  eeg_bci_ps_pl_system_i/BCI_0/inst/accelerator/core/datapath/maximum_score_reg[15]_i_16/CO[3]
                         net (fo=1, routed)           0.000    14.694    eeg_bci_ps_pl_system_i/BCI_0/inst/accelerator/core/datapath/maximum_score_reg[15]_i_16_n_0
    SLICE_X43Y62         CARRY4 (Prop_carry4_CI_CO[3])
                                                      0.114    14.808 r  eeg_bci_ps_pl_system_i/BCI_0/inst/accelerator/core/datapath/maximum_score_reg[15]_i_5/CO[3]
                         net (fo=2, routed)           0.892    15.700    eeg_bci_ps_pl_system_i/BCI_0/inst/accelerator/core/argmax/CO[0]
    SLICE_X42Y64         LUT5 (Prop_lut5_I1_O)        0.124    15.824 r  eeg_bci_ps_pl_system_i/BCI_0/inst/accelerator/core/argmax/result[3]_i_3__0/O
                         net (fo=4, routed)           0.419    16.243    eeg_bci_ps_pl_system_i/BCI_0/inst/accelerator/core/argmax/result1
    SLICE_X40Y65         LUT3 (Prop_lut3_I1_O)        0.124    16.367 r  eeg_bci_ps_pl_system_i/BCI_0/inst/accelerator/core/argmax/result[2]_i_1/O
                         net (fo=1, routed)           0.000    16.367    eeg_bci_ps_pl_system_i/BCI_0/inst/accelerator/core/argmax/result[2]_i_1_n_0
    SLICE_X40Y65         FDCE                                         r  eeg_bci_ps_pl_system_i/BCI_0/inst/accelerator/core/argmax/result_reg[2]/D
  -------------------------------------------------------------------    -------------------

                         (clock clk_fpga_0 rise edge)
                                                     14.000    14.000 r  
    PS7_X0Y0             PS7                          0.000    14.000 r  eeg_bci_ps_pl_system_i/processing_system7_0/inst/PS7_i/FCLKCLK[0]
                         net (fo=1, routed)           1.088    15.088    eeg_bci_ps_pl_system_i/processing_system7_0/inst/FCLK_CLK_unbuffered[0]
    BUFGCTRL_X0Y16       BUFG (Prop_bufg_I_O)         0.091    15.179 r  eeg_bci_ps_pl_system_i/processing_system7_0/inst/buffer_fclk_clk_0.FCLK_CLK_0_BUFG/O
                         net (fo=6160, routed)        1.473    16.652    eeg_bci_ps_pl_system_i/BCI_0/inst/accelerator/core/argmax/s_axi_aclk
    SLICE_X40Y65         FDCE                                         r  eeg_bci_ps_pl_system_i/BCI_0/inst/accelerator/core/argmax/result_reg[2]/C
                         clock pessimism              0.229    16.881    
                         clock uncertainty           -0.213    16.668    
    SLICE_X40Y65         FDCE (Setup_fdce_C_D)        0.029    16.697    eeg_bci_ps_pl_system_i/BCI_0/inst/accelerator/core/argmax/result_reg[2]
  -------------------------------------------------------------------
                         required time                         16.697    
                         arrival time                         -16.367    
  -------------------------------------------------------------------
                         slack                                  0.330    

Slack (MET) :             0.337ns  (required time - arrival time)
  Source:                 eeg_bci_ps_pl_system_i/BCI_0/inst/accelerator/core/datapath/mac16_inst/result_reg[10]/C
                            (rising edge-triggered cell FDCE clocked by clk_fpga_0  {rise@0.000ns fall@7.000ns period=14.000ns})
  Destination:            eeg_bci_ps_pl_system_i/BCI_0/inst/accelerator/core/datapath/op6_accumulator_reg[5]/D
                            (rising edge-triggered cell FDCE clocked by clk_fpga_0  {rise@0.000ns fall@7.000ns period=14.000ns})
  Path Group:             clk_fpga_0
  Path Type:              Setup (Max at Slow Process Corner)
  Requirement:            14.000ns  (clk_fpga_0 rise@14.000ns - clk_fpga_0 rise@0.000ns)
  Data Path Delay:        13.433ns  (logic 3.361ns (25.020%)  route 10.072ns (74.980%))
  Logic Levels:           16  (CARRY4=2 LUT2=1 LUT4=1 LUT5=7 LUT6=5)
  Clock Path Skew:        -0.046ns (DCD - SCD + CPR)
    Destination Clock Delay (DCD):    2.650ns = ( 16.650 - 14.000 ) 
    Source Clock Delay      (SCD):    2.925ns
    Clock Pessimism Removal (CPR):    0.229ns
  Clock Uncertainty:      0.213ns  ((TSJ^2 + TIJ^2)^1/2 + DJ) / 2 + PE
    Total System Jitter     (TSJ):    0.071ns
    Total Input Jitter      (TIJ):    0.420ns
    Discrete Jitter          (DJ):    0.000ns
    Phase Error              (PE):    0.000ns

    Location             Delay type                Incr(ns)  Path(ns)    Netlist Resource(s)
  -------------------------------------------------------------------    -------------------
                         (clock clk_fpga_0 rise edge)
                                                      0.000     0.000 r  
    PS7_X0Y0             PS7                          0.000     0.000 r  eeg_bci_ps_pl_system_i/processing_system7_0/inst/PS7_i/FCLKCLK[0]
                         net (fo=1, routed)           1.193     1.193    eeg_bci_ps_pl_system_i/processing_system7_0/inst/FCLK_CLK_unbuffered[0]
    BUFGCTRL_X0Y16       BUFG (Prop_bufg_I_O)         0.101     1.294 r  eeg_bci_ps_pl_system_i/processing_system7_0/inst/buffer_fclk_clk_0.FCLK_CLK_0_BUFG/O
                         net (fo=6160, routed)        1.631     2.925    eeg_bci_ps_pl_system_i/BCI_0/inst/accelerator/core/datapath/mac16_inst/s_axi_aclk
    SLICE_X45Y75         FDCE                                         r  eeg_bci_ps_pl_system_i/BCI_0/inst/accelerator/core/datapath/mac16_inst/result_reg[10]/C
  -------------------------------------------------------------------    -------------------
    SLICE_X45Y75         FDCE (Prop_fdce_C_Q)         0.456     3.381 f  eeg_bci_ps_pl_system_i/BCI_0/inst/accelerator/core/datapath/mac16_inst/result_reg[10]/Q
                         net (fo=61, routed)          1.092     4.473    eeg_bci_ps_pl_system_i/BCI_0/inst/accelerator/core/datapath/mac16_inst/result[10]
    SLICE_X46Y72         LUT6 (Prop_lut6_I0_O)        0.124     4.597 f  eeg_bci_ps_pl_system_i/BCI_0/inst/accelerator/core/datapath/mac16_inst/v3_op7_cache0[0][15]_i_10/O
                         net (fo=1, routed)           0.292     4.889    eeg_bci_ps_pl_system_i/BCI_0/inst/accelerator/core/datapath/mac16_inst/v3_op7_cache0[0][15]_i_10_n_0
    SLICE_X47Y72         LUT5 (Prop_lut5_I0_O)        0.124     5.013 f  eeg_bci_ps_pl_system_i/BCI_0/inst/accelerator/core/datapath/mac16_inst/v3_op7_cache0[0][15]_i_5/O
                         net (fo=39, routed)          0.710     5.723    eeg_bci_ps_pl_system_i/BCI_0/inst/accelerator/core/datapath/mac16_inst/v3_op7_cache0[0][15]_i_5_n_0
    SLICE_X48Y71         LUT6 (Prop_lut6_I2_O)        0.124     5.847 f  eeg_bci_ps_pl_system_i/BCI_0/inst/accelerator/core/datapath/mac16_inst/v3_op7_cache0[0][14]_i_29/O
                         net (fo=2, routed)           0.504     6.350    eeg_bci_ps_pl_system_i/BCI_0/inst/accelerator/core/datapath/mac16_inst/op6_add_inst/exp_delta[3]
    SLICE_X49Y71         LUT6 (Prop_lut6_I5_O)        0.124     6.474 f  eeg_bci_ps_pl_system_i/BCI_0/inst/accelerator/core/datapath/mac16_inst/v3_op7_cache0[0][14]_i_28/O
                         net (fo=4, routed)           0.497     6.972    eeg_bci_ps_pl_system_i/BCI_0/inst/accelerator/core/datapath/mac16_inst/op6_add_inst/mant_temp4
    SLICE_X48Y70         LUT2 (Prop_lut2_I1_O)        0.124     7.096 r  eeg_bci_ps_pl_system_i/BCI_0/inst/accelerator/core/datapath/mac16_inst/v3_op7_cache0[0][14]_i_21/O
                         net (fo=16, routed)          0.758     7.854    eeg_bci_ps_pl_system_i/BCI_0/inst/accelerator/core/datapath/mac16_inst/op6_add_inst/align_shift[2]
    SLICE_X49Y69         LUT4 (Prop_lut4_I1_O)        0.124     7.978 r  eeg_bci_ps_pl_system_i/BCI_0/inst/accelerator/core/datapath/mac16_inst/v3_op7_cache0[0][2]_i_20/O
                         net (fo=2, routed)           0.592     8.570    eeg_bci_ps_pl_system_i/BCI_0/inst/accelerator/core/datapath/mac16_inst/v3_op7_cache0[0][2]_i_20_n_0
    SLICE_X51Y69         LUT5 (Prop_lut5_I0_O)        0.124     8.694 r  eeg_bci_ps_pl_system_i/BCI_0/inst/accelerator/core/datapath/mac16_inst/v3_op7_cache0[0][2]_i_14/O
                         net (fo=3, routed)           0.423     9.117    eeg_bci_ps_pl_system_i/BCI_0/inst/accelerator/core/datapath/mac16_inst/v3_op7_cache0[0][2]_i_14_n_0
    SLICE_X52Y70         LUT5 (Prop_lut5_I0_O)        0.124     9.241 r  eeg_bci_ps_pl_system_i/BCI_0/inst/accelerator/core/datapath/mac16_inst/v3_op7_cache0[0][2]_i_11/O
                         net (fo=1, routed)           0.656     9.897    eeg_bci_ps_pl_system_i/BCI_0/inst/accelerator/core/datapath/mac16_inst/v3_op7_cache0[0][2]_i_11_n_0
    SLICE_X53Y70         CARRY4 (Prop_carry4_S[0]_CO[3])
                                                      0.656    10.553 r  eeg_bci_ps_pl_system_i/BCI_0/inst/accelerator/core/datapath/mac16_inst/v3_op7_cache0_reg[0][2]_i_2/CO[3]
                         net (fo=1, routed)           0.000    10.553    eeg_bci_ps_pl_system_i/BCI_0/inst/accelerator/core/datapath/mac16_inst/v3_op7_cache0_reg[0][2]_i_2_n_0
    SLICE_X53Y71         CARRY4 (Prop_carry4_CI_O[1])
                                                      0.334    10.887 r  eeg_bci_ps_pl_system_i/BCI_0/inst/accelerator/core/datapath/mac16_inst/v3_op7_cache0_reg[0][6]_i_2/O[1]
                         net (fo=10, routed)          0.988    11.874    eeg_bci_ps_pl_system_i/BCI_0/inst/accelerator/core/datapath/mac16_inst/op6_add_inst/sel0[5]
    SLICE_X55Y71         LUT5 (Prop_lut5_I3_O)        0.303    12.177 f  eeg_bci_ps_pl_system_i/BCI_0/inst/accelerator/core/datapath/mac16_inst/v3_op7_cache0[0][13]_i_17/O
                         net (fo=1, routed)           0.301    12.478    eeg_bci_ps_pl_system_i/BCI_0/inst/accelerator/core/datapath/mac16_inst/v3_op7_cache0[0][13]_i_17_n_0
    SLICE_X55Y70         LUT5 (Prop_lut5_I2_O)        0.124    12.602 r  eeg_bci_ps_pl_system_i/BCI_0/inst/accelerator/core/datapath/mac16_inst/v3_op7_cache0[0][13]_i_9/O
                         net (fo=15, routed)          0.980    13.583    eeg_bci_ps_pl_system_i/BCI_0/inst/accelerator/core/datapath/mac16_inst/op6_add_inst/normalize_shift[2]
    SLICE_X56Y67         LUT6 (Prop_lut6_I3_O)        0.124    13.707 r  eeg_bci_ps_pl_system_i/BCI_0/inst/accelerator/core/datapath/mac16_inst/v3_op7_cache0[0][6]_i_3/O
                         net (fo=2, routed)           0.870    14.577    eeg_bci_ps_pl_system_i/BCI_0/inst/accelerator/core/datapath/mac16_inst/v3_op7_cache0[0][6]_i_3_n_0
    SLICE_X53Y74         LUT5 (Prop_lut5_I4_O)        0.124    14.701 r  eeg_bci_ps_pl_system_i/BCI_0/inst/accelerator/core/datapath/mac16_inst/v3_op7_cache0[0][5]_i_1/O
                         net (fo=72, routed)          0.952    15.653    eeg_bci_ps_pl_system_i/BCI_0/inst/accelerator/core/datapath/mac16_inst/sum[5]
    SLICE_X49Y67         LUT5 (Prop_lut5_I2_O)        0.124    15.777 r  eeg_bci_ps_pl_system_i/BCI_0/inst/accelerator/core/datapath/mac16_inst/op6_accumulator[5]_i_2/O
                         net (fo=1, routed)           0.457    16.234    eeg_bci_ps_pl_system_i/BCI_0/inst/accelerator/core/datapath/mac16_inst/op6_accumulator[5]_i_2_n_0
    SLICE_X43Y67         LUT6 (Prop_lut6_I5_O)        0.124    16.358 r  eeg_bci_ps_pl_system_i/BCI_0/inst/accelerator/core/datapath/mac16_inst/op6_accumulator[5]_i_1/O
                         net (fo=1, routed)           0.000    16.358    eeg_bci_ps_pl_system_i/BCI_0/inst/accelerator/core/datapath/p_0_out[5]
    SLICE_X43Y67         FDCE                                         r  eeg_bci_ps_pl_system_i/BCI_0/inst/accelerator/core/datapath/op6_accumulator_reg[5]/D
  -------------------------------------------------------------------    -------------------

                         (clock clk_fpga_0 rise edge)
                                                     14.000    14.000 r  
    PS7_X0Y0             PS7                          0.000    14.000 r  eeg_bci_ps_pl_system_i/processing_system7_0/inst/PS7_i/FCLKCLK[0]
                         net (fo=1, routed)           1.088    15.088    eeg_bci_ps_pl_system_i/processing_system7_0/inst/FCLK_CLK_unbuffered[0]
    BUFGCTRL_X0Y16       BUFG (Prop_bufg_I_O)         0.091    15.179 r  eeg_bci_ps_pl_system_i/processing_system7_0/inst/buffer_fclk_clk_0.FCLK_CLK_0_BUFG/O
                         net (fo=6160, routed)        1.471    16.650    eeg_bci_ps_pl_system_i/BCI_0/inst/accelerator/core/datapath/s_axi_aclk
    SLICE_X43Y67         FDCE                                         r  eeg_bci_ps_pl_system_i/BCI_0/inst/accelerator/core/datapath/op6_accumulator_reg[5]/C
                         clock pessimism              0.229    16.879    
                         clock uncertainty           -0.213    16.666    
    SLICE_X43Y67         FDCE (Setup_fdce_C_D)        0.029    16.695    eeg_bci_ps_pl_system_i/BCI_0/inst/accelerator/core/datapath/op6_accumulator_reg[5]
  -------------------------------------------------------------------
                         required time                         16.695    
                         arrival time                         -16.358    
  -------------------------------------------------------------------
                         slack                                  0.337    





Min Delay Paths
--------------------------------------------------------------------------------------
Slack (MET) :             0.078ns  (arrival time - required time)
  Source:                 eeg_bci_ps_pl_system_i/BCI_0/inst/accelerator/core/datapath/mac16_inst/product_valid_q_reg/C
                            (rising edge-triggered cell FDCE clocked by clk_fpga_0  {rise@0.000ns fall@7.000ns period=14.000ns})
  Destination:            eeg_bci_ps_pl_system_i/BCI_0/inst/accelerator/core/datapath/mac16_inst/sum2_bus_q_reg[34]/CE
                            (rising edge-triggered cell FDCE clocked by clk_fpga_0  {rise@0.000ns fall@7.000ns period=14.000ns})
  Path Group:             clk_fpga_0
  Path Type:              Hold (Min at Fast Process Corner)
  Requirement:            0.000ns  (clk_fpga_0 rise@0.000ns - clk_fpga_0 rise@0.000ns)
  Data Path Delay:        0.391ns  (logic 0.164ns (41.983%)  route 0.227ns (58.017%))
  Logic Levels:           0  
  Clock Path Skew:        0.351ns (DCD - SCD - CPR)
    Destination Clock Delay (DCD):    1.306ns
    Source Clock Delay      (SCD):    0.920ns
    Clock Pessimism Removal (CPR):    0.035ns

    Location             Delay type                Incr(ns)  Path(ns)    Netlist Resource(s)
  -------------------------------------------------------------------    -------------------
                         (clock clk_fpga_0 rise edge)
                                                      0.000     0.000 r  
    PS7_X0Y0             PS7                          0.000     0.000 r  eeg_bci_ps_pl_system_i/processing_system7_0/inst/PS7_i/FCLKCLK[0]
                         net (fo=1, routed)           0.310     0.310    eeg_bci_ps_pl_system_i/processing_system7_0/inst/FCLK_CLK_unbuffered[0]
    BUFGCTRL_X0Y16       BUFG (Prop_bufg_I_O)         0.026     0.336 r  eeg_bci_ps_pl_system_i/processing_system7_0/inst/buffer_fclk_clk_0.FCLK_CLK_0_BUFG/O
                         net (fo=6160, routed)        0.584     0.920    eeg_bci_ps_pl_system_i/BCI_0/inst/accelerator/core/datapath/mac16_inst/s_axi_aclk
    SLICE_X86Y99         FDCE                                         r  eeg_bci_ps_pl_system_i/BCI_0/inst/accelerator/core/datapath/mac16_inst/product_valid_q_reg/C
  -------------------------------------------------------------------    -------------------
    SLICE_X86Y99         FDCE (Prop_fdce_C_Q)         0.164     1.084 r  eeg_bci_ps_pl_system_i/BCI_0/inst/accelerator/core/datapath/mac16_inst/product_valid_q_reg/Q
                         net (fo=136, routed)         0.227     1.310    eeg_bci_ps_pl_system_i/BCI_0/inst/accelerator/core/datapath/mac16_inst/product_valid_q
    SLICE_X87Y102        FDCE                                         r  eeg_bci_ps_pl_system_i/BCI_0/inst/accelerator/core/datapath/mac16_inst/sum2_bus_q_reg[34]/CE
  -------------------------------------------------------------------    -------------------

                         (clock clk_fpga_0 rise edge)
                                                      0.000     0.000 r  
    PS7_X0Y0             PS7                          0.000     0.000 r  eeg_bci_ps_pl_system_i/processing_system7_0/inst/PS7_i/FCLKCLK[0]
                         net (fo=1, routed)           0.337     0.337    eeg_bci_ps_pl_system_i/processing_system7_0/inst/FCLK_CLK_unbuffered[0]
    BUFGCTRL_X0Y16       BUFG (Prop_bufg_I_O)         0.029     0.366 r  eeg_bci_ps_pl_system_i/processing_system7_0/inst/buffer_fclk_clk_0.FCLK_CLK_0_BUFG/O
                         net (fo=6160, routed)        0.940     1.306    eeg_bci_ps_pl_system_i/BCI_0/inst/accelerator/core/datapath/mac16_inst/s_axi_aclk
    SLICE_X87Y102        FDCE                                         r  eeg_bci_ps_pl_system_i/BCI_0/inst/accelerator/core/datapath/mac16_inst/sum2_bus_q_reg[34]/C
                         clock pessimism             -0.035     1.271    
    SLICE_X87Y102        FDCE (Hold_fdce_C_CE)       -0.039     1.232    eeg_bci_ps_pl_system_i/BCI_0/inst/accelerator/core/datapath/mac16_inst/sum2_bus_q_reg[34]
  -------------------------------------------------------------------
                         required time                         -1.232    
                         arrival time                           1.310    
  -------------------------------------------------------------------
                         slack                                  0.078    

Slack (MET) :             0.091ns  (arrival time - required time)
  Source:                 eeg_bci_ps_pl_system_i/BCI_0/inst/wdata_hold_reg[5]/C
                            (rising edge-triggered cell FDCE clocked by clk_fpga_0  {rise@0.000ns fall@7.000ns period=14.000ns})
  Destination:            <hidden>
                            (rising edge-triggered cell RAMB36E1 clocked by clk_fpga_0  {rise@0.000ns fall@7.000ns period=14.000ns})
  Path Group:             clk_fpga_0
  Path Type:              Hold (Min at Fast Process Corner)
  Requirement:            0.000ns  (clk_fpga_0 rise@0.000ns - clk_fpga_0 rise@0.000ns)
  Data Path Delay:        0.391ns  (logic 0.128ns (32.751%)  route 0.263ns (67.249%))
  Logic Levels:           0  
  Clock Path Skew:        0.057ns (DCD - SCD - CPR)
    Destination Clock Delay (DCD):    1.234ns
    Source Clock Delay      (SCD):    0.913ns
    Clock Pessimism Removal (CPR):    0.264ns

    Location             Delay type                Incr(ns)  Path(ns)    Netlist Resource(s)
  -------------------------------------------------------------------    -------------------
                         (clock clk_fpga_0 rise edge)
                                                      0.000     0.000 r  
    PS7_X0Y0             PS7                          0.000     0.000 r  eeg_bci_ps_pl_system_i/processing_system7_0/inst/PS7_i/FCLKCLK[0]
                         net (fo=1, routed)           0.310     0.310    eeg_bci_ps_pl_system_i/processing_system7_0/inst/FCLK_CLK_unbuffered[0]
    BUFGCTRL_X0Y16       BUFG (Prop_bufg_I_O)         0.026     0.336 r  eeg_bci_ps_pl_system_i/processing_system7_0/inst/buffer_fclk_clk_0.FCLK_CLK_0_BUFG/O
                         net (fo=6160, routed)        0.577     0.913    eeg_bci_ps_pl_system_i/BCI_0/inst/s_axi_aclk
    SLICE_X28Y99         FDCE                                         r  eeg_bci_ps_pl_system_i/BCI_0/inst/wdata_hold_reg[5]/C
  -------------------------------------------------------------------    -------------------
    SLICE_X28Y99         FDCE (Prop_fdce_C_Q)         0.128     1.041 r  eeg_bci_ps_pl_system_i/BCI_0/inst/wdata_hold_reg[5]/Q
                         net (fo=2, routed)           0.263     1.303    <hidden>
    RAMB36_X2Y19         RAMB36E1                                     r  <hidden>
  -------------------------------------------------------------------    -------------------

                         (clock clk_fpga_0 rise edge)
                                                      0.000     0.000 r  
    PS7_X0Y0             PS7                          0.000     0.000 r  eeg_bci_ps_pl_system_i/processing_system7_0/inst/PS7_i/FCLKCLK[0]
                         net (fo=1, routed)           0.337     0.337    eeg_bci_ps_pl_system_i/processing_system7_0/inst/FCLK_CLK_unbuffered[0]
    BUFGCTRL_X0Y16       BUFG (Prop_bufg_I_O)         0.029     0.366 r  eeg_bci_ps_pl_system_i/processing_system7_0/inst/buffer_fclk_clk_0.FCLK_CLK_0_BUFG/O
                         net (fo=6160, routed)        0.868     1.234    <hidden>
    RAMB36_X2Y19         RAMB36E1                                     r  <hidden>
                         clock pessimism             -0.264     0.970    
    RAMB36_X2Y19         RAMB36E1 (Hold_ramb36e1_CLKARDCLK_DIADI[5])
                                                      0.242     1.212    <hidden>
  -------------------------------------------------------------------
                         required time                         -1.212    
                         arrival time                           1.303    
  -------------------------------------------------------------------
                         slack                                  0.091    

Slack (MET) :             0.092ns  (arrival time - required time)
  Source:                 eeg_bci_ps_pl_system_i/BCI_0/inst/accelerator/core/datapath/mac16_inst/product_bus_q_reg[141]/C
                            (rising edge-triggered cell FDCE clocked by clk_fpga_0  {rise@0.000ns fall@7.000ns period=14.000ns})
  Destination:            eeg_bci_ps_pl_system_i/BCI_0/inst/accelerator/core/datapath/mac16_inst/sum2_bus_q_reg[77]/D
                            (rising edge-triggered cell FDCE clocked by clk_fpga_0  {rise@0.000ns fall@7.000ns period=14.000ns})
  Path Group:             clk_fpga_0
  Path Type:              Hold (Min at Fast Process Corner)
  Requirement:            0.000ns  (clk_fpga_0 rise@0.000ns - clk_fpga_0 rise@0.000ns)
  Data Path Delay:        0.533ns  (logic 0.209ns (39.184%)  route 0.324ns (60.816%))
  Logic Levels:           1  (LUT6=1)
  Clock Path Skew:        0.349ns (DCD - SCD - CPR)
    Destination Clock Delay (DCD):    1.298ns
    Source Clock Delay      (SCD):    0.914ns
    Clock Pessimism Removal (CPR):    0.035ns

    Location             Delay type                Incr(ns)  Path(ns)    Netlist Resource(s)
  -------------------------------------------------------------------    -------------------
                         (clock clk_fpga_0 rise edge)
                                                      0.000     0.000 r  
    PS7_X0Y0             PS7                          0.000     0.000 r  eeg_bci_ps_pl_system_i/processing_system7_0/inst/PS7_i/FCLKCLK[0]
                         net (fo=1, routed)           0.310     0.310    eeg_bci_ps_pl_system_i/processing_system7_0/inst/FCLK_CLK_unbuffered[0]
    BUFGCTRL_X0Y16       BUFG (Prop_bufg_I_O)         0.026     0.336 r  eeg_bci_ps_pl_system_i/processing_system7_0/inst/buffer_fclk_clk_0.FCLK_CLK_0_BUFG/O
                         net (fo=6160, routed)        0.578     0.914    eeg_bci_ps_pl_system_i/BCI_0/inst/accelerator/core/datapath/mac16_inst/s_axi_aclk
    SLICE_X58Y99         FDCE                                         r  eeg_bci_ps_pl_system_i/BCI_0/inst/accelerator/core/datapath/mac16_inst/product_bus_q_reg[141]/C
  -------------------------------------------------------------------    -------------------
    SLICE_X58Y99         FDCE (Prop_fdce_C_Q)         0.164     1.078 r  eeg_bci_ps_pl_system_i/BCI_0/inst/accelerator/core/datapath/mac16_inst/product_bus_q_reg[141]/Q
                         net (fo=7, routed)           0.324     1.402    eeg_bci_ps_pl_system_i/BCI_0/inst/accelerator/core/datapath/mac16_inst/p_9_in[13]
    SLICE_X56Y107        LUT6 (Prop_lut6_I5_O)        0.045     1.447 r  eeg_bci_ps_pl_system_i/BCI_0/inst/accelerator/core/datapath/mac16_inst/sum2_bus_q[77]_i_1/O
                         net (fo=1, routed)           0.000     1.447    eeg_bci_ps_pl_system_i/BCI_0/inst/accelerator/core/datapath/mac16_inst/sum2_bus_comb[77]
    SLICE_X56Y107        FDCE                                         r  eeg_bci_ps_pl_system_i/BCI_0/inst/accelerator/core/datapath/mac16_inst/sum2_bus_q_reg[77]/D
  -------------------------------------------------------------------    -------------------

                         (clock clk_fpga_0 rise edge)
                                                      0.000     0.000 r  
    PS7_X0Y0             PS7                          0.000     0.000 r  eeg_bci_ps_pl_system_i/processing_system7_0/inst/PS7_i/FCLKCLK[0]
                         net (fo=1, routed)           0.337     0.337    eeg_bci_ps_pl_system_i/processing_system7_0/inst/FCLK_CLK_unbuffered[0]
    BUFGCTRL_X0Y16       BUFG (Prop_bufg_I_O)         0.029     0.366 r  eeg_bci_ps_pl_system_i/processing_system7_0/inst/buffer_fclk_clk_0.FCLK_CLK_0_BUFG/O
                         net (fo=6160, routed)        0.932     1.298    eeg_bci_ps_pl_system_i/BCI_0/inst/accelerator/core/datapath/mac16_inst/s_axi_aclk
    SLICE_X56Y107        FDCE                                         r  eeg_bci_ps_pl_system_i/BCI_0/inst/accelerator/core/datapath/mac16_inst/sum2_bus_q_reg[77]/C
                         clock pessimism             -0.035     1.263    
    SLICE_X56Y107        FDCE (Hold_fdce_C_D)         0.092     1.355    eeg_bci_ps_pl_system_i/BCI_0/inst/accelerator/core/datapath/mac16_inst/sum2_bus_q_reg[77]
  -------------------------------------------------------------------
                         required time                         -1.355    
                         arrival time                           1.447    
  -------------------------------------------------------------------
                         slack                                  0.092    

Slack (MET) :             0.098ns  (arrival time - required time)
  Source:                 eeg_bci_ps_pl_system_i/BCI_0/inst/wdata_hold_reg[1]/C
                            (rising edge-triggered cell FDCE clocked by clk_fpga_0  {rise@0.000ns fall@7.000ns period=14.000ns})
  Destination:            eeg_bci_ps_pl_system_i/BCI_0/inst/accelerator/control/wdata_hold_reg[1]/D
                            (rising edge-triggered cell FDCE clocked by clk_fpga_0  {rise@0.000ns fall@7.000ns period=14.000ns})
  Path Group:             clk_fpga_0
  Path Type:              Hold (Min at Fast Process Corner)
  Requirement:            0.000ns  (clk_fpga_0 rise@0.000ns - clk_fpga_0 rise@0.000ns)
  Data Path Delay:        0.460ns  (logic 0.128ns (27.850%)  route 0.332ns (72.150%))
  Logic Levels:           0  
  Clock Path Skew:        0.349ns (DCD - SCD - CPR)
    Destination Clock Delay (DCD):    1.296ns
    Source Clock Delay      (SCD):    0.912ns
    Clock Pessimism Removal (CPR):    0.035ns

    Location             Delay type                Incr(ns)  Path(ns)    Netlist Resource(s)
  -------------------------------------------------------------------    -------------------
                         (clock clk_fpga_0 rise edge)
                                                      0.000     0.000 r  
    PS7_X0Y0             PS7                          0.000     0.000 r  eeg_bci_ps_pl_system_i/processing_system7_0/inst/PS7_i/FCLKCLK[0]
                         net (fo=1, routed)           0.310     0.310    eeg_bci_ps_pl_system_i/processing_system7_0/inst/FCLK_CLK_unbuffered[0]
    BUFGCTRL_X0Y16       BUFG (Prop_bufg_I_O)         0.026     0.336 r  eeg_bci_ps_pl_system_i/processing_system7_0/inst/buffer_fclk_clk_0.FCLK_CLK_0_BUFG/O
                         net (fo=6160, routed)        0.576     0.912    eeg_bci_ps_pl_system_i/BCI_0/inst/s_axi_aclk
    SLICE_X29Y96         FDCE                                         r  eeg_bci_ps_pl_system_i/BCI_0/inst/wdata_hold_reg[1]/C
  -------------------------------------------------------------------    -------------------
    SLICE_X29Y96         FDCE (Prop_fdce_C_Q)         0.128     1.040 r  eeg_bci_ps_pl_system_i/BCI_0/inst/wdata_hold_reg[1]/Q
                         net (fo=2, routed)           0.332     1.371    eeg_bci_ps_pl_system_i/BCI_0/inst/accelerator/control/sample_bram_dina[1]
    SLICE_X29Y103        FDCE                                         r  eeg_bci_ps_pl_system_i/BCI_0/inst/accelerator/control/wdata_hold_reg[1]/D
  -------------------------------------------------------------------    -------------------

                         (clock clk_fpga_0 rise edge)
                                                      0.000     0.000 r  
    PS7_X0Y0             PS7                          0.000     0.000 r  eeg_bci_ps_pl_system_i/processing_system7_0/inst/PS7_i/FCLKCLK[0]
                         net (fo=1, routed)           0.337     0.337    eeg_bci_ps_pl_system_i/processing_system7_0/inst/FCLK_CLK_unbuffered[0]
    BUFGCTRL_X0Y16       BUFG (Prop_bufg_I_O)         0.029     0.366 r  eeg_bci_ps_pl_system_i/processing_system7_0/inst/buffer_fclk_clk_0.FCLK_CLK_0_BUFG/O
                         net (fo=6160, routed)        0.930     1.296    eeg_bci_ps_pl_system_i/BCI_0/inst/accelerator/control/s_axi_aclk
    SLICE_X29Y103        FDCE                                         r  eeg_bci_ps_pl_system_i/BCI_0/inst/accelerator/control/wdata_hold_reg[1]/C
                         clock pessimism             -0.035     1.261    
    SLICE_X29Y103        FDCE (Hold_fdce_C_D)         0.012     1.273    eeg_bci_ps_pl_system_i/BCI_0/inst/accelerator/control/wdata_hold_reg[1]
  -------------------------------------------------------------------
                         required time                         -1.273    
                         arrival time                           1.371    
  -------------------------------------------------------------------
                         slack                                  0.098    

Slack (MET) :             0.102ns  (arrival time - required time)
  Source:                 eeg_bci_ps_pl_system_i/BCI_0/inst/wdata_hold_reg[7]/C
                            (rising edge-triggered cell FDCE clocked by clk_fpga_0  {rise@0.000ns fall@7.000ns period=14.000ns})
  Destination:            <hidden>
                            (rising edge-triggered cell RAMB36E1 clocked by clk_fpga_0  {rise@0.000ns fall@7.000ns period=14.000ns})
  Path Group:             clk_fpga_0
  Path Type:              Hold (Min at Fast Process Corner)
  Requirement:            0.000ns  (clk_fpga_0 rise@0.000ns - clk_fpga_0 rise@0.000ns)
  Data Path Delay:        0.402ns  (logic 0.128ns (31.835%)  route 0.274ns (68.165%))
  Logic Levels:           0  
  Clock Path Skew:        0.057ns (DCD - SCD - CPR)
    Destination Clock Delay (DCD):    1.234ns
    Source Clock Delay      (SCD):    0.913ns
    Clock Pessimism Removal (CPR):    0.264ns

    Location             Delay type                Incr(ns)  Path(ns)    Netlist Resource(s)
  -------------------------------------------------------------------    -------------------
                         (clock clk_fpga_0 rise edge)
                                                      0.000     0.000 r  
    PS7_X0Y0             PS7                          0.000     0.000 r  eeg_bci_ps_pl_system_i/processing_system7_0/inst/PS7_i/FCLKCLK[0]
                         net (fo=1, routed)           0.310     0.310    eeg_bci_ps_pl_system_i/processing_system7_0/inst/FCLK_CLK_unbuffered[0]
    BUFGCTRL_X0Y16       BUFG (Prop_bufg_I_O)         0.026     0.336 r  eeg_bci_ps_pl_system_i/processing_system7_0/inst/buffer_fclk_clk_0.FCLK_CLK_0_BUFG/O
                         net (fo=6160, routed)        0.577     0.913    eeg_bci_ps_pl_system_i/BCI_0/inst/s_axi_aclk
    SLICE_X28Y99         FDCE                                         r  eeg_bci_ps_pl_system_i/BCI_0/inst/wdata_hold_reg[7]/C
  -------------------------------------------------------------------    -------------------
    SLICE_X28Y99         FDCE (Prop_fdce_C_Q)         0.128     1.041 r  eeg_bci_ps_pl_system_i/BCI_0/inst/wdata_hold_reg[7]/Q
                         net (fo=2, routed)           0.274     1.315    <hidden>
    RAMB36_X2Y19         RAMB36E1                                     r  <hidden>
  -------------------------------------------------------------------    -------------------

                         (clock clk_fpga_0 rise edge)
                                                      0.000     0.000 r  
    PS7_X0Y0             PS7                          0.000     0.000 r  eeg_bci_ps_pl_system_i/processing_system7_0/inst/PS7_i/FCLKCLK[0]
                         net (fo=1, routed)           0.337     0.337    eeg_bci_ps_pl_system_i/processing_system7_0/inst/FCLK_CLK_unbuffered[0]
    BUFGCTRL_X0Y16       BUFG (Prop_bufg_I_O)         0.029     0.366 r  eeg_bci_ps_pl_system_i/processing_system7_0/inst/buffer_fclk_clk_0.FCLK_CLK_0_BUFG/O
                         net (fo=6160, routed)        0.868     1.234    <hidden>
    RAMB36_X2Y19         RAMB36E1                                     r  <hidden>
                         clock pessimism             -0.264     0.970    
    RAMB36_X2Y19         RAMB36E1 (Hold_ramb36e1_CLKARDCLK_DIADI[7])
                                                      0.243     1.213    <hidden>
  -------------------------------------------------------------------
                         required time                         -1.213    
                         arrival time                           1.315    
  -------------------------------------------------------------------
                         slack                                  0.102    

Slack (MET) :             0.104ns  (arrival time - required time)
  Source:                 eeg_bci_ps_pl_system_i/BCI_0/inst/accelerator/core/datapath/partial_result_data_q_reg[13]/C
                            (rising edge-triggered cell FDCE clocked by clk_fpga_0  {rise@0.000ns fall@7.000ns period=14.000ns})
  Destination:            eeg_bci_ps_pl_system_i/BCI_0/inst/accelerator/core/datapath/partial_scratch_reg_0_63_12_14/RAMB/I
                            (rising edge-triggered cell RAMD64E clocked by clk_fpga_0  {rise@0.000ns fall@7.000ns period=14.000ns})
  Path Group:             clk_fpga_0
  Path Type:              Hold (Min at Fast Process Corner)
  Requirement:            0.000ns  (clk_fpga_0 rise@0.000ns - clk_fpga_0 rise@0.000ns)
  Data Path Delay:        0.263ns  (logic 0.141ns (53.584%)  route 0.122ns (46.416%))
  Logic Levels:           0  
  Clock Path Skew:        0.013ns (DCD - SCD - CPR)
    Destination Clock Delay (DCD):    1.202ns
    Source Clock Delay      (SCD):    0.905ns
    Clock Pessimism Removal (CPR):    0.284ns

    Location             Delay type                Incr(ns)  Path(ns)    Netlist Resource(s)
  -------------------------------------------------------------------    -------------------
                         (clock clk_fpga_0 rise edge)
                                                      0.000     0.000 r  
    PS7_X0Y0             PS7                          0.000     0.000 r  eeg_bci_ps_pl_system_i/processing_system7_0/inst/PS7_i/FCLKCLK[0]
                         net (fo=1, routed)           0.310     0.310    eeg_bci_ps_pl_system_i/processing_system7_0/inst/FCLK_CLK_unbuffered[0]
    BUFGCTRL_X0Y16       BUFG (Prop_bufg_I_O)         0.026     0.336 r  eeg_bci_ps_pl_system_i/processing_system7_0/inst/buffer_fclk_clk_0.FCLK_CLK_0_BUFG/O
                         net (fo=6160, routed)        0.569     0.905    eeg_bci_ps_pl_system_i/BCI_0/inst/accelerator/core/datapath/s_axi_aclk
    SLICE_X27Y84         FDCE                                         r  eeg_bci_ps_pl_system_i/BCI_0/inst/accelerator/core/datapath/partial_result_data_q_reg[13]/C
  -------------------------------------------------------------------    -------------------
    SLICE_X27Y84         FDCE (Prop_fdce_C_Q)         0.141     1.046 r  eeg_bci_ps_pl_system_i/BCI_0/inst/accelerator/core/datapath/partial_result_data_q_reg[13]/Q
                         net (fo=3, routed)           0.122     1.168    eeg_bci_ps_pl_system_i/BCI_0/inst/accelerator/core/datapath/partial_scratch_reg_0_63_12_14/DIB
    SLICE_X26Y83         RAMD64E                                      r  eeg_bci_ps_pl_system_i/BCI_0/inst/accelerator/core/datapath/partial_scratch_reg_0_63_12_14/RAMB/I
  -------------------------------------------------------------------    -------------------

                         (clock clk_fpga_0 rise edge)
                                                      0.000     0.000 r  
    PS7_X0Y0             PS7                          0.000     0.000 r  eeg_bci_ps_pl_system_i/processing_system7_0/inst/PS7_i/FCLKCLK[0]
                         net (fo=1, routed)           0.337     0.337    eeg_bci_ps_pl_system_i/processing_system7_0/inst/FCLK_CLK_unbuffered[0]
    BUFGCTRL_X0Y16       BUFG (Prop_bufg_I_O)         0.029     0.366 r  eeg_bci_ps_pl_system_i/processing_system7_0/inst/buffer_fclk_clk_0.FCLK_CLK_0_BUFG/O
                         net (fo=6160, routed)        0.836     1.202    eeg_bci_ps_pl_system_i/BCI_0/inst/accelerator/core/datapath/partial_scratch_reg_0_63_12_14/WCLK
    SLICE_X26Y83         RAMD64E                                      r  eeg_bci_ps_pl_system_i/BCI_0/inst/accelerator/core/datapath/partial_scratch_reg_0_63_12_14/RAMB/CLK
                         clock pessimism             -0.284     0.918    
    SLICE_X26Y83         RAMD64E (Hold_ramd64e_CLK_I)
                                                      0.146     1.064    eeg_bci_ps_pl_system_i/BCI_0/inst/accelerator/core/datapath/partial_scratch_reg_0_63_12_14/RAMB
  -------------------------------------------------------------------
                         required time                         -1.064    
                         arrival time                           1.168    
  -------------------------------------------------------------------
                         slack                                  0.104    

Slack (MET) :             0.107ns  (arrival time - required time)
  Source:                 eeg_bci_ps_pl_system_i/BCI_0/inst/accelerator/core/scheduler/parameter_load_pack_reg[19]/C
                            (rising edge-triggered cell FDRE clocked by clk_fpga_0  {rise@0.000ns fall@7.000ns period=14.000ns})
  Destination:            eeg_bci_ps_pl_system_i/BCI_0/inst/accelerator/core/scheduler/parameter_memory_reg_2/DIADI[19]
                            (rising edge-triggered cell RAMB36E1 clocked by clk_fpga_0  {rise@0.000ns fall@7.000ns period=14.000ns})
  Path Group:             clk_fpga_0
  Path Type:              Hold (Min at Fast Process Corner)
  Requirement:            0.000ns  (clk_fpga_0 rise@0.000ns - clk_fpga_0 rise@0.000ns)
  Data Path Delay:        0.320ns  (logic 0.141ns (44.131%)  route 0.179ns (55.869%))
  Logic Levels:           0  
  Clock Path Skew:        0.057ns (DCD - SCD - CPR)
    Destination Clock Delay (DCD):    1.270ns
    Source Clock Delay      (SCD):    0.931ns
    Clock Pessimism Removal (CPR):    0.282ns

    Location             Delay type                Incr(ns)  Path(ns)    Netlist Resource(s)
  -------------------------------------------------------------------    -------------------
                         (clock clk_fpga_0 rise edge)
                                                      0.000     0.000 r  
    PS7_X0Y0             PS7                          0.000     0.000 r  eeg_bci_ps_pl_system_i/processing_system7_0/inst/PS7_i/FCLKCLK[0]
                         net (fo=1, routed)           0.310     0.310    eeg_bci_ps_pl_system_i/processing_system7_0/inst/FCLK_CLK_unbuffered[0]
    BUFGCTRL_X0Y16       BUFG (Prop_bufg_I_O)         0.026     0.336 r  eeg_bci_ps_pl_system_i/processing_system7_0/inst/buffer_fclk_clk_0.FCLK_CLK_0_BUFG/O
                         net (fo=6160, routed)        0.595     0.931    eeg_bci_ps_pl_system_i/BCI_0/inst/accelerator/core/scheduler/s_axi_aclk
    SLICE_X23Y44         FDRE                                         r  eeg_bci_ps_pl_system_i/BCI_0/inst/accelerator/core/scheduler/parameter_load_pack_reg[19]/C
  -------------------------------------------------------------------    -------------------
    SLICE_X23Y44         FDRE (Prop_fdre_C_Q)         0.141     1.072 r  eeg_bci_ps_pl_system_i/BCI_0/inst/accelerator/core/scheduler/parameter_load_pack_reg[19]/Q
                         net (fo=2, routed)           0.179     1.250    eeg_bci_ps_pl_system_i/BCI_0/inst/accelerator/core/scheduler/parameter_load_pack[19]
    RAMB36_X1Y8          RAMB36E1                                     r  eeg_bci_ps_pl_system_i/BCI_0/inst/accelerator/core/scheduler/parameter_memory_reg_2/DIADI[19]
  -------------------------------------------------------------------    -------------------

                         (clock clk_fpga_0 rise edge)
                                                      0.000     0.000 r  
    PS7_X0Y0             PS7                          0.000     0.000 r  eeg_bci_ps_pl_system_i/processing_system7_0/inst/PS7_i/FCLKCLK[0]
                         net (fo=1, routed)           0.337     0.337    eeg_bci_ps_pl_system_i/processing_system7_0/inst/FCLK_CLK_unbuffered[0]
    BUFGCTRL_X0Y16       BUFG (Prop_bufg_I_O)         0.029     0.366 r  eeg_bci_ps_pl_system_i/processing_system7_0/inst/buffer_fclk_clk_0.FCLK_CLK_0_BUFG/O
                         net (fo=6160, routed)        0.904     1.270    eeg_bci_ps_pl_system_i/BCI_0/inst/accelerator/core/scheduler/s_axi_aclk
    RAMB36_X1Y8          RAMB36E1                                     r  eeg_bci_ps_pl_system_i/BCI_0/inst/accelerator/core/scheduler/parameter_memory_reg_2/CLKBWRCLK
                         clock pessimism             -0.282     0.988    
    RAMB36_X1Y8          RAMB36E1 (Hold_ramb36e1_CLKBWRCLK_DIADI[19])
                                                      0.155     1.143    eeg_bci_ps_pl_system_i/BCI_0/inst/accelerator/core/scheduler/parameter_memory_reg_2
  -------------------------------------------------------------------
                         required time                         -1.143    
                         arrival time                           1.250    
  -------------------------------------------------------------------
                         slack                                  0.107    

Slack (MET) :             0.107ns  (arrival time - required time)
  Source:                 eeg_bci_ps_pl_system_i/BCI_0/inst/wdata_hold_reg[8]/C
                            (rising edge-triggered cell FDCE clocked by clk_fpga_0  {rise@0.000ns fall@7.000ns period=14.000ns})
  Destination:            eeg_bci_ps_pl_system_i/BCI_0/inst/accelerator/control/wdata_hold_reg[8]/D
                            (rising edge-triggered cell FDCE clocked by clk_fpga_0  {rise@0.000ns fall@7.000ns period=14.000ns})
  Path Group:             clk_fpga_0
  Path Type:              Hold (Min at Fast Process Corner)
  Requirement:            0.000ns  (clk_fpga_0 rise@0.000ns - clk_fpga_0 rise@0.000ns)
  Data Path Delay:        0.475ns  (logic 0.128ns (26.926%)  route 0.347ns (73.074%))
  Logic Levels:           0  
  Clock Path Skew:        0.349ns (DCD - SCD - CPR)
    Destination Clock Delay (DCD):    1.296ns
    Source Clock Delay      (SCD):    0.912ns
    Clock Pessimism Removal (CPR):    0.035ns

    Location             Delay type                Incr(ns)  Path(ns)    Netlist Resource(s)
  -------------------------------------------------------------------    -------------------
                         (clock clk_fpga_0 rise edge)
                                                      0.000     0.000 r  
    PS7_X0Y0             PS7                          0.000     0.000 r  eeg_bci_ps_pl_system_i/processing_system7_0/inst/PS7_i/FCLKCLK[0]
                         net (fo=1, routed)           0.310     0.310    eeg_bci_ps_pl_system_i/processing_system7_0/inst/FCLK_CLK_unbuffered[0]
    BUFGCTRL_X0Y16       BUFG (Prop_bufg_I_O)         0.026     0.336 r  eeg_bci_ps_pl_system_i/processing_system7_0/inst/buffer_fclk_clk_0.FCLK_CLK_0_BUFG/O
                         net (fo=6160, routed)        0.576     0.912    eeg_bci_ps_pl_system_i/BCI_0/inst/s_axi_aclk
    SLICE_X29Y96         FDCE                                         r  eeg_bci_ps_pl_system_i/BCI_0/inst/wdata_hold_reg[8]/C
  -------------------------------------------------------------------    -------------------
    SLICE_X29Y96         FDCE (Prop_fdce_C_Q)         0.128     1.040 r  eeg_bci_ps_pl_system_i/BCI_0/inst/wdata_hold_reg[8]/Q
                         net (fo=2, routed)           0.347     1.387    eeg_bci_ps_pl_system_i/BCI_0/inst/accelerator/control/sample_bram_dina[8]
    SLICE_X31Y105        FDCE                                         r  eeg_bci_ps_pl_system_i/BCI_0/inst/accelerator/control/wdata_hold_reg[8]/D
  -------------------------------------------------------------------    -------------------

                         (clock clk_fpga_0 rise edge)
                                                      0.000     0.000 r  
    PS7_X0Y0             PS7                          0.000     0.000 r  eeg_bci_ps_pl_system_i/processing_system7_0/inst/PS7_i/FCLKCLK[0]
                         net (fo=1, routed)           0.337     0.337    eeg_bci_ps_pl_system_i/processing_system7_0/inst/FCLK_CLK_unbuffered[0]
    BUFGCTRL_X0Y16       BUFG (Prop_bufg_I_O)         0.029     0.366 r  eeg_bci_ps_pl_system_i/processing_system7_0/inst/buffer_fclk_clk_0.FCLK_CLK_0_BUFG/O
                         net (fo=6160, routed)        0.930     1.296    eeg_bci_ps_pl_system_i/BCI_0/inst/accelerator/control/s_axi_aclk
    SLICE_X31Y105        FDCE                                         r  eeg_bci_ps_pl_system_i/BCI_0/inst/accelerator/control/wdata_hold_reg[8]/C
                         clock pessimism             -0.035     1.261    
    SLICE_X31Y105        FDCE (Hold_fdce_C_D)         0.019     1.280    eeg_bci_ps_pl_system_i/BCI_0/inst/accelerator/control/wdata_hold_reg[8]
  -------------------------------------------------------------------
                         required time                         -1.280    
                         arrival time                           1.387    
  -------------------------------------------------------------------
                         slack                                  0.107    

Slack (MET) :             0.108ns  (arrival time - required time)
  Source:                 eeg_bci_ps_pl_system_i/BCI_0/inst/accelerator/core/mac_activity_reg[12]/C
                            (rising edge-triggered cell FDCE clocked by clk_fpga_0  {rise@0.000ns fall@7.000ns period=14.000ns})
  Destination:            eeg_bci_ps_pl_system_i/BCI_0/inst/accelerator/core/mac_activity_reg[16]/D
                            (rising edge-triggered cell FDCE clocked by clk_fpga_0  {rise@0.000ns fall@7.000ns period=14.000ns})
  Path Group:             clk_fpga_0
  Path Type:              Hold (Min at Fast Process Corner)
  Requirement:            0.000ns  (clk_fpga_0 rise@0.000ns - clk_fpga_0 rise@0.000ns)
  Data Path Delay:        0.561ns  (logic 0.392ns (69.876%)  route 0.169ns (30.124%))
  Logic Levels:           3  (CARRY4=2 LUT2=1)
  Clock Path Skew:        0.348ns (DCD - SCD - CPR)
    Destination Clock Delay (DCD):    1.278ns
    Source Clock Delay      (SCD):    0.895ns
    Clock Pessimism Removal (CPR):    0.035ns

    Location             Delay type                Incr(ns)  Path(ns)    Netlist Resource(s)
  -------------------------------------------------------------------    -------------------
                         (clock clk_fpga_0 rise edge)
                                                      0.000     0.000 r  
    PS7_X0Y0             PS7                          0.000     0.000 r  eeg_bci_ps_pl_system_i/processing_system7_0/inst/PS7_i/FCLKCLK[0]
                         net (fo=1, routed)           0.310     0.310    eeg_bci_ps_pl_system_i/processing_system7_0/inst/FCLK_CLK_unbuffered[0]
    BUFGCTRL_X0Y16       BUFG (Prop_bufg_I_O)         0.026     0.336 r  eeg_bci_ps_pl_system_i/processing_system7_0/inst/buffer_fclk_clk_0.FCLK_CLK_0_BUFG/O
                         net (fo=6160, routed)        0.559     0.895    eeg_bci_ps_pl_system_i/BCI_0/inst/accelerator/core/s_axi_aclk
    SLICE_X35Y99         FDCE                                         r  eeg_bci_ps_pl_system_i/BCI_0/inst/accelerator/core/mac_activity_reg[12]/C
  -------------------------------------------------------------------    -------------------
    SLICE_X35Y99         FDCE (Prop_fdce_C_Q)         0.141     1.036 r  eeg_bci_ps_pl_system_i/BCI_0/inst/accelerator/core/mac_activity_reg[12]/Q
                         net (fo=3, routed)           0.168     1.204    eeg_bci_ps_pl_system_i/BCI_0/inst/accelerator/core/mac_activity_reg[12]
    SLICE_X35Y99         LUT2 (Prop_lut2_I1_O)        0.045     1.249 r  eeg_bci_ps_pl_system_i/BCI_0/inst/accelerator/core/eeg_bci_ps_pl_s3_LUT2_46/O
                         net (fo=1, routed)           0.000     1.249    eeg_bci_ps_pl_system_i/BCI_0/inst/accelerator/core/eeg_bci_ps_pl_s3_net_96
    SLICE_X35Y99         CARRY4 (Prop_carry4_S[0]_CO[3])
                                                      0.152     1.401 r  eeg_bci_ps_pl_system_i/BCI_0/inst/accelerator/core/mac_activity_reg[12]_i_1/CO[3]
                         net (fo=1, routed)           0.001     1.402    eeg_bci_ps_pl_system_i/BCI_0/inst/accelerator/core/mac_activity_reg[12]_i_1_n_0
    SLICE_X35Y100        CARRY4 (Prop_carry4_CI_O[0])
                                                      0.054     1.456 r  eeg_bci_ps_pl_system_i/BCI_0/inst/accelerator/core/mac_activity_reg[16]_i_1/O[0]
                         net (fo=1, routed)           0.000     1.456    eeg_bci_ps_pl_system_i/BCI_0/inst/accelerator/core/mac_activity_reg[16]_i_1_n_7
    SLICE_X35Y100        FDCE                                         r  eeg_bci_ps_pl_system_i/BCI_0/inst/accelerator/core/mac_activity_reg[16]/D
  -------------------------------------------------------------------    -------------------

                         (clock clk_fpga_0 rise edge)
                                                      0.000     0.000 r  
    PS7_X0Y0             PS7                          0.000     0.000 r  eeg_bci_ps_pl_system_i/processing_system7_0/inst/PS7_i/FCLKCLK[0]
                         net (fo=1, routed)           0.337     0.337    eeg_bci_ps_pl_system_i/processing_system7_0/inst/FCLK_CLK_unbuffered[0]
    BUFGCTRL_X0Y16       BUFG (Prop_bufg_I_O)         0.029     0.366 r  eeg_bci_ps_pl_system_i/processing_system7_0/inst/buffer_fclk_clk_0.FCLK_CLK_0_BUFG/O
                         net (fo=6160, routed)        0.912     1.278    eeg_bci_ps_pl_system_i/BCI_0/inst/accelerator/core/s_axi_aclk
    SLICE_X35Y100        FDCE                                         r  eeg_bci_ps_pl_system_i/BCI_0/inst/accelerator/core/mac_activity_reg[16]/C
                         clock pessimism             -0.035     1.243    
    SLICE_X35Y100        FDCE (Hold_fdce_C_D)         0.105     1.348    eeg_bci_ps_pl_system_i/BCI_0/inst/accelerator/core/mac_activity_reg[16]
  -------------------------------------------------------------------
                         required time                         -1.348    
                         arrival time                           1.456    
  -------------------------------------------------------------------
                         slack                                  0.108    

Slack (MET) :             0.112ns  (arrival time - required time)
  Source:                 eeg_bci_ps_pl_system_i/BCI_0/inst/accelerator/core/datapath/mac16_inst/product_bus_q_reg[79]/C
                            (rising edge-triggered cell FDCE clocked by clk_fpga_0  {rise@0.000ns fall@7.000ns period=14.000ns})
  Destination:            eeg_bci_ps_pl_system_i/BCI_0/inst/accelerator/core/datapath/mac16_inst/sum2_bus_q_reg[47]/D
                            (rising edge-triggered cell FDCE clocked by clk_fpga_0  {rise@0.000ns fall@7.000ns period=14.000ns})
  Path Group:             clk_fpga_0
  Path Type:              Hold (Min at Fast Process Corner)
  Requirement:            0.000ns  (clk_fpga_0 rise@0.000ns - clk_fpga_0 rise@0.000ns)
  Data Path Delay:        0.555ns  (logic 0.186ns (33.492%)  route 0.369ns (66.508%))
  Logic Levels:           1  (LUT3=1)
  Clock Path Skew:        0.351ns (DCD - SCD - CPR)
    Destination Clock Delay (DCD):    1.305ns
    Source Clock Delay      (SCD):    0.919ns
    Clock Pessimism Removal (CPR):    0.035ns

    Location             Delay type                Incr(ns)  Path(ns)    Netlist Resource(s)
  -------------------------------------------------------------------    -------------------
                         (clock clk_fpga_0 rise edge)
                                                      0.000     0.000 r  
    PS7_X0Y0             PS7                          0.000     0.000 r  eeg_bci_ps_pl_system_i/processing_system7_0/inst/PS7_i/FCLKCLK[0]
                         net (fo=1, routed)           0.310     0.310    eeg_bci_ps_pl_system_i/processing_system7_0/inst/FCLK_CLK_unbuffered[0]
    BUFGCTRL_X0Y16       BUFG (Prop_bufg_I_O)         0.026     0.336 r  eeg_bci_ps_pl_system_i/processing_system7_0/inst/buffer_fclk_clk_0.FCLK_CLK_0_BUFG/O
                         net (fo=6160, routed)        0.583     0.919    eeg_bci_ps_pl_system_i/BCI_0/inst/accelerator/core/datapath/mac16_inst/s_axi_aclk
    SLICE_X80Y94         FDCE                                         r  eeg_bci_ps_pl_system_i/BCI_0/inst/accelerator/core/datapath/mac16_inst/product_bus_q_reg[79]/C
  -------------------------------------------------------------------    -------------------
    SLICE_X80Y94         FDCE (Prop_fdce_C_Q)         0.141     1.060 r  eeg_bci_ps_pl_system_i/BCI_0/inst/accelerator/core/datapath/mac16_inst/product_bus_q_reg[79]/Q
                         net (fo=3, routed)           0.369     1.429    eeg_bci_ps_pl_system_i/BCI_0/inst/accelerator/core/datapath/mac16_inst/p_5_in[15]
    SLICE_X85Y102        LUT3 (Prop_lut3_I2_O)        0.045     1.474 r  eeg_bci_ps_pl_system_i/BCI_0/inst/accelerator/core/datapath/mac16_inst/sum2_bus_q[47]_i_1/O
                         net (fo=1, routed)           0.000     1.474    eeg_bci_ps_pl_system_i/BCI_0/inst/accelerator/core/datapath/mac16_inst/sum2_bus_comb[47]
    SLICE_X85Y102        FDCE                                         r  eeg_bci_ps_pl_system_i/BCI_0/inst/accelerator/core/datapath/mac16_inst/sum2_bus_q_reg[47]/D
  -------------------------------------------------------------------    -------------------

                         (clock clk_fpga_0 rise edge)
                                                      0.000     0.000 r  
    PS7_X0Y0             PS7                          0.000     0.000 r  eeg_bci_ps_pl_system_i/processing_system7_0/inst/PS7_i/FCLKCLK[0]
                         net (fo=1, routed)           0.337     0.337    eeg_bci_ps_pl_system_i/processing_system7_0/inst/FCLK_CLK_unbuffered[0]
    BUFGCTRL_X0Y16       BUFG (Prop_bufg_I_O)         0.029     0.366 r  eeg_bci_ps_pl_system_i/processing_system7_0/inst/buffer_fclk_clk_0.FCLK_CLK_0_BUFG/O
                         net (fo=6160, routed)        0.939     1.305    eeg_bci_ps_pl_system_i/BCI_0/inst/accelerator/core/datapath/mac16_inst/s_axi_aclk
    SLICE_X85Y102        FDCE                                         r  eeg_bci_ps_pl_system_i/BCI_0/inst/accelerator/core/datapath/mac16_inst/sum2_bus_q_reg[47]/C
                         clock pessimism             -0.035     1.270    
    SLICE_X85Y102        FDCE (Hold_fdce_C_D)         0.092     1.362    eeg_bci_ps_pl_system_i/BCI_0/inst/accelerator/core/datapath/mac16_inst/sum2_bus_q_reg[47]
  -------------------------------------------------------------------
                         required time                         -1.362    
                         arrival time                           1.474    
  -------------------------------------------------------------------
                         slack                                  0.112    

Slack (MET) :             0.113ns  (arrival time - required time)
  Source:                 eeg_bci_ps_pl_system_i/BCI_0/inst/accelerator/core/datapath/mac16_inst/sum2_bus_q_reg[111]/C
                            (rising edge-triggered cell FDCE clocked by clk_fpga_0  {rise@0.000ns fall@7.000ns period=14.000ns})
  Destination:            eeg_bci_ps_pl_system_i/BCI_0/inst/accelerator/core/datapath/mac16_inst/sum4_bus_q_reg[63]/D
                            (rising edge-triggered cell FDCE clocked by clk_fpga_0  {rise@0.000ns fall@7.000ns period=14.000ns})
  Path Group:             clk_fpga_0
  Path Type:              Hold (Min at Fast Process Corner)
  Requirement:            0.000ns  (clk_fpga_0 rise@0.000ns - clk_fpga_0 rise@0.000ns)
  Data Path Delay:        0.552ns  (logic 0.186ns (33.677%)  route 0.366ns (66.323%))
  Logic Levels:           1  (LUT3=1)
  Clock Path Skew:        0.348ns (DCD - SCD - CPR)
    Destination Clock Delay (DCD):    1.272ns
    Source Clock Delay      (SCD):    0.889ns
    Clock Pessimism Removal (CPR):    0.035ns

    Location             Delay type                Incr(ns)  Path(ns)    Netlist Resource(s)
  -------------------------------------------------------------------    -------------------
                         (clock clk_fpga_0 rise edge)
                                                      0.000     0.000 r  
    PS7_X0Y0             PS7                          0.000     0.000 r  eeg_bci_ps_pl_system_i/processing_system7_0/inst/PS7_i/FCLKCLK[0]
                         net (fo=1, routed)           0.310     0.310    eeg_bci_ps_pl_system_i/processing_system7_0/inst/FCLK_CLK_unbuffered[0]
    BUFGCTRL_X0Y16       BUFG (Prop_bufg_I_O)         0.026     0.336 r  eeg_bci_ps_pl_system_i/processing_system7_0/inst/buffer_fclk_clk_0.FCLK_CLK_0_BUFG/O
                         net (fo=6160, routed)        0.553     0.889    eeg_bci_ps_pl_system_i/BCI_0/inst/accelerator/core/datapath/mac16_inst/s_axi_aclk
    SLICE_X51Y99         FDCE                                         r  eeg_bci_ps_pl_system_i/BCI_0/inst/accelerator/core/datapath/mac16_inst/sum2_bus_q_reg[111]/C
  -------------------------------------------------------------------    -------------------
    SLICE_X51Y99         FDCE (Prop_fdce_C_Q)         0.141     1.030 r  eeg_bci_ps_pl_system_i/BCI_0/inst/accelerator/core/datapath/mac16_inst/sum2_bus_q_reg[111]/Q
                         net (fo=3, routed)           0.366     1.396    eeg_bci_ps_pl_system_i/BCI_0/inst/accelerator/core/datapath/mac16_inst/sum2_bus_q[111]
    SLICE_X51Y103        LUT3 (Prop_lut3_I2_O)        0.045     1.441 r  eeg_bci_ps_pl_system_i/BCI_0/inst/accelerator/core/datapath/mac16_inst/sum4_bus_q[63]_i_1/O
                         net (fo=1, routed)           0.000     1.441    eeg_bci_ps_pl_system_i/BCI_0/inst/accelerator/core/datapath/mac16_inst/sum4_bus_comb[63]
    SLICE_X51Y103        FDCE                                         r  eeg_bci_ps_pl_system_i/BCI_0/inst/accelerator/core/datapath/mac16_inst/sum4_bus_q_reg[63]/D
  -------------------------------------------------------------------    -------------------

                         (clock clk_fpga_0 rise edge)
                                                      0.000     0.000 r  
    PS7_X0Y0             PS7                          0.000     0.000 r  eeg_bci_ps_pl_system_i/processing_system7_0/inst/PS7_i/FCLKCLK[0]
                         net (fo=1, routed)           0.337     0.337    eeg_bci_ps_pl_system_i/processing_system7_0/inst/FCLK_CLK_unbuffered[0]
    BUFGCTRL_X0Y16       BUFG (Prop_bufg_I_O)         0.029     0.366 r  eeg_bci_ps_pl_system_i/processing_system7_0/inst/buffer_fclk_clk_0.FCLK_CLK_0_BUFG/O
                         net (fo=6160, routed)        0.906     1.272    eeg_bci_ps_pl_system_i/BCI_0/inst/accelerator/core/datapath/mac16_inst/s_axi_aclk
    SLICE_X51Y103        FDCE                                         r  eeg_bci_ps_pl_system_i/BCI_0/inst/accelerator/core/datapath/mac16_inst/sum4_bus_q_reg[63]/C
                         clock pessimism             -0.035     1.237    
    SLICE_X51Y103        FDCE (Hold_fdce_C_D)         0.091     1.328    eeg_bci_ps_pl_system_i/BCI_0/inst/accelerator/core/datapath/mac16_inst/sum4_bus_q_reg[63]
  -------------------------------------------------------------------
                         required time                         -1.328    
                         arrival time                           1.441    
  -------------------------------------------------------------------
                         slack                                  0.113    

Slack (MET) :             0.113ns  (arrival time - required time)
  Source:                 eeg_bci_ps_pl_system_i/BCI_0/inst/accelerator/core/datapath/partial_result_data_q_reg[12]/C
                            (rising edge-triggered cell FDCE clocked by clk_fpga_0  {rise@0.000ns fall@7.000ns period=14.000ns})
  Destination:            eeg_bci_ps_pl_system_i/BCI_0/inst/accelerator/core/datapath/partial_scratch_reg_0_63_12_14/RAMA/I
                            (rising edge-triggered cell RAMD64E clocked by clk_fpga_0  {rise@0.000ns fall@7.000ns period=14.000ns})
  Path Group:             clk_fpga_0
  Path Type:              Hold (Min at Fast Process Corner)
  Requirement:            0.000ns  (clk_fpga_0 rise@0.000ns - clk_fpga_0 rise@0.000ns)
  Data Path Delay:        0.273ns  (logic 0.141ns (51.633%)  route 0.132ns (48.367%))
  Logic Levels:           0  
  Clock Path Skew:        0.013ns (DCD - SCD - CPR)
    Destination Clock Delay (DCD):    1.202ns
    Source Clock Delay      (SCD):    0.905ns
    Clock Pessimism Removal (CPR):    0.284ns

    Location             Delay type                Incr(ns)  Path(ns)    Netlist Resource(s)
  -------------------------------------------------------------------    -------------------
                         (clock clk_fpga_0 rise edge)
                                                      0.000     0.000 r  
    PS7_X0Y0             PS7                          0.000     0.000 r  eeg_bci_ps_pl_system_i/processing_system7_0/inst/PS7_i/FCLKCLK[0]
                         net (fo=1, routed)           0.310     0.310    eeg_bci_ps_pl_system_i/processing_system7_0/inst/FCLK_CLK_unbuffered[0]
    BUFGCTRL_X0Y16       BUFG (Prop_bufg_I_O)         0.026     0.336 r  eeg_bci_ps_pl_system_i/processing_system7_0/inst/buffer_fclk_clk_0.FCLK_CLK_0_BUFG/O
                         net (fo=6160, routed)        0.569     0.905    eeg_bci_ps_pl_system_i/BCI_0/inst/accelerator/core/datapath/s_axi_aclk
    SLICE_X27Y84         FDCE                                         r  eeg_bci_ps_pl_system_i/BCI_0/inst/accelerator/core/datapath/partial_result_data_q_reg[12]/C
  -------------------------------------------------------------------    -------------------
    SLICE_X27Y84         FDCE (Prop_fdce_C_Q)         0.141     1.046 r  eeg_bci_ps_pl_system_i/BCI_0/inst/accelerator/core/datapath/partial_result_data_q_reg[12]/Q
                         net (fo=3, routed)           0.132     1.178    eeg_bci_ps_pl_system_i/BCI_0/inst/accelerator/core/datapath/partial_scratch_reg_0_63_12_14/DIA
    SLICE_X26Y83         RAMD64E                                      r  eeg_bci_ps_pl_system_i/BCI_0/inst/accelerator/core/datapath/partial_scratch_reg_0_63_12_14/RAMA/I
  -------------------------------------------------------------------    -------------------

                         (clock clk_fpga_0 rise edge)
                                                      0.000     0.000 r  
    PS7_X0Y0             PS7                          0.000     0.000 r  eeg_bci_ps_pl_system_i/processing_system7_0/inst/PS7_i/FCLKCLK[0]
                         net (fo=1, routed)           0.337     0.337    eeg_bci_ps_pl_system_i/processing_system7_0/inst/FCLK_CLK_unbuffered[0]
    BUFGCTRL_X0Y16       BUFG (Prop_bufg_I_O)         0.029     0.366 r  eeg_bci_ps_pl_system_i/processing_system7_0/inst/buffer_fclk_clk_0.FCLK_CLK_0_BUFG/O
                         net (fo=6160, routed)        0.836     1.202    eeg_bci_ps_pl_system_i/BCI_0/inst/accelerator/core/datapath/partial_scratch_reg_0_63_12_14/WCLK
    SLICE_X26Y83         RAMD64E                                      r  eeg_bci_ps_pl_system_i/BCI_0/inst/accelerator/core/datapath/partial_scratch_reg_0_63_12_14/RAMA/CLK
                         clock pessimism             -0.284     0.918    
    SLICE_X26Y83         RAMD64E (Hold_ramd64e_CLK_I)
                                                      0.147     1.065    eeg_bci_ps_pl_system_i/BCI_0/inst/accelerator/core/datapath/partial_scratch_reg_0_63_12_14/RAMA
  -------------------------------------------------------------------
                         required time                         -1.065    
                         arrival time                           1.178    
  -------------------------------------------------------------------
                         slack                                  0.113    

Slack (MET) :             0.114ns  (arrival time - required time)
  Source:                 eeg_bci_ps_pl_system_i/BCI_0/inst/accelerator/core/datapath/partial_result_data_q_reg[14]/C
                            (rising edge-triggered cell FDCE clocked by clk_fpga_0  {rise@0.000ns fall@7.000ns period=14.000ns})
  Destination:            eeg_bci_ps_pl_system_i/BCI_0/inst/accelerator/core/datapath/partial_scratch_reg_0_63_12_14/RAMC/I
                            (rising edge-triggered cell RAMD64E clocked by clk_fpga_0  {rise@0.000ns fall@7.000ns period=14.000ns})
  Path Group:             clk_fpga_0
  Path Type:              Hold (Min at Fast Process Corner)
  Requirement:            0.000ns  (clk_fpga_0 rise@0.000ns - clk_fpga_0 rise@0.000ns)
  Data Path Delay:        0.271ns  (logic 0.141ns (52.066%)  route 0.130ns (47.934%))
  Logic Levels:           0  
  Clock Path Skew:        0.013ns (DCD - SCD - CPR)
    Destination Clock Delay (DCD):    1.202ns
    Source Clock Delay      (SCD):    0.905ns
    Clock Pessimism Removal (CPR):    0.284ns

    Location             Delay type                Incr(ns)  Path(ns)    Netlist Resource(s)
  -------------------------------------------------------------------    -------------------
                         (clock clk_fpga_0 rise edge)
                                                      0.000     0.000 r  
    PS7_X0Y0             PS7                          0.000     0.000 r  eeg_bci_ps_pl_system_i/processing_system7_0/inst/PS7_i/FCLKCLK[0]
                         net (fo=1, routed)           0.310     0.310    eeg_bci_ps_pl_system_i/processing_system7_0/inst/FCLK_CLK_unbuffered[0]
    BUFGCTRL_X0Y16       BUFG (Prop_bufg_I_O)         0.026     0.336 r  eeg_bci_ps_pl_system_i/processing_system7_0/inst/buffer_fclk_clk_0.FCLK_CLK_0_BUFG/O
                         net (fo=6160, routed)        0.569     0.905    eeg_bci_ps_pl_system_i/BCI_0/inst/accelerator/core/datapath/s_axi_aclk
    SLICE_X27Y84         FDCE                                         r  eeg_bci_ps_pl_system_i/BCI_0/inst/accelerator/core/datapath/partial_result_data_q_reg[14]/C
  -------------------------------------------------------------------    -------------------
    SLICE_X27Y84         FDCE (Prop_fdce_C_Q)         0.141     1.046 r  eeg_bci_ps_pl_system_i/BCI_0/inst/accelerator/core/datapath/partial_result_data_q_reg[14]/Q
                         net (fo=3, routed)           0.130     1.175    eeg_bci_ps_pl_system_i/BCI_0/inst/accelerator/core/datapath/partial_scratch_reg_0_63_12_14/DIC
    SLICE_X26Y83         RAMD64E                                      r  eeg_bci_ps_pl_system_i/BCI_0/inst/accelerator/core/datapath/partial_scratch_reg_0_63_12_14/RAMC/I
  -------------------------------------------------------------------    -------------------

                         (clock clk_fpga_0 rise edge)
                                                      0.000     0.000 r  
    PS7_X0Y0             PS7                          0.000     0.000 r  eeg_bci_ps_pl_system_i/processing_system7_0/inst/PS7_i/FCLKCLK[0]
                         net (fo=1, routed)           0.337     0.337    eeg_bci_ps_pl_system_i/processing_system7_0/inst/FCLK_CLK_unbuffered[0]
    BUFGCTRL_X0Y16       BUFG (Prop_bufg_I_O)         0.029     0.366 r  eeg_bci_ps_pl_system_i/processing_system7_0/inst/buffer_fclk_clk_0.FCLK_CLK_0_BUFG/O
                         net (fo=6160, routed)        0.836     1.202    eeg_bci_ps_pl_system_i/BCI_0/inst/accelerator/core/datapath/partial_scratch_reg_0_63_12_14/WCLK
    SLICE_X26Y83         RAMD64E                                      r  eeg_bci_ps_pl_system_i/BCI_0/inst/accelerator/core/datapath/partial_scratch_reg_0_63_12_14/RAMC/CLK
                         clock pessimism             -0.284     0.918    
    SLICE_X26Y83         RAMD64E (Hold_ramd64e_CLK_I)
                                                      0.144     1.062    eeg_bci_ps_pl_system_i/BCI_0/inst/accelerator/core/datapath/partial_scratch_reg_0_63_12_14/RAMC
  -------------------------------------------------------------------
                         required time                         -1.062    
                         arrival time                           1.175    
  -------------------------------------------------------------------
                         slack                                  0.114    

Slack (MET) :             0.119ns  (arrival time - required time)
  Source:                 eeg_bci_ps_pl_system_i/BCI_0/inst/accelerator/core/mac_activity_reg[12]/C
                            (rising edge-triggered cell FDCE clocked by clk_fpga_0  {rise@0.000ns fall@7.000ns period=14.000ns})
  Destination:            eeg_bci_ps_pl_system_i/BCI_0/inst/accelerator/core/mac_activity_reg[18]/D
                            (rising edge-triggered cell FDCE clocked by clk_fpga_0  {rise@0.000ns fall@7.000ns period=14.000ns})
  Path Group:             clk_fpga_0
  Path Type:              Hold (Min at Fast Process Corner)
  Requirement:            0.000ns  (clk_fpga_0 rise@0.000ns - clk_fpga_0 rise@0.000ns)
  Data Path Delay:        0.572ns  (logic 0.403ns (70.455%)  route 0.169ns (29.545%))
  Logic Levels:           3  (CARRY4=2 LUT2=1)
  Clock Path Skew:        0.348ns (DCD - SCD - CPR)
    Destination Clock Delay (DCD):    1.278ns
    Source Clock Delay      (SCD):    0.895ns
    Clock Pessimism Removal (CPR):    0.035ns

    Location             Delay type                Incr(ns)  Path(ns)    Netlist Resource(s)
  -------------------------------------------------------------------    -------------------
                         (clock clk_fpga_0 rise edge)
                                                      0.000     0.000 r  
    PS7_X0Y0             PS7                          0.000     0.000 r  eeg_bci_ps_pl_system_i/processing_system7_0/inst/PS7_i/FCLKCLK[0]
                         net (fo=1, routed)           0.310     0.310    eeg_bci_ps_pl_system_i/processing_system7_0/inst/FCLK_CLK_unbuffered[0]
    BUFGCTRL_X0Y16       BUFG (Prop_bufg_I_O)         0.026     0.336 r  eeg_bci_ps_pl_system_i/processing_system7_0/inst/buffer_fclk_clk_0.FCLK_CLK_0_BUFG/O
                         net (fo=6160, routed)        0.559     0.895    eeg_bci_ps_pl_system_i/BCI_0/inst/accelerator/core/s_axi_aclk
    SLICE_X35Y99         FDCE                                         r  eeg_bci_ps_pl_system_i/BCI_0/inst/accelerator/core/mac_activity_reg[12]/C
  -------------------------------------------------------------------    -------------------
    SLICE_X35Y99         FDCE (Prop_fdce_C_Q)         0.141     1.036 r  eeg_bci_ps_pl_system_i/BCI_0/inst/accelerator/core/mac_activity_reg[12]/Q
                         net (fo=3, routed)           0.168     1.204    eeg_bci_ps_pl_system_i/BCI_0/inst/accelerator/core/mac_activity_reg[12]
    SLICE_X35Y99         LUT2 (Prop_lut2_I1_O)        0.045     1.249 r  eeg_bci_ps_pl_system_i/BCI_0/inst/accelerator/core/eeg_bci_ps_pl_s3_LUT2_46/O
                         net (fo=1, routed)           0.000     1.249    eeg_bci_ps_pl_system_i/BCI_0/inst/accelerator/core/eeg_bci_ps_pl_s3_net_96
    SLICE_X35Y99         CARRY4 (Prop_carry4_S[0]_CO[3])
                                                      0.152     1.401 r  eeg_bci_ps_pl_system_i/BCI_0/inst/accelerator/core/mac_activity_reg[12]_i_1/CO[3]
                         net (fo=1, routed)           0.001     1.402    eeg_bci_ps_pl_system_i/BCI_0/inst/accelerator/core/mac_activity_reg[12]_i_1_n_0
    SLICE_X35Y100        CARRY4 (Prop_carry4_CI_O[2])
                                                      0.065     1.467 r  eeg_bci_ps_pl_system_i/BCI_0/inst/accelerator/core/mac_activity_reg[16]_i_1/O[2]
                         net (fo=1, routed)           0.000     1.467    eeg_bci_ps_pl_system_i/BCI_0/inst/accelerator/core/mac_activity_reg[16]_i_1_n_5
    SLICE_X35Y100        FDCE                                         r  eeg_bci_ps_pl_system_i/BCI_0/inst/accelerator/core/mac_activity_reg[18]/D
  -------------------------------------------------------------------    -------------------

                         (clock clk_fpga_0 rise edge)
                                                      0.000     0.000 r  
    PS7_X0Y0             PS7                          0.000     0.000 r  eeg_bci_ps_pl_system_i/processing_system7_0/inst/PS7_i/FCLKCLK[0]
                         net (fo=1, routed)           0.337     0.337    eeg_bci_ps_pl_system_i/processing_system7_0/inst/FCLK_CLK_unbuffered[0]
    BUFGCTRL_X0Y16       BUFG (Prop_bufg_I_O)         0.029     0.366 r  eeg_bci_ps_pl_system_i/processing_system7_0/inst/buffer_fclk_clk_0.FCLK_CLK_0_BUFG/O
                         net (fo=6160, routed)        0.912     1.278    eeg_bci_ps_pl_system_i/BCI_0/inst/accelerator/core/s_axi_aclk
    SLICE_X35Y100        FDCE                                         r  eeg_bci_ps_pl_system_i/BCI_0/inst/accelerator/core/mac_activity_reg[18]/C
                         clock pessimism             -0.035     1.243    
    SLICE_X35Y100        FDCE (Hold_fdce_C_D)         0.105     1.348    eeg_bci_ps_pl_system_i/BCI_0/inst/accelerator/core/mac_activity_reg[18]
  -------------------------------------------------------------------
                         required time                         -1.348    
                         arrival time                           1.467    
  -------------------------------------------------------------------
                         slack                                  0.119    

Slack (MET) :             0.122ns  (arrival time - required time)
  Source:                 eeg_bci_ps_pl_system_i/rst_ps7_0_100M/U0/EXT_LPF/ACTIVE_LOW_EXT.ACT_LO_EXT/GENERATE_LEVEL_P_S_CDC.SINGLE_BIT.CROSS_PLEVEL_IN2SCNDRY_IN_cdc_to/C
                            (rising edge-triggered cell FDRE clocked by clk_fpga_0  {rise@0.000ns fall@7.000ns period=14.000ns})
  Destination:            eeg_bci_ps_pl_system_i/rst_ps7_0_100M/U0/EXT_LPF/ACTIVE_LOW_EXT.ACT_LO_EXT/GENERATE_LEVEL_P_S_CDC.SINGLE_BIT.CROSS_PLEVEL_IN2SCNDRY_s_level_out_d2/D
                            (rising edge-triggered cell FDRE clocked by clk_fpga_0  {rise@0.000ns fall@7.000ns period=14.000ns})
  Path Group:             clk_fpga_0
  Path Type:              Hold (Min at Fast Process Corner)
  Requirement:            0.000ns  (clk_fpga_0 rise@0.000ns - clk_fpga_0 rise@0.000ns)
  Data Path Delay:        0.197ns  (logic 0.141ns (71.611%)  route 0.056ns (28.389%))
  Logic Levels:           0  
  Clock Path Skew:        0.000ns (DCD - SCD - CPR)
    Destination Clock Delay (DCD):    1.295ns
    Source Clock Delay      (SCD):    0.994ns
    Clock Pessimism Removal (CPR):    0.301ns

    Location             Delay type                Incr(ns)  Path(ns)    Netlist Resource(s)
  -------------------------------------------------------------------    -------------------
                         (clock clk_fpga_0 rise edge)
                                                      0.000     0.000 r  
    PS7_X0Y0             PS7                          0.000     0.000 r  eeg_bci_ps_pl_system_i/processing_system7_0/inst/PS7_i/FCLKCLK[0]
                         net (fo=1, routed)           0.310     0.310    eeg_bci_ps_pl_system_i/processing_system7_0/inst/FCLK_CLK_unbuffered[0]
    BUFGCTRL_X0Y16       BUFG (Prop_bufg_I_O)         0.026     0.336 r  eeg_bci_ps_pl_system_i/processing_system7_0/inst/buffer_fclk_clk_0.FCLK_CLK_0_BUFG/O
                         net (fo=6160, routed)        0.658     0.994    eeg_bci_ps_pl_system_i/rst_ps7_0_100M/U0/EXT_LPF/ACTIVE_LOW_EXT.ACT_LO_EXT/slowest_sync_clk
    SLICE_X81Y118        FDRE                                         r  eeg_bci_ps_pl_system_i/rst_ps7_0_100M/U0/EXT_LPF/ACTIVE_LOW_EXT.ACT_LO_EXT/GENERATE_LEVEL_P_S_CDC.SINGLE_BIT.CROSS_PLEVEL_IN2SCNDRY_IN_cdc_to/C
  -------------------------------------------------------------------    -------------------
    SLICE_X81Y118        FDRE (Prop_fdre_C_Q)         0.141     1.135 r  eeg_bci_ps_pl_system_i/rst_ps7_0_100M/U0/EXT_LPF/ACTIVE_LOW_EXT.ACT_LO_EXT/GENERATE_LEVEL_P_S_CDC.SINGLE_BIT.CROSS_PLEVEL_IN2SCNDRY_IN_cdc_to/Q
                         net (fo=1, routed)           0.056     1.191    eeg_bci_ps_pl_system_i/rst_ps7_0_100M/U0/EXT_LPF/ACTIVE_LOW_EXT.ACT_LO_EXT/Q
    SLICE_X81Y118        FDRE                                         r  eeg_bci_ps_pl_system_i/rst_ps7_0_100M/U0/EXT_LPF/ACTIVE_LOW_EXT.ACT_LO_EXT/GENERATE_LEVEL_P_S_CDC.SINGLE_BIT.CROSS_PLEVEL_IN2SCNDRY_s_level_out_d2/D
  -------------------------------------------------------------------    -------------------

                         (clock clk_fpga_0 rise edge)
                                                      0.000     0.000 r  
    PS7_X0Y0             PS7                          0.000     0.000 r  eeg_bci_ps_pl_system_i/processing_system7_0/inst/PS7_i/FCLKCLK[0]
                         net (fo=1, routed)           0.337     0.337    eeg_bci_ps_pl_system_i/processing_system7_0/inst/FCLK_CLK_unbuffered[0]
    BUFGCTRL_X0Y16       BUFG (Prop_bufg_I_O)         0.029     0.366 r  eeg_bci_ps_pl_system_i/processing_system7_0/inst/buffer_fclk_clk_0.FCLK_CLK_0_BUFG/O
                         net (fo=6160, routed)        0.929     1.295    eeg_bci_ps_pl_system_i/rst_ps7_0_100M/U0/EXT_LPF/ACTIVE_LOW_EXT.ACT_LO_EXT/slowest_sync_clk
    SLICE_X81Y118        FDRE                                         r  eeg_bci_ps_pl_system_i/rst_ps7_0_100M/U0/EXT_LPF/ACTIVE_LOW_EXT.ACT_LO_EXT/GENERATE_LEVEL_P_S_CDC.SINGLE_BIT.CROSS_PLEVEL_IN2SCNDRY_s_level_out_d2/C
                         clock pessimism             -0.301     0.994    
    SLICE_X81Y118        FDRE (Hold_fdre_C_D)         0.075     1.069    eeg_bci_ps_pl_system_i/rst_ps7_0_100M/U0/EXT_LPF/ACTIVE_LOW_EXT.ACT_LO_EXT/GENERATE_LEVEL_P_S_CDC.SINGLE_BIT.CROSS_PLEVEL_IN2SCNDRY_s_level_out_d2
  -------------------------------------------------------------------
                         required time                         -1.069    
                         arrival time                           1.191    
  -------------------------------------------------------------------
                         slack                                  0.122    

Slack (MET) :             0.123ns  (arrival time - required time)
  Source:                 eeg_bci_ps_pl_system_i/BCI_0/inst/accelerator/core/scheduler/parameter_load_pack_reg[12]/C
                            (rising edge-triggered cell FDRE clocked by clk_fpga_0  {rise@0.000ns fall@7.000ns period=14.000ns})
  Destination:            eeg_bci_ps_pl_system_i/BCI_0/inst/accelerator/core/scheduler/parameter_memory_reg_2/DIADI[12]
                            (rising edge-triggered cell RAMB36E1 clocked by clk_fpga_0  {rise@0.000ns fall@7.000ns period=14.000ns})
  Path Group:             clk_fpga_0
  Path Type:              Hold (Min at Fast Process Corner)
  Requirement:            0.000ns  (clk_fpga_0 rise@0.000ns - clk_fpga_0 rise@0.000ns)
  Data Path Delay:        0.359ns  (logic 0.141ns (39.275%)  route 0.218ns (60.725%))
  Logic Levels:           0  
  Clock Path Skew:        0.081ns (DCD - SCD - CPR)
    Destination Clock Delay (DCD):    1.270ns
    Source Clock Delay      (SCD):    0.926ns
    Clock Pessimism Removal (CPR):    0.263ns

    Location             Delay type                Incr(ns)  Path(ns)    Netlist Resource(s)
  -------------------------------------------------------------------    -------------------
                         (clock clk_fpga_0 rise edge)
                                                      0.000     0.000 r  
    PS7_X0Y0             PS7                          0.000     0.000 r  eeg_bci_ps_pl_system_i/processing_system7_0/inst/PS7_i/FCLKCLK[0]
                         net (fo=1, routed)           0.310     0.310    eeg_bci_ps_pl_system_i/processing_system7_0/inst/FCLK_CLK_unbuffered[0]
    BUFGCTRL_X0Y16       BUFG (Prop_bufg_I_O)         0.026     0.336 r  eeg_bci_ps_pl_system_i/processing_system7_0/inst/buffer_fclk_clk_0.FCLK_CLK_0_BUFG/O
                         net (fo=6160, routed)        0.590     0.926    eeg_bci_ps_pl_system_i/BCI_0/inst/accelerator/core/scheduler/s_axi_aclk
    SLICE_X25Y41         FDRE                                         r  eeg_bci_ps_pl_system_i/BCI_0/inst/accelerator/core/scheduler/parameter_load_pack_reg[12]/C
  -------------------------------------------------------------------    -------------------
    SLICE_X25Y41         FDRE (Prop_fdre_C_Q)         0.141     1.067 r  eeg_bci_ps_pl_system_i/BCI_0/inst/accelerator/core/scheduler/parameter_load_pack_reg[12]/Q
                         net (fo=2, routed)           0.218     1.285    eeg_bci_ps_pl_system_i/BCI_0/inst/accelerator/core/scheduler/parameter_load_pack[12]
    RAMB36_X1Y8          RAMB36E1                                     r  eeg_bci_ps_pl_system_i/BCI_0/inst/accelerator/core/scheduler/parameter_memory_reg_2/DIADI[12]
  -------------------------------------------------------------------    -------------------

                         (clock clk_fpga_0 rise edge)
                                                      0.000     0.000 r  
    PS7_X0Y0             PS7                          0.000     0.000 r  eeg_bci_ps_pl_system_i/processing_system7_0/inst/PS7_i/FCLKCLK[0]
                         net (fo=1, routed)           0.337     0.337    eeg_bci_ps_pl_system_i/processing_system7_0/inst/FCLK_CLK_unbuffered[0]
    BUFGCTRL_X0Y16       BUFG (Prop_bufg_I_O)         0.029     0.366 r  eeg_bci_ps_pl_system_i/processing_system7_0/inst/buffer_fclk_clk_0.FCLK_CLK_0_BUFG/O
                         net (fo=6160, routed)        0.904     1.270    eeg_bci_ps_pl_system_i/BCI_0/inst/accelerator/core/scheduler/s_axi_aclk
    RAMB36_X1Y8          RAMB36E1                                     r  eeg_bci_ps_pl_system_i/BCI_0/inst/accelerator/core/scheduler/parameter_memory_reg_2/CLKBWRCLK
                         clock pessimism             -0.263     1.007    
    RAMB36_X1Y8          RAMB36E1 (Hold_ramb36e1_CLKBWRCLK_DIADI[12])
                                                      0.155     1.162    eeg_bci_ps_pl_system_i/BCI_0/inst/accelerator/core/scheduler/parameter_memory_reg_2
  -------------------------------------------------------------------
                         required time                         -1.162    
                         arrival time                           1.285    
  -------------------------------------------------------------------
                         slack                                  0.123    

Slack (MET) :             0.123ns  (arrival time - required time)
  Source:                 eeg_bci_ps_pl_system_i/BCI_0/inst/accelerator/core/scheduler/parameter_load_pack_reg[17]/C
                            (rising edge-triggered cell FDRE clocked by clk_fpga_0  {rise@0.000ns fall@7.000ns period=14.000ns})
  Destination:            eeg_bci_ps_pl_system_i/BCI_0/inst/accelerator/core/scheduler/parameter_memory_reg_2/DIADI[17]
                            (rising edge-triggered cell RAMB36E1 clocked by clk_fpga_0  {rise@0.000ns fall@7.000ns period=14.000ns})
  Path Group:             clk_fpga_0
  Path Type:              Hold (Min at Fast Process Corner)
  Requirement:            0.000ns  (clk_fpga_0 rise@0.000ns - clk_fpga_0 rise@0.000ns)
  Data Path Delay:        0.359ns  (logic 0.141ns (39.235%)  route 0.218ns (60.765%))
  Logic Levels:           0  
  Clock Path Skew:        0.081ns (DCD - SCD - CPR)
    Destination Clock Delay (DCD):    1.270ns
    Source Clock Delay      (SCD):    0.926ns
    Clock Pessimism Removal (CPR):    0.263ns

    Location             Delay type                Incr(ns)  Path(ns)    Netlist Resource(s)
  -------------------------------------------------------------------    -------------------
                         (clock clk_fpga_0 rise edge)
                                                      0.000     0.000 r  
    PS7_X0Y0             PS7                          0.000     0.000 r  eeg_bci_ps_pl_system_i/processing_system7_0/inst/PS7_i/FCLKCLK[0]
                         net (fo=1, routed)           0.310     0.310    eeg_bci_ps_pl_system_i/processing_system7_0/inst/FCLK_CLK_unbuffered[0]
    BUFGCTRL_X0Y16       BUFG (Prop_bufg_I_O)         0.026     0.336 r  eeg_bci_ps_pl_system_i/processing_system7_0/inst/buffer_fclk_clk_0.FCLK_CLK_0_BUFG/O
                         net (fo=6160, routed)        0.590     0.926    eeg_bci_ps_pl_system_i/BCI_0/inst/accelerator/core/scheduler/s_axi_aclk
    SLICE_X24Y42         FDRE                                         r  eeg_bci_ps_pl_system_i/BCI_0/inst/accelerator/core/scheduler/parameter_load_pack_reg[17]/C
  -------------------------------------------------------------------    -------------------
    SLICE_X24Y42         FDRE (Prop_fdre_C_Q)         0.141     1.067 r  eeg_bci_ps_pl_system_i/BCI_0/inst/accelerator/core/scheduler/parameter_load_pack_reg[17]/Q
                         net (fo=2, routed)           0.218     1.285    eeg_bci_ps_pl_system_i/BCI_0/inst/accelerator/core/scheduler/parameter_load_pack[17]
    RAMB36_X1Y8          RAMB36E1                                     r  eeg_bci_ps_pl_system_i/BCI_0/inst/accelerator/core/scheduler/parameter_memory_reg_2/DIADI[17]
  -------------------------------------------------------------------    -------------------

                         (clock clk_fpga_0 rise edge)
                                                      0.000     0.000 r  
    PS7_X0Y0             PS7                          0.000     0.000 r  eeg_bci_ps_pl_system_i/processing_system7_0/inst/PS7_i/FCLKCLK[0]
                         net (fo=1, routed)           0.337     0.337    eeg_bci_ps_pl_system_i/processing_system7_0/inst/FCLK_CLK_unbuffered[0]
    BUFGCTRL_X0Y16       BUFG (Prop_bufg_I_O)         0.029     0.366 r  eeg_bci_ps_pl_system_i/processing_system7_0/inst/buffer_fclk_clk_0.FCLK_CLK_0_BUFG/O
                         net (fo=6160, routed)        0.904     1.270    eeg_bci_ps_pl_system_i/BCI_0/inst/accelerator/core/scheduler/s_axi_aclk
    RAMB36_X1Y8          RAMB36E1                                     r  eeg_bci_ps_pl_system_i/BCI_0/inst/accelerator/core/scheduler/parameter_memory_reg_2/CLKBWRCLK
                         clock pessimism             -0.263     1.007    
    RAMB36_X1Y8          RAMB36E1 (Hold_ramb36e1_CLKBWRCLK_DIADI[17])
                                                      0.155     1.162    eeg_bci_ps_pl_system_i/BCI_0/inst/accelerator/core/scheduler/parameter_memory_reg_2
  -------------------------------------------------------------------
                         required time                         -1.162    
                         arrival time                           1.285    
  -------------------------------------------------------------------
                         slack                                  0.123    

Slack (MET) :             0.123ns  (arrival time - required time)
  Source:                 eeg_bci_ps_pl_system_i/BCI_0/inst/accelerator/core/scheduler/parameter_load_pack_reg[11]/C
                            (rising edge-triggered cell FDRE clocked by clk_fpga_0  {rise@0.000ns fall@7.000ns period=14.000ns})
  Destination:            eeg_bci_ps_pl_system_i/BCI_0/inst/accelerator/core/scheduler/parameter_memory_reg_2/DIADI[11]
                            (rising edge-triggered cell RAMB36E1 clocked by clk_fpga_0  {rise@0.000ns fall@7.000ns period=14.000ns})
  Path Group:             clk_fpga_0
  Path Type:              Hold (Min at Fast Process Corner)
  Requirement:            0.000ns  (clk_fpga_0 rise@0.000ns - clk_fpga_0 rise@0.000ns)
  Data Path Delay:        0.359ns  (logic 0.141ns (39.290%)  route 0.218ns (60.710%))
  Logic Levels:           0  
  Clock Path Skew:        0.080ns (DCD - SCD - CPR)
    Destination Clock Delay (DCD):    1.270ns
    Source Clock Delay      (SCD):    0.927ns
    Clock Pessimism Removal (CPR):    0.263ns

    Location             Delay type                Incr(ns)  Path(ns)    Netlist Resource(s)
  -------------------------------------------------------------------    -------------------
                         (clock clk_fpga_0 rise edge)
                                                      0.000     0.000 r  
    PS7_X0Y0             PS7                          0.000     0.000 r  eeg_bci_ps_pl_system_i/processing_system7_0/inst/PS7_i/FCLKCLK[0]
                         net (fo=1, routed)           0.310     0.310    eeg_bci_ps_pl_system_i/processing_system7_0/inst/FCLK_CLK_unbuffered[0]
    BUFGCTRL_X0Y16       BUFG (Prop_bufg_I_O)         0.026     0.336 r  eeg_bci_ps_pl_system_i/processing_system7_0/inst/buffer_fclk_clk_0.FCLK_CLK_0_BUFG/O
                         net (fo=6160, routed)        0.591     0.927    eeg_bci_ps_pl_system_i/BCI_0/inst/accelerator/core/scheduler/s_axi_aclk
    SLICE_X25Y44         FDRE                                         r  eeg_bci_ps_pl_system_i/BCI_0/inst/accelerator/core/scheduler/parameter_load_pack_reg[11]/C
  -------------------------------------------------------------------    -------------------
    SLICE_X25Y44         FDRE (Prop_fdre_C_Q)         0.141     1.067 r  eeg_bci_ps_pl_system_i/BCI_0/inst/accelerator/core/scheduler/parameter_load_pack_reg[11]/Q
                         net (fo=2, routed)           0.218     1.285    eeg_bci_ps_pl_system_i/BCI_0/inst/accelerator/core/scheduler/parameter_load_pack[11]
    RAMB36_X1Y8          RAMB36E1                                     r  eeg_bci_ps_pl_system_i/BCI_0/inst/accelerator/core/scheduler/parameter_memory_reg_2/DIADI[11]
  -------------------------------------------------------------------    -------------------

                         (clock clk_fpga_0 rise edge)
                                                      0.000     0.000 r  
    PS7_X0Y0             PS7                          0.000     0.000 r  eeg_bci_ps_pl_system_i/processing_system7_0/inst/PS7_i/FCLKCLK[0]
                         net (fo=1, routed)           0.337     0.337    eeg_bci_ps_pl_system_i/processing_system7_0/inst/FCLK_CLK_unbuffered[0]
    BUFGCTRL_X0Y16       BUFG (Prop_bufg_I_O)         0.029     0.366 r  eeg_bci_ps_pl_system_i/processing_system7_0/inst/buffer_fclk_clk_0.FCLK_CLK_0_BUFG/O
                         net (fo=6160, routed)        0.904     1.270    eeg_bci_ps_pl_system_i/BCI_0/inst/accelerator/core/scheduler/s_axi_aclk
    RAMB36_X1Y8          RAMB36E1                                     r  eeg_bci_ps_pl_system_i/BCI_0/inst/accelerator/core/scheduler/parameter_memory_reg_2/CLKBWRCLK
                         clock pessimism             -0.263     1.007    
    RAMB36_X1Y8          RAMB36E1 (Hold_ramb36e1_CLKBWRCLK_DIADI[11])
                                                      0.155     1.162    eeg_bci_ps_pl_system_i/BCI_0/inst/accelerator/core/scheduler/parameter_memory_reg_2
  -------------------------------------------------------------------
                         required time                         -1.162    
                         arrival time                           1.285    
  -------------------------------------------------------------------
                         slack                                  0.123    

Slack (MET) :             0.125ns  (arrival time - required time)
  Source:                 eeg_bci_ps_pl_system_i/BCI_0/inst/accelerator/core/scheduler/parameter_load_pack_reg[10]/C
                            (rising edge-triggered cell FDRE clocked by clk_fpga_0  {rise@0.000ns fall@7.000ns period=14.000ns})
  Destination:            eeg_bci_ps_pl_system_i/BCI_0/inst/accelerator/core/scheduler/parameter_memory_reg_2/DIADI[10]
                            (rising edge-triggered cell RAMB36E1 clocked by clk_fpga_0  {rise@0.000ns fall@7.000ns period=14.000ns})
  Path Group:             clk_fpga_0
  Path Type:              Hold (Min at Fast Process Corner)
  Requirement:            0.000ns  (clk_fpga_0 rise@0.000ns - clk_fpga_0 rise@0.000ns)
  Data Path Delay:        0.361ns  (logic 0.141ns (39.039%)  route 0.220ns (60.961%))
  Logic Levels:           0  
  Clock Path Skew:        0.081ns (DCD - SCD - CPR)
    Destination Clock Delay (DCD):    1.270ns
    Source Clock Delay      (SCD):    0.926ns
    Clock Pessimism Removal (CPR):    0.263ns

    Location             Delay type                Incr(ns)  Path(ns)    Netlist Resource(s)
  -------------------------------------------------------------------    -------------------
                         (clock clk_fpga_0 rise edge)
                                                      0.000     0.000 r  
    PS7_X0Y0             PS7                          0.000     0.000 r  eeg_bci_ps_pl_system_i/processing_system7_0/inst/PS7_i/FCLKCLK[0]
                         net (fo=1, routed)           0.310     0.310    eeg_bci_ps_pl_system_i/processing_system7_0/inst/FCLK_CLK_unbuffered[0]
    BUFGCTRL_X0Y16       BUFG (Prop_bufg_I_O)         0.026     0.336 r  eeg_bci_ps_pl_system_i/processing_system7_0/inst/buffer_fclk_clk_0.FCLK_CLK_0_BUFG/O
                         net (fo=6160, routed)        0.590     0.926    eeg_bci_ps_pl_system_i/BCI_0/inst/accelerator/core/scheduler/s_axi_aclk
    SLICE_X25Y41         FDRE                                         r  eeg_bci_ps_pl_system_i/BCI_0/inst/accelerator/core/scheduler/parameter_load_pack_reg[10]/C
  -------------------------------------------------------------------    -------------------
    SLICE_X25Y41         FDRE (Prop_fdre_C_Q)         0.141     1.067 r  eeg_bci_ps_pl_system_i/BCI_0/inst/accelerator/core/scheduler/parameter_load_pack_reg[10]/Q
                         net (fo=2, routed)           0.220     1.287    eeg_bci_ps_pl_system_i/BCI_0/inst/accelerator/core/scheduler/parameter_load_pack[10]
    RAMB36_X1Y8          RAMB36E1                                     r  eeg_bci_ps_pl_system_i/BCI_0/inst/accelerator/core/scheduler/parameter_memory_reg_2/DIADI[10]
  -------------------------------------------------------------------    -------------------

                         (clock clk_fpga_0 rise edge)
                                                      0.000     0.000 r  
    PS7_X0Y0             PS7                          0.000     0.000 r  eeg_bci_ps_pl_system_i/processing_system7_0/inst/PS7_i/FCLKCLK[0]
                         net (fo=1, routed)           0.337     0.337    eeg_bci_ps_pl_system_i/processing_system7_0/inst/FCLK_CLK_unbuffered[0]
    BUFGCTRL_X0Y16       BUFG (Prop_bufg_I_O)         0.029     0.366 r  eeg_bci_ps_pl_system_i/processing_system7_0/inst/buffer_fclk_clk_0.FCLK_CLK_0_BUFG/O
                         net (fo=6160, routed)        0.904     1.270    eeg_bci_ps_pl_system_i/BCI_0/inst/accelerator/core/scheduler/s_axi_aclk
    RAMB36_X1Y8          RAMB36E1                                     r  eeg_bci_ps_pl_system_i/BCI_0/inst/accelerator/core/scheduler/parameter_memory_reg_2/CLKBWRCLK
                         clock pessimism             -0.263     1.007    
    RAMB36_X1Y8          RAMB36E1 (Hold_ramb36e1_CLKBWRCLK_DIADI[10])
                                                      0.155     1.162    eeg_bci_ps_pl_system_i/BCI_0/inst/accelerator/core/scheduler/parameter_memory_reg_2
  -------------------------------------------------------------------
                         required time                         -1.162    
                         arrival time                           1.287    
  -------------------------------------------------------------------
                         slack                                  0.125    

Slack (MET) :             0.126ns  (arrival time - required time)
  Source:                 eeg_bci_ps_pl_system_i/BCI_0/inst/accelerator/core/scheduler/parameter_load_pack_reg[15]/C
                            (rising edge-triggered cell FDRE clocked by clk_fpga_0  {rise@0.000ns fall@7.000ns period=14.000ns})
  Destination:            eeg_bci_ps_pl_system_i/BCI_0/inst/accelerator/core/scheduler/parameter_memory_reg_2/DIADI[15]
                            (rising edge-triggered cell RAMB36E1 clocked by clk_fpga_0  {rise@0.000ns fall@7.000ns period=14.000ns})
  Path Group:             clk_fpga_0
  Path Type:              Hold (Min at Fast Process Corner)
  Requirement:            0.000ns  (clk_fpga_0 rise@0.000ns - clk_fpga_0 rise@0.000ns)
  Data Path Delay:        0.361ns  (logic 0.141ns (39.039%)  route 0.220ns (60.961%))
  Logic Levels:           0  
  Clock Path Skew:        0.080ns (DCD - SCD - CPR)
    Destination Clock Delay (DCD):    1.270ns
    Source Clock Delay      (SCD):    0.927ns
    Clock Pessimism Removal (CPR):    0.263ns

    Location             Delay type                Incr(ns)  Path(ns)    Netlist Resource(s)
  -------------------------------------------------------------------    -------------------
                         (clock clk_fpga_0 rise edge)
                                                      0.000     0.000 r  
    PS7_X0Y0             PS7                          0.000     0.000 r  eeg_bci_ps_pl_system_i/processing_system7_0/inst/PS7_i/FCLKCLK[0]
                         net (fo=1, routed)           0.310     0.310    eeg_bci_ps_pl_system_i/processing_system7_0/inst/FCLK_CLK_unbuffered[0]
    BUFGCTRL_X0Y16       BUFG (Prop_bufg_I_O)         0.026     0.336 r  eeg_bci_ps_pl_system_i/processing_system7_0/inst/buffer_fclk_clk_0.FCLK_CLK_0_BUFG/O
                         net (fo=6160, routed)        0.591     0.927    eeg_bci_ps_pl_system_i/BCI_0/inst/accelerator/core/scheduler/s_axi_aclk
    SLICE_X25Y44         FDRE                                         r  eeg_bci_ps_pl_system_i/BCI_0/inst/accelerator/core/scheduler/parameter_load_pack_reg[15]/C
  -------------------------------------------------------------------    -------------------
    SLICE_X25Y44         FDRE (Prop_fdre_C_Q)         0.141     1.067 r  eeg_bci_ps_pl_system_i/BCI_0/inst/accelerator/core/scheduler/parameter_load_pack_reg[15]/Q
                         net (fo=2, routed)           0.220     1.288    eeg_bci_ps_pl_system_i/BCI_0/inst/accelerator/core/scheduler/parameter_load_pack[15]
    RAMB36_X1Y8          RAMB36E1                                     r  eeg_bci_ps_pl_system_i/BCI_0/inst/accelerator/core/scheduler/parameter_memory_reg_2/DIADI[15]
  -------------------------------------------------------------------    -------------------

                         (clock clk_fpga_0 rise edge)
                                                      0.000     0.000 r  
    PS7_X0Y0             PS7                          0.000     0.000 r  eeg_bci_ps_pl_system_i/processing_system7_0/inst/PS7_i/FCLKCLK[0]
                         net (fo=1, routed)           0.337     0.337    eeg_bci_ps_pl_system_i/processing_system7_0/inst/FCLK_CLK_unbuffered[0]
    BUFGCTRL_X0Y16       BUFG (Prop_bufg_I_O)         0.029     0.366 r  eeg_bci_ps_pl_system_i/processing_system7_0/inst/buffer_fclk_clk_0.FCLK_CLK_0_BUFG/O
                         net (fo=6160, routed)        0.904     1.270    eeg_bci_ps_pl_system_i/BCI_0/inst/accelerator/core/scheduler/s_axi_aclk
    RAMB36_X1Y8          RAMB36E1                                     r  eeg_bci_ps_pl_system_i/BCI_0/inst/accelerator/core/scheduler/parameter_memory_reg_2/CLKBWRCLK
                         clock pessimism             -0.263     1.007    
    RAMB36_X1Y8          RAMB36E1 (Hold_ramb36e1_CLKBWRCLK_DIADI[15])
                                                      0.155     1.162    eeg_bci_ps_pl_system_i/BCI_0/inst/accelerator/core/scheduler/parameter_memory_reg_2
  -------------------------------------------------------------------
                         required time                         -1.162    
                         arrival time                           1.288    
  -------------------------------------------------------------------
                         slack                                  0.126    





Pulse Width Checks
--------------------------------------------------------------------------------------
Clock Name:         clk_fpga_0
Waveform(ns):       { 0.000 7.000 }
Period(ns):         14.000
Sources:            { eeg_bci_ps_pl_system_i/processing_system7_0/inst/PS7_i/FCLKCLK[0] }

Check Type        Corner  Lib Pin             Reference Pin  Required(ns)  Actual(ns)  Slack(ns)  Location      Pin
Min Period        n/a     RAMB18E1/CLKARDCLK  n/a            2.944         14.000      11.056     RAMB18_X3Y18  eeg_bci_ps_pl_system_i/BCI_0/inst/accelerator/core/feature_memory/feature_memory_bank0_reg/CLKARDCLK
Min Period        n/a     RAMB18E1/CLKARDCLK  n/a            2.944         14.000      11.056     RAMB18_X3Y16  eeg_bci_ps_pl_system_i/BCI_0/inst/accelerator/core/feature_memory/feature_memory_bank1_reg/CLKARDCLK
Min Period        n/a     RAMB18E1/CLKARDCLK  n/a            2.944         14.000      11.056     RAMB18_X2Y18  eeg_bci_ps_pl_system_i/BCI_0/inst/accelerator/core/feature_memory/feature_memory_bank2_reg/CLKARDCLK
Min Period        n/a     RAMB18E1/CLKARDCLK  n/a            2.944         14.000      11.056     RAMB18_X3Y20  eeg_bci_ps_pl_system_i/BCI_0/inst/accelerator/core/feature_memory/feature_memory_bank3_reg/CLKARDCLK
Min Period        n/a     RAMB18E1/CLKARDCLK  n/a            2.944         14.000      11.056     RAMB18_X2Y19  eeg_bci_ps_pl_system_i/BCI_0/inst/accelerator/core/feature_memory/feature_memory_bank4_reg/CLKARDCLK
Min Period        n/a     RAMB18E1/CLKARDCLK  n/a            2.944         14.000      11.056     RAMB18_X2Y16  eeg_bci_ps_pl_system_i/BCI_0/inst/accelerator/core/feature_memory/feature_memory_bank5_reg/CLKARDCLK
Min Period        n/a     RAMB18E1/CLKARDCLK  n/a            2.944         14.000      11.056     RAMB18_X3Y19  eeg_bci_ps_pl_system_i/BCI_0/inst/accelerator/core/feature_memory/feature_memory_bank6_reg/CLKARDCLK
Min Period        n/a     RAMB18E1/CLKARDCLK  n/a            2.944         14.000      11.056     RAMB18_X3Y17  eeg_bci_ps_pl_system_i/BCI_0/inst/accelerator/core/feature_memory/feature_memory_bank7_reg/CLKARDCLK
Min Period        n/a     RAMB36E1/CLKARDCLK  n/a            2.944         14.000      11.056     RAMB36_X1Y9   eeg_bci_ps_pl_system_i/BCI_0/inst/accelerator/core/scheduler/parameter_memory_reg_1/CLKARDCLK
Min Period        n/a     RAMB36E1/CLKBWRCLK  n/a            2.944         14.000      11.056     RAMB36_X1Y9   eeg_bci_ps_pl_system_i/BCI_0/inst/accelerator/core/scheduler/parameter_memory_reg_1/CLKBWRCLK
Min Period        n/a     RAMB36E1/CLKARDCLK  n/a            2.944         14.000      11.056     RAMB36_X1Y8   eeg_bci_ps_pl_system_i/BCI_0/inst/accelerator/core/scheduler/parameter_memory_reg_2/CLKARDCLK
Min Period        n/a     RAMB36E1/CLKBWRCLK  n/a            2.944         14.000      11.056     RAMB36_X1Y8   eeg_bci_ps_pl_system_i/BCI_0/inst/accelerator/core/scheduler/parameter_memory_reg_2/CLKBWRCLK
Min Period        n/a     RAMB18E1/CLKBWRCLK  n/a            2.576         14.000      11.424     RAMB18_X3Y18  eeg_bci_ps_pl_system_i/BCI_0/inst/accelerator/core/feature_memory/feature_memory_bank0_reg/CLKBWRCLK
Min Period        n/a     RAMB18E1/CLKBWRCLK  n/a            2.576         14.000      11.424     RAMB18_X3Y16  eeg_bci_ps_pl_system_i/BCI_0/inst/accelerator/core/feature_memory/feature_memory_bank1_reg/CLKBWRCLK
Min Period        n/a     RAMB18E1/CLKBWRCLK  n/a            2.576         14.000      11.424     RAMB18_X2Y18  eeg_bci_ps_pl_system_i/BCI_0/inst/accelerator/core/feature_memory/feature_memory_bank2_reg/CLKBWRCLK
Min Period        n/a     RAMB18E1/CLKBWRCLK  n/a            2.576         14.000      11.424     RAMB18_X3Y20  eeg_bci_ps_pl_system_i/BCI_0/inst/accelerator/core/feature_memory/feature_memory_bank3_reg/CLKBWRCLK
Min Period        n/a     RAMB18E1/CLKBWRCLK  n/a            2.576         14.000      11.424     RAMB18_X2Y19  eeg_bci_ps_pl_system_i/BCI_0/inst/accelerator/core/feature_memory/feature_memory_bank4_reg/CLKBWRCLK
Min Period        n/a     RAMB18E1/CLKBWRCLK  n/a            2.576         14.000      11.424     RAMB18_X2Y16  eeg_bci_ps_pl_system_i/BCI_0/inst/accelerator/core/feature_memory/feature_memory_bank5_reg/CLKBWRCLK
Min Period        n/a     RAMB18E1/CLKBWRCLK  n/a            2.576         14.000      11.424     RAMB18_X3Y19  eeg_bci_ps_pl_system_i/BCI_0/inst/accelerator/core/feature_memory/feature_memory_bank6_reg/CLKBWRCLK
Min Period        n/a     RAMB18E1/CLKBWRCLK  n/a            2.576         14.000      11.424     RAMB18_X3Y17  eeg_bci_ps_pl_system_i/BCI_0/inst/accelerator/core/feature_memory/feature_memory_bank7_reg/CLKBWRCLK
Low Pulse Width   Slow    RAMD64E/CLK         n/a            1.250         7.000       5.750      SLICE_X30Y81  eeg_bci_ps_pl_system_i/BCI_0/inst/accelerator/core/datapath/partial_scratch_reg_0_63_0_2/RAMA/CLK
Low Pulse Width   Fast    RAMD64E/CLK         n/a            1.250         7.000       5.750      SLICE_X30Y81  eeg_bci_ps_pl_system_i/BCI_0/inst/accelerator/core/datapath/partial_scratch_reg_0_63_0_2/RAMA/CLK
Low Pulse Width   Slow    RAMD64E/CLK         n/a            1.250         7.000       5.750      SLICE_X30Y81  eeg_bci_ps_pl_system_i/BCI_0/inst/accelerator/core/datapath/partial_scratch_reg_0_63_0_2/RAMB/CLK
Low Pulse Width   Fast    RAMD64E/CLK         n/a            1.250         7.000       5.750      SLICE_X30Y81  eeg_bci_ps_pl_system_i/BCI_0/inst/accelerator/core/datapath/partial_scratch_reg_0_63_0_2/RAMB/CLK
Low Pulse Width   Slow    RAMD64E/CLK         n/a            1.250         7.000       5.750      SLICE_X30Y81  eeg_bci_ps_pl_system_i/BCI_0/inst/accelerator/core/datapath/partial_scratch_reg_0_63_0_2/RAMC/CLK
Low Pulse Width   Fast    RAMD64E/CLK         n/a            1.250         7.000       5.750      SLICE_X30Y81  eeg_bci_ps_pl_system_i/BCI_0/inst/accelerator/core/datapath/partial_scratch_reg_0_63_0_2/RAMC/CLK
Low Pulse Width   Slow    RAMD64E/CLK         n/a            1.250         7.000       5.750      SLICE_X30Y81  eeg_bci_ps_pl_system_i/BCI_0/inst/accelerator/core/datapath/partial_scratch_reg_0_63_0_2/RAMD/CLK
Low Pulse Width   Fast    RAMD64E/CLK         n/a            1.250         7.000       5.750      SLICE_X30Y81  eeg_bci_ps_pl_system_i/BCI_0/inst/accelerator/core/datapath/partial_scratch_reg_0_63_0_2/RAMD/CLK
Low Pulse Width   Slow    RAMD64E/CLK         n/a            1.250         7.000       5.750      SLICE_X26Y83  eeg_bci_ps_pl_system_i/BCI_0/inst/accelerator/core/datapath/partial_scratch_reg_0_63_12_14/RAMA/CLK
Low Pulse Width   Fast    RAMD64E/CLK         n/a            1.250         7.000       5.750      SLICE_X26Y83  eeg_bci_ps_pl_system_i/BCI_0/inst/accelerator/core/datapath/partial_scratch_reg_0_63_12_14/RAMA/CLK
Low Pulse Width   Slow    RAMD64E/CLK         n/a            1.250         7.000       5.750      SLICE_X26Y83  eeg_bci_ps_pl_system_i/BCI_0/inst/accelerator/core/datapath/partial_scratch_reg_0_63_12_14/RAMB/CLK
Low Pulse Width   Fast    RAMD64E/CLK         n/a            1.250         7.000       5.750      SLICE_X26Y83  eeg_bci_ps_pl_system_i/BCI_0/inst/accelerator/core/datapath/partial_scratch_reg_0_63_12_14/RAMB/CLK
Low Pulse Width   Slow    RAMD64E/CLK         n/a            1.250         7.000       5.750      SLICE_X26Y83  eeg_bci_ps_pl_system_i/BCI_0/inst/accelerator/core/datapath/partial_scratch_reg_0_63_12_14/RAMC/CLK
Low Pulse Width   Fast    RAMD64E/CLK         n/a            1.250         7.000       5.750      SLICE_X26Y83  eeg_bci_ps_pl_system_i/BCI_0/inst/accelerator/core/datapath/partial_scratch_reg_0_63_12_14/RAMC/CLK
Low Pulse Width   Slow    RAMD64E/CLK         n/a            1.250         7.000       5.750      SLICE_X26Y83  eeg_bci_ps_pl_system_i/BCI_0/inst/accelerator/core/datapath/partial_scratch_reg_0_63_12_14/RAMD/CLK
Low Pulse Width   Fast    RAMD64E/CLK         n/a            1.250         7.000       5.750      SLICE_X26Y83  eeg_bci_ps_pl_system_i/BCI_0/inst/accelerator/core/datapath/partial_scratch_reg_0_63_12_14/RAMD/CLK
Low Pulse Width   Slow    RAMD64E/CLK         n/a            1.250         7.000       5.750      SLICE_X26Y80  eeg_bci_ps_pl_system_i/BCI_0/inst/accelerator/core/datapath/partial_scratch_reg_0_63_15_15/DP/CLK
Low Pulse Width   Fast    RAMD64E/CLK         n/a            1.250         7.000       5.750      SLICE_X26Y80  eeg_bci_ps_pl_system_i/BCI_0/inst/accelerator/core/datapath/partial_scratch_reg_0_63_15_15/DP/CLK
Low Pulse Width   Slow    RAMD64E/CLK         n/a            1.250         7.000       5.750      SLICE_X26Y80  eeg_bci_ps_pl_system_i/BCI_0/inst/accelerator/core/datapath/partial_scratch_reg_0_63_15_15/SP/CLK
Low Pulse Width   Fast    RAMD64E/CLK         n/a            1.250         7.000       5.750      SLICE_X26Y80  eeg_bci_ps_pl_system_i/BCI_0/inst/accelerator/core/datapath/partial_scratch_reg_0_63_15_15/SP/CLK
High Pulse Width  Slow    RAMD64E/CLK         n/a            1.250         7.000       5.750      SLICE_X30Y81  eeg_bci_ps_pl_system_i/BCI_0/inst/accelerator/core/datapath/partial_scratch_reg_0_63_0_2/RAMA/CLK
High Pulse Width  Fast    RAMD64E/CLK         n/a            1.250         7.000       5.750      SLICE_X30Y81  eeg_bci_ps_pl_system_i/BCI_0/inst/accelerator/core/datapath/partial_scratch_reg_0_63_0_2/RAMA/CLK
High Pulse Width  Slow    RAMD64E/CLK         n/a            1.250         7.000       5.750      SLICE_X30Y81  eeg_bci_ps_pl_system_i/BCI_0/inst/accelerator/core/datapath/partial_scratch_reg_0_63_0_2/RAMB/CLK
High Pulse Width  Fast    RAMD64E/CLK         n/a            1.250         7.000       5.750      SLICE_X30Y81  eeg_bci_ps_pl_system_i/BCI_0/inst/accelerator/core/datapath/partial_scratch_reg_0_63_0_2/RAMB/CLK
High Pulse Width  Slow    RAMD64E/CLK         n/a            1.250         7.000       5.750      SLICE_X30Y81  eeg_bci_ps_pl_system_i/BCI_0/inst/accelerator/core/datapath/partial_scratch_reg_0_63_0_2/RAMC/CLK
High Pulse Width  Fast    RAMD64E/CLK         n/a            1.250         7.000       5.750      SLICE_X30Y81  eeg_bci_ps_pl_system_i/BCI_0/inst/accelerator/core/datapath/partial_scratch_reg_0_63_0_2/RAMC/CLK
High Pulse Width  Slow    RAMD64E/CLK         n/a            1.250         7.000       5.750      SLICE_X30Y81  eeg_bci_ps_pl_system_i/BCI_0/inst/accelerator/core/datapath/partial_scratch_reg_0_63_0_2/RAMD/CLK
High Pulse Width  Fast    RAMD64E/CLK         n/a            1.250         7.000       5.750      SLICE_X30Y81  eeg_bci_ps_pl_system_i/BCI_0/inst/accelerator/core/datapath/partial_scratch_reg_0_63_0_2/RAMD/CLK
High Pulse Width  Slow    RAMD64E/CLK         n/a            1.250         7.000       5.750      SLICE_X26Y83  eeg_bci_ps_pl_system_i/BCI_0/inst/accelerator/core/datapath/partial_scratch_reg_0_63_12_14/RAMA/CLK
High Pulse Width  Fast    RAMD64E/CLK         n/a            1.250         7.000       5.750      SLICE_X26Y83  eeg_bci_ps_pl_system_i/BCI_0/inst/accelerator/core/datapath/partial_scratch_reg_0_63_12_14/RAMA/CLK
High Pulse Width  Slow    RAMD64E/CLK         n/a            1.250         7.000       5.750      SLICE_X26Y83  eeg_bci_ps_pl_system_i/BCI_0/inst/accelerator/core/datapath/partial_scratch_reg_0_63_12_14/RAMB/CLK
High Pulse Width  Fast    RAMD64E/CLK         n/a            1.250         7.000       5.750      SLICE_X26Y83  eeg_bci_ps_pl_system_i/BCI_0/inst/accelerator/core/datapath/partial_scratch_reg_0_63_12_14/RAMB/CLK
High Pulse Width  Slow    RAMD64E/CLK         n/a            1.250         7.000       5.750      SLICE_X26Y83  eeg_bci_ps_pl_system_i/BCI_0/inst/accelerator/core/datapath/partial_scratch_reg_0_63_12_14/RAMC/CLK
High Pulse Width  Fast    RAMD64E/CLK         n/a            1.250         7.000       5.750      SLICE_X26Y83  eeg_bci_ps_pl_system_i/BCI_0/inst/accelerator/core/datapath/partial_scratch_reg_0_63_12_14/RAMC/CLK
High Pulse Width  Slow    RAMD64E/CLK         n/a            1.250         7.000       5.750      SLICE_X26Y83  eeg_bci_ps_pl_system_i/BCI_0/inst/accelerator/core/datapath/partial_scratch_reg_0_63_12_14/RAMD/CLK
High Pulse Width  Fast    RAMD64E/CLK         n/a            1.250         7.000       5.750      SLICE_X26Y83  eeg_bci_ps_pl_system_i/BCI_0/inst/accelerator/core/datapath/partial_scratch_reg_0_63_12_14/RAMD/CLK
High Pulse Width  Slow    RAMD64E/CLK         n/a            1.250         7.000       5.750      SLICE_X26Y80  eeg_bci_ps_pl_system_i/BCI_0/inst/accelerator/core/datapath/partial_scratch_reg_0_63_15_15/DP/CLK
High Pulse Width  Fast    RAMD64E/CLK         n/a            1.250         7.000       5.750      SLICE_X26Y80  eeg_bci_ps_pl_system_i/BCI_0/inst/accelerator/core/datapath/partial_scratch_reg_0_63_15_15/DP/CLK
High Pulse Width  Slow    RAMD64E/CLK         n/a            1.250         7.000       5.750      SLICE_X26Y80  eeg_bci_ps_pl_system_i/BCI_0/inst/accelerator/core/datapath/partial_scratch_reg_0_63_15_15/SP/CLK
High Pulse Width  Fast    RAMD64E/CLK         n/a            1.250         7.000       5.750      SLICE_X26Y80  eeg_bci_ps_pl_system_i/BCI_0/inst/accelerator/core/datapath/partial_scratch_reg_0_63_15_15/SP/CLK



---------------------------------------------------------------------------------------------------
Path Group:  **async_default**
From Clock:  clk_fpga_0
  To Clock:  clk_fpga_0

Setup :            0  Failing Endpoints,  Worst Slack        3.181ns,  Total Violation        0.000ns
Hold  :            0  Failing Endpoints,  Worst Slack        1.118ns,  Total Violation        0.000ns
---------------------------------------------------------------------------------------------------


Max Delay Paths
--------------------------------------------------------------------------------------
Slack (MET) :             3.181ns  (required time - arrival time)
  Source:                 eeg_bci_ps_pl_system_i/rst_ps7_0_100M/U0/ACTIVE_LOW_PR_OUT_DFF[0].FDRE_PER_N/C
                            (rising edge-triggered cell FDRE clocked by clk_fpga_0  {rise@0.000ns fall@7.000ns period=14.000ns})
  Destination:            eeg_bci_ps_pl_system_i/BCI_0/inst/accelerator/core/datapath/mac16_inst/data_bus_q_reg[6]/CLR
                            (recovery check against rising-edge clock clk_fpga_0  {rise@0.000ns fall@7.000ns period=14.000ns})
  Path Group:             **async_default**
  Path Type:              Recovery (Max at Slow Process Corner)
  Requirement:            14.000ns  (clk_fpga_0 rise@14.000ns - clk_fpga_0 rise@0.000ns)
  Data Path Delay:        9.644ns  (logic 0.671ns (6.958%)  route 8.973ns (93.042%))
  Logic Levels:           1  (LUT1=1)
  Clock Path Skew:        -0.350ns (DCD - SCD + CPR)
    Destination Clock Delay (DCD):    2.720ns = ( 16.720 - 14.000 ) 
    Source Clock Delay      (SCD):    3.199ns
    Clock Pessimism Removal (CPR):    0.129ns
  Clock Uncertainty:      0.213ns  ((TSJ^2 + TIJ^2)^1/2 + DJ) / 2 + PE
    Total System Jitter     (TSJ):    0.071ns
    Total Input Jitter      (TIJ):    0.420ns
    Discrete Jitter          (DJ):    0.000ns
    Phase Error              (PE):    0.000ns

    Location             Delay type                Incr(ns)  Path(ns)    Netlist Resource(s)
  -------------------------------------------------------------------    -------------------
                         (clock clk_fpga_0 rise edge)
                                                      0.000     0.000 r  
    PS7_X0Y0             PS7                          0.000     0.000 r  eeg_bci_ps_pl_system_i/processing_system7_0/inst/PS7_i/FCLKCLK[0]
                         net (fo=1, routed)           1.193     1.193    eeg_bci_ps_pl_system_i/processing_system7_0/inst/FCLK_CLK_unbuffered[0]
    BUFGCTRL_X0Y16       BUFG (Prop_bufg_I_O)         0.101     1.294 r  eeg_bci_ps_pl_system_i/processing_system7_0/inst/buffer_fclk_clk_0.FCLK_CLK_0_BUFG/O
                         net (fo=6160, routed)        1.905     3.199    eeg_bci_ps_pl_system_i/rst_ps7_0_100M/U0/slowest_sync_clk
    SLICE_X82Y116        FDRE                                         r  eeg_bci_ps_pl_system_i/rst_ps7_0_100M/U0/ACTIVE_LOW_PR_OUT_DFF[0].FDRE_PER_N/C
  -------------------------------------------------------------------    -------------------
    SLICE_X82Y116        FDRE (Prop_fdre_C_Q)         0.518     3.717 r  eeg_bci_ps_pl_system_i/rst_ps7_0_100M/U0/ACTIVE_LOW_PR_OUT_DFF[0].FDRE_PER_N/Q
                         net (fo=13, routed)          1.935     5.652    eeg_bci_ps_pl_system_i/BCI_0/inst/accelerator/core/datapath/mac16_inst/s_axi_aresetn
    SLICE_X34Y111        LUT1 (Prop_lut1_I0_O)        0.153     5.805 f  eeg_bci_ps_pl_system_i/BCI_0/inst/accelerator/core/datapath/mac16_inst/s_axi_bid[11]_i_2/O
                         net (fo=3152, routed)        7.038    12.843    eeg_bci_ps_pl_system_i/BCI_0/inst/accelerator/core/datapath/mac16_inst/s_axi_aresetn_0
    SLICE_X83Y86         FDCE                                         f  eeg_bci_ps_pl_system_i/BCI_0/inst/accelerator/core/datapath/mac16_inst/data_bus_q_reg[6]/CLR
  -------------------------------------------------------------------    -------------------

                         (clock clk_fpga_0 rise edge)
                                                     14.000    14.000 r  
    PS7_X0Y0             PS7                          0.000    14.000 r  eeg_bci_ps_pl_system_i/processing_system7_0/inst/PS7_i/FCLKCLK[0]
                         net (fo=1, routed)           1.088    15.088    eeg_bci_ps_pl_system_i/processing_system7_0/inst/FCLK_CLK_unbuffered[0]
    BUFGCTRL_X0Y16       BUFG (Prop_bufg_I_O)         0.091    15.179 r  eeg_bci_ps_pl_system_i/processing_system7_0/inst/buffer_fclk_clk_0.FCLK_CLK_0_BUFG/O
                         net (fo=6160, routed)        1.541    16.720    eeg_bci_ps_pl_system_i/BCI_0/inst/accelerator/core/datapath/mac16_inst/s_axi_aclk
    SLICE_X83Y86         FDCE                                         r  eeg_bci_ps_pl_system_i/BCI_0/inst/accelerator/core/datapath/mac16_inst/data_bus_q_reg[6]/C
                         clock pessimism              0.129    16.849    
                         clock uncertainty           -0.213    16.636    
    SLICE_X83Y86         FDCE (Recov_fdce_C_CLR)     -0.612    16.024    eeg_bci_ps_pl_system_i/BCI_0/inst/accelerator/core/datapath/mac16_inst/data_bus_q_reg[6]
  -------------------------------------------------------------------
                         required time                         16.024    
                         arrival time                         -12.843    
  -------------------------------------------------------------------
                         slack                                  3.181    

Slack (MET) :             3.181ns  (required time - arrival time)
  Source:                 eeg_bci_ps_pl_system_i/rst_ps7_0_100M/U0/ACTIVE_LOW_PR_OUT_DFF[0].FDRE_PER_N/C
                            (rising edge-triggered cell FDRE clocked by clk_fpga_0  {rise@0.000ns fall@7.000ns period=14.000ns})
  Destination:            eeg_bci_ps_pl_system_i/BCI_0/inst/accelerator/core/datapath/mac16_inst/weight_bus_q_reg[7]/CLR
                            (recovery check against rising-edge clock clk_fpga_0  {rise@0.000ns fall@7.000ns period=14.000ns})
  Path Group:             **async_default**
  Path Type:              Recovery (Max at Slow Process Corner)
  Requirement:            14.000ns  (clk_fpga_0 rise@14.000ns - clk_fpga_0 rise@0.000ns)
  Data Path Delay:        9.644ns  (logic 0.671ns (6.958%)  route 8.973ns (93.042%))
  Logic Levels:           1  (LUT1=1)
  Clock Path Skew:        -0.350ns (DCD - SCD + CPR)
    Destination Clock Delay (DCD):    2.720ns = ( 16.720 - 14.000 ) 
    Source Clock Delay      (SCD):    3.199ns
    Clock Pessimism Removal (CPR):    0.129ns
  Clock Uncertainty:      0.213ns  ((TSJ^2 + TIJ^2)^1/2 + DJ) / 2 + PE
    Total System Jitter     (TSJ):    0.071ns
    Total Input Jitter      (TIJ):    0.420ns
    Discrete Jitter          (DJ):    0.000ns
    Phase Error              (PE):    0.000ns

    Location             Delay type                Incr(ns)  Path(ns)    Netlist Resource(s)
  -------------------------------------------------------------------    -------------------
                         (clock clk_fpga_0 rise edge)
                                                      0.000     0.000 r  
    PS7_X0Y0             PS7                          0.000     0.000 r  eeg_bci_ps_pl_system_i/processing_system7_0/inst/PS7_i/FCLKCLK[0]
                         net (fo=1, routed)           1.193     1.193    eeg_bci_ps_pl_system_i/processing_system7_0/inst/FCLK_CLK_unbuffered[0]
    BUFGCTRL_X0Y16       BUFG (Prop_bufg_I_O)         0.101     1.294 r  eeg_bci_ps_pl_system_i/processing_system7_0/inst/buffer_fclk_clk_0.FCLK_CLK_0_BUFG/O
                         net (fo=6160, routed)        1.905     3.199    eeg_bci_ps_pl_system_i/rst_ps7_0_100M/U0/slowest_sync_clk
    SLICE_X82Y116        FDRE                                         r  eeg_bci_ps_pl_system_i/rst_ps7_0_100M/U0/ACTIVE_LOW_PR_OUT_DFF[0].FDRE_PER_N/C
  -------------------------------------------------------------------    -------------------
    SLICE_X82Y116        FDRE (Prop_fdre_C_Q)         0.518     3.717 r  eeg_bci_ps_pl_system_i/rst_ps7_0_100M/U0/ACTIVE_LOW_PR_OUT_DFF[0].FDRE_PER_N/Q
                         net (fo=13, routed)          1.935     5.652    eeg_bci_ps_pl_system_i/BCI_0/inst/accelerator/core/datapath/mac16_inst/s_axi_aresetn
    SLICE_X34Y111        LUT1 (Prop_lut1_I0_O)        0.153     5.805 f  eeg_bci_ps_pl_system_i/BCI_0/inst/accelerator/core/datapath/mac16_inst/s_axi_bid[11]_i_2/O
                         net (fo=3152, routed)        7.038    12.843    eeg_bci_ps_pl_system_i/BCI_0/inst/accelerator/core/datapath/mac16_inst/s_axi_aresetn_0
    SLICE_X83Y86         FDCE                                         f  eeg_bci_ps_pl_system_i/BCI_0/inst/accelerator/core/datapath/mac16_inst/weight_bus_q_reg[7]/CLR
  -------------------------------------------------------------------    -------------------

                         (clock clk_fpga_0 rise edge)
                                                     14.000    14.000 r  
    PS7_X0Y0             PS7                          0.000    14.000 r  eeg_bci_ps_pl_system_i/processing_system7_0/inst/PS7_i/FCLKCLK[0]
                         net (fo=1, routed)           1.088    15.088    eeg_bci_ps_pl_system_i/processing_system7_0/inst/FCLK_CLK_unbuffered[0]
    BUFGCTRL_X0Y16       BUFG (Prop_bufg_I_O)         0.091    15.179 r  eeg_bci_ps_pl_system_i/processing_system7_0/inst/buffer_fclk_clk_0.FCLK_CLK_0_BUFG/O
                         net (fo=6160, routed)        1.541    16.720    eeg_bci_ps_pl_system_i/BCI_0/inst/accelerator/core/datapath/mac16_inst/s_axi_aclk
    SLICE_X83Y86         FDCE                                         r  eeg_bci_ps_pl_system_i/BCI_0/inst/accelerator/core/datapath/mac16_inst/weight_bus_q_reg[7]/C
                         clock pessimism              0.129    16.849    
                         clock uncertainty           -0.213    16.636    
    SLICE_X83Y86         FDCE (Recov_fdce_C_CLR)     -0.612    16.024    eeg_bci_ps_pl_system_i/BCI_0/inst/accelerator/core/datapath/mac16_inst/weight_bus_q_reg[7]
  -------------------------------------------------------------------
                         required time                         16.024    
                         arrival time                         -12.843    
  -------------------------------------------------------------------
                         slack                                  3.181    

Slack (MET) :             3.212ns  (required time - arrival time)
  Source:                 eeg_bci_ps_pl_system_i/rst_ps7_0_100M/U0/ACTIVE_LOW_PR_OUT_DFF[0].FDRE_PER_N/C
                            (rising edge-triggered cell FDRE clocked by clk_fpga_0  {rise@0.000ns fall@7.000ns period=14.000ns})
  Destination:            eeg_bci_ps_pl_system_i/BCI_0/inst/accelerator/core/datapath/mac16_inst/weight_bus_q_reg[88]/CLR
                            (recovery check against rising-edge clock clk_fpga_0  {rise@0.000ns fall@7.000ns period=14.000ns})
  Path Group:             **async_default**
  Path Type:              Recovery (Max at Slow Process Corner)
  Requirement:            14.000ns  (clk_fpga_0 rise@14.000ns - clk_fpga_0 rise@0.000ns)
  Data Path Delay:        9.609ns  (logic 0.671ns (6.983%)  route 8.938ns (93.017%))
  Logic Levels:           1  (LUT1=1)
  Clock Path Skew:        -0.353ns (DCD - SCD + CPR)
    Destination Clock Delay (DCD):    2.717ns = ( 16.717 - 14.000 ) 
    Source Clock Delay      (SCD):    3.199ns
    Clock Pessimism Removal (CPR):    0.129ns
  Clock Uncertainty:      0.213ns  ((TSJ^2 + TIJ^2)^1/2 + DJ) / 2 + PE
    Total System Jitter     (TSJ):    0.071ns
    Total Input Jitter      (TIJ):    0.420ns
    Discrete Jitter          (DJ):    0.000ns
    Phase Error              (PE):    0.000ns

    Location             Delay type                Incr(ns)  Path(ns)    Netlist Resource(s)
  -------------------------------------------------------------------    -------------------
                         (clock clk_fpga_0 rise edge)
                                                      0.000     0.000 r  
    PS7_X0Y0             PS7                          0.000     0.000 r  eeg_bci_ps_pl_system_i/processing_system7_0/inst/PS7_i/FCLKCLK[0]
                         net (fo=1, routed)           1.193     1.193    eeg_bci_ps_pl_system_i/processing_system7_0/inst/FCLK_CLK_unbuffered[0]
    BUFGCTRL_X0Y16       BUFG (Prop_bufg_I_O)         0.101     1.294 r  eeg_bci_ps_pl_system_i/processing_system7_0/inst/buffer_fclk_clk_0.FCLK_CLK_0_BUFG/O
                         net (fo=6160, routed)        1.905     3.199    eeg_bci_ps_pl_system_i/rst_ps7_0_100M/U0/slowest_sync_clk
    SLICE_X82Y116        FDRE                                         r  eeg_bci_ps_pl_system_i/rst_ps7_0_100M/U0/ACTIVE_LOW_PR_OUT_DFF[0].FDRE_PER_N/C
  -------------------------------------------------------------------    -------------------
    SLICE_X82Y116        FDRE (Prop_fdre_C_Q)         0.518     3.717 r  eeg_bci_ps_pl_system_i/rst_ps7_0_100M/U0/ACTIVE_LOW_PR_OUT_DFF[0].FDRE_PER_N/Q
                         net (fo=13, routed)          1.935     5.652    eeg_bci_ps_pl_system_i/BCI_0/inst/accelerator/core/datapath/mac16_inst/s_axi_aresetn
    SLICE_X34Y111        LUT1 (Prop_lut1_I0_O)        0.153     5.805 f  eeg_bci_ps_pl_system_i/BCI_0/inst/accelerator/core/datapath/mac16_inst/s_axi_bid[11]_i_2/O
                         net (fo=3152, routed)        7.003    12.808    eeg_bci_ps_pl_system_i/BCI_0/inst/accelerator/core/datapath/mac16_inst/s_axi_aresetn_0
    SLICE_X80Y83         FDCE                                         f  eeg_bci_ps_pl_system_i/BCI_0/inst/accelerator/core/datapath/mac16_inst/weight_bus_q_reg[88]/CLR
  -------------------------------------------------------------------    -------------------

                         (clock clk_fpga_0 rise edge)
                                                     14.000    14.000 r  
    PS7_X0Y0             PS7                          0.000    14.000 r  eeg_bci_ps_pl_system_i/processing_system7_0/inst/PS7_i/FCLKCLK[0]
                         net (fo=1, routed)           1.088    15.088    eeg_bci_ps_pl_system_i/processing_system7_0/inst/FCLK_CLK_unbuffered[0]
    BUFGCTRL_X0Y16       BUFG (Prop_bufg_I_O)         0.091    15.179 r  eeg_bci_ps_pl_system_i/processing_system7_0/inst/buffer_fclk_clk_0.FCLK_CLK_0_BUFG/O
                         net (fo=6160, routed)        1.538    16.717    eeg_bci_ps_pl_system_i/BCI_0/inst/accelerator/core/datapath/mac16_inst/s_axi_aclk
    SLICE_X80Y83         FDCE                                         r  eeg_bci_ps_pl_system_i/BCI_0/inst/accelerator/core/datapath/mac16_inst/weight_bus_q_reg[88]/C
                         clock pessimism              0.129    16.846    
                         clock uncertainty           -0.213    16.633    
    SLICE_X80Y83         FDCE (Recov_fdce_C_CLR)     -0.612    16.021    eeg_bci_ps_pl_system_i/BCI_0/inst/accelerator/core/datapath/mac16_inst/weight_bus_q_reg[88]
  -------------------------------------------------------------------
                         required time                         16.021    
                         arrival time                         -12.808    
  -------------------------------------------------------------------
                         slack                                  3.212    

Slack (MET) :             3.238ns  (required time - arrival time)
  Source:                 eeg_bci_ps_pl_system_i/rst_ps7_0_100M/U0/ACTIVE_LOW_PR_OUT_DFF[0].FDRE_PER_N/C
                            (rising edge-triggered cell FDRE clocked by clk_fpga_0  {rise@0.000ns fall@7.000ns period=14.000ns})
  Destination:            eeg_bci_ps_pl_system_i/BCI_0/inst/accelerator/core/datapath/v3_op4_odd_tile1_reg[5]/CLR
                            (recovery check against rising-edge clock clk_fpga_0  {rise@0.000ns fall@7.000ns period=14.000ns})
  Path Group:             **async_default**
  Path Type:              Recovery (Max at Slow Process Corner)
  Requirement:            14.000ns  (clk_fpga_0 rise@14.000ns - clk_fpga_0 rise@0.000ns)
  Data Path Delay:        9.525ns  (logic 0.671ns (7.045%)  route 8.854ns (92.955%))
  Logic Levels:           1  (LUT1=1)
  Clock Path Skew:        -0.412ns (DCD - SCD + CPR)
    Destination Clock Delay (DCD):    2.658ns = ( 16.658 - 14.000 ) 
    Source Clock Delay      (SCD):    3.199ns
    Clock Pessimism Removal (CPR):    0.129ns
  Clock Uncertainty:      0.213ns  ((TSJ^2 + TIJ^2)^1/2 + DJ) / 2 + PE
    Total System Jitter     (TSJ):    0.071ns
    Total Input Jitter      (TIJ):    0.420ns
    Discrete Jitter          (DJ):    0.000ns
    Phase Error              (PE):    0.000ns

    Location             Delay type                Incr(ns)  Path(ns)    Netlist Resource(s)
  -------------------------------------------------------------------    -------------------
                         (clock clk_fpga_0 rise edge)
                                                      0.000     0.000 r  
    PS7_X0Y0             PS7                          0.000     0.000 r  eeg_bci_ps_pl_system_i/processing_system7_0/inst/PS7_i/FCLKCLK[0]
                         net (fo=1, routed)           1.193     1.193    eeg_bci_ps_pl_system_i/processing_system7_0/inst/FCLK_CLK_unbuffered[0]
    BUFGCTRL_X0Y16       BUFG (Prop_bufg_I_O)         0.101     1.294 r  eeg_bci_ps_pl_system_i/processing_system7_0/inst/buffer_fclk_clk_0.FCLK_CLK_0_BUFG/O
                         net (fo=6160, routed)        1.905     3.199    eeg_bci_ps_pl_system_i/rst_ps7_0_100M/U0/slowest_sync_clk
    SLICE_X82Y116        FDRE                                         r  eeg_bci_ps_pl_system_i/rst_ps7_0_100M/U0/ACTIVE_LOW_PR_OUT_DFF[0].FDRE_PER_N/C
  -------------------------------------------------------------------    -------------------
    SLICE_X82Y116        FDRE (Prop_fdre_C_Q)         0.518     3.717 r  eeg_bci_ps_pl_system_i/rst_ps7_0_100M/U0/ACTIVE_LOW_PR_OUT_DFF[0].FDRE_PER_N/Q
                         net (fo=13, routed)          1.935     5.652    eeg_bci_ps_pl_system_i/BCI_0/inst/accelerator/core/datapath/mac16_inst/s_axi_aresetn
    SLICE_X34Y111        LUT1 (Prop_lut1_I0_O)        0.153     5.805 f  eeg_bci_ps_pl_system_i/BCI_0/inst/accelerator/core/datapath/mac16_inst/s_axi_bid[11]_i_2/O
                         net (fo=3152, routed)        6.919    12.724    eeg_bci_ps_pl_system_i/BCI_0/inst/accelerator/core/datapath/s_axi_aresetn_0
    SLICE_X39Y55         FDCE                                         f  eeg_bci_ps_pl_system_i/BCI_0/inst/accelerator/core/datapath/v3_op4_odd_tile1_reg[5]/CLR
  -------------------------------------------------------------------    -------------------

                         (clock clk_fpga_0 rise edge)
                                                     14.000    14.000 r  
    PS7_X0Y0             PS7                          0.000    14.000 r  eeg_bci_ps_pl_system_i/processing_system7_0/inst/PS7_i/FCLKCLK[0]
                         net (fo=1, routed)           1.088    15.088    eeg_bci_ps_pl_system_i/processing_system7_0/inst/FCLK_CLK_unbuffered[0]
    BUFGCTRL_X0Y16       BUFG (Prop_bufg_I_O)         0.091    15.179 r  eeg_bci_ps_pl_system_i/processing_system7_0/inst/buffer_fclk_clk_0.FCLK_CLK_0_BUFG/O
                         net (fo=6160, routed)        1.479    16.658    eeg_bci_ps_pl_system_i/BCI_0/inst/accelerator/core/datapath/s_axi_aclk
    SLICE_X39Y55         FDCE                                         r  eeg_bci_ps_pl_system_i/BCI_0/inst/accelerator/core/datapath/v3_op4_odd_tile1_reg[5]/C
                         clock pessimism              0.129    16.787    
                         clock uncertainty           -0.213    16.574    
    SLICE_X39Y55         FDCE (Recov_fdce_C_CLR)     -0.612    15.962    eeg_bci_ps_pl_system_i/BCI_0/inst/accelerator/core/datapath/v3_op4_odd_tile1_reg[5]
  -------------------------------------------------------------------
                         required time                         15.962    
                         arrival time                         -12.724    
  -------------------------------------------------------------------
                         slack                                  3.238    

Slack (MET) :             3.244ns  (required time - arrival time)
  Source:                 eeg_bci_ps_pl_system_i/rst_ps7_0_100M/U0/ACTIVE_LOW_PR_OUT_DFF[0].FDRE_PER_N/C
                            (rising edge-triggered cell FDRE clocked by clk_fpga_0  {rise@0.000ns fall@7.000ns period=14.000ns})
  Destination:            eeg_bci_ps_pl_system_i/BCI_0/inst/accelerator/core/datapath/pool_prefetch_word0_reg[1]/CLR
                            (recovery check against rising-edge clock clk_fpga_0  {rise@0.000ns fall@7.000ns period=14.000ns})
  Path Group:             **async_default**
  Path Type:              Recovery (Max at Slow Process Corner)
  Requirement:            14.000ns  (clk_fpga_0 rise@14.000ns - clk_fpga_0 rise@0.000ns)
  Data Path Delay:        9.509ns  (logic 0.671ns (7.056%)  route 8.838ns (92.944%))
  Logic Levels:           1  (LUT1=1)
  Clock Path Skew:        -0.422ns (DCD - SCD + CPR)
    Destination Clock Delay (DCD):    2.662ns = ( 16.663 - 14.000 ) 
    Source Clock Delay      (SCD):    3.199ns
    Clock Pessimism Removal (CPR):    0.115ns
  Clock Uncertainty:      0.213ns  ((TSJ^2 + TIJ^2)^1/2 + DJ) / 2 + PE
    Total System Jitter     (TSJ):    0.071ns
    Total Input Jitter      (TIJ):    0.420ns
    Discrete Jitter          (DJ):    0.000ns
    Phase Error              (PE):    0.000ns

    Location             Delay type                Incr(ns)  Path(ns)    Netlist Resource(s)
  -------------------------------------------------------------------    -------------------
                         (clock clk_fpga_0 rise edge)
                                                      0.000     0.000 r  
    PS7_X0Y0             PS7                          0.000     0.000 r  eeg_bci_ps_pl_system_i/processing_system7_0/inst/PS7_i/FCLKCLK[0]
                         net (fo=1, routed)           1.193     1.193    eeg_bci_ps_pl_system_i/processing_system7_0/inst/FCLK_CLK_unbuffered[0]
    BUFGCTRL_X0Y16       BUFG (Prop_bufg_I_O)         0.101     1.294 r  eeg_bci_ps_pl_system_i/processing_system7_0/inst/buffer_fclk_clk_0.FCLK_CLK_0_BUFG/O
                         net (fo=6160, routed)        1.905     3.199    eeg_bci_ps_pl_system_i/rst_ps7_0_100M/U0/slowest_sync_clk
    SLICE_X82Y116        FDRE                                         r  eeg_bci_ps_pl_system_i/rst_ps7_0_100M/U0/ACTIVE_LOW_PR_OUT_DFF[0].FDRE_PER_N/C
  -------------------------------------------------------------------    -------------------
    SLICE_X82Y116        FDRE (Prop_fdre_C_Q)         0.518     3.717 r  eeg_bci_ps_pl_system_i/rst_ps7_0_100M/U0/ACTIVE_LOW_PR_OUT_DFF[0].FDRE_PER_N/Q
                         net (fo=13, routed)          1.935     5.652    eeg_bci_ps_pl_system_i/BCI_0/inst/accelerator/core/datapath/mac16_inst/s_axi_aresetn
    SLICE_X34Y111        LUT1 (Prop_lut1_I0_O)        0.153     5.805 f  eeg_bci_ps_pl_system_i/BCI_0/inst/accelerator/core/datapath/mac16_inst/s_axi_bid[11]_i_2/O
                         net (fo=3152, routed)        6.903    12.708    eeg_bci_ps_pl_system_i/BCI_0/inst/accelerator/core/datapath/s_axi_aresetn_0
    SLICE_X51Y49         FDCE                                         f  eeg_bci_ps_pl_system_i/BCI_0/inst/accelerator/core/datapath/pool_prefetch_word0_reg[1]/CLR
  -------------------------------------------------------------------    -------------------

                         (clock clk_fpga_0 rise edge)
                                                     14.000    14.000 r  
    PS7_X0Y0             PS7                          0.000    14.000 r  eeg_bci_ps_pl_system_i/processing_system7_0/inst/PS7_i/FCLKCLK[0]
                         net (fo=1, routed)           1.088    15.088    eeg_bci_ps_pl_system_i/processing_system7_0/inst/FCLK_CLK_unbuffered[0]
    BUFGCTRL_X0Y16       BUFG (Prop_bufg_I_O)         0.091    15.179 r  eeg_bci_ps_pl_system_i/processing_system7_0/inst/buffer_fclk_clk_0.FCLK_CLK_0_BUFG/O
                         net (fo=6160, routed)        1.483    16.663    eeg_bci_ps_pl_system_i/BCI_0/inst/accelerator/core/datapath/s_axi_aclk
    SLICE_X51Y49         FDCE                                         r  eeg_bci_ps_pl_system_i/BCI_0/inst/accelerator/core/datapath/pool_prefetch_word0_reg[1]/C
                         clock pessimism              0.115    16.777    
                         clock uncertainty           -0.213    16.564    
    SLICE_X51Y49         FDCE (Recov_fdce_C_CLR)     -0.612    15.952    eeg_bci_ps_pl_system_i/BCI_0/inst/accelerator/core/datapath/pool_prefetch_word0_reg[1]
  -------------------------------------------------------------------
                         required time                         15.952    
                         arrival time                         -12.708    
  -------------------------------------------------------------------
                         slack                                  3.244    

Slack (MET) :             3.244ns  (required time - arrival time)
  Source:                 eeg_bci_ps_pl_system_i/rst_ps7_0_100M/U0/ACTIVE_LOW_PR_OUT_DFF[0].FDRE_PER_N/C
                            (rising edge-triggered cell FDRE clocked by clk_fpga_0  {rise@0.000ns fall@7.000ns period=14.000ns})
  Destination:            eeg_bci_ps_pl_system_i/BCI_0/inst/accelerator/core/datapath/pool_prefetch_word1_reg[0]/CLR
                            (recovery check against rising-edge clock clk_fpga_0  {rise@0.000ns fall@7.000ns period=14.000ns})
  Path Group:             **async_default**
  Path Type:              Recovery (Max at Slow Process Corner)
  Requirement:            14.000ns  (clk_fpga_0 rise@14.000ns - clk_fpga_0 rise@0.000ns)
  Data Path Delay:        9.509ns  (logic 0.671ns (7.056%)  route 8.838ns (92.944%))
  Logic Levels:           1  (LUT1=1)
  Clock Path Skew:        -0.422ns (DCD - SCD + CPR)
    Destination Clock Delay (DCD):    2.662ns = ( 16.663 - 14.000 ) 
    Source Clock Delay      (SCD):    3.199ns
    Clock Pessimism Removal (CPR):    0.115ns
  Clock Uncertainty:      0.213ns  ((TSJ^2 + TIJ^2)^1/2 + DJ) / 2 + PE
    Total System Jitter     (TSJ):    0.071ns
    Total Input Jitter      (TIJ):    0.420ns
    Discrete Jitter          (DJ):    0.000ns
    Phase Error              (PE):    0.000ns

    Location             Delay type                Incr(ns)  Path(ns)    Netlist Resource(s)
  -------------------------------------------------------------------    -------------------
                         (clock clk_fpga_0 rise edge)
                                                      0.000     0.000 r  
    PS7_X0Y0             PS7                          0.000     0.000 r  eeg_bci_ps_pl_system_i/processing_system7_0/inst/PS7_i/FCLKCLK[0]
                         net (fo=1, routed)           1.193     1.193    eeg_bci_ps_pl_system_i/processing_system7_0/inst/FCLK_CLK_unbuffered[0]
    BUFGCTRL_X0Y16       BUFG (Prop_bufg_I_O)         0.101     1.294 r  eeg_bci_ps_pl_system_i/processing_system7_0/inst/buffer_fclk_clk_0.FCLK_CLK_0_BUFG/O
                         net (fo=6160, routed)        1.905     3.199    eeg_bci_ps_pl_system_i/rst_ps7_0_100M/U0/slowest_sync_clk
    SLICE_X82Y116        FDRE                                         r  eeg_bci_ps_pl_system_i/rst_ps7_0_100M/U0/ACTIVE_LOW_PR_OUT_DFF[0].FDRE_PER_N/C
  -------------------------------------------------------------------    -------------------
    SLICE_X82Y116        FDRE (Prop_fdre_C_Q)         0.518     3.717 r  eeg_bci_ps_pl_system_i/rst_ps7_0_100M/U0/ACTIVE_LOW_PR_OUT_DFF[0].FDRE_PER_N/Q
                         net (fo=13, routed)          1.935     5.652    eeg_bci_ps_pl_system_i/BCI_0/inst/accelerator/core/datapath/mac16_inst/s_axi_aresetn
    SLICE_X34Y111        LUT1 (Prop_lut1_I0_O)        0.153     5.805 f  eeg_bci_ps_pl_system_i/BCI_0/inst/accelerator/core/datapath/mac16_inst/s_axi_bid[11]_i_2/O
                         net (fo=3152, routed)        6.903    12.708    eeg_bci_ps_pl_system_i/BCI_0/inst/accelerator/core/datapath/s_axi_aresetn_0
    SLICE_X51Y49         FDCE                                         f  eeg_bci_ps_pl_system_i/BCI_0/inst/accelerator/core/datapath/pool_prefetch_word1_reg[0]/CLR
  -------------------------------------------------------------------    -------------------

                         (clock clk_fpga_0 rise edge)
                                                     14.000    14.000 r  
    PS7_X0Y0             PS7                          0.000    14.000 r  eeg_bci_ps_pl_system_i/processing_system7_0/inst/PS7_i/FCLKCLK[0]
                         net (fo=1, routed)           1.088    15.088    eeg_bci_ps_pl_system_i/processing_system7_0/inst/FCLK_CLK_unbuffered[0]
    BUFGCTRL_X0Y16       BUFG (Prop_bufg_I_O)         0.091    15.179 r  eeg_bci_ps_pl_system_i/processing_system7_0/inst/buffer_fclk_clk_0.FCLK_CLK_0_BUFG/O
                         net (fo=6160, routed)        1.483    16.663    eeg_bci_ps_pl_system_i/BCI_0/inst/accelerator/core/datapath/s_axi_aclk
    SLICE_X51Y49         FDCE                                         r  eeg_bci_ps_pl_system_i/BCI_0/inst/accelerator/core/datapath/pool_prefetch_word1_reg[0]/C
                         clock pessimism              0.115    16.777    
                         clock uncertainty           -0.213    16.564    
    SLICE_X51Y49         FDCE (Recov_fdce_C_CLR)     -0.612    15.952    eeg_bci_ps_pl_system_i/BCI_0/inst/accelerator/core/datapath/pool_prefetch_word1_reg[0]
  -------------------------------------------------------------------
                         required time                         15.952    
                         arrival time                         -12.708    
  -------------------------------------------------------------------
                         slack                                  3.244    

Slack (MET) :             3.244ns  (required time - arrival time)
  Source:                 eeg_bci_ps_pl_system_i/rst_ps7_0_100M/U0/ACTIVE_LOW_PR_OUT_DFF[0].FDRE_PER_N/C
                            (rising edge-triggered cell FDRE clocked by clk_fpga_0  {rise@0.000ns fall@7.000ns period=14.000ns})
  Destination:            eeg_bci_ps_pl_system_i/BCI_0/inst/accelerator/core/datapath/pool_prefetch_word1_reg[1]/CLR
                            (recovery check against rising-edge clock clk_fpga_0  {rise@0.000ns fall@7.000ns period=14.000ns})
  Path Group:             **async_default**
  Path Type:              Recovery (Max at Slow Process Corner)
  Requirement:            14.000ns  (clk_fpga_0 rise@14.000ns - clk_fpga_0 rise@0.000ns)
  Data Path Delay:        9.509ns  (logic 0.671ns (7.056%)  route 8.838ns (92.944%))
  Logic Levels:           1  (LUT1=1)
  Clock Path Skew:        -0.422ns (DCD - SCD + CPR)
    Destination Clock Delay (DCD):    2.662ns = ( 16.663 - 14.000 ) 
    Source Clock Delay      (SCD):    3.199ns
    Clock Pessimism Removal (CPR):    0.115ns
  Clock Uncertainty:      0.213ns  ((TSJ^2 + TIJ^2)^1/2 + DJ) / 2 + PE
    Total System Jitter     (TSJ):    0.071ns
    Total Input Jitter      (TIJ):    0.420ns
    Discrete Jitter          (DJ):    0.000ns
    Phase Error              (PE):    0.000ns

    Location             Delay type                Incr(ns)  Path(ns)    Netlist Resource(s)
  -------------------------------------------------------------------    -------------------
                         (clock clk_fpga_0 rise edge)
                                                      0.000     0.000 r  
    PS7_X0Y0             PS7                          0.000     0.000 r  eeg_bci_ps_pl_system_i/processing_system7_0/inst/PS7_i/FCLKCLK[0]
                         net (fo=1, routed)           1.193     1.193    eeg_bci_ps_pl_system_i/processing_system7_0/inst/FCLK_CLK_unbuffered[0]
    BUFGCTRL_X0Y16       BUFG (Prop_bufg_I_O)         0.101     1.294 r  eeg_bci_ps_pl_system_i/processing_system7_0/inst/buffer_fclk_clk_0.FCLK_CLK_0_BUFG/O
                         net (fo=6160, routed)        1.905     3.199    eeg_bci_ps_pl_system_i/rst_ps7_0_100M/U0/slowest_sync_clk
    SLICE_X82Y116        FDRE                                         r  eeg_bci_ps_pl_system_i/rst_ps7_0_100M/U0/ACTIVE_LOW_PR_OUT_DFF[0].FDRE_PER_N/C
  -------------------------------------------------------------------    -------------------
    SLICE_X82Y116        FDRE (Prop_fdre_C_Q)         0.518     3.717 r  eeg_bci_ps_pl_system_i/rst_ps7_0_100M/U0/ACTIVE_LOW_PR_OUT_DFF[0].FDRE_PER_N/Q
                         net (fo=13, routed)          1.935     5.652    eeg_bci_ps_pl_system_i/BCI_0/inst/accelerator/core/datapath/mac16_inst/s_axi_aresetn
    SLICE_X34Y111        LUT1 (Prop_lut1_I0_O)        0.153     5.805 f  eeg_bci_ps_pl_system_i/BCI_0/inst/accelerator/core/datapath/mac16_inst/s_axi_bid[11]_i_2/O
                         net (fo=3152, routed)        6.903    12.708    eeg_bci_ps_pl_system_i/BCI_0/inst/accelerator/core/datapath/s_axi_aresetn_0
    SLICE_X51Y49         FDCE                                         f  eeg_bci_ps_pl_system_i/BCI_0/inst/accelerator/core/datapath/pool_prefetch_word1_reg[1]/CLR
  -------------------------------------------------------------------    -------------------

                         (clock clk_fpga_0 rise edge)
                                                     14.000    14.000 r  
    PS7_X0Y0             PS7                          0.000    14.000 r  eeg_bci_ps_pl_system_i/processing_system7_0/inst/PS7_i/FCLKCLK[0]
                         net (fo=1, routed)           1.088    15.088    eeg_bci_ps_pl_system_i/processing_system7_0/inst/FCLK_CLK_unbuffered[0]
    BUFGCTRL_X0Y16       BUFG (Prop_bufg_I_O)         0.091    15.179 r  eeg_bci_ps_pl_system_i/processing_system7_0/inst/buffer_fclk_clk_0.FCLK_CLK_0_BUFG/O
                         net (fo=6160, routed)        1.483    16.663    eeg_bci_ps_pl_system_i/BCI_0/inst/accelerator/core/datapath/s_axi_aclk
    SLICE_X51Y49         FDCE                                         r  eeg_bci_ps_pl_system_i/BCI_0/inst/accelerator/core/datapath/pool_prefetch_word1_reg[1]/C
                         clock pessimism              0.115    16.777    
                         clock uncertainty           -0.213    16.564    
    SLICE_X51Y49         FDCE (Recov_fdce_C_CLR)     -0.612    15.952    eeg_bci_ps_pl_system_i/BCI_0/inst/accelerator/core/datapath/pool_prefetch_word1_reg[1]
  -------------------------------------------------------------------
                         required time                         15.952    
                         arrival time                         -12.708    
  -------------------------------------------------------------------
                         slack                                  3.244    

Slack (MET) :             3.244ns  (required time - arrival time)
  Source:                 eeg_bci_ps_pl_system_i/rst_ps7_0_100M/U0/ACTIVE_LOW_PR_OUT_DFF[0].FDRE_PER_N/C
                            (rising edge-triggered cell FDRE clocked by clk_fpga_0  {rise@0.000ns fall@7.000ns period=14.000ns})
  Destination:            eeg_bci_ps_pl_system_i/BCI_0/inst/accelerator/core/datapath/pool_prefetch_word1_reg[3]/CLR
                            (recovery check against rising-edge clock clk_fpga_0  {rise@0.000ns fall@7.000ns period=14.000ns})
  Path Group:             **async_default**
  Path Type:              Recovery (Max at Slow Process Corner)
  Requirement:            14.000ns  (clk_fpga_0 rise@14.000ns - clk_fpga_0 rise@0.000ns)
  Data Path Delay:        9.509ns  (logic 0.671ns (7.056%)  route 8.838ns (92.944%))
  Logic Levels:           1  (LUT1=1)
  Clock Path Skew:        -0.422ns (DCD - SCD + CPR)
    Destination Clock Delay (DCD):    2.662ns = ( 16.663 - 14.000 ) 
    Source Clock Delay      (SCD):    3.199ns
    Clock Pessimism Removal (CPR):    0.115ns
  Clock Uncertainty:      0.213ns  ((TSJ^2 + TIJ^2)^1/2 + DJ) / 2 + PE
    Total System Jitter     (TSJ):    0.071ns
    Total Input Jitter      (TIJ):    0.420ns
    Discrete Jitter          (DJ):    0.000ns
    Phase Error              (PE):    0.000ns

    Location             Delay type                Incr(ns)  Path(ns)    Netlist Resource(s)
  -------------------------------------------------------------------    -------------------
                         (clock clk_fpga_0 rise edge)
                                                      0.000     0.000 r  
    PS7_X0Y0             PS7                          0.000     0.000 r  eeg_bci_ps_pl_system_i/processing_system7_0/inst/PS7_i/FCLKCLK[0]
                         net (fo=1, routed)           1.193     1.193    eeg_bci_ps_pl_system_i/processing_system7_0/inst/FCLK_CLK_unbuffered[0]
    BUFGCTRL_X0Y16       BUFG (Prop_bufg_I_O)         0.101     1.294 r  eeg_bci_ps_pl_system_i/processing_system7_0/inst/buffer_fclk_clk_0.FCLK_CLK_0_BUFG/O
                         net (fo=6160, routed)        1.905     3.199    eeg_bci_ps_pl_system_i/rst_ps7_0_100M/U0/slowest_sync_clk
    SLICE_X82Y116        FDRE                                         r  eeg_bci_ps_pl_system_i/rst_ps7_0_100M/U0/ACTIVE_LOW_PR_OUT_DFF[0].FDRE_PER_N/C
  -------------------------------------------------------------------    -------------------
    SLICE_X82Y116        FDRE (Prop_fdre_C_Q)         0.518     3.717 r  eeg_bci_ps_pl_system_i/rst_ps7_0_100M/U0/ACTIVE_LOW_PR_OUT_DFF[0].FDRE_PER_N/Q
                         net (fo=13, routed)          1.935     5.652    eeg_bci_ps_pl_system_i/BCI_0/inst/accelerator/core/datapath/mac16_inst/s_axi_aresetn
    SLICE_X34Y111        LUT1 (Prop_lut1_I0_O)        0.153     5.805 f  eeg_bci_ps_pl_system_i/BCI_0/inst/accelerator/core/datapath/mac16_inst/s_axi_bid[11]_i_2/O
                         net (fo=3152, routed)        6.903    12.708    eeg_bci_ps_pl_system_i/BCI_0/inst/accelerator/core/datapath/s_axi_aresetn_0
    SLICE_X51Y49         FDCE                                         f  eeg_bci_ps_pl_system_i/BCI_0/inst/accelerator/core/datapath/pool_prefetch_word1_reg[3]/CLR
  -------------------------------------------------------------------    -------------------

                         (clock clk_fpga_0 rise edge)
                                                     14.000    14.000 r  
    PS7_X0Y0             PS7                          0.000    14.000 r  eeg_bci_ps_pl_system_i/processing_system7_0/inst/PS7_i/FCLKCLK[0]
                         net (fo=1, routed)           1.088    15.088    eeg_bci_ps_pl_system_i/processing_system7_0/inst/FCLK_CLK_unbuffered[0]
    BUFGCTRL_X0Y16       BUFG (Prop_bufg_I_O)         0.091    15.179 r  eeg_bci_ps_pl_system_i/processing_system7_0/inst/buffer_fclk_clk_0.FCLK_CLK_0_BUFG/O
                         net (fo=6160, routed)        1.483    16.663    eeg_bci_ps_pl_system_i/BCI_0/inst/accelerator/core/datapath/s_axi_aclk
    SLICE_X51Y49         FDCE                                         r  eeg_bci_ps_pl_system_i/BCI_0/inst/accelerator/core/datapath/pool_prefetch_word1_reg[3]/C
                         clock pessimism              0.115    16.777    
                         clock uncertainty           -0.213    16.564    
    SLICE_X51Y49         FDCE (Recov_fdce_C_CLR)     -0.612    15.952    eeg_bci_ps_pl_system_i/BCI_0/inst/accelerator/core/datapath/pool_prefetch_word1_reg[3]
  -------------------------------------------------------------------
                         required time                         15.952    
                         arrival time                         -12.708    
  -------------------------------------------------------------------
                         slack                                  3.244    

Slack (MET) :             3.261ns  (required time - arrival time)
  Source:                 eeg_bci_ps_pl_system_i/rst_ps7_0_100M/U0/ACTIVE_LOW_PR_OUT_DFF[0].FDRE_PER_N/C
                            (rising edge-triggered cell FDRE clocked by clk_fpga_0  {rise@0.000ns fall@7.000ns period=14.000ns})
  Destination:            eeg_bci_ps_pl_system_i/BCI_0/inst/accelerator/core/datapath/mac16_inst/weight_bus_q_reg[64]/CLR
                            (recovery check against rising-edge clock clk_fpga_0  {rise@0.000ns fall@7.000ns period=14.000ns})
  Path Group:             **async_default**
  Path Type:              Recovery (Max at Slow Process Corner)
  Requirement:            14.000ns  (clk_fpga_0 rise@14.000ns - clk_fpga_0 rise@0.000ns)
  Data Path Delay:        9.562ns  (logic 0.671ns (7.018%)  route 8.891ns (92.982%))
  Logic Levels:           1  (LUT1=1)
  Clock Path Skew:        -0.352ns (DCD - SCD + CPR)
    Destination Clock Delay (DCD):    2.718ns = ( 16.718 - 14.000 ) 
    Source Clock Delay      (SCD):    3.199ns
    Clock Pessimism Removal (CPR):    0.129ns
  Clock Uncertainty:      0.213ns  ((TSJ^2 + TIJ^2)^1/2 + DJ) / 2 + PE
    Total System Jitter     (TSJ):    0.071ns
    Total Input Jitter      (TIJ):    0.420ns
    Discrete Jitter          (DJ):    0.000ns
    Phase Error              (PE):    0.000ns

    Location             Delay type                Incr(ns)  Path(ns)    Netlist Resource(s)
  -------------------------------------------------------------------    -------------------
                         (clock clk_fpga_0 rise edge)
                                                      0.000     0.000 r  
    PS7_X0Y0             PS7                          0.000     0.000 r  eeg_bci_ps_pl_system_i/processing_system7_0/inst/PS7_i/FCLKCLK[0]
                         net (fo=1, routed)           1.193     1.193    eeg_bci_ps_pl_system_i/processing_system7_0/inst/FCLK_CLK_unbuffered[0]
    BUFGCTRL_X0Y16       BUFG (Prop_bufg_I_O)         0.101     1.294 r  eeg_bci_ps_pl_system_i/processing_system7_0/inst/buffer_fclk_clk_0.FCLK_CLK_0_BUFG/O
                         net (fo=6160, routed)        1.905     3.199    eeg_bci_ps_pl_system_i/rst_ps7_0_100M/U0/slowest_sync_clk
    SLICE_X82Y116        FDRE                                         r  eeg_bci_ps_pl_system_i/rst_ps7_0_100M/U0/ACTIVE_LOW_PR_OUT_DFF[0].FDRE_PER_N/C
  -------------------------------------------------------------------    -------------------
    SLICE_X82Y116        FDRE (Prop_fdre_C_Q)         0.518     3.717 r  eeg_bci_ps_pl_system_i/rst_ps7_0_100M/U0/ACTIVE_LOW_PR_OUT_DFF[0].FDRE_PER_N/Q
                         net (fo=13, routed)          1.935     5.652    eeg_bci_ps_pl_system_i/BCI_0/inst/accelerator/core/datapath/mac16_inst/s_axi_aresetn
    SLICE_X34Y111        LUT1 (Prop_lut1_I0_O)        0.153     5.805 f  eeg_bci_ps_pl_system_i/BCI_0/inst/accelerator/core/datapath/mac16_inst/s_axi_bid[11]_i_2/O
                         net (fo=3152, routed)        6.955    12.761    eeg_bci_ps_pl_system_i/BCI_0/inst/accelerator/core/datapath/mac16_inst/s_axi_aresetn_0
    SLICE_X83Y83         FDCE                                         f  eeg_bci_ps_pl_system_i/BCI_0/inst/accelerator/core/datapath/mac16_inst/weight_bus_q_reg[64]/CLR
  -------------------------------------------------------------------    -------------------

                         (clock clk_fpga_0 rise edge)
                                                     14.000    14.000 r  
    PS7_X0Y0             PS7                          0.000    14.000 r  eeg_bci_ps_pl_system_i/processing_system7_0/inst/PS7_i/FCLKCLK[0]
                         net (fo=1, routed)           1.088    15.088    eeg_bci_ps_pl_system_i/processing_system7_0/inst/FCLK_CLK_unbuffered[0]
    BUFGCTRL_X0Y16       BUFG (Prop_bufg_I_O)         0.091    15.179 r  eeg_bci_ps_pl_system_i/processing_system7_0/inst/buffer_fclk_clk_0.FCLK_CLK_0_BUFG/O
                         net (fo=6160, routed)        1.539    16.718    eeg_bci_ps_pl_system_i/BCI_0/inst/accelerator/core/datapath/mac16_inst/s_axi_aclk
    SLICE_X83Y83         FDCE                                         r  eeg_bci_ps_pl_system_i/BCI_0/inst/accelerator/core/datapath/mac16_inst/weight_bus_q_reg[64]/C
                         clock pessimism              0.129    16.847    
                         clock uncertainty           -0.213    16.634    
    SLICE_X83Y83         FDCE (Recov_fdce_C_CLR)     -0.612    16.022    eeg_bci_ps_pl_system_i/BCI_0/inst/accelerator/core/datapath/mac16_inst/weight_bus_q_reg[64]
  -------------------------------------------------------------------
                         required time                         16.022    
                         arrival time                         -12.761    
  -------------------------------------------------------------------
                         slack                                  3.261    

Slack (MET) :             3.304ns  (required time - arrival time)
  Source:                 eeg_bci_ps_pl_system_i/rst_ps7_0_100M/U0/ACTIVE_LOW_PR_OUT_DFF[0].FDRE_PER_N/C
                            (rising edge-triggered cell FDRE clocked by clk_fpga_0  {rise@0.000ns fall@7.000ns period=14.000ns})
  Destination:            eeg_bci_ps_pl_system_i/BCI_0/inst/accelerator/core/datapath/mac16_inst/data_bus_q_reg[8]/CLR
                            (recovery check against rising-edge clock clk_fpga_0  {rise@0.000ns fall@7.000ns period=14.000ns})
  Path Group:             **async_default**
  Path Type:              Recovery (Max at Slow Process Corner)
  Requirement:            14.000ns  (clk_fpga_0 rise@14.000ns - clk_fpga_0 rise@0.000ns)
  Data Path Delay:        9.519ns  (logic 0.671ns (7.049%)  route 8.848ns (92.951%))
  Logic Levels:           1  (LUT1=1)
  Clock Path Skew:        -0.351ns (DCD - SCD + CPR)
    Destination Clock Delay (DCD):    2.719ns = ( 16.719 - 14.000 ) 
    Source Clock Delay      (SCD):    3.199ns
    Clock Pessimism Removal (CPR):    0.129ns
  Clock Uncertainty:      0.213ns  ((TSJ^2 + TIJ^2)^1/2 + DJ) / 2 + PE
    Total System Jitter     (TSJ):    0.071ns
    Total Input Jitter      (TIJ):    0.420ns
    Discrete Jitter          (DJ):    0.000ns
    Phase Error              (PE):    0.000ns

    Location             Delay type                Incr(ns)  Path(ns)    Netlist Resource(s)
  -------------------------------------------------------------------    -------------------
                         (clock clk_fpga_0 rise edge)
                                                      0.000     0.000 r  
    PS7_X0Y0             PS7                          0.000     0.000 r  eeg_bci_ps_pl_system_i/processing_system7_0/inst/PS7_i/FCLKCLK[0]
                         net (fo=1, routed)           1.193     1.193    eeg_bci_ps_pl_system_i/processing_system7_0/inst/FCLK_CLK_unbuffered[0]
    BUFGCTRL_X0Y16       BUFG (Prop_bufg_I_O)         0.101     1.294 r  eeg_bci_ps_pl_system_i/processing_system7_0/inst/buffer_fclk_clk_0.FCLK_CLK_0_BUFG/O
                         net (fo=6160, routed)        1.905     3.199    eeg_bci_ps_pl_system_i/rst_ps7_0_100M/U0/slowest_sync_clk
    SLICE_X82Y116        FDRE                                         r  eeg_bci_ps_pl_system_i/rst_ps7_0_100M/U0/ACTIVE_LOW_PR_OUT_DFF[0].FDRE_PER_N/C
  -------------------------------------------------------------------    -------------------
    SLICE_X82Y116        FDRE (Prop_fdre_C_Q)         0.518     3.717 r  eeg_bci_ps_pl_system_i/rst_ps7_0_100M/U0/ACTIVE_LOW_PR_OUT_DFF[0].FDRE_PER_N/Q
                         net (fo=13, routed)          1.935     5.652    eeg_bci_ps_pl_system_i/BCI_0/inst/accelerator/core/datapath/mac16_inst/s_axi_aresetn
    SLICE_X34Y111        LUT1 (Prop_lut1_I0_O)        0.153     5.805 f  eeg_bci_ps_pl_system_i/BCI_0/inst/accelerator/core/datapath/mac16_inst/s_axi_bid[11]_i_2/O
                         net (fo=3152, routed)        6.913    12.718    eeg_bci_ps_pl_system_i/BCI_0/inst/accelerator/core/datapath/mac16_inst/s_axi_aresetn_0
    SLICE_X80Y85         FDCE                                         f  eeg_bci_ps_pl_system_i/BCI_0/inst/accelerator/core/datapath/mac16_inst/data_bus_q_reg[8]/CLR
  -------------------------------------------------------------------    -------------------

                         (clock clk_fpga_0 rise edge)
                                                     14.000    14.000 r  
    PS7_X0Y0             PS7                          0.000    14.000 r  eeg_bci_ps_pl_system_i/processing_system7_0/inst/PS7_i/FCLKCLK[0]
                         net (fo=1, routed)           1.088    15.088    eeg_bci_ps_pl_system_i/processing_system7_0/inst/FCLK_CLK_unbuffered[0]
    BUFGCTRL_X0Y16       BUFG (Prop_bufg_I_O)         0.091    15.179 r  eeg_bci_ps_pl_system_i/processing_system7_0/inst/buffer_fclk_clk_0.FCLK_CLK_0_BUFG/O
                         net (fo=6160, routed)        1.540    16.719    eeg_bci_ps_pl_system_i/BCI_0/inst/accelerator/core/datapath/mac16_inst/s_axi_aclk
    SLICE_X80Y85         FDCE                                         r  eeg_bci_ps_pl_system_i/BCI_0/inst/accelerator/core/datapath/mac16_inst/data_bus_q_reg[8]/C
                         clock pessimism              0.129    16.848    
                         clock uncertainty           -0.213    16.635    
    SLICE_X80Y85         FDCE (Recov_fdce_C_CLR)     -0.612    16.023    eeg_bci_ps_pl_system_i/BCI_0/inst/accelerator/core/datapath/mac16_inst/data_bus_q_reg[8]
  -------------------------------------------------------------------
                         required time                         16.023    
                         arrival time                         -12.718    
  -------------------------------------------------------------------
                         slack                                  3.304    

Slack (MET) :             3.304ns  (required time - arrival time)
  Source:                 eeg_bci_ps_pl_system_i/rst_ps7_0_100M/U0/ACTIVE_LOW_PR_OUT_DFF[0].FDRE_PER_N/C
                            (rising edge-triggered cell FDRE clocked by clk_fpga_0  {rise@0.000ns fall@7.000ns period=14.000ns})
  Destination:            eeg_bci_ps_pl_system_i/BCI_0/inst/accelerator/core/datapath/mac16_inst/weight_bus_q_reg[5]/CLR
                            (recovery check against rising-edge clock clk_fpga_0  {rise@0.000ns fall@7.000ns period=14.000ns})
  Path Group:             **async_default**
  Path Type:              Recovery (Max at Slow Process Corner)
  Requirement:            14.000ns  (clk_fpga_0 rise@14.000ns - clk_fpga_0 rise@0.000ns)
  Data Path Delay:        9.519ns  (logic 0.671ns (7.049%)  route 8.848ns (92.951%))
  Logic Levels:           1  (LUT1=1)
  Clock Path Skew:        -0.351ns (DCD - SCD + CPR)
    Destination Clock Delay (DCD):    2.719ns = ( 16.719 - 14.000 ) 
    Source Clock Delay      (SCD):    3.199ns
    Clock Pessimism Removal (CPR):    0.129ns
  Clock Uncertainty:      0.213ns  ((TSJ^2 + TIJ^2)^1/2 + DJ) / 2 + PE
    Total System Jitter     (TSJ):    0.071ns
    Total Input Jitter      (TIJ):    0.420ns
    Discrete Jitter          (DJ):    0.000ns
    Phase Error              (PE):    0.000ns

    Location             Delay type                Incr(ns)  Path(ns)    Netlist Resource(s)
  -------------------------------------------------------------------    -------------------
                         (clock clk_fpga_0 rise edge)
                                                      0.000     0.000 r  
    PS7_X0Y0             PS7                          0.000     0.000 r  eeg_bci_ps_pl_system_i/processing_system7_0/inst/PS7_i/FCLKCLK[0]
                         net (fo=1, routed)           1.193     1.193    eeg_bci_ps_pl_system_i/processing_system7_0/inst/FCLK_CLK_unbuffered[0]
    BUFGCTRL_X0Y16       BUFG (Prop_bufg_I_O)         0.101     1.294 r  eeg_bci_ps_pl_system_i/processing_system7_0/inst/buffer_fclk_clk_0.FCLK_CLK_0_BUFG/O
                         net (fo=6160, routed)        1.905     3.199    eeg_bci_ps_pl_system_i/rst_ps7_0_100M/U0/slowest_sync_clk
    SLICE_X82Y116        FDRE                                         r  eeg_bci_ps_pl_system_i/rst_ps7_0_100M/U0/ACTIVE_LOW_PR_OUT_DFF[0].FDRE_PER_N/C
  -------------------------------------------------------------------    -------------------
    SLICE_X82Y116        FDRE (Prop_fdre_C_Q)         0.518     3.717 r  eeg_bci_ps_pl_system_i/rst_ps7_0_100M/U0/ACTIVE_LOW_PR_OUT_DFF[0].FDRE_PER_N/Q
                         net (fo=13, routed)          1.935     5.652    eeg_bci_ps_pl_system_i/BCI_0/inst/accelerator/core/datapath/mac16_inst/s_axi_aresetn
    SLICE_X34Y111        LUT1 (Prop_lut1_I0_O)        0.153     5.805 f  eeg_bci_ps_pl_system_i/BCI_0/inst/accelerator/core/datapath/mac16_inst/s_axi_bid[11]_i_2/O
                         net (fo=3152, routed)        6.913    12.718    eeg_bci_ps_pl_system_i/BCI_0/inst/accelerator/core/datapath/mac16_inst/s_axi_aresetn_0
    SLICE_X80Y85         FDCE                                         f  eeg_bci_ps_pl_system_i/BCI_0/inst/accelerator/core/datapath/mac16_inst/weight_bus_q_reg[5]/CLR
  -------------------------------------------------------------------    -------------------

                         (clock clk_fpga_0 rise edge)
                                                     14.000    14.000 r  
    PS7_X0Y0             PS7                          0.000    14.000 r  eeg_bci_ps_pl_system_i/processing_system7_0/inst/PS7_i/FCLKCLK[0]
                         net (fo=1, routed)           1.088    15.088    eeg_bci_ps_pl_system_i/processing_system7_0/inst/FCLK_CLK_unbuffered[0]
    BUFGCTRL_X0Y16       BUFG (Prop_bufg_I_O)         0.091    15.179 r  eeg_bci_ps_pl_system_i/processing_system7_0/inst/buffer_fclk_clk_0.FCLK_CLK_0_BUFG/O
                         net (fo=6160, routed)        1.540    16.719    eeg_bci_ps_pl_system_i/BCI_0/inst/accelerator/core/datapath/mac16_inst/s_axi_aclk
    SLICE_X80Y85         FDCE                                         r  eeg_bci_ps_pl_system_i/BCI_0/inst/accelerator/core/datapath/mac16_inst/weight_bus_q_reg[5]/C
                         clock pessimism              0.129    16.848    
                         clock uncertainty           -0.213    16.635    
    SLICE_X80Y85         FDCE (Recov_fdce_C_CLR)     -0.612    16.023    eeg_bci_ps_pl_system_i/BCI_0/inst/accelerator/core/datapath/mac16_inst/weight_bus_q_reg[5]
  -------------------------------------------------------------------
                         required time                         16.023    
                         arrival time                         -12.718    
  -------------------------------------------------------------------
                         slack                                  3.304    

Slack (MET) :             3.330ns  (required time - arrival time)
  Source:                 eeg_bci_ps_pl_system_i/rst_ps7_0_100M/U0/ACTIVE_LOW_PR_OUT_DFF[0].FDRE_PER_N/C
                            (rising edge-triggered cell FDRE clocked by clk_fpga_0  {rise@0.000ns fall@7.000ns period=14.000ns})
  Destination:            eeg_bci_ps_pl_system_i/BCI_0/inst/accelerator/core/datapath/v3_op4_odd_tile1_reg[194]/CLR
                            (recovery check against rising-edge clock clk_fpga_0  {rise@0.000ns fall@7.000ns period=14.000ns})
  Path Group:             **async_default**
  Path Type:              Recovery (Max at Slow Process Corner)
  Requirement:            14.000ns  (clk_fpga_0 rise@14.000ns - clk_fpga_0 rise@0.000ns)
  Data Path Delay:        9.509ns  (logic 0.671ns (7.056%)  route 8.838ns (92.944%))
  Logic Levels:           1  (LUT1=1)
  Clock Path Skew:        -0.422ns (DCD - SCD + CPR)
    Destination Clock Delay (DCD):    2.662ns = ( 16.663 - 14.000 ) 
    Source Clock Delay      (SCD):    3.199ns
    Clock Pessimism Removal (CPR):    0.115ns
  Clock Uncertainty:      0.213ns  ((TSJ^2 + TIJ^2)^1/2 + DJ) / 2 + PE
    Total System Jitter     (TSJ):    0.071ns
    Total Input Jitter      (TIJ):    0.420ns
    Discrete Jitter          (DJ):    0.000ns
    Phase Error              (PE):    0.000ns

    Location             Delay type                Incr(ns)  Path(ns)    Netlist Resource(s)
  -------------------------------------------------------------------    -------------------
                         (clock clk_fpga_0 rise edge)
                                                      0.000     0.000 r  
    PS7_X0Y0             PS7                          0.000     0.000 r  eeg_bci_ps_pl_system_i/processing_system7_0/inst/PS7_i/FCLKCLK[0]
                         net (fo=1, routed)           1.193     1.193    eeg_bci_ps_pl_system_i/processing_system7_0/inst/FCLK_CLK_unbuffered[0]
    BUFGCTRL_X0Y16       BUFG (Prop_bufg_I_O)         0.101     1.294 r  eeg_bci_ps_pl_system_i/processing_system7_0/inst/buffer_fclk_clk_0.FCLK_CLK_0_BUFG/O
                         net (fo=6160, routed)        1.905     3.199    eeg_bci_ps_pl_system_i/rst_ps7_0_100M/U0/slowest_sync_clk
    SLICE_X82Y116        FDRE                                         r  eeg_bci_ps_pl_system_i/rst_ps7_0_100M/U0/ACTIVE_LOW_PR_OUT_DFF[0].FDRE_PER_N/C
  -------------------------------------------------------------------    -------------------
    SLICE_X82Y116        FDRE (Prop_fdre_C_Q)         0.518     3.717 r  eeg_bci_ps_pl_system_i/rst_ps7_0_100M/U0/ACTIVE_LOW_PR_OUT_DFF[0].FDRE_PER_N/Q
                         net (fo=13, routed)          1.935     5.652    eeg_bci_ps_pl_system_i/BCI_0/inst/accelerator/core/datapath/mac16_inst/s_axi_aresetn
    SLICE_X34Y111        LUT1 (Prop_lut1_I0_O)        0.153     5.805 f  eeg_bci_ps_pl_system_i/BCI_0/inst/accelerator/core/datapath/mac16_inst/s_axi_bid[11]_i_2/O
                         net (fo=3152, routed)        6.903    12.708    eeg_bci_ps_pl_system_i/BCI_0/inst/accelerator/core/datapath/s_axi_aresetn_0
    SLICE_X50Y49         FDCE                                         f  eeg_bci_ps_pl_system_i/BCI_0/inst/accelerator/core/datapath/v3_op4_odd_tile1_reg[194]/CLR
  -------------------------------------------------------------------    -------------------

                         (clock clk_fpga_0 rise edge)
                                                     14.000    14.000 r  
    PS7_X0Y0             PS7                          0.000    14.000 r  eeg_bci_ps_pl_system_i/processing_system7_0/inst/PS7_i/FCLKCLK[0]
                         net (fo=1, routed)           1.088    15.088    eeg_bci_ps_pl_system_i/processing_system7_0/inst/FCLK_CLK_unbuffered[0]
    BUFGCTRL_X0Y16       BUFG (Prop_bufg_I_O)         0.091    15.179 r  eeg_bci_ps_pl_system_i/processing_system7_0/inst/buffer_fclk_clk_0.FCLK_CLK_0_BUFG/O
                         net (fo=6160, routed)        1.483    16.663    eeg_bci_ps_pl_system_i/BCI_0/inst/accelerator/core/datapath/s_axi_aclk
    SLICE_X50Y49         FDCE                                         r  eeg_bci_ps_pl_system_i/BCI_0/inst/accelerator/core/datapath/v3_op4_odd_tile1_reg[194]/C
                         clock pessimism              0.115    16.777    
                         clock uncertainty           -0.213    16.564    
    SLICE_X50Y49         FDCE (Recov_fdce_C_CLR)     -0.526    16.038    eeg_bci_ps_pl_system_i/BCI_0/inst/accelerator/core/datapath/v3_op4_odd_tile1_reg[194]
  -------------------------------------------------------------------
                         required time                         16.038    
                         arrival time                         -12.708    
  -------------------------------------------------------------------
                         slack                                  3.330    

Slack (MET) :             3.330ns  (required time - arrival time)
  Source:                 eeg_bci_ps_pl_system_i/rst_ps7_0_100M/U0/ACTIVE_LOW_PR_OUT_DFF[0].FDRE_PER_N/C
                            (rising edge-triggered cell FDRE clocked by clk_fpga_0  {rise@0.000ns fall@7.000ns period=14.000ns})
  Destination:            eeg_bci_ps_pl_system_i/BCI_0/inst/accelerator/core/datapath/v3_op4_odd_tile1_reg[196]/CLR
                            (recovery check against rising-edge clock clk_fpga_0  {rise@0.000ns fall@7.000ns period=14.000ns})
  Path Group:             **async_default**
  Path Type:              Recovery (Max at Slow Process Corner)
  Requirement:            14.000ns  (clk_fpga_0 rise@14.000ns - clk_fpga_0 rise@0.000ns)
  Data Path Delay:        9.509ns  (logic 0.671ns (7.056%)  route 8.838ns (92.944%))
  Logic Levels:           1  (LUT1=1)
  Clock Path Skew:        -0.422ns (DCD - SCD + CPR)
    Destination Clock Delay (DCD):    2.662ns = ( 16.663 - 14.000 ) 
    Source Clock Delay      (SCD):    3.199ns
    Clock Pessimism Removal (CPR):    0.115ns
  Clock Uncertainty:      0.213ns  ((TSJ^2 + TIJ^2)^1/2 + DJ) / 2 + PE
    Total System Jitter     (TSJ):    0.071ns
    Total Input Jitter      (TIJ):    0.420ns
    Discrete Jitter          (DJ):    0.000ns
    Phase Error              (PE):    0.000ns

    Location             Delay type                Incr(ns)  Path(ns)    Netlist Resource(s)
  -------------------------------------------------------------------    -------------------
                         (clock clk_fpga_0 rise edge)
                                                      0.000     0.000 r  
    PS7_X0Y0             PS7                          0.000     0.000 r  eeg_bci_ps_pl_system_i/processing_system7_0/inst/PS7_i/FCLKCLK[0]
                         net (fo=1, routed)           1.193     1.193    eeg_bci_ps_pl_system_i/processing_system7_0/inst/FCLK_CLK_unbuffered[0]
    BUFGCTRL_X0Y16       BUFG (Prop_bufg_I_O)         0.101     1.294 r  eeg_bci_ps_pl_system_i/processing_system7_0/inst/buffer_fclk_clk_0.FCLK_CLK_0_BUFG/O
                         net (fo=6160, routed)        1.905     3.199    eeg_bci_ps_pl_system_i/rst_ps7_0_100M/U0/slowest_sync_clk
    SLICE_X82Y116        FDRE                                         r  eeg_bci_ps_pl_system_i/rst_ps7_0_100M/U0/ACTIVE_LOW_PR_OUT_DFF[0].FDRE_PER_N/C
  -------------------------------------------------------------------    -------------------
    SLICE_X82Y116        FDRE (Prop_fdre_C_Q)         0.518     3.717 r  eeg_bci_ps_pl_system_i/rst_ps7_0_100M/U0/ACTIVE_LOW_PR_OUT_DFF[0].FDRE_PER_N/Q
                         net (fo=13, routed)          1.935     5.652    eeg_bci_ps_pl_system_i/BCI_0/inst/accelerator/core/datapath/mac16_inst/s_axi_aresetn
    SLICE_X34Y111        LUT1 (Prop_lut1_I0_O)        0.153     5.805 f  eeg_bci_ps_pl_system_i/BCI_0/inst/accelerator/core/datapath/mac16_inst/s_axi_bid[11]_i_2/O
                         net (fo=3152, routed)        6.903    12.708    eeg_bci_ps_pl_system_i/BCI_0/inst/accelerator/core/datapath/s_axi_aresetn_0
    SLICE_X50Y49         FDCE                                         f  eeg_bci_ps_pl_system_i/BCI_0/inst/accelerator/core/datapath/v3_op4_odd_tile1_reg[196]/CLR
  -------------------------------------------------------------------    -------------------

                         (clock clk_fpga_0 rise edge)
                                                     14.000    14.000 r  
    PS7_X0Y0             PS7                          0.000    14.000 r  eeg_bci_ps_pl_system_i/processing_system7_0/inst/PS7_i/FCLKCLK[0]
                         net (fo=1, routed)           1.088    15.088    eeg_bci_ps_pl_system_i/processing_system7_0/inst/FCLK_CLK_unbuffered[0]
    BUFGCTRL_X0Y16       BUFG (Prop_bufg_I_O)         0.091    15.179 r  eeg_bci_ps_pl_system_i/processing_system7_0/inst/buffer_fclk_clk_0.FCLK_CLK_0_BUFG/O
                         net (fo=6160, routed)        1.483    16.663    eeg_bci_ps_pl_system_i/BCI_0/inst/accelerator/core/datapath/s_axi_aclk
    SLICE_X50Y49         FDCE                                         r  eeg_bci_ps_pl_system_i/BCI_0/inst/accelerator/core/datapath/v3_op4_odd_tile1_reg[196]/C
                         clock pessimism              0.115    16.777    
                         clock uncertainty           -0.213    16.564    
    SLICE_X50Y49         FDCE (Recov_fdce_C_CLR)     -0.526    16.038    eeg_bci_ps_pl_system_i/BCI_0/inst/accelerator/core/datapath/v3_op4_odd_tile1_reg[196]
  -------------------------------------------------------------------
                         required time                         16.038    
                         arrival time                         -12.708    
  -------------------------------------------------------------------
                         slack                                  3.330    

Slack (MET) :             3.330ns  (required time - arrival time)
  Source:                 eeg_bci_ps_pl_system_i/rst_ps7_0_100M/U0/ACTIVE_LOW_PR_OUT_DFF[0].FDRE_PER_N/C
                            (rising edge-triggered cell FDRE clocked by clk_fpga_0  {rise@0.000ns fall@7.000ns period=14.000ns})
  Destination:            eeg_bci_ps_pl_system_i/BCI_0/inst/accelerator/core/datapath/v3_op4_odd_tile1_reg[236]/CLR
                            (recovery check against rising-edge clock clk_fpga_0  {rise@0.000ns fall@7.000ns period=14.000ns})
  Path Group:             **async_default**
  Path Type:              Recovery (Max at Slow Process Corner)
  Requirement:            14.000ns  (clk_fpga_0 rise@14.000ns - clk_fpga_0 rise@0.000ns)
  Data Path Delay:        9.509ns  (logic 0.671ns (7.056%)  route 8.838ns (92.944%))
  Logic Levels:           1  (LUT1=1)
  Clock Path Skew:        -0.422ns (DCD - SCD + CPR)
    Destination Clock Delay (DCD):    2.662ns = ( 16.663 - 14.000 ) 
    Source Clock Delay      (SCD):    3.199ns
    Clock Pessimism Removal (CPR):    0.115ns
  Clock Uncertainty:      0.213ns  ((TSJ^2 + TIJ^2)^1/2 + DJ) / 2 + PE
    Total System Jitter     (TSJ):    0.071ns
    Total Input Jitter      (TIJ):    0.420ns
    Discrete Jitter          (DJ):    0.000ns
    Phase Error              (PE):    0.000ns

    Location             Delay type                Incr(ns)  Path(ns)    Netlist Resource(s)
  -------------------------------------------------------------------    -------------------
                         (clock clk_fpga_0 rise edge)
                                                      0.000     0.000 r  
    PS7_X0Y0             PS7                          0.000     0.000 r  eeg_bci_ps_pl_system_i/processing_system7_0/inst/PS7_i/FCLKCLK[0]
                         net (fo=1, routed)           1.193     1.193    eeg_bci_ps_pl_system_i/processing_system7_0/inst/FCLK_CLK_unbuffered[0]
    BUFGCTRL_X0Y16       BUFG (Prop_bufg_I_O)         0.101     1.294 r  eeg_bci_ps_pl_system_i/processing_system7_0/inst/buffer_fclk_clk_0.FCLK_CLK_0_BUFG/O
                         net (fo=6160, routed)        1.905     3.199    eeg_bci_ps_pl_system_i/rst_ps7_0_100M/U0/slowest_sync_clk
    SLICE_X82Y116        FDRE                                         r  eeg_bci_ps_pl_system_i/rst_ps7_0_100M/U0/ACTIVE_LOW_PR_OUT_DFF[0].FDRE_PER_N/C
  -------------------------------------------------------------------    -------------------
    SLICE_X82Y116        FDRE (Prop_fdre_C_Q)         0.518     3.717 r  eeg_bci_ps_pl_system_i/rst_ps7_0_100M/U0/ACTIVE_LOW_PR_OUT_DFF[0].FDRE_PER_N/Q
                         net (fo=13, routed)          1.935     5.652    eeg_bci_ps_pl_system_i/BCI_0/inst/accelerator/core/datapath/mac16_inst/s_axi_aresetn
    SLICE_X34Y111        LUT1 (Prop_lut1_I0_O)        0.153     5.805 f  eeg_bci_ps_pl_system_i/BCI_0/inst/accelerator/core/datapath/mac16_inst/s_axi_bid[11]_i_2/O
                         net (fo=3152, routed)        6.903    12.708    eeg_bci_ps_pl_system_i/BCI_0/inst/accelerator/core/datapath/s_axi_aresetn_0
    SLICE_X50Y49         FDCE                                         f  eeg_bci_ps_pl_system_i/BCI_0/inst/accelerator/core/datapath/v3_op4_odd_tile1_reg[236]/CLR
  -------------------------------------------------------------------    -------------------

                         (clock clk_fpga_0 rise edge)
                                                     14.000    14.000 r  
    PS7_X0Y0             PS7                          0.000    14.000 r  eeg_bci_ps_pl_system_i/processing_system7_0/inst/PS7_i/FCLKCLK[0]
                         net (fo=1, routed)           1.088    15.088    eeg_bci_ps_pl_system_i/processing_system7_0/inst/FCLK_CLK_unbuffered[0]
    BUFGCTRL_X0Y16       BUFG (Prop_bufg_I_O)         0.091    15.179 r  eeg_bci_ps_pl_system_i/processing_system7_0/inst/buffer_fclk_clk_0.FCLK_CLK_0_BUFG/O
                         net (fo=6160, routed)        1.483    16.663    eeg_bci_ps_pl_system_i/BCI_0/inst/accelerator/core/datapath/s_axi_aclk
    SLICE_X50Y49         FDCE                                         r  eeg_bci_ps_pl_system_i/BCI_0/inst/accelerator/core/datapath/v3_op4_odd_tile1_reg[236]/C
                         clock pessimism              0.115    16.777    
                         clock uncertainty           -0.213    16.564    
    SLICE_X50Y49         FDCE (Recov_fdce_C_CLR)     -0.526    16.038    eeg_bci_ps_pl_system_i/BCI_0/inst/accelerator/core/datapath/v3_op4_odd_tile1_reg[236]
  -------------------------------------------------------------------
                         required time                         16.038    
                         arrival time                         -12.708    
  -------------------------------------------------------------------
                         slack                                  3.330    

Slack (MET) :             3.432ns  (required time - arrival time)
  Source:                 eeg_bci_ps_pl_system_i/rst_ps7_0_100M/U0/ACTIVE_LOW_PR_OUT_DFF[0].FDRE_PER_N/C
                            (rising edge-triggered cell FDRE clocked by clk_fpga_0  {rise@0.000ns fall@7.000ns period=14.000ns})
  Destination:            eeg_bci_ps_pl_system_i/BCI_0/inst/accelerator/core/datapath/pool_prefetch_word0_reg[0]/CLR
                            (recovery check against rising-edge clock clk_fpga_0  {rise@0.000ns fall@7.000ns period=14.000ns})
  Path Group:             **async_default**
  Path Type:              Recovery (Max at Slow Process Corner)
  Requirement:            14.000ns  (clk_fpga_0 rise@14.000ns - clk_fpga_0 rise@0.000ns)
  Data Path Delay:        9.332ns  (logic 0.671ns (7.190%)  route 8.661ns (92.810%))
  Logic Levels:           1  (LUT1=1)
  Clock Path Skew:        -0.411ns (DCD - SCD + CPR)
    Destination Clock Delay (DCD):    2.673ns = ( 16.674 - 14.000 ) 
    Source Clock Delay      (SCD):    3.199ns
    Clock Pessimism Removal (CPR):    0.115ns
  Clock Uncertainty:      0.213ns  ((TSJ^2 + TIJ^2)^1/2 + DJ) / 2 + PE
    Total System Jitter     (TSJ):    0.071ns
    Total Input Jitter      (TIJ):    0.420ns
    Discrete Jitter          (DJ):    0.000ns
    Phase Error              (PE):    0.000ns

    Location             Delay type                Incr(ns)  Path(ns)    Netlist Resource(s)
  -------------------------------------------------------------------    -------------------
                         (clock clk_fpga_0 rise edge)
                                                      0.000     0.000 r  
    PS7_X0Y0             PS7                          0.000     0.000 r  eeg_bci_ps_pl_system_i/processing_system7_0/inst/PS7_i/FCLKCLK[0]
                         net (fo=1, routed)           1.193     1.193    eeg_bci_ps_pl_system_i/processing_system7_0/inst/FCLK_CLK_unbuffered[0]
    BUFGCTRL_X0Y16       BUFG (Prop_bufg_I_O)         0.101     1.294 r  eeg_bci_ps_pl_system_i/processing_system7_0/inst/buffer_fclk_clk_0.FCLK_CLK_0_BUFG/O
                         net (fo=6160, routed)        1.905     3.199    eeg_bci_ps_pl_system_i/rst_ps7_0_100M/U0/slowest_sync_clk
    SLICE_X82Y116        FDRE                                         r  eeg_bci_ps_pl_system_i/rst_ps7_0_100M/U0/ACTIVE_LOW_PR_OUT_DFF[0].FDRE_PER_N/C
  -------------------------------------------------------------------    -------------------
    SLICE_X82Y116        FDRE (Prop_fdre_C_Q)         0.518     3.717 r  eeg_bci_ps_pl_system_i/rst_ps7_0_100M/U0/ACTIVE_LOW_PR_OUT_DFF[0].FDRE_PER_N/Q
                         net (fo=13, routed)          1.935     5.652    eeg_bci_ps_pl_system_i/BCI_0/inst/accelerator/core/datapath/mac16_inst/s_axi_aresetn
    SLICE_X34Y111        LUT1 (Prop_lut1_I0_O)        0.153     5.805 f  eeg_bci_ps_pl_system_i/BCI_0/inst/accelerator/core/datapath/mac16_inst/s_axi_bid[11]_i_2/O
                         net (fo=3152, routed)        6.726    12.531    eeg_bci_ps_pl_system_i/BCI_0/inst/accelerator/core/datapath/s_axi_aresetn_0
    SLICE_X48Y47         FDCE                                         f  eeg_bci_ps_pl_system_i/BCI_0/inst/accelerator/core/datapath/pool_prefetch_word0_reg[0]/CLR
  -------------------------------------------------------------------    -------------------

                         (clock clk_fpga_0 rise edge)
                                                     14.000    14.000 r  
    PS7_X0Y0             PS7                          0.000    14.000 r  eeg_bci_ps_pl_system_i/processing_system7_0/inst/PS7_i/FCLKCLK[0]
                         net (fo=1, routed)           1.088    15.088    eeg_bci_ps_pl_system_i/processing_system7_0/inst/FCLK_CLK_unbuffered[0]
    BUFGCTRL_X0Y16       BUFG (Prop_bufg_I_O)         0.091    15.179 r  eeg_bci_ps_pl_system_i/processing_system7_0/inst/buffer_fclk_clk_0.FCLK_CLK_0_BUFG/O
                         net (fo=6160, routed)        1.494    16.674    eeg_bci_ps_pl_system_i/BCI_0/inst/accelerator/core/datapath/s_axi_aclk
    SLICE_X48Y47         FDCE                                         r  eeg_bci_ps_pl_system_i/BCI_0/inst/accelerator/core/datapath/pool_prefetch_word0_reg[0]/C
                         clock pessimism              0.115    16.788    
                         clock uncertainty           -0.213    16.575    
    SLICE_X48Y47         FDCE (Recov_fdce_C_CLR)     -0.612    15.963    eeg_bci_ps_pl_system_i/BCI_0/inst/accelerator/core/datapath/pool_prefetch_word0_reg[0]
  -------------------------------------------------------------------
                         required time                         15.963    
                         arrival time                         -12.531    
  -------------------------------------------------------------------
                         slack                                  3.432    

Slack (MET) :             3.432ns  (required time - arrival time)
  Source:                 eeg_bci_ps_pl_system_i/rst_ps7_0_100M/U0/ACTIVE_LOW_PR_OUT_DFF[0].FDRE_PER_N/C
                            (rising edge-triggered cell FDRE clocked by clk_fpga_0  {rise@0.000ns fall@7.000ns period=14.000ns})
  Destination:            eeg_bci_ps_pl_system_i/BCI_0/inst/accelerator/core/datapath/pool_prefetch_word0_reg[3]/CLR
                            (recovery check against rising-edge clock clk_fpga_0  {rise@0.000ns fall@7.000ns period=14.000ns})
  Path Group:             **async_default**
  Path Type:              Recovery (Max at Slow Process Corner)
  Requirement:            14.000ns  (clk_fpga_0 rise@14.000ns - clk_fpga_0 rise@0.000ns)
  Data Path Delay:        9.332ns  (logic 0.671ns (7.190%)  route 8.661ns (92.810%))
  Logic Levels:           1  (LUT1=1)
  Clock Path Skew:        -0.411ns (DCD - SCD + CPR)
    Destination Clock Delay (DCD):    2.673ns = ( 16.674 - 14.000 ) 
    Source Clock Delay      (SCD):    3.199ns
    Clock Pessimism Removal (CPR):    0.115ns
  Clock Uncertainty:      0.213ns  ((TSJ^2 + TIJ^2)^1/2 + DJ) / 2 + PE
    Total System Jitter     (TSJ):    0.071ns
    Total Input Jitter      (TIJ):    0.420ns
    Discrete Jitter          (DJ):    0.000ns
    Phase Error              (PE):    0.000ns

    Location             Delay type                Incr(ns)  Path(ns)    Netlist Resource(s)
  -------------------------------------------------------------------    -------------------
                         (clock clk_fpga_0 rise edge)
                                                      0.000     0.000 r  
    PS7_X0Y0             PS7                          0.000     0.000 r  eeg_bci_ps_pl_system_i/processing_system7_0/inst/PS7_i/FCLKCLK[0]
                         net (fo=1, routed)           1.193     1.193    eeg_bci_ps_pl_system_i/processing_system7_0/inst/FCLK_CLK_unbuffered[0]
    BUFGCTRL_X0Y16       BUFG (Prop_bufg_I_O)         0.101     1.294 r  eeg_bci_ps_pl_system_i/processing_system7_0/inst/buffer_fclk_clk_0.FCLK_CLK_0_BUFG/O
                         net (fo=6160, routed)        1.905     3.199    eeg_bci_ps_pl_system_i/rst_ps7_0_100M/U0/slowest_sync_clk
    SLICE_X82Y116        FDRE                                         r  eeg_bci_ps_pl_system_i/rst_ps7_0_100M/U0/ACTIVE_LOW_PR_OUT_DFF[0].FDRE_PER_N/C
  -------------------------------------------------------------------    -------------------
    SLICE_X82Y116        FDRE (Prop_fdre_C_Q)         0.518     3.717 r  eeg_bci_ps_pl_system_i/rst_ps7_0_100M/U0/ACTIVE_LOW_PR_OUT_DFF[0].FDRE_PER_N/Q
                         net (fo=13, routed)          1.935     5.652    eeg_bci_ps_pl_system_i/BCI_0/inst/accelerator/core/datapath/mac16_inst/s_axi_aresetn
    SLICE_X34Y111        LUT1 (Prop_lut1_I0_O)        0.153     5.805 f  eeg_bci_ps_pl_system_i/BCI_0/inst/accelerator/core/datapath/mac16_inst/s_axi_bid[11]_i_2/O
                         net (fo=3152, routed)        6.726    12.531    eeg_bci_ps_pl_system_i/BCI_0/inst/accelerator/core/datapath/s_axi_aresetn_0
    SLICE_X48Y47         FDCE                                         f  eeg_bci_ps_pl_system_i/BCI_0/inst/accelerator/core/datapath/pool_prefetch_word0_reg[3]/CLR
  -------------------------------------------------------------------    -------------------

                         (clock clk_fpga_0 rise edge)
                                                     14.000    14.000 r  
    PS7_X0Y0             PS7                          0.000    14.000 r  eeg_bci_ps_pl_system_i/processing_system7_0/inst/PS7_i/FCLKCLK[0]
                         net (fo=1, routed)           1.088    15.088    eeg_bci_ps_pl_system_i/processing_system7_0/inst/FCLK_CLK_unbuffered[0]
    BUFGCTRL_X0Y16       BUFG (Prop_bufg_I_O)         0.091    15.179 r  eeg_bci_ps_pl_system_i/processing_system7_0/inst/buffer_fclk_clk_0.FCLK_CLK_0_BUFG/O
                         net (fo=6160, routed)        1.494    16.674    eeg_bci_ps_pl_system_i/BCI_0/inst/accelerator/core/datapath/s_axi_aclk
    SLICE_X48Y47         FDCE                                         r  eeg_bci_ps_pl_system_i/BCI_0/inst/accelerator/core/datapath/pool_prefetch_word0_reg[3]/C
                         clock pessimism              0.115    16.788    
                         clock uncertainty           -0.213    16.575    
    SLICE_X48Y47         FDCE (Recov_fdce_C_CLR)     -0.612    15.963    eeg_bci_ps_pl_system_i/BCI_0/inst/accelerator/core/datapath/pool_prefetch_word0_reg[3]
  -------------------------------------------------------------------
                         required time                         15.963    
                         arrival time                         -12.531    
  -------------------------------------------------------------------
                         slack                                  3.432    

Slack (MET) :             3.432ns  (required time - arrival time)
  Source:                 eeg_bci_ps_pl_system_i/rst_ps7_0_100M/U0/ACTIVE_LOW_PR_OUT_DFF[0].FDRE_PER_N/C
                            (rising edge-triggered cell FDRE clocked by clk_fpga_0  {rise@0.000ns fall@7.000ns period=14.000ns})
  Destination:            eeg_bci_ps_pl_system_i/BCI_0/inst/accelerator/core/datapath/pool_prefetch_word0_reg[5]/CLR
                            (recovery check against rising-edge clock clk_fpga_0  {rise@0.000ns fall@7.000ns period=14.000ns})
  Path Group:             **async_default**
  Path Type:              Recovery (Max at Slow Process Corner)
  Requirement:            14.000ns  (clk_fpga_0 rise@14.000ns - clk_fpga_0 rise@0.000ns)
  Data Path Delay:        9.332ns  (logic 0.671ns (7.190%)  route 8.661ns (92.810%))
  Logic Levels:           1  (LUT1=1)
  Clock Path Skew:        -0.411ns (DCD - SCD + CPR)
    Destination Clock Delay (DCD):    2.673ns = ( 16.674 - 14.000 ) 
    Source Clock Delay      (SCD):    3.199ns
    Clock Pessimism Removal (CPR):    0.115ns
  Clock Uncertainty:      0.213ns  ((TSJ^2 + TIJ^2)^1/2 + DJ) / 2 + PE
    Total System Jitter     (TSJ):    0.071ns
    Total Input Jitter      (TIJ):    0.420ns
    Discrete Jitter          (DJ):    0.000ns
    Phase Error              (PE):    0.000ns

    Location             Delay type                Incr(ns)  Path(ns)    Netlist Resource(s)
  -------------------------------------------------------------------    -------------------
                         (clock clk_fpga_0 rise edge)
                                                      0.000     0.000 r  
    PS7_X0Y0             PS7                          0.000     0.000 r  eeg_bci_ps_pl_system_i/processing_system7_0/inst/PS7_i/FCLKCLK[0]
                         net (fo=1, routed)           1.193     1.193    eeg_bci_ps_pl_system_i/processing_system7_0/inst/FCLK_CLK_unbuffered[0]
    BUFGCTRL_X0Y16       BUFG (Prop_bufg_I_O)         0.101     1.294 r  eeg_bci_ps_pl_system_i/processing_system7_0/inst/buffer_fclk_clk_0.FCLK_CLK_0_BUFG/O
                         net (fo=6160, routed)        1.905     3.199    eeg_bci_ps_pl_system_i/rst_ps7_0_100M/U0/slowest_sync_clk
    SLICE_X82Y116        FDRE                                         r  eeg_bci_ps_pl_system_i/rst_ps7_0_100M/U0/ACTIVE_LOW_PR_OUT_DFF[0].FDRE_PER_N/C
  -------------------------------------------------------------------    -------------------
    SLICE_X82Y116        FDRE (Prop_fdre_C_Q)         0.518     3.717 r  eeg_bci_ps_pl_system_i/rst_ps7_0_100M/U0/ACTIVE_LOW_PR_OUT_DFF[0].FDRE_PER_N/Q
                         net (fo=13, routed)          1.935     5.652    eeg_bci_ps_pl_system_i/BCI_0/inst/accelerator/core/datapath/mac16_inst/s_axi_aresetn
    SLICE_X34Y111        LUT1 (Prop_lut1_I0_O)        0.153     5.805 f  eeg_bci_ps_pl_system_i/BCI_0/inst/accelerator/core/datapath/mac16_inst/s_axi_bid[11]_i_2/O
                         net (fo=3152, routed)        6.726    12.531    eeg_bci_ps_pl_system_i/BCI_0/inst/accelerator/core/datapath/s_axi_aresetn_0
    SLICE_X48Y47         FDCE                                         f  eeg_bci_ps_pl_system_i/BCI_0/inst/accelerator/core/datapath/pool_prefetch_word0_reg[5]/CLR
  -------------------------------------------------------------------    -------------------

                         (clock clk_fpga_0 rise edge)
                                                     14.000    14.000 r  
    PS7_X0Y0             PS7                          0.000    14.000 r  eeg_bci_ps_pl_system_i/processing_system7_0/inst/PS7_i/FCLKCLK[0]
                         net (fo=1, routed)           1.088    15.088    eeg_bci_ps_pl_system_i/processing_system7_0/inst/FCLK_CLK_unbuffered[0]
    BUFGCTRL_X0Y16       BUFG (Prop_bufg_I_O)         0.091    15.179 r  eeg_bci_ps_pl_system_i/processing_system7_0/inst/buffer_fclk_clk_0.FCLK_CLK_0_BUFG/O
                         net (fo=6160, routed)        1.494    16.674    eeg_bci_ps_pl_system_i/BCI_0/inst/accelerator/core/datapath/s_axi_aclk
    SLICE_X48Y47         FDCE                                         r  eeg_bci_ps_pl_system_i/BCI_0/inst/accelerator/core/datapath/pool_prefetch_word0_reg[5]/C
                         clock pessimism              0.115    16.788    
                         clock uncertainty           -0.213    16.575    
    SLICE_X48Y47         FDCE (Recov_fdce_C_CLR)     -0.612    15.963    eeg_bci_ps_pl_system_i/BCI_0/inst/accelerator/core/datapath/pool_prefetch_word0_reg[5]
  -------------------------------------------------------------------
                         required time                         15.963    
                         arrival time                         -12.531    
  -------------------------------------------------------------------
                         slack                                  3.432    

Slack (MET) :             3.441ns  (required time - arrival time)
  Source:                 eeg_bci_ps_pl_system_i/rst_ps7_0_100M/U0/ACTIVE_LOW_PR_OUT_DFF[0].FDRE_PER_N/C
                            (rising edge-triggered cell FDRE clocked by clk_fpga_0  {rise@0.000ns fall@7.000ns period=14.000ns})
  Destination:            eeg_bci_ps_pl_system_i/BCI_0/inst/accelerator/core/datapath/v3_op4_odd_tile0_reg[71]/CLR
                            (recovery check against rising-edge clock clk_fpga_0  {rise@0.000ns fall@7.000ns period=14.000ns})
  Path Group:             **async_default**
  Path Type:              Recovery (Max at Slow Process Corner)
  Requirement:            14.000ns  (clk_fpga_0 rise@14.000ns - clk_fpga_0 rise@0.000ns)
  Data Path Delay:        9.309ns  (logic 0.671ns (7.208%)  route 8.638ns (92.792%))
  Logic Levels:           1  (LUT1=1)
  Clock Path Skew:        -0.424ns (DCD - SCD + CPR)
    Destination Clock Delay (DCD):    2.646ns = ( 16.646 - 14.000 ) 
    Source Clock Delay      (SCD):    3.199ns
    Clock Pessimism Removal (CPR):    0.129ns
  Clock Uncertainty:      0.213ns  ((TSJ^2 + TIJ^2)^1/2 + DJ) / 2 + PE
    Total System Jitter     (TSJ):    0.071ns
    Total Input Jitter      (TIJ):    0.420ns
    Discrete Jitter          (DJ):    0.000ns
    Phase Error              (PE):    0.000ns

    Location             Delay type                Incr(ns)  Path(ns)    Netlist Resource(s)
  -------------------------------------------------------------------    -------------------
                         (clock clk_fpga_0 rise edge)
                                                      0.000     0.000 r  
    PS7_X0Y0             PS7                          0.000     0.000 r  eeg_bci_ps_pl_system_i/processing_system7_0/inst/PS7_i/FCLKCLK[0]
                         net (fo=1, routed)           1.193     1.193    eeg_bci_ps_pl_system_i/processing_system7_0/inst/FCLK_CLK_unbuffered[0]
    BUFGCTRL_X0Y16       BUFG (Prop_bufg_I_O)         0.101     1.294 r  eeg_bci_ps_pl_system_i/processing_system7_0/inst/buffer_fclk_clk_0.FCLK_CLK_0_BUFG/O
                         net (fo=6160, routed)        1.905     3.199    eeg_bci_ps_pl_system_i/rst_ps7_0_100M/U0/slowest_sync_clk
    SLICE_X82Y116        FDRE                                         r  eeg_bci_ps_pl_system_i/rst_ps7_0_100M/U0/ACTIVE_LOW_PR_OUT_DFF[0].FDRE_PER_N/C
  -------------------------------------------------------------------    -------------------
    SLICE_X82Y116        FDRE (Prop_fdre_C_Q)         0.518     3.717 r  eeg_bci_ps_pl_system_i/rst_ps7_0_100M/U0/ACTIVE_LOW_PR_OUT_DFF[0].FDRE_PER_N/Q
                         net (fo=13, routed)          1.935     5.652    eeg_bci_ps_pl_system_i/BCI_0/inst/accelerator/core/datapath/mac16_inst/s_axi_aresetn
    SLICE_X34Y111        LUT1 (Prop_lut1_I0_O)        0.153     5.805 f  eeg_bci_ps_pl_system_i/BCI_0/inst/accelerator/core/datapath/mac16_inst/s_axi_bid[11]_i_2/O
                         net (fo=3152, routed)        6.703    12.508    eeg_bci_ps_pl_system_i/BCI_0/inst/accelerator/core/datapath/s_axi_aresetn_0
    SLICE_X51Y52         FDCE                                         f  eeg_bci_ps_pl_system_i/BCI_0/inst/accelerator/core/datapath/v3_op4_odd_tile0_reg[71]/CLR
  -------------------------------------------------------------------    -------------------

                         (clock clk_fpga_0 rise edge)
                                                     14.000    14.000 r  
    PS7_X0Y0             PS7                          0.000    14.000 r  eeg_bci_ps_pl_system_i/processing_system7_0/inst/PS7_i/FCLKCLK[0]
                         net (fo=1, routed)           1.088    15.088    eeg_bci_ps_pl_system_i/processing_system7_0/inst/FCLK_CLK_unbuffered[0]
    BUFGCTRL_X0Y16       BUFG (Prop_bufg_I_O)         0.091    15.179 r  eeg_bci_ps_pl_system_i/processing_system7_0/inst/buffer_fclk_clk_0.FCLK_CLK_0_BUFG/O
                         net (fo=6160, routed)        1.467    16.646    eeg_bci_ps_pl_system_i/BCI_0/inst/accelerator/core/datapath/s_axi_aclk
    SLICE_X51Y52         FDCE                                         r  eeg_bci_ps_pl_system_i/BCI_0/inst/accelerator/core/datapath/v3_op4_odd_tile0_reg[71]/C
                         clock pessimism              0.129    16.775    
                         clock uncertainty           -0.213    16.562    
    SLICE_X51Y52         FDCE (Recov_fdce_C_CLR)     -0.612    15.950    eeg_bci_ps_pl_system_i/BCI_0/inst/accelerator/core/datapath/v3_op4_odd_tile0_reg[71]
  -------------------------------------------------------------------
                         required time                         15.950    
                         arrival time                         -12.508    
  -------------------------------------------------------------------
                         slack                                  3.441    

Slack (MET) :             3.441ns  (required time - arrival time)
  Source:                 eeg_bci_ps_pl_system_i/rst_ps7_0_100M/U0/ACTIVE_LOW_PR_OUT_DFF[0].FDRE_PER_N/C
                            (rising edge-triggered cell FDRE clocked by clk_fpga_0  {rise@0.000ns fall@7.000ns period=14.000ns})
  Destination:            eeg_bci_ps_pl_system_i/BCI_0/inst/accelerator/core/datapath/v3_op4_odd_tile0_reg[77]/CLR
                            (recovery check against rising-edge clock clk_fpga_0  {rise@0.000ns fall@7.000ns period=14.000ns})
  Path Group:             **async_default**
  Path Type:              Recovery (Max at Slow Process Corner)
  Requirement:            14.000ns  (clk_fpga_0 rise@14.000ns - clk_fpga_0 rise@0.000ns)
  Data Path Delay:        9.309ns  (logic 0.671ns (7.208%)  route 8.638ns (92.792%))
  Logic Levels:           1  (LUT1=1)
  Clock Path Skew:        -0.424ns (DCD - SCD + CPR)
    Destination Clock Delay (DCD):    2.646ns = ( 16.646 - 14.000 ) 
    Source Clock Delay      (SCD):    3.199ns
    Clock Pessimism Removal (CPR):    0.129ns
  Clock Uncertainty:      0.213ns  ((TSJ^2 + TIJ^2)^1/2 + DJ) / 2 + PE
    Total System Jitter     (TSJ):    0.071ns
    Total Input Jitter      (TIJ):    0.420ns
    Discrete Jitter          (DJ):    0.000ns
    Phase Error              (PE):    0.000ns

    Location             Delay type                Incr(ns)  Path(ns)    Netlist Resource(s)
  -------------------------------------------------------------------    -------------------
                         (clock clk_fpga_0 rise edge)
                                                      0.000     0.000 r  
    PS7_X0Y0             PS7                          0.000     0.000 r  eeg_bci_ps_pl_system_i/processing_system7_0/inst/PS7_i/FCLKCLK[0]
                         net (fo=1, routed)           1.193     1.193    eeg_bci_ps_pl_system_i/processing_system7_0/inst/FCLK_CLK_unbuffered[0]
    BUFGCTRL_X0Y16       BUFG (Prop_bufg_I_O)         0.101     1.294 r  eeg_bci_ps_pl_system_i/processing_system7_0/inst/buffer_fclk_clk_0.FCLK_CLK_0_BUFG/O
                         net (fo=6160, routed)        1.905     3.199    eeg_bci_ps_pl_system_i/rst_ps7_0_100M/U0/slowest_sync_clk
    SLICE_X82Y116        FDRE                                         r  eeg_bci_ps_pl_system_i/rst_ps7_0_100M/U0/ACTIVE_LOW_PR_OUT_DFF[0].FDRE_PER_N/C
  -------------------------------------------------------------------    -------------------
    SLICE_X82Y116        FDRE (Prop_fdre_C_Q)         0.518     3.717 r  eeg_bci_ps_pl_system_i/rst_ps7_0_100M/U0/ACTIVE_LOW_PR_OUT_DFF[0].FDRE_PER_N/Q
                         net (fo=13, routed)          1.935     5.652    eeg_bci_ps_pl_system_i/BCI_0/inst/accelerator/core/datapath/mac16_inst/s_axi_aresetn
    SLICE_X34Y111        LUT1 (Prop_lut1_I0_O)        0.153     5.805 f  eeg_bci_ps_pl_system_i/BCI_0/inst/accelerator/core/datapath/mac16_inst/s_axi_bid[11]_i_2/O
                         net (fo=3152, routed)        6.703    12.508    eeg_bci_ps_pl_system_i/BCI_0/inst/accelerator/core/datapath/s_axi_aresetn_0
    SLICE_X51Y52         FDCE                                         f  eeg_bci_ps_pl_system_i/BCI_0/inst/accelerator/core/datapath/v3_op4_odd_tile0_reg[77]/CLR
  -------------------------------------------------------------------    -------------------

                         (clock clk_fpga_0 rise edge)
                                                     14.000    14.000 r  
    PS7_X0Y0             PS7                          0.000    14.000 r  eeg_bci_ps_pl_system_i/processing_system7_0/inst/PS7_i/FCLKCLK[0]
                         net (fo=1, routed)           1.088    15.088    eeg_bci_ps_pl_system_i/processing_system7_0/inst/FCLK_CLK_unbuffered[0]
    BUFGCTRL_X0Y16       BUFG (Prop_bufg_I_O)         0.091    15.179 r  eeg_bci_ps_pl_system_i/processing_system7_0/inst/buffer_fclk_clk_0.FCLK_CLK_0_BUFG/O
                         net (fo=6160, routed)        1.467    16.646    eeg_bci_ps_pl_system_i/BCI_0/inst/accelerator/core/datapath/s_axi_aclk
    SLICE_X51Y52         FDCE                                         r  eeg_bci_ps_pl_system_i/BCI_0/inst/accelerator/core/datapath/v3_op4_odd_tile0_reg[77]/C
                         clock pessimism              0.129    16.775    
                         clock uncertainty           -0.213    16.562    
    SLICE_X51Y52         FDCE (Recov_fdce_C_CLR)     -0.612    15.950    eeg_bci_ps_pl_system_i/BCI_0/inst/accelerator/core/datapath/v3_op4_odd_tile0_reg[77]
  -------------------------------------------------------------------
                         required time                         15.950    
                         arrival time                         -12.508    
  -------------------------------------------------------------------
                         slack                                  3.441    

Slack (MET) :             3.490ns  (required time - arrival time)
  Source:                 eeg_bci_ps_pl_system_i/rst_ps7_0_100M/U0/ACTIVE_LOW_PR_OUT_DFF[0].FDRE_PER_N/C
                            (rising edge-triggered cell FDRE clocked by clk_fpga_0  {rise@0.000ns fall@7.000ns period=14.000ns})
  Destination:            eeg_bci_ps_pl_system_i/BCI_0/inst/accelerator/core/datapath/state_reg[0]/CLR
                            (recovery check against rising-edge clock clk_fpga_0  {rise@0.000ns fall@7.000ns period=14.000ns})
  Path Group:             **async_default**
  Path Type:              Recovery (Max at Slow Process Corner)
  Requirement:            14.000ns  (clk_fpga_0 rise@14.000ns - clk_fpga_0 rise@0.000ns)
  Data Path Delay:        9.357ns  (logic 0.671ns (7.171%)  route 8.686ns (92.829%))
  Logic Levels:           1  (LUT1=1)
  Clock Path Skew:        -0.414ns (DCD - SCD + CPR)
    Destination Clock Delay (DCD):    2.656ns = ( 16.656 - 14.000 ) 
    Source Clock Delay      (SCD):    3.199ns
    Clock Pessimism Removal (CPR):    0.129ns
  Clock Uncertainty:      0.213ns  ((TSJ^2 + TIJ^2)^1/2 + DJ) / 2 + PE
    Total System Jitter     (TSJ):    0.071ns
    Total Input Jitter      (TIJ):    0.420ns
    Discrete Jitter          (DJ):    0.000ns
    Phase Error              (PE):    0.000ns

    Location             Delay type                Incr(ns)  Path(ns)    Netlist Resource(s)
  -------------------------------------------------------------------    -------------------
                         (clock clk_fpga_0 rise edge)
                                                      0.000     0.000 r  
    PS7_X0Y0             PS7                          0.000     0.000 r  eeg_bci_ps_pl_system_i/processing_system7_0/inst/PS7_i/FCLKCLK[0]
                         net (fo=1, routed)           1.193     1.193    eeg_bci_ps_pl_system_i/processing_system7_0/inst/FCLK_CLK_unbuffered[0]
    BUFGCTRL_X0Y16       BUFG (Prop_bufg_I_O)         0.101     1.294 r  eeg_bci_ps_pl_system_i/processing_system7_0/inst/buffer_fclk_clk_0.FCLK_CLK_0_BUFG/O
                         net (fo=6160, routed)        1.905     3.199    eeg_bci_ps_pl_system_i/rst_ps7_0_100M/U0/slowest_sync_clk
    SLICE_X82Y116        FDRE                                         r  eeg_bci_ps_pl_system_i/rst_ps7_0_100M/U0/ACTIVE_LOW_PR_OUT_DFF[0].FDRE_PER_N/C
  -------------------------------------------------------------------    -------------------
    SLICE_X82Y116        FDRE (Prop_fdre_C_Q)         0.518     3.717 r  eeg_bci_ps_pl_system_i/rst_ps7_0_100M/U0/ACTIVE_LOW_PR_OUT_DFF[0].FDRE_PER_N/Q
                         net (fo=13, routed)          1.935     5.652    eeg_bci_ps_pl_system_i/BCI_0/inst/accelerator/core/datapath/mac16_inst/s_axi_aresetn
    SLICE_X34Y111        LUT1 (Prop_lut1_I0_O)        0.153     5.805 f  eeg_bci_ps_pl_system_i/BCI_0/inst/accelerator/core/datapath/mac16_inst/s_axi_bid[11]_i_2/O
                         net (fo=3152, routed)        6.751    12.556    eeg_bci_ps_pl_system_i/BCI_0/inst/accelerator/core/datapath/s_axi_aresetn_0
    SLICE_X38Y60         FDCE                                         f  eeg_bci_ps_pl_system_i/BCI_0/inst/accelerator/core/datapath/state_reg[0]/CLR
  -------------------------------------------------------------------    -------------------

                         (clock clk_fpga_0 rise edge)
                                                     14.000    14.000 r  
    PS7_X0Y0             PS7                          0.000    14.000 r  eeg_bci_ps_pl_system_i/processing_system7_0/inst/PS7_i/FCLKCLK[0]
                         net (fo=1, routed)           1.088    15.088    eeg_bci_ps_pl_system_i/processing_system7_0/inst/FCLK_CLK_unbuffered[0]
    BUFGCTRL_X0Y16       BUFG (Prop_bufg_I_O)         0.091    15.179 r  eeg_bci_ps_pl_system_i/processing_system7_0/inst/buffer_fclk_clk_0.FCLK_CLK_0_BUFG/O
                         net (fo=6160, routed)        1.477    16.656    eeg_bci_ps_pl_system_i/BCI_0/inst/accelerator/core/datapath/s_axi_aclk
    SLICE_X38Y60         FDCE                                         r  eeg_bci_ps_pl_system_i/BCI_0/inst/accelerator/core/datapath/state_reg[0]/C
                         clock pessimism              0.129    16.785    
                         clock uncertainty           -0.213    16.572    
    SLICE_X38Y60         FDCE (Recov_fdce_C_CLR)     -0.526    16.046    eeg_bci_ps_pl_system_i/BCI_0/inst/accelerator/core/datapath/state_reg[0]
  -------------------------------------------------------------------
                         required time                         16.046    
                         arrival time                         -12.556    
  -------------------------------------------------------------------
                         slack                                  3.490    





Min Delay Paths
--------------------------------------------------------------------------------------
Slack (MET) :             1.118ns  (arrival time - required time)
  Source:                 eeg_bci_ps_pl_system_i/rst_ps7_0_100M/U0/ACTIVE_LOW_PR_OUT_DFF[0].FDRE_PER_N/C
                            (rising edge-triggered cell FDRE clocked by clk_fpga_0  {rise@0.000ns fall@7.000ns period=14.000ns})
  Destination:            eeg_bci_ps_pl_system_i/BCI_0/inst/accelerator/core/scheduler/instruction_word_count_reg[0]/CLR
                            (removal check against rising-edge clock clk_fpga_0  {rise@0.000ns fall@7.000ns period=14.000ns})
  Path Group:             **async_default**
  Path Type:              Removal (Min at Fast Process Corner)
  Requirement:            0.000ns  (clk_fpga_0 rise@0.000ns - clk_fpga_0 rise@0.000ns)
  Data Path Delay:        1.223ns  (logic 0.213ns (17.413%)  route 1.010ns (82.587%))
  Logic Levels:           1  (LUT1=1)
  Clock Path Skew:        0.240ns (DCD - SCD - CPR)
    Destination Clock Delay (DCD):    1.275ns
    Source Clock Delay      (SCD):    0.996ns
    Clock Pessimism Removal (CPR):    0.039ns

    Location             Delay type                Incr(ns)  Path(ns)    Netlist Resource(s)
  -------------------------------------------------------------------    -------------------
                         (clock clk_fpga_0 rise edge)
                                                      0.000     0.000 r  
    PS7_X0Y0             PS7                          0.000     0.000 r  eeg_bci_ps_pl_system_i/processing_system7_0/inst/PS7_i/FCLKCLK[0]
                         net (fo=1, routed)           0.310     0.310    eeg_bci_ps_pl_system_i/processing_system7_0/inst/FCLK_CLK_unbuffered[0]
    BUFGCTRL_X0Y16       BUFG (Prop_bufg_I_O)         0.026     0.336 r  eeg_bci_ps_pl_system_i/processing_system7_0/inst/buffer_fclk_clk_0.FCLK_CLK_0_BUFG/O
                         net (fo=6160, routed)        0.660     0.996    eeg_bci_ps_pl_system_i/rst_ps7_0_100M/U0/slowest_sync_clk
    SLICE_X82Y116        FDRE                                         r  eeg_bci_ps_pl_system_i/rst_ps7_0_100M/U0/ACTIVE_LOW_PR_OUT_DFF[0].FDRE_PER_N/C
  -------------------------------------------------------------------    -------------------
    SLICE_X82Y116        FDRE (Prop_fdre_C_Q)         0.164     1.160 r  eeg_bci_ps_pl_system_i/rst_ps7_0_100M/U0/ACTIVE_LOW_PR_OUT_DFF[0].FDRE_PER_N/Q
                         net (fo=13, routed)          0.792     1.952    eeg_bci_ps_pl_system_i/BCI_0/inst/accelerator/core/datapath/mac16_inst/s_axi_aresetn
    SLICE_X34Y111        LUT1 (Prop_lut1_I0_O)        0.049     2.001 f  eeg_bci_ps_pl_system_i/BCI_0/inst/accelerator/core/datapath/mac16_inst/s_axi_bid[11]_i_2/O
                         net (fo=3152, routed)        0.218     2.219    eeg_bci_ps_pl_system_i/BCI_0/inst/accelerator/core/scheduler/instruction_word_count_reg[8]_0
    SLICE_X34Y111        FDCE                                         f  eeg_bci_ps_pl_system_i/BCI_0/inst/accelerator/core/scheduler/instruction_word_count_reg[0]/CLR
  -------------------------------------------------------------------    -------------------

                         (clock clk_fpga_0 rise edge)
                                                      0.000     0.000 r  
    PS7_X0Y0             PS7                          0.000     0.000 r  eeg_bci_ps_pl_system_i/processing_system7_0/inst/PS7_i/FCLKCLK[0]
                         net (fo=1, routed)           0.337     0.337    eeg_bci_ps_pl_system_i/processing_system7_0/inst/FCLK_CLK_unbuffered[0]
    BUFGCTRL_X0Y16       BUFG (Prop_bufg_I_O)         0.029     0.366 r  eeg_bci_ps_pl_system_i/processing_system7_0/inst/buffer_fclk_clk_0.FCLK_CLK_0_BUFG/O
                         net (fo=6160, routed)        0.909     1.275    eeg_bci_ps_pl_system_i/BCI_0/inst/accelerator/core/scheduler/s_axi_aclk
    SLICE_X34Y111        FDCE                                         r  eeg_bci_ps_pl_system_i/BCI_0/inst/accelerator/core/scheduler/instruction_word_count_reg[0]/C
                         clock pessimism             -0.039     1.236    
    SLICE_X34Y111        FDCE (Remov_fdce_C_CLR)     -0.135     1.101    eeg_bci_ps_pl_system_i/BCI_0/inst/accelerator/core/scheduler/instruction_word_count_reg[0]
  -------------------------------------------------------------------
                         required time                         -1.101    
                         arrival time                           2.219    
  -------------------------------------------------------------------
                         slack                                  1.118    

Slack (MET) :             1.118ns  (arrival time - required time)
  Source:                 eeg_bci_ps_pl_system_i/rst_ps7_0_100M/U0/ACTIVE_LOW_PR_OUT_DFF[0].FDRE_PER_N/C
                            (rising edge-triggered cell FDRE clocked by clk_fpga_0  {rise@0.000ns fall@7.000ns period=14.000ns})
  Destination:            eeg_bci_ps_pl_system_i/BCI_0/inst/accelerator/core/scheduler/instruction_word_count_reg[1]/CLR
                            (removal check against rising-edge clock clk_fpga_0  {rise@0.000ns fall@7.000ns period=14.000ns})
  Path Group:             **async_default**
  Path Type:              Removal (Min at Fast Process Corner)
  Requirement:            0.000ns  (clk_fpga_0 rise@0.000ns - clk_fpga_0 rise@0.000ns)
  Data Path Delay:        1.223ns  (logic 0.213ns (17.413%)  route 1.010ns (82.587%))
  Logic Levels:           1  (LUT1=1)
  Clock Path Skew:        0.240ns (DCD - SCD - CPR)
    Destination Clock Delay (DCD):    1.275ns
    Source Clock Delay      (SCD):    0.996ns
    Clock Pessimism Removal (CPR):    0.039ns

    Location             Delay type                Incr(ns)  Path(ns)    Netlist Resource(s)
  -------------------------------------------------------------------    -------------------
                         (clock clk_fpga_0 rise edge)
                                                      0.000     0.000 r  
    PS7_X0Y0             PS7                          0.000     0.000 r  eeg_bci_ps_pl_system_i/processing_system7_0/inst/PS7_i/FCLKCLK[0]
                         net (fo=1, routed)           0.310     0.310    eeg_bci_ps_pl_system_i/processing_system7_0/inst/FCLK_CLK_unbuffered[0]
    BUFGCTRL_X0Y16       BUFG (Prop_bufg_I_O)         0.026     0.336 r  eeg_bci_ps_pl_system_i/processing_system7_0/inst/buffer_fclk_clk_0.FCLK_CLK_0_BUFG/O
                         net (fo=6160, routed)        0.660     0.996    eeg_bci_ps_pl_system_i/rst_ps7_0_100M/U0/slowest_sync_clk
    SLICE_X82Y116        FDRE                                         r  eeg_bci_ps_pl_system_i/rst_ps7_0_100M/U0/ACTIVE_LOW_PR_OUT_DFF[0].FDRE_PER_N/C
  -------------------------------------------------------------------    -------------------
    SLICE_X82Y116        FDRE (Prop_fdre_C_Q)         0.164     1.160 r  eeg_bci_ps_pl_system_i/rst_ps7_0_100M/U0/ACTIVE_LOW_PR_OUT_DFF[0].FDRE_PER_N/Q
                         net (fo=13, routed)          0.792     1.952    eeg_bci_ps_pl_system_i/BCI_0/inst/accelerator/core/datapath/mac16_inst/s_axi_aresetn
    SLICE_X34Y111        LUT1 (Prop_lut1_I0_O)        0.049     2.001 f  eeg_bci_ps_pl_system_i/BCI_0/inst/accelerator/core/datapath/mac16_inst/s_axi_bid[11]_i_2/O
                         net (fo=3152, routed)        0.218     2.219    eeg_bci_ps_pl_system_i/BCI_0/inst/accelerator/core/scheduler/instruction_word_count_reg[8]_0
    SLICE_X34Y111        FDCE                                         f  eeg_bci_ps_pl_system_i/BCI_0/inst/accelerator/core/scheduler/instruction_word_count_reg[1]/CLR
  -------------------------------------------------------------------    -------------------

                         (clock clk_fpga_0 rise edge)
                                                      0.000     0.000 r  
    PS7_X0Y0             PS7                          0.000     0.000 r  eeg_bci_ps_pl_system_i/processing_system7_0/inst/PS7_i/FCLKCLK[0]
                         net (fo=1, routed)           0.337     0.337    eeg_bci_ps_pl_system_i/processing_system7_0/inst/FCLK_CLK_unbuffered[0]
    BUFGCTRL_X0Y16       BUFG (Prop_bufg_I_O)         0.029     0.366 r  eeg_bci_ps_pl_system_i/processing_system7_0/inst/buffer_fclk_clk_0.FCLK_CLK_0_BUFG/O
                         net (fo=6160, routed)        0.909     1.275    eeg_bci_ps_pl_system_i/BCI_0/inst/accelerator/core/scheduler/s_axi_aclk
    SLICE_X34Y111        FDCE                                         r  eeg_bci_ps_pl_system_i/BCI_0/inst/accelerator/core/scheduler/instruction_word_count_reg[1]/C
                         clock pessimism             -0.039     1.236    
    SLICE_X34Y111        FDCE (Remov_fdce_C_CLR)     -0.135     1.101    eeg_bci_ps_pl_system_i/BCI_0/inst/accelerator/core/scheduler/instruction_word_count_reg[1]
  -------------------------------------------------------------------
                         required time                         -1.101    
                         arrival time                           2.219    
  -------------------------------------------------------------------
                         slack                                  1.118    

Slack (MET) :             1.118ns  (arrival time - required time)
  Source:                 eeg_bci_ps_pl_system_i/rst_ps7_0_100M/U0/ACTIVE_LOW_PR_OUT_DFF[0].FDRE_PER_N/C
                            (rising edge-triggered cell FDRE clocked by clk_fpga_0  {rise@0.000ns fall@7.000ns period=14.000ns})
  Destination:            eeg_bci_ps_pl_system_i/BCI_0/inst/accelerator/core/scheduler/instruction_word_count_reg[2]/CLR
                            (removal check against rising-edge clock clk_fpga_0  {rise@0.000ns fall@7.000ns period=14.000ns})
  Path Group:             **async_default**
  Path Type:              Removal (Min at Fast Process Corner)
  Requirement:            0.000ns  (clk_fpga_0 rise@0.000ns - clk_fpga_0 rise@0.000ns)
  Data Path Delay:        1.223ns  (logic 0.213ns (17.413%)  route 1.010ns (82.587%))
  Logic Levels:           1  (LUT1=1)
  Clock Path Skew:        0.240ns (DCD - SCD - CPR)
    Destination Clock Delay (DCD):    1.275ns
    Source Clock Delay      (SCD):    0.996ns
    Clock Pessimism Removal (CPR):    0.039ns

    Location             Delay type                Incr(ns)  Path(ns)    Netlist Resource(s)
  -------------------------------------------------------------------    -------------------
                         (clock clk_fpga_0 rise edge)
                                                      0.000     0.000 r  
    PS7_X0Y0             PS7                          0.000     0.000 r  eeg_bci_ps_pl_system_i/processing_system7_0/inst/PS7_i/FCLKCLK[0]
                         net (fo=1, routed)           0.310     0.310    eeg_bci_ps_pl_system_i/processing_system7_0/inst/FCLK_CLK_unbuffered[0]
    BUFGCTRL_X0Y16       BUFG (Prop_bufg_I_O)         0.026     0.336 r  eeg_bci_ps_pl_system_i/processing_system7_0/inst/buffer_fclk_clk_0.FCLK_CLK_0_BUFG/O
                         net (fo=6160, routed)        0.660     0.996    eeg_bci_ps_pl_system_i/rst_ps7_0_100M/U0/slowest_sync_clk
    SLICE_X82Y116        FDRE                                         r  eeg_bci_ps_pl_system_i/rst_ps7_0_100M/U0/ACTIVE_LOW_PR_OUT_DFF[0].FDRE_PER_N/C
  -------------------------------------------------------------------    -------------------
    SLICE_X82Y116        FDRE (Prop_fdre_C_Q)         0.164     1.160 r  eeg_bci_ps_pl_system_i/rst_ps7_0_100M/U0/ACTIVE_LOW_PR_OUT_DFF[0].FDRE_PER_N/Q
                         net (fo=13, routed)          0.792     1.952    eeg_bci_ps_pl_system_i/BCI_0/inst/accelerator/core/datapath/mac16_inst/s_axi_aresetn
    SLICE_X34Y111        LUT1 (Prop_lut1_I0_O)        0.049     2.001 f  eeg_bci_ps_pl_system_i/BCI_0/inst/accelerator/core/datapath/mac16_inst/s_axi_bid[11]_i_2/O
                         net (fo=3152, routed)        0.218     2.219    eeg_bci_ps_pl_system_i/BCI_0/inst/accelerator/core/scheduler/instruction_word_count_reg[8]_0
    SLICE_X34Y111        FDCE                                         f  eeg_bci_ps_pl_system_i/BCI_0/inst/accelerator/core/scheduler/instruction_word_count_reg[2]/CLR
  -------------------------------------------------------------------    -------------------

                         (clock clk_fpga_0 rise edge)
                                                      0.000     0.000 r  
    PS7_X0Y0             PS7                          0.000     0.000 r  eeg_bci_ps_pl_system_i/processing_system7_0/inst/PS7_i/FCLKCLK[0]
                         net (fo=1, routed)           0.337     0.337    eeg_bci_ps_pl_system_i/processing_system7_0/inst/FCLK_CLK_unbuffered[0]
    BUFGCTRL_X0Y16       BUFG (Prop_bufg_I_O)         0.029     0.366 r  eeg_bci_ps_pl_system_i/processing_system7_0/inst/buffer_fclk_clk_0.FCLK_CLK_0_BUFG/O
                         net (fo=6160, routed)        0.909     1.275    eeg_bci_ps_pl_system_i/BCI_0/inst/accelerator/core/scheduler/s_axi_aclk
    SLICE_X34Y111        FDCE                                         r  eeg_bci_ps_pl_system_i/BCI_0/inst/accelerator/core/scheduler/instruction_word_count_reg[2]/C
                         clock pessimism             -0.039     1.236    
    SLICE_X34Y111        FDCE (Remov_fdce_C_CLR)     -0.135     1.101    eeg_bci_ps_pl_system_i/BCI_0/inst/accelerator/core/scheduler/instruction_word_count_reg[2]
  -------------------------------------------------------------------
                         required time                         -1.101    
                         arrival time                           2.219    
  -------------------------------------------------------------------
                         slack                                  1.118    

Slack (MET) :             1.194ns  (arrival time - required time)
  Source:                 eeg_bci_ps_pl_system_i/rst_ps7_0_100M/U0/ACTIVE_LOW_PR_OUT_DFF[0].FDRE_PER_N/C
                            (rising edge-triggered cell FDRE clocked by clk_fpga_0  {rise@0.000ns fall@7.000ns period=14.000ns})
  Destination:            eeg_bci_ps_pl_system_i/BCI_0/inst/accelerator/core/scheduler/instruction_load_offset_reg[1]/CLR
                            (removal check against rising-edge clock clk_fpga_0  {rise@0.000ns fall@7.000ns period=14.000ns})
  Path Group:             **async_default**
  Path Type:              Removal (Min at Fast Process Corner)
  Requirement:            0.000ns  (clk_fpga_0 rise@0.000ns - clk_fpga_0 rise@0.000ns)
  Data Path Delay:        1.297ns  (logic 0.213ns (16.418%)  route 1.084ns (83.582%))
  Logic Levels:           1  (LUT1=1)
  Clock Path Skew:        0.238ns (DCD - SCD - CPR)
    Destination Clock Delay (DCD):    1.273ns
    Source Clock Delay      (SCD):    0.996ns
    Clock Pessimism Removal (CPR):    0.039ns

    Location             Delay type                Incr(ns)  Path(ns)    Netlist Resource(s)
  -------------------------------------------------------------------    -------------------
                         (clock clk_fpga_0 rise edge)
                                                      0.000     0.000 r  
    PS7_X0Y0             PS7                          0.000     0.000 r  eeg_bci_ps_pl_system_i/processing_system7_0/inst/PS7_i/FCLKCLK[0]
                         net (fo=1, routed)           0.310     0.310    eeg_bci_ps_pl_system_i/processing_system7_0/inst/FCLK_CLK_unbuffered[0]
    BUFGCTRL_X0Y16       BUFG (Prop_bufg_I_O)         0.026     0.336 r  eeg_bci_ps_pl_system_i/processing_system7_0/inst/buffer_fclk_clk_0.FCLK_CLK_0_BUFG/O
                         net (fo=6160, routed)        0.660     0.996    eeg_bci_ps_pl_system_i/rst_ps7_0_100M/U0/slowest_sync_clk
    SLICE_X82Y116        FDRE                                         r  eeg_bci_ps_pl_system_i/rst_ps7_0_100M/U0/ACTIVE_LOW_PR_OUT_DFF[0].FDRE_PER_N/C
  -------------------------------------------------------------------    -------------------
    SLICE_X82Y116        FDRE (Prop_fdre_C_Q)         0.164     1.160 r  eeg_bci_ps_pl_system_i/rst_ps7_0_100M/U0/ACTIVE_LOW_PR_OUT_DFF[0].FDRE_PER_N/Q
                         net (fo=13, routed)          0.792     1.952    eeg_bci_ps_pl_system_i/BCI_0/inst/accelerator/core/datapath/mac16_inst/s_axi_aresetn
    SLICE_X34Y111        LUT1 (Prop_lut1_I0_O)        0.049     2.001 f  eeg_bci_ps_pl_system_i/BCI_0/inst/accelerator/core/datapath/mac16_inst/s_axi_bid[11]_i_2/O
                         net (fo=3152, routed)        0.292     2.293    eeg_bci_ps_pl_system_i/BCI_0/inst/accelerator/core/scheduler/instruction_word_count_reg[8]_0
    SLICE_X34Y112        FDCE                                         f  eeg_bci_ps_pl_system_i/BCI_0/inst/accelerator/core/scheduler/instruction_load_offset_reg[1]/CLR
  -------------------------------------------------------------------    -------------------

                         (clock clk_fpga_0 rise edge)
                                                      0.000     0.000 r  
    PS7_X0Y0             PS7                          0.000     0.000 r  eeg_bci_ps_pl_system_i/processing_system7_0/inst/PS7_i/FCLKCLK[0]
                         net (fo=1, routed)           0.337     0.337    eeg_bci_ps_pl_system_i/processing_system7_0/inst/FCLK_CLK_unbuffered[0]
    BUFGCTRL_X0Y16       BUFG (Prop_bufg_I_O)         0.029     0.366 r  eeg_bci_ps_pl_system_i/processing_system7_0/inst/buffer_fclk_clk_0.FCLK_CLK_0_BUFG/O
                         net (fo=6160, routed)        0.907     1.273    eeg_bci_ps_pl_system_i/BCI_0/inst/accelerator/core/scheduler/s_axi_aclk
    SLICE_X34Y112        FDCE                                         r  eeg_bci_ps_pl_system_i/BCI_0/inst/accelerator/core/scheduler/instruction_load_offset_reg[1]/C
                         clock pessimism             -0.039     1.234    
    SLICE_X34Y112        FDCE (Remov_fdce_C_CLR)     -0.135     1.099    eeg_bci_ps_pl_system_i/BCI_0/inst/accelerator/core/scheduler/instruction_load_offset_reg[1]
  -------------------------------------------------------------------
                         required time                         -1.099    
                         arrival time                           2.293    
  -------------------------------------------------------------------
                         slack                                  1.194    

Slack (MET) :             1.219ns  (arrival time - required time)
  Source:                 eeg_bci_ps_pl_system_i/rst_ps7_0_100M/U0/ACTIVE_LOW_PR_OUT_DFF[0].FDRE_PER_N/C
                            (rising edge-triggered cell FDRE clocked by clk_fpga_0  {rise@0.000ns fall@7.000ns period=14.000ns})
  Destination:            eeg_bci_ps_pl_system_i/BCI_0/inst/accelerator/core/scheduler/descriptor_format_valid_reg[0]/CLR
                            (removal check against rising-edge clock clk_fpga_0  {rise@0.000ns fall@7.000ns period=14.000ns})
  Path Group:             **async_default**
  Path Type:              Removal (Min at Fast Process Corner)
  Requirement:            0.000ns  (clk_fpga_0 rise@0.000ns - clk_fpga_0 rise@0.000ns)
  Data Path Delay:        1.297ns  (logic 0.213ns (16.418%)  route 1.084ns (83.582%))
  Logic Levels:           1  (LUT1=1)
  Clock Path Skew:        0.238ns (DCD - SCD - CPR)
    Destination Clock Delay (DCD):    1.273ns
    Source Clock Delay      (SCD):    0.996ns
    Clock Pessimism Removal (CPR):    0.039ns

    Location             Delay type                Incr(ns)  Path(ns)    Netlist Resource(s)
  -------------------------------------------------------------------    -------------------
                         (clock clk_fpga_0 rise edge)
                                                      0.000     0.000 r  
    PS7_X0Y0             PS7                          0.000     0.000 r  eeg_bci_ps_pl_system_i/processing_system7_0/inst/PS7_i/FCLKCLK[0]
                         net (fo=1, routed)           0.310     0.310    eeg_bci_ps_pl_system_i/processing_system7_0/inst/FCLK_CLK_unbuffered[0]
    BUFGCTRL_X0Y16       BUFG (Prop_bufg_I_O)         0.026     0.336 r  eeg_bci_ps_pl_system_i/processing_system7_0/inst/buffer_fclk_clk_0.FCLK_CLK_0_BUFG/O
                         net (fo=6160, routed)        0.660     0.996    eeg_bci_ps_pl_system_i/rst_ps7_0_100M/U0/slowest_sync_clk
    SLICE_X82Y116        FDRE                                         r  eeg_bci_ps_pl_system_i/rst_ps7_0_100M/U0/ACTIVE_LOW_PR_OUT_DFF[0].FDRE_PER_N/C
  -------------------------------------------------------------------    -------------------
    SLICE_X82Y116        FDRE (Prop_fdre_C_Q)         0.164     1.160 r  eeg_bci_ps_pl_system_i/rst_ps7_0_100M/U0/ACTIVE_LOW_PR_OUT_DFF[0].FDRE_PER_N/Q
                         net (fo=13, routed)          0.792     1.952    eeg_bci_ps_pl_system_i/BCI_0/inst/accelerator/core/datapath/mac16_inst/s_axi_aresetn
    SLICE_X34Y111        LUT1 (Prop_lut1_I0_O)        0.049     2.001 f  eeg_bci_ps_pl_system_i/BCI_0/inst/accelerator/core/datapath/mac16_inst/s_axi_bid[11]_i_2/O
                         net (fo=3152, routed)        0.292     2.293    eeg_bci_ps_pl_system_i/BCI_0/inst/accelerator/core/scheduler/instruction_word_count_reg[8]_0
    SLICE_X35Y112        FDCE                                         f  eeg_bci_ps_pl_system_i/BCI_0/inst/accelerator/core/scheduler/descriptor_format_valid_reg[0]/CLR
  -------------------------------------------------------------------    -------------------

                         (clock clk_fpga_0 rise edge)
                                                      0.000     0.000 r  
    PS7_X0Y0             PS7                          0.000     0.000 r  eeg_bci_ps_pl_system_i/processing_system7_0/inst/PS7_i/FCLKCLK[0]
                         net (fo=1, routed)           0.337     0.337    eeg_bci_ps_pl_system_i/processing_system7_0/inst/FCLK_CLK_unbuffered[0]
    BUFGCTRL_X0Y16       BUFG (Prop_bufg_I_O)         0.029     0.366 r  eeg_bci_ps_pl_system_i/processing_system7_0/inst/buffer_fclk_clk_0.FCLK_CLK_0_BUFG/O
                         net (fo=6160, routed)        0.907     1.273    eeg_bci_ps_pl_system_i/BCI_0/inst/accelerator/core/scheduler/s_axi_aclk
    SLICE_X35Y112        FDCE                                         r  eeg_bci_ps_pl_system_i/BCI_0/inst/accelerator/core/scheduler/descriptor_format_valid_reg[0]/C
                         clock pessimism             -0.039     1.234    
    SLICE_X35Y112        FDCE (Remov_fdce_C_CLR)     -0.160     1.074    eeg_bci_ps_pl_system_i/BCI_0/inst/accelerator/core/scheduler/descriptor_format_valid_reg[0]
  -------------------------------------------------------------------
                         required time                         -1.074    
                         arrival time                           2.293    
  -------------------------------------------------------------------
                         slack                                  1.219    

Slack (MET) :             1.260ns  (arrival time - required time)
  Source:                 eeg_bci_ps_pl_system_i/rst_ps7_0_100M/U0/ACTIVE_LOW_PR_OUT_DFF[0].FDRE_PER_N/C
                            (rising edge-triggered cell FDRE clocked by clk_fpga_0  {rise@0.000ns fall@7.000ns period=14.000ns})
  Destination:            eeg_bci_ps_pl_system_i/BCI_0/inst/accelerator/core/scheduler/instruction_load_offset_reg[0]/CLR
                            (removal check against rising-edge clock clk_fpga_0  {rise@0.000ns fall@7.000ns period=14.000ns})
  Path Group:             **async_default**
  Path Type:              Removal (Min at Fast Process Corner)
  Requirement:            0.000ns  (clk_fpga_0 rise@0.000ns - clk_fpga_0 rise@0.000ns)
  Data Path Delay:        1.363ns  (logic 0.213ns (15.631%)  route 1.150ns (84.369%))
  Logic Levels:           1  (LUT1=1)
  Clock Path Skew:        0.237ns (DCD - SCD - CPR)
    Destination Clock Delay (DCD):    1.272ns
    Source Clock Delay      (SCD):    0.996ns
    Clock Pessimism Removal (CPR):    0.039ns

    Location             Delay type                Incr(ns)  Path(ns)    Netlist Resource(s)
  -------------------------------------------------------------------    -------------------
                         (clock clk_fpga_0 rise edge)
                                                      0.000     0.000 r  
    PS7_X0Y0             PS7                          0.000     0.000 r  eeg_bci_ps_pl_system_i/processing_system7_0/inst/PS7_i/FCLKCLK[0]
                         net (fo=1, routed)           0.310     0.310    eeg_bci_ps_pl_system_i/processing_system7_0/inst/FCLK_CLK_unbuffered[0]
    BUFGCTRL_X0Y16       BUFG (Prop_bufg_I_O)         0.026     0.336 r  eeg_bci_ps_pl_system_i/processing_system7_0/inst/buffer_fclk_clk_0.FCLK_CLK_0_BUFG/O
                         net (fo=6160, routed)        0.660     0.996    eeg_bci_ps_pl_system_i/rst_ps7_0_100M/U0/slowest_sync_clk
    SLICE_X82Y116        FDRE                                         r  eeg_bci_ps_pl_system_i/rst_ps7_0_100M/U0/ACTIVE_LOW_PR_OUT_DFF[0].FDRE_PER_N/C
  -------------------------------------------------------------------    -------------------
    SLICE_X82Y116        FDRE (Prop_fdre_C_Q)         0.164     1.160 r  eeg_bci_ps_pl_system_i/rst_ps7_0_100M/U0/ACTIVE_LOW_PR_OUT_DFF[0].FDRE_PER_N/Q
                         net (fo=13, routed)          0.792     1.952    eeg_bci_ps_pl_system_i/BCI_0/inst/accelerator/core/datapath/mac16_inst/s_axi_aresetn
    SLICE_X34Y111        LUT1 (Prop_lut1_I0_O)        0.049     2.001 f  eeg_bci_ps_pl_system_i/BCI_0/inst/accelerator/core/datapath/mac16_inst/s_axi_bid[11]_i_2/O
                         net (fo=3152, routed)        0.357     2.359    eeg_bci_ps_pl_system_i/BCI_0/inst/accelerator/core/scheduler/instruction_word_count_reg[8]_0
    SLICE_X34Y113        FDCE                                         f  eeg_bci_ps_pl_system_i/BCI_0/inst/accelerator/core/scheduler/instruction_load_offset_reg[0]/CLR
  -------------------------------------------------------------------    -------------------

                         (clock clk_fpga_0 rise edge)
                                                      0.000     0.000 r  
    PS7_X0Y0             PS7                          0.000     0.000 r  eeg_bci_ps_pl_system_i/processing_system7_0/inst/PS7_i/FCLKCLK[0]
                         net (fo=1, routed)           0.337     0.337    eeg_bci_ps_pl_system_i/processing_system7_0/inst/FCLK_CLK_unbuffered[0]
    BUFGCTRL_X0Y16       BUFG (Prop_bufg_I_O)         0.029     0.366 r  eeg_bci_ps_pl_system_i/processing_system7_0/inst/buffer_fclk_clk_0.FCLK_CLK_0_BUFG/O
                         net (fo=6160, routed)        0.906     1.272    eeg_bci_ps_pl_system_i/BCI_0/inst/accelerator/core/scheduler/s_axi_aclk
    SLICE_X34Y113        FDCE                                         r  eeg_bci_ps_pl_system_i/BCI_0/inst/accelerator/core/scheduler/instruction_load_offset_reg[0]/C
                         clock pessimism             -0.039     1.233    
    SLICE_X34Y113        FDCE (Remov_fdce_C_CLR)     -0.135     1.098    eeg_bci_ps_pl_system_i/BCI_0/inst/accelerator/core/scheduler/instruction_load_offset_reg[0]
  -------------------------------------------------------------------
                         required time                         -1.098    
                         arrival time                           2.359    
  -------------------------------------------------------------------
                         slack                                  1.260    

Slack (MET) :             1.332ns  (arrival time - required time)
  Source:                 eeg_bci_ps_pl_system_i/rst_ps7_0_100M/U0/ACTIVE_LOW_PR_OUT_DFF[0].FDRE_PER_N/C
                            (rising edge-triggered cell FDRE clocked by clk_fpga_0  {rise@0.000ns fall@7.000ns period=14.000ns})
  Destination:            eeg_bci_ps_pl_system_i/BCI_0/inst/accelerator/control/iport_state_reg[1]/CLR
                            (removal check against rising-edge clock clk_fpga_0  {rise@0.000ns fall@7.000ns period=14.000ns})
  Path Group:             **async_default**
  Path Type:              Removal (Min at Fast Process Corner)
  Requirement:            0.000ns  (clk_fpga_0 rise@0.000ns - clk_fpga_0 rise@0.000ns)
  Data Path Delay:        1.439ns  (logic 0.213ns (14.798%)  route 1.226ns (85.202%))
  Logic Levels:           1  (LUT1=1)
  Clock Path Skew:        0.242ns (DCD - SCD - CPR)
    Destination Clock Delay (DCD):    1.277ns
    Source Clock Delay      (SCD):    0.996ns
    Clock Pessimism Removal (CPR):    0.039ns

    Location             Delay type                Incr(ns)  Path(ns)    Netlist Resource(s)
  -------------------------------------------------------------------    -------------------
                         (clock clk_fpga_0 rise edge)
                                                      0.000     0.000 r  
    PS7_X0Y0             PS7                          0.000     0.000 r  eeg_bci_ps_pl_system_i/processing_system7_0/inst/PS7_i/FCLKCLK[0]
                         net (fo=1, routed)           0.310     0.310    eeg_bci_ps_pl_system_i/processing_system7_0/inst/FCLK_CLK_unbuffered[0]
    BUFGCTRL_X0Y16       BUFG (Prop_bufg_I_O)         0.026     0.336 r  eeg_bci_ps_pl_system_i/processing_system7_0/inst/buffer_fclk_clk_0.FCLK_CLK_0_BUFG/O
                         net (fo=6160, routed)        0.660     0.996    eeg_bci_ps_pl_system_i/rst_ps7_0_100M/U0/slowest_sync_clk
    SLICE_X82Y116        FDRE                                         r  eeg_bci_ps_pl_system_i/rst_ps7_0_100M/U0/ACTIVE_LOW_PR_OUT_DFF[0].FDRE_PER_N/C
  -------------------------------------------------------------------    -------------------
    SLICE_X82Y116        FDRE (Prop_fdre_C_Q)         0.164     1.160 r  eeg_bci_ps_pl_system_i/rst_ps7_0_100M/U0/ACTIVE_LOW_PR_OUT_DFF[0].FDRE_PER_N/Q
                         net (fo=13, routed)          0.792     1.952    eeg_bci_ps_pl_system_i/BCI_0/inst/accelerator/core/datapath/mac16_inst/s_axi_aresetn
    SLICE_X34Y111        LUT1 (Prop_lut1_I0_O)        0.049     2.001 f  eeg_bci_ps_pl_system_i/BCI_0/inst/accelerator/core/datapath/mac16_inst/s_axi_bid[11]_i_2/O
                         net (fo=3152, routed)        0.434     2.435    eeg_bci_ps_pl_system_i/BCI_0/inst/accelerator/control/wdata_hold_reg[31]_0
    SLICE_X32Y104        FDCE                                         f  eeg_bci_ps_pl_system_i/BCI_0/inst/accelerator/control/iport_state_reg[1]/CLR
  -------------------------------------------------------------------    -------------------

                         (clock clk_fpga_0 rise edge)
                                                      0.000     0.000 r  
    PS7_X0Y0             PS7                          0.000     0.000 r  eeg_bci_ps_pl_system_i/processing_system7_0/inst/PS7_i/FCLKCLK[0]
                         net (fo=1, routed)           0.337     0.337    eeg_bci_ps_pl_system_i/processing_system7_0/inst/FCLK_CLK_unbuffered[0]
    BUFGCTRL_X0Y16       BUFG (Prop_bufg_I_O)         0.029     0.366 r  eeg_bci_ps_pl_system_i/processing_system7_0/inst/buffer_fclk_clk_0.FCLK_CLK_0_BUFG/O
                         net (fo=6160, routed)        0.911     1.277    eeg_bci_ps_pl_system_i/BCI_0/inst/accelerator/control/s_axi_aclk
    SLICE_X32Y104        FDCE                                         r  eeg_bci_ps_pl_system_i/BCI_0/inst/accelerator/control/iport_state_reg[1]/C
                         clock pessimism             -0.039     1.238    
    SLICE_X32Y104        FDCE (Remov_fdce_C_CLR)     -0.135     1.103    eeg_bci_ps_pl_system_i/BCI_0/inst/accelerator/control/iport_state_reg[1]
  -------------------------------------------------------------------
                         required time                         -1.103    
                         arrival time                           2.435    
  -------------------------------------------------------------------
                         slack                                  1.332    

Slack (MET) :             1.357ns  (arrival time - required time)
  Source:                 eeg_bci_ps_pl_system_i/rst_ps7_0_100M/U0/ACTIVE_LOW_PR_OUT_DFF[0].FDRE_PER_N/C
                            (rising edge-triggered cell FDRE clocked by clk_fpga_0  {rise@0.000ns fall@7.000ns period=14.000ns})
  Destination:            eeg_bci_ps_pl_system_i/BCI_0/inst/accelerator/control/profile_control_reg[1]/CLR
                            (removal check against rising-edge clock clk_fpga_0  {rise@0.000ns fall@7.000ns period=14.000ns})
  Path Group:             **async_default**
  Path Type:              Removal (Min at Fast Process Corner)
  Requirement:            0.000ns  (clk_fpga_0 rise@0.000ns - clk_fpga_0 rise@0.000ns)
  Data Path Delay:        1.439ns  (logic 0.213ns (14.798%)  route 1.226ns (85.202%))
  Logic Levels:           1  (LUT1=1)
  Clock Path Skew:        0.242ns (DCD - SCD - CPR)
    Destination Clock Delay (DCD):    1.277ns
    Source Clock Delay      (SCD):    0.996ns
    Clock Pessimism Removal (CPR):    0.039ns

    Location             Delay type                Incr(ns)  Path(ns)    Netlist Resource(s)
  -------------------------------------------------------------------    -------------------
                         (clock clk_fpga_0 rise edge)
                                                      0.000     0.000 r  
    PS7_X0Y0             PS7                          0.000     0.000 r  eeg_bci_ps_pl_system_i/processing_system7_0/inst/PS7_i/FCLKCLK[0]
                         net (fo=1, routed)           0.310     0.310    eeg_bci_ps_pl_system_i/processing_system7_0/inst/FCLK_CLK_unbuffered[0]
    BUFGCTRL_X0Y16       BUFG (Prop_bufg_I_O)         0.026     0.336 r  eeg_bci_ps_pl_system_i/processing_system7_0/inst/buffer_fclk_clk_0.FCLK_CLK_0_BUFG/O
                         net (fo=6160, routed)        0.660     0.996    eeg_bci_ps_pl_system_i/rst_ps7_0_100M/U0/slowest_sync_clk
    SLICE_X82Y116        FDRE                                         r  eeg_bci_ps_pl_system_i/rst_ps7_0_100M/U0/ACTIVE_LOW_PR_OUT_DFF[0].FDRE_PER_N/C
  -------------------------------------------------------------------    -------------------
    SLICE_X82Y116        FDRE (Prop_fdre_C_Q)         0.164     1.160 r  eeg_bci_ps_pl_system_i/rst_ps7_0_100M/U0/ACTIVE_LOW_PR_OUT_DFF[0].FDRE_PER_N/Q
                         net (fo=13, routed)          0.792     1.952    eeg_bci_ps_pl_system_i/BCI_0/inst/accelerator/core/datapath/mac16_inst/s_axi_aresetn
    SLICE_X34Y111        LUT1 (Prop_lut1_I0_O)        0.049     2.001 f  eeg_bci_ps_pl_system_i/BCI_0/inst/accelerator/core/datapath/mac16_inst/s_axi_bid[11]_i_2/O
                         net (fo=3152, routed)        0.434     2.435    eeg_bci_ps_pl_system_i/BCI_0/inst/accelerator/control/wdata_hold_reg[31]_0
    SLICE_X33Y104        FDCE                                         f  eeg_bci_ps_pl_system_i/BCI_0/inst/accelerator/control/profile_control_reg[1]/CLR
  -------------------------------------------------------------------    -------------------

                         (clock clk_fpga_0 rise edge)
                                                      0.000     0.000 r  
    PS7_X0Y0             PS7                          0.000     0.000 r  eeg_bci_ps_pl_system_i/processing_system7_0/inst/PS7_i/FCLKCLK[0]
                         net (fo=1, routed)           0.337     0.337    eeg_bci_ps_pl_system_i/processing_system7_0/inst/FCLK_CLK_unbuffered[0]
    BUFGCTRL_X0Y16       BUFG (Prop_bufg_I_O)         0.029     0.366 r  eeg_bci_ps_pl_system_i/processing_system7_0/inst/buffer_fclk_clk_0.FCLK_CLK_0_BUFG/O
                         net (fo=6160, routed)        0.911     1.277    eeg_bci_ps_pl_system_i/BCI_0/inst/accelerator/control/s_axi_aclk
    SLICE_X33Y104        FDCE                                         r  eeg_bci_ps_pl_system_i/BCI_0/inst/accelerator/control/profile_control_reg[1]/C
                         clock pessimism             -0.039     1.238    
    SLICE_X33Y104        FDCE (Remov_fdce_C_CLR)     -0.160     1.078    eeg_bci_ps_pl_system_i/BCI_0/inst/accelerator/control/profile_control_reg[1]
  -------------------------------------------------------------------
                         required time                         -1.078    
                         arrival time                           2.435    
  -------------------------------------------------------------------
                         slack                                  1.357    

Slack (MET) :             1.357ns  (arrival time - required time)
  Source:                 eeg_bci_ps_pl_system_i/rst_ps7_0_100M/U0/ACTIVE_LOW_PR_OUT_DFF[0].FDRE_PER_N/C
                            (rising edge-triggered cell FDRE clocked by clk_fpga_0  {rise@0.000ns fall@7.000ns period=14.000ns})
  Destination:            eeg_bci_ps_pl_system_i/BCI_0/inst/accelerator/control/profile_control_reg[7]/CLR
                            (removal check against rising-edge clock clk_fpga_0  {rise@0.000ns fall@7.000ns period=14.000ns})
  Path Group:             **async_default**
  Path Type:              Removal (Min at Fast Process Corner)
  Requirement:            0.000ns  (clk_fpga_0 rise@0.000ns - clk_fpga_0 rise@0.000ns)
  Data Path Delay:        1.439ns  (logic 0.213ns (14.798%)  route 1.226ns (85.202%))
  Logic Levels:           1  (LUT1=1)
  Clock Path Skew:        0.242ns (DCD - SCD - CPR)
    Destination Clock Delay (DCD):    1.277ns
    Source Clock Delay      (SCD):    0.996ns
    Clock Pessimism Removal (CPR):    0.039ns

    Location             Delay type                Incr(ns)  Path(ns)    Netlist Resource(s)
  -------------------------------------------------------------------    -------------------
                         (clock clk_fpga_0 rise edge)
                                                      0.000     0.000 r  
    PS7_X0Y0             PS7                          0.000     0.000 r  eeg_bci_ps_pl_system_i/processing_system7_0/inst/PS7_i/FCLKCLK[0]
                         net (fo=1, routed)           0.310     0.310    eeg_bci_ps_pl_system_i/processing_system7_0/inst/FCLK_CLK_unbuffered[0]
    BUFGCTRL_X0Y16       BUFG (Prop_bufg_I_O)         0.026     0.336 r  eeg_bci_ps_pl_system_i/processing_system7_0/inst/buffer_fclk_clk_0.FCLK_CLK_0_BUFG/O
                         net (fo=6160, routed)        0.660     0.996    eeg_bci_ps_pl_system_i/rst_ps7_0_100M/U0/slowest_sync_clk
    SLICE_X82Y116        FDRE                                         r  eeg_bci_ps_pl_system_i/rst_ps7_0_100M/U0/ACTIVE_LOW_PR_OUT_DFF[0].FDRE_PER_N/C
  -------------------------------------------------------------------    -------------------
    SLICE_X82Y116        FDRE (Prop_fdre_C_Q)         0.164     1.160 r  eeg_bci_ps_pl_system_i/rst_ps7_0_100M/U0/ACTIVE_LOW_PR_OUT_DFF[0].FDRE_PER_N/Q
                         net (fo=13, routed)          0.792     1.952    eeg_bci_ps_pl_system_i/BCI_0/inst/accelerator/core/datapath/mac16_inst/s_axi_aresetn
    SLICE_X34Y111        LUT1 (Prop_lut1_I0_O)        0.049     2.001 f  eeg_bci_ps_pl_system_i/BCI_0/inst/accelerator/core/datapath/mac16_inst/s_axi_bid[11]_i_2/O
                         net (fo=3152, routed)        0.434     2.435    eeg_bci_ps_pl_system_i/BCI_0/inst/accelerator/control/wdata_hold_reg[31]_0
    SLICE_X33Y104        FDCE                                         f  eeg_bci_ps_pl_system_i/BCI_0/inst/accelerator/control/profile_control_reg[7]/CLR
  -------------------------------------------------------------------    -------------------

                         (clock clk_fpga_0 rise edge)
                                                      0.000     0.000 r  
    PS7_X0Y0             PS7                          0.000     0.000 r  eeg_bci_ps_pl_system_i/processing_system7_0/inst/PS7_i/FCLKCLK[0]
                         net (fo=1, routed)           0.337     0.337    eeg_bci_ps_pl_system_i/processing_system7_0/inst/FCLK_CLK_unbuffered[0]
    BUFGCTRL_X0Y16       BUFG (Prop_bufg_I_O)         0.029     0.366 r  eeg_bci_ps_pl_system_i/processing_system7_0/inst/buffer_fclk_clk_0.FCLK_CLK_0_BUFG/O
                         net (fo=6160, routed)        0.911     1.277    eeg_bci_ps_pl_system_i/BCI_0/inst/accelerator/control/s_axi_aclk
    SLICE_X33Y104        FDCE                                         r  eeg_bci_ps_pl_system_i/BCI_0/inst/accelerator/control/profile_control_reg[7]/C
                         clock pessimism             -0.039     1.238    
    SLICE_X33Y104        FDCE (Remov_fdce_C_CLR)     -0.160     1.078    eeg_bci_ps_pl_system_i/BCI_0/inst/accelerator/control/profile_control_reg[7]
  -------------------------------------------------------------------
                         required time                         -1.078    
                         arrival time                           2.435    
  -------------------------------------------------------------------
                         slack                                  1.357    

Slack (MET) :             1.360ns  (arrival time - required time)
  Source:                 eeg_bci_ps_pl_system_i/rst_ps7_0_100M/U0/ACTIVE_LOW_PR_OUT_DFF[0].FDRE_PER_N/C
                            (rising edge-triggered cell FDRE clocked by clk_fpga_0  {rise@0.000ns fall@7.000ns period=14.000ns})
  Destination:            eeg_bci_ps_pl_system_i/BCI_0/inst/accelerator/control/profile_control_reg[0]/PRE
                            (removal check against rising-edge clock clk_fpga_0  {rise@0.000ns fall@7.000ns period=14.000ns})
  Path Group:             **async_default**
  Path Type:              Removal (Min at Fast Process Corner)
  Requirement:            0.000ns  (clk_fpga_0 rise@0.000ns - clk_fpga_0 rise@0.000ns)
  Data Path Delay:        1.439ns  (logic 0.213ns (14.798%)  route 1.226ns (85.202%))
  Logic Levels:           1  (LUT1=1)
  Clock Path Skew:        0.242ns (DCD - SCD - CPR)
    Destination Clock Delay (DCD):    1.277ns
    Source Clock Delay      (SCD):    0.996ns
    Clock Pessimism Removal (CPR):    0.039ns

    Location             Delay type                Incr(ns)  Path(ns)    Netlist Resource(s)
  -------------------------------------------------------------------    -------------------
                         (clock clk_fpga_0 rise edge)
                                                      0.000     0.000 r  
    PS7_X0Y0             PS7                          0.000     0.000 r  eeg_bci_ps_pl_system_i/processing_system7_0/inst/PS7_i/FCLKCLK[0]
                         net (fo=1, routed)           0.310     0.310    eeg_bci_ps_pl_system_i/processing_system7_0/inst/FCLK_CLK_unbuffered[0]
    BUFGCTRL_X0Y16       BUFG (Prop_bufg_I_O)         0.026     0.336 r  eeg_bci_ps_pl_system_i/processing_system7_0/inst/buffer_fclk_clk_0.FCLK_CLK_0_BUFG/O
                         net (fo=6160, routed)        0.660     0.996    eeg_bci_ps_pl_system_i/rst_ps7_0_100M/U0/slowest_sync_clk
    SLICE_X82Y116        FDRE                                         r  eeg_bci_ps_pl_system_i/rst_ps7_0_100M/U0/ACTIVE_LOW_PR_OUT_DFF[0].FDRE_PER_N/C
  -------------------------------------------------------------------    -------------------
    SLICE_X82Y116        FDRE (Prop_fdre_C_Q)         0.164     1.160 r  eeg_bci_ps_pl_system_i/rst_ps7_0_100M/U0/ACTIVE_LOW_PR_OUT_DFF[0].FDRE_PER_N/Q
                         net (fo=13, routed)          0.792     1.952    eeg_bci_ps_pl_system_i/BCI_0/inst/accelerator/core/datapath/mac16_inst/s_axi_aresetn
    SLICE_X34Y111        LUT1 (Prop_lut1_I0_O)        0.049     2.001 f  eeg_bci_ps_pl_system_i/BCI_0/inst/accelerator/core/datapath/mac16_inst/s_axi_bid[11]_i_2/O
                         net (fo=3152, routed)        0.434     2.435    eeg_bci_ps_pl_system_i/BCI_0/inst/accelerator/control/wdata_hold_reg[31]_0
    SLICE_X33Y104        FDPE                                         f  eeg_bci_ps_pl_system_i/BCI_0/inst/accelerator/control/profile_control_reg[0]/PRE
  -------------------------------------------------------------------    -------------------

                         (clock clk_fpga_0 rise edge)
                                                      0.000     0.000 r  
    PS7_X0Y0             PS7                          0.000     0.000 r  eeg_bci_ps_pl_system_i/processing_system7_0/inst/PS7_i/FCLKCLK[0]
                         net (fo=1, routed)           0.337     0.337    eeg_bci_ps_pl_system_i/processing_system7_0/inst/FCLK_CLK_unbuffered[0]
    BUFGCTRL_X0Y16       BUFG (Prop_bufg_I_O)         0.029     0.366 r  eeg_bci_ps_pl_system_i/processing_system7_0/inst/buffer_fclk_clk_0.FCLK_CLK_0_BUFG/O
                         net (fo=6160, routed)        0.911     1.277    eeg_bci_ps_pl_system_i/BCI_0/inst/accelerator/control/s_axi_aclk
    SLICE_X33Y104        FDPE                                         r  eeg_bci_ps_pl_system_i/BCI_0/inst/accelerator/control/profile_control_reg[0]/C
                         clock pessimism             -0.039     1.238    
    SLICE_X33Y104        FDPE (Remov_fdpe_C_PRE)     -0.163     1.075    eeg_bci_ps_pl_system_i/BCI_0/inst/accelerator/control/profile_control_reg[0]
  -------------------------------------------------------------------
                         required time                         -1.075    
                         arrival time                           2.435    
  -------------------------------------------------------------------
                         slack                                  1.360    

Slack (MET) :             1.360ns  (arrival time - required time)
  Source:                 eeg_bci_ps_pl_system_i/rst_ps7_0_100M/U0/ACTIVE_LOW_PR_OUT_DFF[0].FDRE_PER_N/C
                            (rising edge-triggered cell FDRE clocked by clk_fpga_0  {rise@0.000ns fall@7.000ns period=14.000ns})
  Destination:            eeg_bci_ps_pl_system_i/BCI_0/inst/accelerator/control/profile_control_reg[2]/PRE
                            (removal check against rising-edge clock clk_fpga_0  {rise@0.000ns fall@7.000ns period=14.000ns})
  Path Group:             **async_default**
  Path Type:              Removal (Min at Fast Process Corner)
  Requirement:            0.000ns  (clk_fpga_0 rise@0.000ns - clk_fpga_0 rise@0.000ns)
  Data Path Delay:        1.439ns  (logic 0.213ns (14.798%)  route 1.226ns (85.202%))
  Logic Levels:           1  (LUT1=1)
  Clock Path Skew:        0.242ns (DCD - SCD - CPR)
    Destination Clock Delay (DCD):    1.277ns
    Source Clock Delay      (SCD):    0.996ns
    Clock Pessimism Removal (CPR):    0.039ns

    Location             Delay type                Incr(ns)  Path(ns)    Netlist Resource(s)
  -------------------------------------------------------------------    -------------------
                         (clock clk_fpga_0 rise edge)
                                                      0.000     0.000 r  
    PS7_X0Y0             PS7                          0.000     0.000 r  eeg_bci_ps_pl_system_i/processing_system7_0/inst/PS7_i/FCLKCLK[0]
                         net (fo=1, routed)           0.310     0.310    eeg_bci_ps_pl_system_i/processing_system7_0/inst/FCLK_CLK_unbuffered[0]
    BUFGCTRL_X0Y16       BUFG (Prop_bufg_I_O)         0.026     0.336 r  eeg_bci_ps_pl_system_i/processing_system7_0/inst/buffer_fclk_clk_0.FCLK_CLK_0_BUFG/O
                         net (fo=6160, routed)        0.660     0.996    eeg_bci_ps_pl_system_i/rst_ps7_0_100M/U0/slowest_sync_clk
    SLICE_X82Y116        FDRE                                         r  eeg_bci_ps_pl_system_i/rst_ps7_0_100M/U0/ACTIVE_LOW_PR_OUT_DFF[0].FDRE_PER_N/C
  -------------------------------------------------------------------    -------------------
    SLICE_X82Y116        FDRE (Prop_fdre_C_Q)         0.164     1.160 r  eeg_bci_ps_pl_system_i/rst_ps7_0_100M/U0/ACTIVE_LOW_PR_OUT_DFF[0].FDRE_PER_N/Q
                         net (fo=13, routed)          0.792     1.952    eeg_bci_ps_pl_system_i/BCI_0/inst/accelerator/core/datapath/mac16_inst/s_axi_aresetn
    SLICE_X34Y111        LUT1 (Prop_lut1_I0_O)        0.049     2.001 f  eeg_bci_ps_pl_system_i/BCI_0/inst/accelerator/core/datapath/mac16_inst/s_axi_bid[11]_i_2/O
                         net (fo=3152, routed)        0.434     2.435    eeg_bci_ps_pl_system_i/BCI_0/inst/accelerator/control/wdata_hold_reg[31]_0
    SLICE_X33Y104        FDPE                                         f  eeg_bci_ps_pl_system_i/BCI_0/inst/accelerator/control/profile_control_reg[2]/PRE
  -------------------------------------------------------------------    -------------------

                         (clock clk_fpga_0 rise edge)
                                                      0.000     0.000 r  
    PS7_X0Y0             PS7                          0.000     0.000 r  eeg_bci_ps_pl_system_i/processing_system7_0/inst/PS7_i/FCLKCLK[0]
                         net (fo=1, routed)           0.337     0.337    eeg_bci_ps_pl_system_i/processing_system7_0/inst/FCLK_CLK_unbuffered[0]
    BUFGCTRL_X0Y16       BUFG (Prop_bufg_I_O)         0.029     0.366 r  eeg_bci_ps_pl_system_i/processing_system7_0/inst/buffer_fclk_clk_0.FCLK_CLK_0_BUFG/O
                         net (fo=6160, routed)        0.911     1.277    eeg_bci_ps_pl_system_i/BCI_0/inst/accelerator/control/s_axi_aclk
    SLICE_X33Y104        FDPE                                         r  eeg_bci_ps_pl_system_i/BCI_0/inst/accelerator/control/profile_control_reg[2]/C
                         clock pessimism             -0.039     1.238    
    SLICE_X33Y104        FDPE (Remov_fdpe_C_PRE)     -0.163     1.075    eeg_bci_ps_pl_system_i/BCI_0/inst/accelerator/control/profile_control_reg[2]
  -------------------------------------------------------------------
                         required time                         -1.075    
                         arrival time                           2.435    
  -------------------------------------------------------------------
                         slack                                  1.360    

Slack (MET) :             1.361ns  (arrival time - required time)
  Source:                 eeg_bci_ps_pl_system_i/rst_ps7_0_100M/U0/ACTIVE_LOW_PR_OUT_DFF[0].FDRE_PER_N/C
                            (rising edge-triggered cell FDRE clocked by clk_fpga_0  {rise@0.000ns fall@7.000ns period=14.000ns})
  Destination:            eeg_bci_ps_pl_system_i/BCI_0/inst/accelerator/core/scheduler/instruction_load_descriptor_reg[0]/CLR
                            (removal check against rising-edge clock clk_fpga_0  {rise@0.000ns fall@7.000ns period=14.000ns})
  Path Group:             **async_default**
  Path Type:              Removal (Min at Fast Process Corner)
  Requirement:            0.000ns  (clk_fpga_0 rise@0.000ns - clk_fpga_0 rise@0.000ns)
  Data Path Delay:        1.437ns  (logic 0.213ns (14.819%)  route 1.224ns (85.181%))
  Logic Levels:           1  (LUT1=1)
  Clock Path Skew:        0.236ns (DCD - SCD - CPR)
    Destination Clock Delay (DCD):    1.271ns
    Source Clock Delay      (SCD):    0.996ns
    Clock Pessimism Removal (CPR):    0.039ns

    Location             Delay type                Incr(ns)  Path(ns)    Netlist Resource(s)
  -------------------------------------------------------------------    -------------------
                         (clock clk_fpga_0 rise edge)
                                                      0.000     0.000 r  
    PS7_X0Y0             PS7                          0.000     0.000 r  eeg_bci_ps_pl_system_i/processing_system7_0/inst/PS7_i/FCLKCLK[0]
                         net (fo=1, routed)           0.310     0.310    eeg_bci_ps_pl_system_i/processing_system7_0/inst/FCLK_CLK_unbuffered[0]
    BUFGCTRL_X0Y16       BUFG (Prop_bufg_I_O)         0.026     0.336 r  eeg_bci_ps_pl_system_i/processing_system7_0/inst/buffer_fclk_clk_0.FCLK_CLK_0_BUFG/O
                         net (fo=6160, routed)        0.660     0.996    eeg_bci_ps_pl_system_i/rst_ps7_0_100M/U0/slowest_sync_clk
    SLICE_X82Y116        FDRE                                         r  eeg_bci_ps_pl_system_i/rst_ps7_0_100M/U0/ACTIVE_LOW_PR_OUT_DFF[0].FDRE_PER_N/C
  -------------------------------------------------------------------    -------------------
    SLICE_X82Y116        FDRE (Prop_fdre_C_Q)         0.164     1.160 r  eeg_bci_ps_pl_system_i/rst_ps7_0_100M/U0/ACTIVE_LOW_PR_OUT_DFF[0].FDRE_PER_N/Q
                         net (fo=13, routed)          0.792     1.952    eeg_bci_ps_pl_system_i/BCI_0/inst/accelerator/core/datapath/mac16_inst/s_axi_aresetn
    SLICE_X34Y111        LUT1 (Prop_lut1_I0_O)        0.049     2.001 f  eeg_bci_ps_pl_system_i/BCI_0/inst/accelerator/core/datapath/mac16_inst/s_axi_bid[11]_i_2/O
                         net (fo=3152, routed)        0.432     2.433    eeg_bci_ps_pl_system_i/BCI_0/inst/accelerator/core/scheduler/instruction_word_count_reg[8]_0
    SLICE_X37Y113        FDCE                                         f  eeg_bci_ps_pl_system_i/BCI_0/inst/accelerator/core/scheduler/instruction_load_descriptor_reg[0]/CLR
  -------------------------------------------------------------------    -------------------

                         (clock clk_fpga_0 rise edge)
                                                      0.000     0.000 r  
    PS7_X0Y0             PS7                          0.000     0.000 r  eeg_bci_ps_pl_system_i/processing_system7_0/inst/PS7_i/FCLKCLK[0]
                         net (fo=1, routed)           0.337     0.337    eeg_bci_ps_pl_system_i/processing_system7_0/inst/FCLK_CLK_unbuffered[0]
    BUFGCTRL_X0Y16       BUFG (Prop_bufg_I_O)         0.029     0.366 r  eeg_bci_ps_pl_system_i/processing_system7_0/inst/buffer_fclk_clk_0.FCLK_CLK_0_BUFG/O
                         net (fo=6160, routed)        0.905     1.271    eeg_bci_ps_pl_system_i/BCI_0/inst/accelerator/core/scheduler/s_axi_aclk
    SLICE_X37Y113        FDCE                                         r  eeg_bci_ps_pl_system_i/BCI_0/inst/accelerator/core/scheduler/instruction_load_descriptor_reg[0]/C
                         clock pessimism             -0.039     1.232    
    SLICE_X37Y113        FDCE (Remov_fdce_C_CLR)     -0.160     1.072    eeg_bci_ps_pl_system_i/BCI_0/inst/accelerator/core/scheduler/instruction_load_descriptor_reg[0]
  -------------------------------------------------------------------
                         required time                         -1.072    
                         arrival time                           2.433    
  -------------------------------------------------------------------
                         slack                                  1.361    

Slack (MET) :             1.361ns  (arrival time - required time)
  Source:                 eeg_bci_ps_pl_system_i/rst_ps7_0_100M/U0/ACTIVE_LOW_PR_OUT_DFF[0].FDRE_PER_N/C
                            (rising edge-triggered cell FDRE clocked by clk_fpga_0  {rise@0.000ns fall@7.000ns period=14.000ns})
  Destination:            eeg_bci_ps_pl_system_i/BCI_0/inst/accelerator/core/scheduler/instruction_load_descriptor_reg[1]/CLR
                            (removal check against rising-edge clock clk_fpga_0  {rise@0.000ns fall@7.000ns period=14.000ns})
  Path Group:             **async_default**
  Path Type:              Removal (Min at Fast Process Corner)
  Requirement:            0.000ns  (clk_fpga_0 rise@0.000ns - clk_fpga_0 rise@0.000ns)
  Data Path Delay:        1.437ns  (logic 0.213ns (14.819%)  route 1.224ns (85.181%))
  Logic Levels:           1  (LUT1=1)
  Clock Path Skew:        0.236ns (DCD - SCD - CPR)
    Destination Clock Delay (DCD):    1.271ns
    Source Clock Delay      (SCD):    0.996ns
    Clock Pessimism Removal (CPR):    0.039ns

    Location             Delay type                Incr(ns)  Path(ns)    Netlist Resource(s)
  -------------------------------------------------------------------    -------------------
                         (clock clk_fpga_0 rise edge)
                                                      0.000     0.000 r  
    PS7_X0Y0             PS7                          0.000     0.000 r  eeg_bci_ps_pl_system_i/processing_system7_0/inst/PS7_i/FCLKCLK[0]
                         net (fo=1, routed)           0.310     0.310    eeg_bci_ps_pl_system_i/processing_system7_0/inst/FCLK_CLK_unbuffered[0]
    BUFGCTRL_X0Y16       BUFG (Prop_bufg_I_O)         0.026     0.336 r  eeg_bci_ps_pl_system_i/processing_system7_0/inst/buffer_fclk_clk_0.FCLK_CLK_0_BUFG/O
                         net (fo=6160, routed)        0.660     0.996    eeg_bci_ps_pl_system_i/rst_ps7_0_100M/U0/slowest_sync_clk
    SLICE_X82Y116        FDRE                                         r  eeg_bci_ps_pl_system_i/rst_ps7_0_100M/U0/ACTIVE_LOW_PR_OUT_DFF[0].FDRE_PER_N/C
  -------------------------------------------------------------------    -------------------
    SLICE_X82Y116        FDRE (Prop_fdre_C_Q)         0.164     1.160 r  eeg_bci_ps_pl_system_i/rst_ps7_0_100M/U0/ACTIVE_LOW_PR_OUT_DFF[0].FDRE_PER_N/Q
                         net (fo=13, routed)          0.792     1.952    eeg_bci_ps_pl_system_i/BCI_0/inst/accelerator/core/datapath/mac16_inst/s_axi_aresetn
    SLICE_X34Y111        LUT1 (Prop_lut1_I0_O)        0.049     2.001 f  eeg_bci_ps_pl_system_i/BCI_0/inst/accelerator/core/datapath/mac16_inst/s_axi_bid[11]_i_2/O
                         net (fo=3152, routed)        0.432     2.433    eeg_bci_ps_pl_system_i/BCI_0/inst/accelerator/core/scheduler/instruction_word_count_reg[8]_0
    SLICE_X37Y113        FDCE                                         f  eeg_bci_ps_pl_system_i/BCI_0/inst/accelerator/core/scheduler/instruction_load_descriptor_reg[1]/CLR
  -------------------------------------------------------------------    -------------------

                         (clock clk_fpga_0 rise edge)
                                                      0.000     0.000 r  
    PS7_X0Y0             PS7                          0.000     0.000 r  eeg_bci_ps_pl_system_i/processing_system7_0/inst/PS7_i/FCLKCLK[0]
                         net (fo=1, routed)           0.337     0.337    eeg_bci_ps_pl_system_i/processing_system7_0/inst/FCLK_CLK_unbuffered[0]
    BUFGCTRL_X0Y16       BUFG (Prop_bufg_I_O)         0.029     0.366 r  eeg_bci_ps_pl_system_i/processing_system7_0/inst/buffer_fclk_clk_0.FCLK_CLK_0_BUFG/O
                         net (fo=6160, routed)        0.905     1.271    eeg_bci_ps_pl_system_i/BCI_0/inst/accelerator/core/scheduler/s_axi_aclk
    SLICE_X37Y113        FDCE                                         r  eeg_bci_ps_pl_system_i/BCI_0/inst/accelerator/core/scheduler/instruction_load_descriptor_reg[1]/C
                         clock pessimism             -0.039     1.232    
    SLICE_X37Y113        FDCE (Remov_fdce_C_CLR)     -0.160     1.072    eeg_bci_ps_pl_system_i/BCI_0/inst/accelerator/core/scheduler/instruction_load_descriptor_reg[1]
  -------------------------------------------------------------------
                         required time                         -1.072    
                         arrival time                           2.433    
  -------------------------------------------------------------------
                         slack                                  1.361    

Slack (MET) :             1.361ns  (arrival time - required time)
  Source:                 eeg_bci_ps_pl_system_i/rst_ps7_0_100M/U0/ACTIVE_LOW_PR_OUT_DFF[0].FDRE_PER_N/C
                            (rising edge-triggered cell FDRE clocked by clk_fpga_0  {rise@0.000ns fall@7.000ns period=14.000ns})
  Destination:            eeg_bci_ps_pl_system_i/BCI_0/inst/accelerator/core/scheduler/instruction_load_descriptor_reg[2]/CLR
                            (removal check against rising-edge clock clk_fpga_0  {rise@0.000ns fall@7.000ns period=14.000ns})
  Path Group:             **async_default**
  Path Type:              Removal (Min at Fast Process Corner)
  Requirement:            0.000ns  (clk_fpga_0 rise@0.000ns - clk_fpga_0 rise@0.000ns)
  Data Path Delay:        1.437ns  (logic 0.213ns (14.819%)  route 1.224ns (85.181%))
  Logic Levels:           1  (LUT1=1)
  Clock Path Skew:        0.236ns (DCD - SCD - CPR)
    Destination Clock Delay (DCD):    1.271ns
    Source Clock Delay      (SCD):    0.996ns
    Clock Pessimism Removal (CPR):    0.039ns

    Location             Delay type                Incr(ns)  Path(ns)    Netlist Resource(s)
  -------------------------------------------------------------------    -------------------
                         (clock clk_fpga_0 rise edge)
                                                      0.000     0.000 r  
    PS7_X0Y0             PS7                          0.000     0.000 r  eeg_bci_ps_pl_system_i/processing_system7_0/inst/PS7_i/FCLKCLK[0]
                         net (fo=1, routed)           0.310     0.310    eeg_bci_ps_pl_system_i/processing_system7_0/inst/FCLK_CLK_unbuffered[0]
    BUFGCTRL_X0Y16       BUFG (Prop_bufg_I_O)         0.026     0.336 r  eeg_bci_ps_pl_system_i/processing_system7_0/inst/buffer_fclk_clk_0.FCLK_CLK_0_BUFG/O
                         net (fo=6160, routed)        0.660     0.996    eeg_bci_ps_pl_system_i/rst_ps7_0_100M/U0/slowest_sync_clk
    SLICE_X82Y116        FDRE                                         r  eeg_bci_ps_pl_system_i/rst_ps7_0_100M/U0/ACTIVE_LOW_PR_OUT_DFF[0].FDRE_PER_N/C
  -------------------------------------------------------------------    -------------------
    SLICE_X82Y116        FDRE (Prop_fdre_C_Q)         0.164     1.160 r  eeg_bci_ps_pl_system_i/rst_ps7_0_100M/U0/ACTIVE_LOW_PR_OUT_DFF[0].FDRE_PER_N/Q
                         net (fo=13, routed)          0.792     1.952    eeg_bci_ps_pl_system_i/BCI_0/inst/accelerator/core/datapath/mac16_inst/s_axi_aresetn
    SLICE_X34Y111        LUT1 (Prop_lut1_I0_O)        0.049     2.001 f  eeg_bci_ps_pl_system_i/BCI_0/inst/accelerator/core/datapath/mac16_inst/s_axi_bid[11]_i_2/O
                         net (fo=3152, routed)        0.432     2.433    eeg_bci_ps_pl_system_i/BCI_0/inst/accelerator/core/scheduler/instruction_word_count_reg[8]_0
    SLICE_X37Y113        FDCE                                         f  eeg_bci_ps_pl_system_i/BCI_0/inst/accelerator/core/scheduler/instruction_load_descriptor_reg[2]/CLR
  -------------------------------------------------------------------    -------------------

                         (clock clk_fpga_0 rise edge)
                                                      0.000     0.000 r  
    PS7_X0Y0             PS7                          0.000     0.000 r  eeg_bci_ps_pl_system_i/processing_system7_0/inst/PS7_i/FCLKCLK[0]
                         net (fo=1, routed)           0.337     0.337    eeg_bci_ps_pl_system_i/processing_system7_0/inst/FCLK_CLK_unbuffered[0]
    BUFGCTRL_X0Y16       BUFG (Prop_bufg_I_O)         0.029     0.366 r  eeg_bci_ps_pl_system_i/processing_system7_0/inst/buffer_fclk_clk_0.FCLK_CLK_0_BUFG/O
                         net (fo=6160, routed)        0.905     1.271    eeg_bci_ps_pl_system_i/BCI_0/inst/accelerator/core/scheduler/s_axi_aclk
    SLICE_X37Y113        FDCE                                         r  eeg_bci_ps_pl_system_i/BCI_0/inst/accelerator/core/scheduler/instruction_load_descriptor_reg[2]/C
                         clock pessimism             -0.039     1.232    
    SLICE_X37Y113        FDCE (Remov_fdce_C_CLR)     -0.160     1.072    eeg_bci_ps_pl_system_i/BCI_0/inst/accelerator/core/scheduler/instruction_load_descriptor_reg[2]
  -------------------------------------------------------------------
                         required time                         -1.072    
                         arrival time                           2.433    
  -------------------------------------------------------------------
                         slack                                  1.361    

Slack (MET) :             1.361ns  (arrival time - required time)
  Source:                 eeg_bci_ps_pl_system_i/rst_ps7_0_100M/U0/ACTIVE_LOW_PR_OUT_DFF[0].FDRE_PER_N/C
                            (rising edge-triggered cell FDRE clocked by clk_fpga_0  {rise@0.000ns fall@7.000ns period=14.000ns})
  Destination:            eeg_bci_ps_pl_system_i/BCI_0/inst/accelerator/core/scheduler/instruction_load_descriptor_reg[3]/CLR
                            (removal check against rising-edge clock clk_fpga_0  {rise@0.000ns fall@7.000ns period=14.000ns})
  Path Group:             **async_default**
  Path Type:              Removal (Min at Fast Process Corner)
  Requirement:            0.000ns  (clk_fpga_0 rise@0.000ns - clk_fpga_0 rise@0.000ns)
  Data Path Delay:        1.437ns  (logic 0.213ns (14.819%)  route 1.224ns (85.181%))
  Logic Levels:           1  (LUT1=1)
  Clock Path Skew:        0.236ns (DCD - SCD - CPR)
    Destination Clock Delay (DCD):    1.271ns
    Source Clock Delay      (SCD):    0.996ns
    Clock Pessimism Removal (CPR):    0.039ns

    Location             Delay type                Incr(ns)  Path(ns)    Netlist Resource(s)
  -------------------------------------------------------------------    -------------------
                         (clock clk_fpga_0 rise edge)
                                                      0.000     0.000 r  
    PS7_X0Y0             PS7                          0.000     0.000 r  eeg_bci_ps_pl_system_i/processing_system7_0/inst/PS7_i/FCLKCLK[0]
                         net (fo=1, routed)           0.310     0.310    eeg_bci_ps_pl_system_i/processing_system7_0/inst/FCLK_CLK_unbuffered[0]
    BUFGCTRL_X0Y16       BUFG (Prop_bufg_I_O)         0.026     0.336 r  eeg_bci_ps_pl_system_i/processing_system7_0/inst/buffer_fclk_clk_0.FCLK_CLK_0_BUFG/O
                         net (fo=6160, routed)        0.660     0.996    eeg_bci_ps_pl_system_i/rst_ps7_0_100M/U0/slowest_sync_clk
    SLICE_X82Y116        FDRE                                         r  eeg_bci_ps_pl_system_i/rst_ps7_0_100M/U0/ACTIVE_LOW_PR_OUT_DFF[0].FDRE_PER_N/C
  -------------------------------------------------------------------    -------------------
    SLICE_X82Y116        FDRE (Prop_fdre_C_Q)         0.164     1.160 r  eeg_bci_ps_pl_system_i/rst_ps7_0_100M/U0/ACTIVE_LOW_PR_OUT_DFF[0].FDRE_PER_N/Q
                         net (fo=13, routed)          0.792     1.952    eeg_bci_ps_pl_system_i/BCI_0/inst/accelerator/core/datapath/mac16_inst/s_axi_aresetn
    SLICE_X34Y111        LUT1 (Prop_lut1_I0_O)        0.049     2.001 f  eeg_bci_ps_pl_system_i/BCI_0/inst/accelerator/core/datapath/mac16_inst/s_axi_bid[11]_i_2/O
                         net (fo=3152, routed)        0.432     2.433    eeg_bci_ps_pl_system_i/BCI_0/inst/accelerator/core/scheduler/instruction_word_count_reg[8]_0
    SLICE_X37Y113        FDCE                                         f  eeg_bci_ps_pl_system_i/BCI_0/inst/accelerator/core/scheduler/instruction_load_descriptor_reg[3]/CLR
  -------------------------------------------------------------------    -------------------

                         (clock clk_fpga_0 rise edge)
                                                      0.000     0.000 r  
    PS7_X0Y0             PS7                          0.000     0.000 r  eeg_bci_ps_pl_system_i/processing_system7_0/inst/PS7_i/FCLKCLK[0]
                         net (fo=1, routed)           0.337     0.337    eeg_bci_ps_pl_system_i/processing_system7_0/inst/FCLK_CLK_unbuffered[0]
    BUFGCTRL_X0Y16       BUFG (Prop_bufg_I_O)         0.029     0.366 r  eeg_bci_ps_pl_system_i/processing_system7_0/inst/buffer_fclk_clk_0.FCLK_CLK_0_BUFG/O
                         net (fo=6160, routed)        0.905     1.271    eeg_bci_ps_pl_system_i/BCI_0/inst/accelerator/core/scheduler/s_axi_aclk
    SLICE_X37Y113        FDCE                                         r  eeg_bci_ps_pl_system_i/BCI_0/inst/accelerator/core/scheduler/instruction_load_descriptor_reg[3]/C
                         clock pessimism             -0.039     1.232    
    SLICE_X37Y113        FDCE (Remov_fdce_C_CLR)     -0.160     1.072    eeg_bci_ps_pl_system_i/BCI_0/inst/accelerator/core/scheduler/instruction_load_descriptor_reg[3]
  -------------------------------------------------------------------
                         required time                         -1.072    
                         arrival time                           2.433    
  -------------------------------------------------------------------
                         slack                                  1.361    

Slack (MET) :             1.387ns  (arrival time - required time)
  Source:                 eeg_bci_ps_pl_system_i/rst_ps7_0_100M/U0/ACTIVE_LOW_PR_OUT_DFF[0].FDRE_PER_N/C
                            (rising edge-triggered cell FDRE clocked by clk_fpga_0  {rise@0.000ns fall@7.000ns period=14.000ns})
  Destination:            eeg_bci_ps_pl_system_i/BCI_0/inst/accelerator/core/scheduler/destination_base_reg[0]/CLR
                            (removal check against rising-edge clock clk_fpga_0  {rise@0.000ns fall@7.000ns period=14.000ns})
  Path Group:             **async_default**
  Path Type:              Removal (Min at Fast Process Corner)
  Requirement:            0.000ns  (clk_fpga_0 rise@0.000ns - clk_fpga_0 rise@0.000ns)
  Data Path Delay:        1.487ns  (logic 0.213ns (14.323%)  route 1.274ns (85.677%))
  Logic Levels:           1  (LUT1=1)
  Clock Path Skew:        0.235ns (DCD - SCD - CPR)
    Destination Clock Delay (DCD):    1.270ns
    Source Clock Delay      (SCD):    0.996ns
    Clock Pessimism Removal (CPR):    0.039ns

    Location             Delay type                Incr(ns)  Path(ns)    Netlist Resource(s)
  -------------------------------------------------------------------    -------------------
                         (clock clk_fpga_0 rise edge)
                                                      0.000     0.000 r  
    PS7_X0Y0             PS7                          0.000     0.000 r  eeg_bci_ps_pl_system_i/processing_system7_0/inst/PS7_i/FCLKCLK[0]
                         net (fo=1, routed)           0.310     0.310    eeg_bci_ps_pl_system_i/processing_system7_0/inst/FCLK_CLK_unbuffered[0]
    BUFGCTRL_X0Y16       BUFG (Prop_bufg_I_O)         0.026     0.336 r  eeg_bci_ps_pl_system_i/processing_system7_0/inst/buffer_fclk_clk_0.FCLK_CLK_0_BUFG/O
                         net (fo=6160, routed)        0.660     0.996    eeg_bci_ps_pl_system_i/rst_ps7_0_100M/U0/slowest_sync_clk
    SLICE_X82Y116        FDRE                                         r  eeg_bci_ps_pl_system_i/rst_ps7_0_100M/U0/ACTIVE_LOW_PR_OUT_DFF[0].FDRE_PER_N/C
  -------------------------------------------------------------------    -------------------
    SLICE_X82Y116        FDRE (Prop_fdre_C_Q)         0.164     1.160 r  eeg_bci_ps_pl_system_i/rst_ps7_0_100M/U0/ACTIVE_LOW_PR_OUT_DFF[0].FDRE_PER_N/Q
                         net (fo=13, routed)          0.792     1.952    eeg_bci_ps_pl_system_i/BCI_0/inst/accelerator/core/datapath/mac16_inst/s_axi_aresetn
    SLICE_X34Y111        LUT1 (Prop_lut1_I0_O)        0.049     2.001 f  eeg_bci_ps_pl_system_i/BCI_0/inst/accelerator/core/datapath/mac16_inst/s_axi_bid[11]_i_2/O
                         net (fo=3152, routed)        0.482     2.483    eeg_bci_ps_pl_system_i/BCI_0/inst/accelerator/core/scheduler/instruction_word_count_reg[8]_0
    SLICE_X34Y116        FDCE                                         f  eeg_bci_ps_pl_system_i/BCI_0/inst/accelerator/core/scheduler/destination_base_reg[0]/CLR
  -------------------------------------------------------------------    -------------------

                         (clock clk_fpga_0 rise edge)
                                                      0.000     0.000 r  
    PS7_X0Y0             PS7                          0.000     0.000 r  eeg_bci_ps_pl_system_i/processing_system7_0/inst/PS7_i/FCLKCLK[0]
                         net (fo=1, routed)           0.337     0.337    eeg_bci_ps_pl_system_i/processing_system7_0/inst/FCLK_CLK_unbuffered[0]
    BUFGCTRL_X0Y16       BUFG (Prop_bufg_I_O)         0.029     0.366 r  eeg_bci_ps_pl_system_i/processing_system7_0/inst/buffer_fclk_clk_0.FCLK_CLK_0_BUFG/O
                         net (fo=6160, routed)        0.904     1.270    eeg_bci_ps_pl_system_i/BCI_0/inst/accelerator/core/scheduler/s_axi_aclk
    SLICE_X34Y116        FDCE                                         r  eeg_bci_ps_pl_system_i/BCI_0/inst/accelerator/core/scheduler/destination_base_reg[0]/C
                         clock pessimism             -0.039     1.231    
    SLICE_X34Y116        FDCE (Remov_fdce_C_CLR)     -0.135     1.096    eeg_bci_ps_pl_system_i/BCI_0/inst/accelerator/core/scheduler/destination_base_reg[0]
  -------------------------------------------------------------------
                         required time                         -1.096    
                         arrival time                           2.483    
  -------------------------------------------------------------------
                         slack                                  1.387    

Slack (MET) :             1.387ns  (arrival time - required time)
  Source:                 eeg_bci_ps_pl_system_i/rst_ps7_0_100M/U0/ACTIVE_LOW_PR_OUT_DFF[0].FDRE_PER_N/C
                            (rising edge-triggered cell FDRE clocked by clk_fpga_0  {rise@0.000ns fall@7.000ns period=14.000ns})
  Destination:            eeg_bci_ps_pl_system_i/BCI_0/inst/accelerator/core/scheduler/destination_base_reg[7]/CLR
                            (removal check against rising-edge clock clk_fpga_0  {rise@0.000ns fall@7.000ns period=14.000ns})
  Path Group:             **async_default**
  Path Type:              Removal (Min at Fast Process Corner)
  Requirement:            0.000ns  (clk_fpga_0 rise@0.000ns - clk_fpga_0 rise@0.000ns)
  Data Path Delay:        1.487ns  (logic 0.213ns (14.323%)  route 1.274ns (85.677%))
  Logic Levels:           1  (LUT1=1)
  Clock Path Skew:        0.235ns (DCD - SCD - CPR)
    Destination Clock Delay (DCD):    1.270ns
    Source Clock Delay      (SCD):    0.996ns
    Clock Pessimism Removal (CPR):    0.039ns

    Location             Delay type                Incr(ns)  Path(ns)    Netlist Resource(s)
  -------------------------------------------------------------------    -------------------
                         (clock clk_fpga_0 rise edge)
                                                      0.000     0.000 r  
    PS7_X0Y0             PS7                          0.000     0.000 r  eeg_bci_ps_pl_system_i/processing_system7_0/inst/PS7_i/FCLKCLK[0]
                         net (fo=1, routed)           0.310     0.310    eeg_bci_ps_pl_system_i/processing_system7_0/inst/FCLK_CLK_unbuffered[0]
    BUFGCTRL_X0Y16       BUFG (Prop_bufg_I_O)         0.026     0.336 r  eeg_bci_ps_pl_system_i/processing_system7_0/inst/buffer_fclk_clk_0.FCLK_CLK_0_BUFG/O
                         net (fo=6160, routed)        0.660     0.996    eeg_bci_ps_pl_system_i/rst_ps7_0_100M/U0/slowest_sync_clk
    SLICE_X82Y116        FDRE                                         r  eeg_bci_ps_pl_system_i/rst_ps7_0_100M/U0/ACTIVE_LOW_PR_OUT_DFF[0].FDRE_PER_N/C
  -------------------------------------------------------------------    -------------------
    SLICE_X82Y116        FDRE (Prop_fdre_C_Q)         0.164     1.160 r  eeg_bci_ps_pl_system_i/rst_ps7_0_100M/U0/ACTIVE_LOW_PR_OUT_DFF[0].FDRE_PER_N/Q
                         net (fo=13, routed)          0.792     1.952    eeg_bci_ps_pl_system_i/BCI_0/inst/accelerator/core/datapath/mac16_inst/s_axi_aresetn
    SLICE_X34Y111        LUT1 (Prop_lut1_I0_O)        0.049     2.001 f  eeg_bci_ps_pl_system_i/BCI_0/inst/accelerator/core/datapath/mac16_inst/s_axi_bid[11]_i_2/O
                         net (fo=3152, routed)        0.482     2.483    eeg_bci_ps_pl_system_i/BCI_0/inst/accelerator/core/scheduler/instruction_word_count_reg[8]_0
    SLICE_X34Y116        FDCE                                         f  eeg_bci_ps_pl_system_i/BCI_0/inst/accelerator/core/scheduler/destination_base_reg[7]/CLR
  -------------------------------------------------------------------    -------------------

                         (clock clk_fpga_0 rise edge)
                                                      0.000     0.000 r  
    PS7_X0Y0             PS7                          0.000     0.000 r  eeg_bci_ps_pl_system_i/processing_system7_0/inst/PS7_i/FCLKCLK[0]
                         net (fo=1, routed)           0.337     0.337    eeg_bci_ps_pl_system_i/processing_system7_0/inst/FCLK_CLK_unbuffered[0]
    BUFGCTRL_X0Y16       BUFG (Prop_bufg_I_O)         0.029     0.366 r  eeg_bci_ps_pl_system_i/processing_system7_0/inst/buffer_fclk_clk_0.FCLK_CLK_0_BUFG/O
                         net (fo=6160, routed)        0.904     1.270    eeg_bci_ps_pl_system_i/BCI_0/inst/accelerator/core/scheduler/s_axi_aclk
    SLICE_X34Y116        FDCE                                         r  eeg_bci_ps_pl_system_i/BCI_0/inst/accelerator/core/scheduler/destination_base_reg[7]/C
                         clock pessimism             -0.039     1.231    
    SLICE_X34Y116        FDCE (Remov_fdce_C_CLR)     -0.135     1.096    eeg_bci_ps_pl_system_i/BCI_0/inst/accelerator/core/scheduler/destination_base_reg[7]
  -------------------------------------------------------------------
                         required time                         -1.096    
                         arrival time                           2.483    
  -------------------------------------------------------------------
                         slack                                  1.387    

Slack (MET) :             1.387ns  (arrival time - required time)
  Source:                 eeg_bci_ps_pl_system_i/rst_ps7_0_100M/U0/ACTIVE_LOW_PR_OUT_DFF[0].FDRE_PER_N/C
                            (rising edge-triggered cell FDRE clocked by clk_fpga_0  {rise@0.000ns fall@7.000ns period=14.000ns})
  Destination:            eeg_bci_ps_pl_system_i/BCI_0/inst/accelerator/core/scheduler/destination_base_reg[8]/CLR
                            (removal check against rising-edge clock clk_fpga_0  {rise@0.000ns fall@7.000ns period=14.000ns})
  Path Group:             **async_default**
  Path Type:              Removal (Min at Fast Process Corner)
  Requirement:            0.000ns  (clk_fpga_0 rise@0.000ns - clk_fpga_0 rise@0.000ns)
  Data Path Delay:        1.487ns  (logic 0.213ns (14.323%)  route 1.274ns (85.677%))
  Logic Levels:           1  (LUT1=1)
  Clock Path Skew:        0.235ns (DCD - SCD - CPR)
    Destination Clock Delay (DCD):    1.270ns
    Source Clock Delay      (SCD):    0.996ns
    Clock Pessimism Removal (CPR):    0.039ns

    Location             Delay type                Incr(ns)  Path(ns)    Netlist Resource(s)
  -------------------------------------------------------------------    -------------------
                         (clock clk_fpga_0 rise edge)
                                                      0.000     0.000 r  
    PS7_X0Y0             PS7                          0.000     0.000 r  eeg_bci_ps_pl_system_i/processing_system7_0/inst/PS7_i/FCLKCLK[0]
                         net (fo=1, routed)           0.310     0.310    eeg_bci_ps_pl_system_i/processing_system7_0/inst/FCLK_CLK_unbuffered[0]
    BUFGCTRL_X0Y16       BUFG (Prop_bufg_I_O)         0.026     0.336 r  eeg_bci_ps_pl_system_i/processing_system7_0/inst/buffer_fclk_clk_0.FCLK_CLK_0_BUFG/O
                         net (fo=6160, routed)        0.660     0.996    eeg_bci_ps_pl_system_i/rst_ps7_0_100M/U0/slowest_sync_clk
    SLICE_X82Y116        FDRE                                         r  eeg_bci_ps_pl_system_i/rst_ps7_0_100M/U0/ACTIVE_LOW_PR_OUT_DFF[0].FDRE_PER_N/C
  -------------------------------------------------------------------    -------------------
    SLICE_X82Y116        FDRE (Prop_fdre_C_Q)         0.164     1.160 r  eeg_bci_ps_pl_system_i/rst_ps7_0_100M/U0/ACTIVE_LOW_PR_OUT_DFF[0].FDRE_PER_N/Q
                         net (fo=13, routed)          0.792     1.952    eeg_bci_ps_pl_system_i/BCI_0/inst/accelerator/core/datapath/mac16_inst/s_axi_aresetn
    SLICE_X34Y111        LUT1 (Prop_lut1_I0_O)        0.049     2.001 f  eeg_bci_ps_pl_system_i/BCI_0/inst/accelerator/core/datapath/mac16_inst/s_axi_bid[11]_i_2/O
                         net (fo=3152, routed)        0.482     2.483    eeg_bci_ps_pl_system_i/BCI_0/inst/accelerator/core/scheduler/instruction_word_count_reg[8]_0
    SLICE_X34Y116        FDCE                                         f  eeg_bci_ps_pl_system_i/BCI_0/inst/accelerator/core/scheduler/destination_base_reg[8]/CLR
  -------------------------------------------------------------------    -------------------

                         (clock clk_fpga_0 rise edge)
                                                      0.000     0.000 r  
    PS7_X0Y0             PS7                          0.000     0.000 r  eeg_bci_ps_pl_system_i/processing_system7_0/inst/PS7_i/FCLKCLK[0]
                         net (fo=1, routed)           0.337     0.337    eeg_bci_ps_pl_system_i/processing_system7_0/inst/FCLK_CLK_unbuffered[0]
    BUFGCTRL_X0Y16       BUFG (Prop_bufg_I_O)         0.029     0.366 r  eeg_bci_ps_pl_system_i/processing_system7_0/inst/buffer_fclk_clk_0.FCLK_CLK_0_BUFG/O
                         net (fo=6160, routed)        0.904     1.270    eeg_bci_ps_pl_system_i/BCI_0/inst/accelerator/core/scheduler/s_axi_aclk
    SLICE_X34Y116        FDCE                                         r  eeg_bci_ps_pl_system_i/BCI_0/inst/accelerator/core/scheduler/destination_base_reg[8]/C
                         clock pessimism             -0.039     1.231    
    SLICE_X34Y116        FDCE (Remov_fdce_C_CLR)     -0.135     1.096    eeg_bci_ps_pl_system_i/BCI_0/inst/accelerator/core/scheduler/destination_base_reg[8]
  -------------------------------------------------------------------
                         required time                         -1.096    
                         arrival time                           2.483    
  -------------------------------------------------------------------
                         slack                                  1.387    

Slack (MET) :             1.435ns  (arrival time - required time)
  Source:                 eeg_bci_ps_pl_system_i/rst_ps7_0_100M/U0/ACTIVE_LOW_PR_OUT_DFF[0].FDRE_PER_N/C
                            (rising edge-triggered cell FDRE clocked by clk_fpga_0  {rise@0.000ns fall@7.000ns period=14.000ns})
  Destination:            eeg_bci_ps_pl_system_i/BCI_0/inst/accelerator/core/scheduler/destination_base_reg[11]/CLR
                            (removal check against rising-edge clock clk_fpga_0  {rise@0.000ns fall@7.000ns period=14.000ns})
  Path Group:             **async_default**
  Path Type:              Removal (Min at Fast Process Corner)
  Requirement:            0.000ns  (clk_fpga_0 rise@0.000ns - clk_fpga_0 rise@0.000ns)
  Data Path Delay:        1.535ns  (logic 0.213ns (13.872%)  route 1.322ns (86.128%))
  Logic Levels:           1  (LUT1=1)
  Clock Path Skew:        0.235ns (DCD - SCD - CPR)
    Destination Clock Delay (DCD):    1.270ns
    Source Clock Delay      (SCD):    0.996ns
    Clock Pessimism Removal (CPR):    0.039ns

    Location             Delay type                Incr(ns)  Path(ns)    Netlist Resource(s)
  -------------------------------------------------------------------    -------------------
                         (clock clk_fpga_0 rise edge)
                                                      0.000     0.000 r  
    PS7_X0Y0             PS7                          0.000     0.000 r  eeg_bci_ps_pl_system_i/processing_system7_0/inst/PS7_i/FCLKCLK[0]
                         net (fo=1, routed)           0.310     0.310    eeg_bci_ps_pl_system_i/processing_system7_0/inst/FCLK_CLK_unbuffered[0]
    BUFGCTRL_X0Y16       BUFG (Prop_bufg_I_O)         0.026     0.336 r  eeg_bci_ps_pl_system_i/processing_system7_0/inst/buffer_fclk_clk_0.FCLK_CLK_0_BUFG/O
                         net (fo=6160, routed)        0.660     0.996    eeg_bci_ps_pl_system_i/rst_ps7_0_100M/U0/slowest_sync_clk
    SLICE_X82Y116        FDRE                                         r  eeg_bci_ps_pl_system_i/rst_ps7_0_100M/U0/ACTIVE_LOW_PR_OUT_DFF[0].FDRE_PER_N/C
  -------------------------------------------------------------------    -------------------
    SLICE_X82Y116        FDRE (Prop_fdre_C_Q)         0.164     1.160 r  eeg_bci_ps_pl_system_i/rst_ps7_0_100M/U0/ACTIVE_LOW_PR_OUT_DFF[0].FDRE_PER_N/Q
                         net (fo=13, routed)          0.792     1.952    eeg_bci_ps_pl_system_i/BCI_0/inst/accelerator/core/datapath/mac16_inst/s_axi_aresetn
    SLICE_X34Y111        LUT1 (Prop_lut1_I0_O)        0.049     2.001 f  eeg_bci_ps_pl_system_i/BCI_0/inst/accelerator/core/datapath/mac16_inst/s_axi_bid[11]_i_2/O
                         net (fo=3152, routed)        0.530     2.531    eeg_bci_ps_pl_system_i/BCI_0/inst/accelerator/core/scheduler/instruction_word_count_reg[8]_0
    SLICE_X32Y116        FDCE                                         f  eeg_bci_ps_pl_system_i/BCI_0/inst/accelerator/core/scheduler/destination_base_reg[11]/CLR
  -------------------------------------------------------------------    -------------------

                         (clock clk_fpga_0 rise edge)
                                                      0.000     0.000 r  
    PS7_X0Y0             PS7                          0.000     0.000 r  eeg_bci_ps_pl_system_i/processing_system7_0/inst/PS7_i/FCLKCLK[0]
                         net (fo=1, routed)           0.337     0.337    eeg_bci_ps_pl_system_i/processing_system7_0/inst/FCLK_CLK_unbuffered[0]
    BUFGCTRL_X0Y16       BUFG (Prop_bufg_I_O)         0.029     0.366 r  eeg_bci_ps_pl_system_i/processing_system7_0/inst/buffer_fclk_clk_0.FCLK_CLK_0_BUFG/O
                         net (fo=6160, routed)        0.904     1.270    eeg_bci_ps_pl_system_i/BCI_0/inst/accelerator/core/scheduler/s_axi_aclk
    SLICE_X32Y116        FDCE                                         r  eeg_bci_ps_pl_system_i/BCI_0/inst/accelerator/core/scheduler/destination_base_reg[11]/C
                         clock pessimism             -0.039     1.231    
    SLICE_X32Y116        FDCE (Remov_fdce_C_CLR)     -0.135     1.096    eeg_bci_ps_pl_system_i/BCI_0/inst/accelerator/core/scheduler/destination_base_reg[11]
  -------------------------------------------------------------------
                         required time                         -1.096    
                         arrival time                           2.531    
  -------------------------------------------------------------------
                         slack                                  1.435    

Slack (MET) :             1.442ns  (arrival time - required time)
  Source:                 eeg_bci_ps_pl_system_i/rst_ps7_0_100M/U0/ACTIVE_LOW_PR_OUT_DFF[0].FDRE_PER_N/C
                            (rising edge-triggered cell FDRE clocked by clk_fpga_0  {rise@0.000ns fall@7.000ns period=14.000ns})
  Destination:            eeg_bci_ps_pl_system_i/BCI_0/inst/accelerator/reader/latched_length_reg[8]/CLR
                            (removal check against rising-edge clock clk_fpga_0  {rise@0.000ns fall@7.000ns period=14.000ns})
  Path Group:             **async_default**
  Path Type:              Removal (Min at Fast Process Corner)
  Requirement:            0.000ns  (clk_fpga_0 rise@0.000ns - clk_fpga_0 rise@0.000ns)
  Data Path Delay:        1.525ns  (logic 0.213ns (13.963%)  route 1.312ns (86.037%))
  Logic Levels:           1  (LUT1=1)
  Clock Path Skew:        0.243ns (DCD - SCD - CPR)
    Destination Clock Delay (DCD):    1.278ns
    Source Clock Delay      (SCD):    0.996ns
    Clock Pessimism Removal (CPR):    0.039ns

    Location             Delay type                Incr(ns)  Path(ns)    Netlist Resource(s)
  -------------------------------------------------------------------    -------------------
                         (clock clk_fpga_0 rise edge)
                                                      0.000     0.000 r  
    PS7_X0Y0             PS7                          0.000     0.000 r  eeg_bci_ps_pl_system_i/processing_system7_0/inst/PS7_i/FCLKCLK[0]
                         net (fo=1, routed)           0.310     0.310    eeg_bci_ps_pl_system_i/processing_system7_0/inst/FCLK_CLK_unbuffered[0]
    BUFGCTRL_X0Y16       BUFG (Prop_bufg_I_O)         0.026     0.336 r  eeg_bci_ps_pl_system_i/processing_system7_0/inst/buffer_fclk_clk_0.FCLK_CLK_0_BUFG/O
                         net (fo=6160, routed)        0.660     0.996    eeg_bci_ps_pl_system_i/rst_ps7_0_100M/U0/slowest_sync_clk
    SLICE_X82Y116        FDRE                                         r  eeg_bci_ps_pl_system_i/rst_ps7_0_100M/U0/ACTIVE_LOW_PR_OUT_DFF[0].FDRE_PER_N/C
  -------------------------------------------------------------------    -------------------
    SLICE_X82Y116        FDRE (Prop_fdre_C_Q)         0.164     1.160 r  eeg_bci_ps_pl_system_i/rst_ps7_0_100M/U0/ACTIVE_LOW_PR_OUT_DFF[0].FDRE_PER_N/Q
                         net (fo=13, routed)          0.792     1.952    eeg_bci_ps_pl_system_i/BCI_0/inst/accelerator/core/datapath/mac16_inst/s_axi_aresetn
    SLICE_X34Y111        LUT1 (Prop_lut1_I0_O)        0.049     2.001 f  eeg_bci_ps_pl_system_i/BCI_0/inst/accelerator/core/datapath/mac16_inst/s_axi_bid[11]_i_2/O
                         net (fo=3152, routed)        0.520     2.521    eeg_bci_ps_pl_system_i/BCI_0/inst/accelerator/reader/latched_length_reg[31]_0
    SLICE_X33Y100        FDCE                                         f  eeg_bci_ps_pl_system_i/BCI_0/inst/accelerator/reader/latched_length_reg[8]/CLR
  -------------------------------------------------------------------    -------------------

                         (clock clk_fpga_0 rise edge)
                                                      0.000     0.000 r  
    PS7_X0Y0             PS7                          0.000     0.000 r  eeg_bci_ps_pl_system_i/processing_system7_0/inst/PS7_i/FCLKCLK[0]
                         net (fo=1, routed)           0.337     0.337    eeg_bci_ps_pl_system_i/processing_system7_0/inst/FCLK_CLK_unbuffered[0]
    BUFGCTRL_X0Y16       BUFG (Prop_bufg_I_O)         0.029     0.366 r  eeg_bci_ps_pl_system_i/processing_system7_0/inst/buffer_fclk_clk_0.FCLK_CLK_0_BUFG/O
                         net (fo=6160, routed)        0.912     1.278    eeg_bci_ps_pl_system_i/BCI_0/inst/accelerator/reader/s_axi_aclk
    SLICE_X33Y100        FDCE                                         r  eeg_bci_ps_pl_system_i/BCI_0/inst/accelerator/reader/latched_length_reg[8]/C
                         clock pessimism             -0.039     1.239    
    SLICE_X33Y100        FDCE (Remov_fdce_C_CLR)     -0.160     1.079    eeg_bci_ps_pl_system_i/BCI_0/inst/accelerator/reader/latched_length_reg[8]
  -------------------------------------------------------------------
                         required time                         -1.079    
                         arrival time                           2.521    
  -------------------------------------------------------------------
                         slack                                  1.442    





--------------------------------------------------------------------------------------
Path Group:  (none)
From Clock:  
  To Clock:  clk_fpga_0

Max Delay             1 Endpoint
Min Delay             1 Endpoint
--------------------------------------------------------------------------------------


Max Delay Paths
--------------------------------------------------------------------------------------
Slack:                    inf
  Source:                 eeg_bci_ps_pl_system_i/processing_system7_0/inst/PS7_i/FCLKRESETN[0]
                            (internal pin)
  Destination:            eeg_bci_ps_pl_system_i/rst_ps7_0_100M/U0/EXT_LPF/ACTIVE_LOW_EXT.ACT_LO_EXT/GENERATE_LEVEL_P_S_CDC.SINGLE_BIT.CROSS_PLEVEL_IN2SCNDRY_IN_cdc_to/D
                            (rising edge-triggered cell FDRE clocked by clk_fpga_0  {rise@0.000ns fall@7.000ns period=14.000ns})
  Path Group:             (none)
  Path Type:              Setup (Max at Slow Process Corner)
  Data Path Delay:        3.553ns  (logic 0.124ns (3.490%)  route 3.429ns (96.510%))
  Logic Levels:           1  (LUT1=1)
  Clock Uncertainty:      0.211ns  ((TSJ^2 + TIJ^2)^1/2 + DJ) / 2 + PE
    Total System Jitter     (TSJ):    0.050ns
    Total Input Jitter      (TIJ):    0.420ns
    Discrete Jitter          (DJ):    0.000ns
    Phase Error              (PE):    0.000ns
  Timing Exception:       False Path

    Location             Delay type                Incr(ns)  Path(ns)    Netlist Resource(s)
  -------------------------------------------------------------------    -------------------
    PS7_X0Y0             PS7                          0.000     0.000 f  eeg_bci_ps_pl_system_i/processing_system7_0/inst/PS7_i/FCLKRESETN[0]
                         net (fo=1, routed)           2.919     2.919    eeg_bci_ps_pl_system_i/rst_ps7_0_100M/U0/EXT_LPF/ACTIVE_LOW_EXT.ACT_LO_EXT/ext_reset_in
    SLICE_X80Y116        LUT1 (Prop_lut1_I0_O)        0.124     3.043 r  eeg_bci_ps_pl_system_i/rst_ps7_0_100M/U0/EXT_LPF/ACTIVE_LOW_EXT.ACT_LO_EXT/GENERATE_LEVEL_P_S_CDC.SINGLE_BIT.CROSS_PLEVEL_IN2SCNDRY_IN_cdc_to_i_1/O
                         net (fo=1, routed)           0.510     3.553    eeg_bci_ps_pl_system_i/rst_ps7_0_100M/U0/EXT_LPF/ACTIVE_LOW_EXT.ACT_LO_EXT/exr_d1
    SLICE_X81Y118        FDRE                                         r  eeg_bci_ps_pl_system_i/rst_ps7_0_100M/U0/EXT_LPF/ACTIVE_LOW_EXT.ACT_LO_EXT/GENERATE_LEVEL_P_S_CDC.SINGLE_BIT.CROSS_PLEVEL_IN2SCNDRY_IN_cdc_to/D
  -------------------------------------------------------------------    -------------------

                         (clock clk_fpga_0 rise edge)
                                                      0.000     0.000 r  
    PS7_X0Y0             PS7                          0.000     0.000 r  eeg_bci_ps_pl_system_i/processing_system7_0/inst/PS7_i/FCLKCLK[0]
                         net (fo=1, routed)           1.088     1.088    eeg_bci_ps_pl_system_i/processing_system7_0/inst/FCLK_CLK_unbuffered[0]
    BUFGCTRL_X0Y16       BUFG (Prop_bufg_I_O)         0.091     1.179 r  eeg_bci_ps_pl_system_i/processing_system7_0/inst/buffer_fclk_clk_0.FCLK_CLK_0_BUFG/O
                         net (fo=6160, routed)        1.709     2.888    eeg_bci_ps_pl_system_i/rst_ps7_0_100M/U0/EXT_LPF/ACTIVE_LOW_EXT.ACT_LO_EXT/slowest_sync_clk
    SLICE_X81Y118        FDRE                                         r  eeg_bci_ps_pl_system_i/rst_ps7_0_100M/U0/EXT_LPF/ACTIVE_LOW_EXT.ACT_LO_EXT/GENERATE_LEVEL_P_S_CDC.SINGLE_BIT.CROSS_PLEVEL_IN2SCNDRY_IN_cdc_to/C





Min Delay Paths
--------------------------------------------------------------------------------------
Slack:                    inf
  Source:                 eeg_bci_ps_pl_system_i/processing_system7_0/inst/PS7_i/FCLKRESETN[0]
                            (internal pin)
  Destination:            eeg_bci_ps_pl_system_i/rst_ps7_0_100M/U0/EXT_LPF/ACTIVE_LOW_EXT.ACT_LO_EXT/GENERATE_LEVEL_P_S_CDC.SINGLE_BIT.CROSS_PLEVEL_IN2SCNDRY_IN_cdc_to/D
                            (rising edge-triggered cell FDRE clocked by clk_fpga_0  {rise@0.000ns fall@7.000ns period=14.000ns})
  Path Group:             (none)
  Path Type:              Hold (Min at Fast Process Corner)
  Data Path Delay:        1.405ns  (logic 0.045ns (3.202%)  route 1.360ns (96.798%))
  Logic Levels:           1  (LUT1=1)
  Clock Uncertainty:      0.211ns  ((TSJ^2 + TIJ^2)^1/2 + DJ) / 2 + PE
    Total System Jitter     (TSJ):    0.050ns
    Total Input Jitter      (TIJ):    0.420ns
    Discrete Jitter          (DJ):    0.000ns
    Phase Error              (PE):    0.000ns
  Timing Exception:       False Path

    Location             Delay type                Incr(ns)  Path(ns)    Netlist Resource(s)
  -------------------------------------------------------------------    -------------------
    PS7_X0Y0             PS7                          0.000     0.000 f  eeg_bci_ps_pl_system_i/processing_system7_0/inst/PS7_i/FCLKRESETN[0]
                         net (fo=1, routed)           1.174     1.174    eeg_bci_ps_pl_system_i/rst_ps7_0_100M/U0/EXT_LPF/ACTIVE_LOW_EXT.ACT_LO_EXT/ext_reset_in
    SLICE_X80Y116        LUT1 (Prop_lut1_I0_O)        0.045     1.219 r  eeg_bci_ps_pl_system_i/rst_ps7_0_100M/U0/EXT_LPF/ACTIVE_LOW_EXT.ACT_LO_EXT/GENERATE_LEVEL_P_S_CDC.SINGLE_BIT.CROSS_PLEVEL_IN2SCNDRY_IN_cdc_to_i_1/O
                         net (fo=1, routed)           0.186     1.405    eeg_bci_ps_pl_system_i/rst_ps7_0_100M/U0/EXT_LPF/ACTIVE_LOW_EXT.ACT_LO_EXT/exr_d1
    SLICE_X81Y118        FDRE                                         r  eeg_bci_ps_pl_system_i/rst_ps7_0_100M/U0/EXT_LPF/ACTIVE_LOW_EXT.ACT_LO_EXT/GENERATE_LEVEL_P_S_CDC.SINGLE_BIT.CROSS_PLEVEL_IN2SCNDRY_IN_cdc_to/D
  -------------------------------------------------------------------    -------------------

                         (clock clk_fpga_0 rise edge)
                                                      0.000     0.000 r  
    PS7_X0Y0             PS7                          0.000     0.000 r  eeg_bci_ps_pl_system_i/processing_system7_0/inst/PS7_i/FCLKCLK[0]
                         net (fo=1, routed)           0.337     0.337    eeg_bci_ps_pl_system_i/processing_system7_0/inst/FCLK_CLK_unbuffered[0]
    BUFGCTRL_X0Y16       BUFG (Prop_bufg_I_O)         0.029     0.366 r  eeg_bci_ps_pl_system_i/processing_system7_0/inst/buffer_fclk_clk_0.FCLK_CLK_0_BUFG/O
                         net (fo=6160, routed)        0.929     1.295    eeg_bci_ps_pl_system_i/rst_ps7_0_100M/U0/EXT_LPF/ACTIVE_LOW_EXT.ACT_LO_EXT/slowest_sync_clk
    SLICE_X81Y118        FDRE                                         r  eeg_bci_ps_pl_system_i/rst_ps7_0_100M/U0/EXT_LPF/ACTIVE_LOW_EXT.ACT_LO_EXT/GENERATE_LEVEL_P_S_CDC.SINGLE_BIT.CROSS_PLEVEL_IN2SCNDRY_IN_cdc_to/C





