00000c7c4
00001c6ef
00002c5f4
00003c422
00004c130
000053ccc
000064186
0000740d0
00008af80
00009be30
0000ac03c
0000bc270
0000cc426
0000dc22c
0000eb694
0000f3da8
000103fb0
00011428a
000124646
000134867
000144882
00015472f
000164425
000173936
00018c09e
00019c467
0001ac5f3
0001bc670
0001cc52f
0001dc1a8
0001eb6a0
0001f3e3a
000204076
000213c31
00022b980
00023bd28
00024bc44
00025bbe0
00026b810
000273cc8
0002842b8
000294452
0002a4329
0002b417c
0002c42eb
0002d449b
0002e431c
0002f38c0
00030bdec
00031c0b6
00032c3fc
00033c622
00034c704
00035c6c1
00036c5dc
00037c3f3
00038c013
00039bc5c
0003a38c0
0003b4448
0003c4774
0003d47d0
0003e46aa
0003f4630
00040461e
000414510
000424136
000433490
00044b040
000453a00
000463c70
000473c48
000483d98
000493be0
0004abe08
0004bc4a2
0004cc6fb
0004dc8a0
0004ec980
0004fc90b
00050c6d4
00051c400
00052c058
000532c80
00054418a
0005544b1
000564599
00057464d
0005846ee
0005946da
0005a46b6
0005b47dc
0005c48ae
0005d4858
0005e4580
0005f4050
000602b00
00061c04e
00062c55d
00063c755
00064c5ff
00065c320
00066c2f6
00067c55b
00068c5d1
00069c320
0006abd94
0006bc008
0006cc384
0006dc2b8
0006ebc20
0006f3450
00070b4a0
00071b690
000723db2
000734323
00074444b
0007544f2
000764760
00077490b
000784918
00079478b
0007a44b1
0007b445d
0007c4467
0007d4382
0007e4171
0007f434e
00080c5b6
00081c523
00082c4c9
00083c1ae
00084c22a
000853d08
000863d24
000873dd4
00088bd38
00089c11c
0008ac2da
0008bc4b9
0008cc54b
0008dc3ea
0008ebd1a
0008f39d4
000903d94
00091411d
000924503
0009346d9
00094474a
000954780
00096474d
0009745dd
00098438b
000993e6d
0009ab97c
0009bc128
0009cc2fe
0009dc2d8
0009ec0ba
0009fba78
000a0b400
000a1be88
000a2c3d8
000a3c57f
000a4c670
000a5c757
000a6c789
000a7c619
000a8c2fe
000a9bd40
000aab450
000ab3a40
000ac41ba
000ad44ca
000ae4556
000af4553
000b045d4
000b1467c
000b246c6
000b346fc
000b446f0
000b545a9
000b643ea
000b7439c
000b84417
000b94054
000babc64
000bbc2ec
000bcc593
000bdc868
000beca10
000bfca7e
000c0c949
000c1c720
000c2c4d4
000c3c15c
000c43770
000c54154
000c63fb8
000c7af80
000c8b6c0
000c93c28
000ca4078
000cb425c
000cc44de
000cd46d3
000ce4848
000cf48f6
000d048d2
000d14752
000d244ae
000d34108
000d43470
000d5bfac
000d6c2c2
000d7c420
000d8c4f9
000d9c65e
000dac6e8
000dbc508
000dcc0d2
000ddc04e
000dec33a
000dfc392
000e0c170
000e1c1c2
000e2c316
000e3bfa8
000e43e7d
000e543bc
000e642f0
000e74038
000e8403c
000e942cd
000ea4302
000eb3f24
000ec3b2e
000ed3fb8
000ee41ab
000ef40d7
000f03e2c
000f13c6b
000f23dbf
000f33ed6
000f43aa2
000f53118
000f63ecb
000f7434e
000f84230
000f93c66
000fa37c1
000fb3bc6
000fc34f5
000fdbb4c
000febcc4
000ff3947
00100c547
00101c426
00102c02c
00103afe8
001043d81
00105437c
001064568
0010744bd
001084018
00109b2c0
0010abcc0
0010bbf8a
0010cc0ca
0010dbd87
0010e3dce
0010f445d
0011045b4
0011145ba
001124577
0011344bf
001144176
00115b844
00116c41a
00117c6dc
00118c7f2
00119c785
0011ac691
0011bc51e
0011cc14e
0011d2480
0011e3e5d
0011f40fa
001204248
00121413a
001223b78
00123a700
001243850
001253f24
001264240
0012744d1
0012846df
0012947fd
0012a4695
0012b43b6
0012c41b6
0012d42d0
0012e3f70
0012fc082
00130c542
00131c5f6
00132c732
00133c8da
00134c985
00135c929
00136c859
00137c67d
00138c38c
00139bc18
0013a4038
0013b459e
0013c47d0
0013d47f8
0013e4772
0013f476e
001404798
001414703
001424581
0014343d0
00144429c
001454350
001464380
0014741f8
001483f50
001493740
0014abeb8
0014bc49d
0014cc819
0014dc9e2
0014eca9c
0014fc9a3
00150c823
00151c666
00152c44e
00153b888
00154417a
00155424e
001563e8c
001573c54
0015840a5
0015943da
0015a4565
0015b47a2
0015c4926
0015d49bf
0015e492d
0015f47da
0016044ae
001613878
00162c315
00163c565
00164c4ca
00165c3ce
00166c402
00167c43a
00168c2da
00169c050
0016abf8a
0016bc16b
0016cc2a8
0016dc226
0016ec11a
0016fc108
00170c200
00171c23a
00172bf5c
001732c00
001743aec
001753a10
001763ec2
00177441b
0017845f0
00179458c
0017a43e0
0017b416f
0017c40ff
0017d4007
0017e3a40
0017f306e
00180c166
00181c25e
00182c0ae
00183bc56
00184baae
0018538ad
001864264
0018745d0
0018845fe
00189456d
0018a4674
0018b46dc
0018c44a7
0018d400c
0018e3ca4
0018f3d14
001903c44
001913c68
0019240a2
00193443e
00194454e
001954530
00196451c
001974477
0019839b8
00199c510
0019ac80e
0019bc7e9
0019cc811
0019dc842
0019ec5c5
0019fbc82
001a03cc3
001a13544
001a2bbcb
001a3bb30
001a4b9a4
001a5bffa
001a6c26a
001a7bf08
001a83e9a
001a943ee
001aa442a
001ab4459
001ac4639
001ad47cd
001ae4676
001af43ec
001b042be
001b14261
001b23970
001b3bf80
001b4bb90
001b53e04
001b63d60
001b7b9a0
001b8bbe8
001b93760
001baaf08
001bbc3cc
001bcc74c
001bdc745
001bec61c
001bfc6c3
001c0c6f1
001c1c30a
001c23a5e
001c33e56
001c4aa40
001c535e0
001c642dc
001c745bb
001c8460a
001c94658
001ca4672
001cb4467
001cc3f14
001cd3d9f
001ce4038
001cf3eac
001d03d98
001d141ce
001d2448b
001d343d2
001d43940
001d5c29e
001d6c596
001d7c5ea
001d8c641
001d9c6ef
001dac573
001dbbd68
001dc3de2
001dd3720
001debe64
001dfbdec
001e0b6e0
001e1b8b0
001e2bc2e
001e33180
001e441fc
001e54578
001e645b1
001e74341
001e83c74
001e9b330
001eab518
001eb36e0
001ec3f48
001ed41e3
001ee41f9
001ef4175
001f040d2
001f13960
001f2be64
001f3bf9a
001f4be17
001f5c21d
001f6c440
001f7c119
001f835d0
001f93d1e
001fa33f0
001fb3970
001fc2740
001fdb3de
001fec021
001ffc0c6
00200b701
00201c01c
00202c014
00203b360
0020435d0
00205b570
00206bd90
00207bc78
00208c038
00209c48a
0020ac698
0020bc63e
0020cc471
0020dc28e
0020ec252
0020fc190
00210bde4
00211b830
00212bc74
00213bf5c
00214bbae
002153b40
002164162
00217445b
002184581
002194583
0021a4486
0021b4244
0021c3e3c
0021db538
0021ec05f
0021fc19e
00220bf30
00221b94e
00222b80e
00223b5a4
0022439f8
002253e01
00226329c
00227c094
00228c2ac
00229c011
0022ab120
0022b36b8
0022c3000
0022d38cb
0022e3de5
0022f3956
00230bef2
00231c276
00232c132
00233bc1c
00234a940
002353368
002363a58
002373e68
002383cd2
00239b6d8
0023abe3c
0023bbeba
0023cbe78
0023dbd04
0023e3578
0023f41c5
0024044b9
0024144ba
0024242f0
002433f5c
00244af80
00245c014
00246c19c
00247c116
00248c19a
00249c31a
0024ac128
0024b3998
0024c4338
0024d438c
0024e4012
0024f3700
00250bb68
00251c1fe
00252c4e5
00253c491
00254c054
00255afe0
0025639a4
002573f14
00258432a
002594474
0025a41a4
0025bba08
0025cc3c7
0025dc4de
0025ec458
0025fc2ed
00260bf22
002613c66
0026243b6
0026344ad
0026442be
002653ef0
002663f68
00267425c
002684248
002693d6b
0026a3420
0026b3938
0026c36a0
0026dbe1c
0026ec294
0026fc250
00270bef8
00271bca0
00272c0ad
00273c287
00274be3e
002753ac0
002763430
00277c0b8
00278c2bc
00279c0e8
0027abeac
0027bbb78
0027c3a7e
0027d427f
0027e4531
0027f464c
002803f94
00281a9c0
00282ba44
002832d00
00284b5c0
00285bf0c
00286c200
00287bf20
00288bd34
00289c1e8
0028ac54c
0028bc54e
0028cc29a
0028dc0c4
0028ec332
0028fc4a1
00290c2ee
00291bdf4
00292bc94
00293bf80
00294bd02
002953bf4
002964244
002974470
002984591
0029946ce
0029a4736
0029b45ed
0029c431c
0029d3d3c
0029eb958
0029fc0c5
002a0c224
002a1c0fc
002a2bf94
002a3c04e
002a4c116
002a5c0d6
002a6c12f
002a7c3f8
002a8c5b1
002a9c59c
002aac24c
002abb980
002acb910
002adbe5c
002aeb9f8
002af3c48
002b03cc2
002b13728
002b23fe4
002b345b3
002b44830
002b5483d
002b64793
002b746e4
002b84573
002b9403d
002bac0ce
002bbc604
002bcc766
002bdc75c
002bec71e
002bfc618
002c0c3a6
002c1beb6
002c2badc
002c3bb88
002c4bd34
002c5bf78
002c6c154
002c7c3ac
002c8c534
002c9c4fa
002cabefc
002cb4252
002cc4760
002cd4910
002ce49bf
002cf4993
002d04856
002d14479
002d22700
002d3c17a
002d4c290
002d5c1e6
002d6c1c6
002d7c10a
002d8bc8e
002d92100
002dabdb6
002dbc566
002dcc862
002ddc896
002dec7b6
002dfc64d
002e0c468
002e1bb24
002e241fa
002e34494
002e44306
002e540d6
002e642b6
002e74522
002e8456f
002e9446c
002ea4374
002eb42a8
002ec402a
002ed3140
002eebccc
002efbd68
002f0b8d8
002f1ab00
002f2b838
002f3bc66
002f4b7f4
002f534a8
002f6b90c
002f7c12a
002f8c38e
002f9c324
002fac138
002fbbf5c
002fcb430
002fd3926
002fe409c
002ff41e5
003004376
0030140dc
003023a4c
00303b360
00304c00a
00305c154
00306c3a8
00307c280
00308c280
00309c260
0030ac2aa
0030bc1cf
0030cc058
0030dc152
0030ec433
0030fc4d7
00310c40c
00311c200
00312c0d0
00313be38
0031434f8
00315417b
00316449a
0031745f6
0031847bc
0031948b1
0031a487d
0031b463b
0031c4278
0031d3d32
0031eb970
0031fc2be
00320c50e
00321c4c0
00322c476
00323c5c2
00324c68e
00325c537
00326c425
00327c5a2
00328c789
00329c6c6
0032ac3ec
0032bc024
0032cc028
0032dbec0
0032e3c80
0032f4482
003304591
0033145bb
003324845
003334a76
003344b17
0033549ca
003364858
0033746ff
0033844ad
0033939a8
0033ac424
0033bc819
0033cc932
0033dc9ce
0033eca5a
0033fca3e
00340c920
00341c7c5
00342c614
00343c468
00344c13c
00345bf00
00346c060
00347c218
00348c240
00349bf20
0034a3cb0
0034b45ae
0034c49d7
0034d4c5e
0034e4ced
0034f4c3e
003504a4b
00351487d
00352441c
00353c1a8
00354c794
00355c75a
00356c53c
00357c4c0
00358c4db
00359c382
0035ac3aa
0035bc80d
0035ccb1e
0035dcc35
0035ecb3b
0035fc934
00360c6fc
00361c10a
003624428
0036348c3
0036448e6
003654728
003664678
0036747c8
003684782
003694554
0036a4451
0036b4546
0036c45a2
0036d4338
0036e36c0
0036fbe50
00370bd80
00371b9c0
00372bea0
00373c1be
00374bf7e
00375b150
00376bc90
00377c438
00378c67c
00379c67a
0037ac526
0037bc38c
0037cbeb8
0037d2d88
0037e42f6
0037f451e
00380425f
003814370
003824330
003833b74
00384bcd0
00385c37c
00386c244
00387c0a5
00388bdc8
00389b560
0038a40dc
0038b452d
0038c4551
0038d4267
0038e3b26
0038fb97e
00390bf9a
00391c2f5
00392c537
00393c574
00394c33a
00395be40
00396b83c
003973868
0039840b4
00399437a
0039a42de
0039b3e12
0039cb770
0039dbc5a
0039ebc84
0039fc035
003a0c1b9
003a1bc5c
003a24008
003a3429a
003a441e2
003a54236
003a6423c
003a73ce2
003a8bcda
003a9bece
003aaba10
003abbca9
003acc331
003adc4f9
003aec216
003afb558
003b03110
003b1b230
003b23b62
003b3401d
003b439e4
003b5beb6
003b6c0c6
003b7c08a
003b8c219
003b9c23e
003babe84
003bbb67e
003bc3c05
003bd444f
003be4763
003bf475e
003c04518
003c14168
003c23a28
003c3bad9
003c4c095
003c5c3de
003c6c58c
003c7c5a8
003c8c3c0
003c9bf58
003cab6a0
003cb3b78
003cc40b8
003cd42c8
003ce40d8
003cfbc68
003d0c39c
003d1c1b8
003d2be24
003d3c15a
003d4c370
003d5c011
003d63d04
003d7442a
003d845d4
003d94660
003da459f
003db4188
003dcbdb8
003ddc42a
003dec40a
003dfc19b
003e0c124
003e1c1e3
003e2c01d
003e331a0
003e43ebc
003e53c30
003e6b880
003e7bbb4
003e8b150
003e93250
003ea2e50
003eb3a41
003ec3f64
003ed3f88
003ee38f8
003efb964
003f0b81c
003f138a2
003f23468
003f3bdba
003f4bedc
003f5af60
003f63210
003f7bfa8
003f8c2dd
003f9c022
003fab330
003fbbbbc
003fcbe7e
003fdb81d
003fe4112
003ff4052
00400c705
00401c703
00402c666
00403c4b4
00404c22a
00405b540
004063a58
0040732c8
00408c127
00409c508
0040ac6c4
0040bc7ee
0040cc808
0040dc645
0040ec1b6
0040f37d0
004104139
00411437e
0041244ab
0041345c1
004144683
0041545f3
004164330
0041737d6
00418bca8
00419b9e8
0041ab6c8
0041bbe5c
0041cc03a
0041db530
0041e3f80
0041f402a
004203a12
00421b5b8
00422bb6c
00423bf20
00424c1dc
00425c280
00426c02a
00427b4b8
004283be8
004293f2a
0042a40ef
0042b4124
0042c404f
0042d401b
0042e3e8a
0042fb700
00430c1ea
00431c3e4
00432c3a4
00433c392
00434c3b4
00435c3bc
00436c29e
00437bdd3
004383798
0043938e8
0043a3570
0043b4068
0043c452c
0043d4640
0043e456e
0043f44ea
00440452e
0044144d6
0044241d8
004433540
00444bc08
00445b990
00446b8d0
00447be08
00448c008
00449bdb8
0044abccc
0044bc056
0044cc43a
0044dc6b6
0044ec80a
0044fc784
00450c6a8
00451c648
00452c440
00453a980
0045442b4
004554495
00456459e
004574749
0045847cc
00459467c
0045a4516
0045b4524
0045c45f8
0045d45a4
0045e42e8
0045f39f0
00460bcf8
00461c200
00462c4db
00463c5d1
00464c58a
00465c4a4
00466c236
00467bc62
00468a700
00469b740
0046abc9c
0046bbe34
0046cc0f8
0046dc3c0
0046ec420
0046fc15f
00470bb22
0047134b8
004723cca
0047340a6
004744388
004754531
004764634
004774666
004784541
0047942aa
0047a3e48
0047b3934
0047c3a14
0047d2de0
0047e3842
0047f3ea8
00480c7d0
00481c762
00482c612
00483c242
00484bd20
004853cf4
004863cbd
0048734e4
00488c136
00489c588
0048ac80c
0048bc88d
0048cc7b2
0048dc4b0
0048ebd9c
0048f3f80
0049044d3
004914653
00492462a
0049345d7
00494464a
004954601
00496423d
00497bc40
00498c1f3
00499c00c
0049abd94
0049bc0ba
0049cc064
0049d3080
0049e3f98
0049f3d58
004a02880
004a1b8f0
004a2bcd6
004a3c0d6
004a4c27e
004a5c08a
004a6a880
004a73e84
004a84120
004a94375
004aa4449
004ab4203
004ac3e26
004ad3fc8
004ae4104
004af38f8
004b0c0d0
004b1c3a0
004b2c3ac
004b3c447
004b4c5a9
004b5c71e
004b6c6ef
004b7c471
004b8bf50
004b9bb58
004ba3260
004bb430c
004bc4724
004bd4827
004be474c
004bf466a
004c046ba
004c146d7
004c244e8
004c33f10
004c43440
004c53c68
004c63df0
004c7b5e0
004c8c11c
004c9c1b8
004cac07c
004cbc230
004ccc650
004cdc8f8
004cec965
004cfc869
004d0c794
004d1c7bc
004d2c57a
004d32800
004d4444a
004d54502
004d64512
004d746e9
004d84852
004d9480d
004da46bb
004db4703
004dc4833
004dd4839
004de4645
004df42a8
004e039b0
004e1c018
004e2c4f2
004e3c6ad
004e4c6fa
004e5c6cc
004e6c5f1
004e7c408
004e8c0d0
004e9c054
004eac09c
004ebbfdc
004ecc014
004edc27a
004eec425
004efc286
004f0bd2c
004f134e4
004f23ea2
004f34311
004f445a3
004f54705
004f64774
004f7475a
004f84691
004f94520
004fa42b1
004fb4028
004fc40c1
004fd4061
004fe40d3
004ff4141
00500c51c
00501c472
00502c33c
00503bc94
00504418e
0050546b9
0050647aa
005074501
005084250
00509435c
0050a419c
0050bbd70
0050cc38a
0050dbdcc
0050e3ad8
0050fb968
00510c08c
0051139a8
005124668
0051348ca
005144836
0051545a4
005164330
005173b68
00518c461
00519c923
0051aca73
0051bc9d5
0051cc826
0051dc35c
0051e3eec
0051f46dc
0052048bc
00521470c
005223e40
00523ba78
005243af8
005253b78
00526be30
00527b8ec
0052844e5
005294847
0052a475b
0052b45a1
0052c4676
0052d4698
0052e416e
0052fc136
00530c54c
00531c67a
00532c8a4
00533ca08
00534c9cb
00535c8e4
00536c8b9
00537c812
00538c40d
00539b808
0053a3d10
0053b4494
0053c490a
0053d4b26
0053e4ba2
0053f4ac2
005404998
005414881
00542451b
00543b890
00544c3a0
00545c180
005463300
005474298
0054845b8
005494570
0054a3d60
0054bc52f
0054cc9d4
0054dcc06
0054ecc85
0054fcc7b
00550cb84
00551c872
00552bf40
005534218
005544530
00555465f
005564754
0055747fd
005584840
005594896
0055a494a
0055b4a38
0055c4a5a
0055d4930
0055e46ec
0055f42b0
0056030f0
00561c07b
00562c554
00563c867
00564c831
00565c425
00566c1ea
00567c6ba
00568c87b
00569c637
0056ac1e9
0056bc202
0056cc3a0
0056dbe20
0056e4178
0056f440c
005703cb8
00571b6c0
005724068
00573434a
005743aac
00575b38c
005764432
00577484d
005784890
00579479e
0057a4679
0057b471a
0057c443d
0057d3f41
0057eb9f9
0057f3a8f
005804310
0058142e6
005824034
00583b3e0
005843970
005853b68
005864038
005873e50
0058843f4
0058947e7
0058a49ac
0058b49d3
0058c48c0
0058d47a8
0058e4701
0058f4593
005903ec6
00591c158
00592c42e
00593c300
00594c3bc
00595c4e0
00596c29a
005972e00
005983988
00599c11c
0059ac557
0059bc557
0059cc544
0059dc698
0059ec6b2
0059fc3b6
005a0ad00
005a140c8
005a243d4
005a3459f
005a446a0
005a5453e
005a64148
005a73eb4
005a84143
005a942ae
005aa4216
005ab429a
005ac44b0
005ad4516
005ae42bf
005af3ddd
005b036c8
005b1bd39
005b2c448
005b3c70a
005b4c798
005b5c56e
005b6c22c
005b7c2ac
005b8c40d
005b9bf3c
005ba3e9c
005bb4112
005bc3dc4
005bd3d60
005be4096
005bf3f3c
005c0b760
005c1bfe0
005c2bd6a
005c3b608
005c4b640
005c538b0
005c64493
005c748b4
005c849a9
005c948fa
005ca469f
005cb3d32
005ccc4bc
005cdc83a
005cec8b1
005cfc86e
005d0c67c
005d1bff8
005d240d4
005d34487
005d443eb
005d53e58
005d6ba90
005d7c0ee
005d8c3b8
005d9c470
005dac1b2
005db3168
005dc40b6
005dd4200
005de41df
005df41c4
005e0423d
005e142a8
005e241b1
005e34032
005e440a2
005e541cc
005e63e54
005e7bea7
005e8c460
005e9c52f
005eac447
005ebc007
005ec395c
005ed412d
005ee436b
005ef4443
005f0430e
005f13cf0
005f2bcb4
005f3c147
005f4c3ee
005f5c56b
005f6c58c
005f7c3ac
005f8bd48
005f93490
005fa39a0
005fb38f0
005fcbb9c
005fdbdc7
005fec3df
005ffc562
00600bf7f
00601c1ca
00602c308
00603bf0c
00604c00c
00605bc0c
00606c1a8
00607c21c
00608c50f
00609c733
0060ac89d
0060bc8c6
0060cc80a
0060dc682
0060ec54d
0060fc2a8
00610b968
006113bd8
006123cb0
006133ed8
006144360
0061545b3
006164651
00617466c
00618475c
006194824
0061a4755
0061b44ae
0061c4094
0061d3cdc
0061e3828
0061fbc00
00620c1e2
00621c3d2
00622c3f0
00623c4bf
00624c6ca
00625c851
00626c891
00627c87c
00628c88b
00629c84c
0062ac5c8
0062bbebc
0062c3938
0062d3d34
0062e41d0
0062f450f
006304584
006314570
0063247aa
0063349ab
006344a8a
006354a02
006364953
006374928
00638486d
0063943ee
0063ac200
0063bc86c
0063cca34
0063dcb74
0063ecc1c
0063fcbaa
00640c9c3
00641c79c
00642c4fc
00643c100
00644a800
0064538e0
00646bcf0
00647c390
00648c4e8
00649c348
0064ab0c0
0064b4525
0064c49aa
0064d4c1c
0064e4c9f
0064f4c57
006504b08
0065148ba
006524412
00653bb10
00654c422
00655c55e
00656c58a
00657c5b3
00658c668
00659c7e9
0065ac8f2
0065bc9aa
0065cc9bb
0065dc943
0065ec8a8
0065fc79c
00660c4a2
00661b84c
0066241dc
00663448d
0066444d0
006654514
006664674
00667483e
0066848b0
006694822
0066a463e
0066b4452
0066c4114
0066d3aac
0066eb858
0066fbca0
00670ba70
00671b460
00672ba00
00673bf9c
00674c082
00675bebe
00676be6e
00677c154
00678c4a8
00679c5da
0067ac500
0067bc42a
0067cc0e0
0067dc276
0067ebd98
0067f39e2
00680bc9b
00681bc63
006823220
006833f4a
006844131
006854000
006864013
006873e08
00688b650
00689c230
0068ac50c
0068bc57f
0068cc50f
0068dc439
0068ec1b9
0068fbb66
006903acd
006913ccd
006923120
00693b904
00694bac0
00695bfdc
00696c412
00697c572
00698c4b5
00699c056
0069a35c0
0069b3f4a
0069c42c9
0069d4562
0069e45be
0069f43cc
006a04074
006a14072
006a24168
006a340a6
006a43f28
006a54065
006a641ad
006a740f8
006a83e70
006a93d3c
006aa3cfc
006ab3620
006acba68
006adbc44
006aebdf4
006afc43f
006b0c800
006b1c89d
006b2c7dc
006b3c6c6
006b4c6ca
006b5c604
006b6c2c5
006b7b460
006b83c70
006b93950
006ba3908
006bb4124
006bc4518
006bd466c
006be475e
006bf48a8
006c04996
006c14976
006c24826
006c34497
006c43db8
006c5ac00
006c6ba30
006c7c14c
006c8c5ac
006c9c766
006cac61c
006cbc23a
006ccbf4c
006cdc33e
006cec5da
006cfc630
006d0c6a6
006d1c87c
006d2c90c
006d3c6f4
006d4bf08
006d53e70
006d64250
006d74560
006d84849
006d94933
006da487a
006db4594
006dc431a
006dd43be
006de43ca
006df406b
006e03c84
006e13f70
006e23fac
006e3b814
006e4c30a
006e5c42e
006e6bffc
006e73a12
006e83e78
006e938b4
006eab92c
006ebbee2
006ecc3bb
006edc69a
006eec780
006efc60d
006f0c454
006f1c2d8
006f2c14a
006f3bd38
006f4397a
006f54115
006f64248
006f741bc
006f83fe4
006f93c3c
006fa3b70
006fb3500
006fc3fb0
006fd3d50
006fe414d
006ff4214
020002240
02001b8dc
020023f66
020033e86
020044193
020054128
02006372e
02007c040
02008c278
02009c3d6
0200ac26a
0200bc082
0200cbe44
0200db87c
0200e3b54
0200f3fde
020103edc
020113873
02012b520
02013b5b8
02014ad60
02015b87c
02016bfff
02017c1a2
02018be40
020193be0
0201a4208
0201b439b
0201c4310
0201d40fc
0201e3cfa
0201f3158
02020bcce
02021c1bc
02022c33f
02023c1a9
02024bd96
02025b67c
020262740
0202736cc
020283c5d
020293e44
0202a3b9e
0202bb50e
0202cb644
0202d3b62
0202e3e90
0202f3b1c
02030aa90
02031b294
0203231a6
02033388e
0203434cc
02035b8fa
02036b9b8
020373624
02038394e
02039ba98
0203ac02f
0203bbef0
0203cbb6b
0203dbc70
0203ec08d
0203fc2b2
02040c1bb
02041babd
020423c5d
020433fb5
020444159
0204543c8
020464481
0204743e5
020484130
020493a61
0204ab97b
0204bbc07
0204cb8ea
0204db874
0204eb81d
0204f3318
020503c17
020513b1e
02052b620
02053c092
02054c413
02055c4ce
02056c402
02057c0dd
02058bcb0
02059b8e8
0205ab258
0205b394e
0205c3e4f
0205d3e73
0205e3962
0205f2f40
020603baa
02061406e
02062411f
02063408b
02064415f
0206543a8
020664387
020673dc4
02068bd74
02069c018
0206ab9aa
0206ba800
0206cbd9f
0206dc24e
0206ec2a7
0206fc0ba
02070bfc6
02071c05c
02072bf77
02073bc7c
02074b96f
02075be02
02076c032
02077bf2d
0207830b0
02079bb02
0207abc99
0207bbcdf
0207cbb28
0207d3dfb
0207e415e
0207f407a
020803110
020813040
020823ee8
020833f47
0208440fe
02085400e
020863b7a
02087bfc2
02088c060
02089c236
0208ac0d2
0208bbe59
0208cbcb5
0208db972
0208e9e00
0208f34c0
02090b378
02091bbeb
02092bcef
02093bbf0
02094b82e
02095b5c8
02096bb44
02097bdd5
02098bbfe
02099344d
0209a3e77
0209b41c2
0209c438c
0209d43a2
0209e42dd
0209f421e
020a0402a
020a13485
020a2bd59
020a3bf86
020a4bda6
020a5b99a
020a6b59e
020a7b400
020a8aee0
020a9b54c
020aabde1
020abc1fd
020acc351
020adc235
020aec096
020afbfef
020b0bfe4
020b1bf29
020b2baaa
020b33bc7
020b440c2
020b540f0
020b64095
020b741c1
020b842a0
020b9413e
020ba3d60
020bb3853
020bc3885
020bd3c04
020be3d7e
020bf3f02
020c040eb
020c141d3
020c23f24
020c3ba06
020c4c1c7
020c5c3f0
020c6c4cd
020c7c57b
020c8c530
020c9c312
020cabc4a
020cb3c0b
020cc3d84
020cd35c8
020ceb21c
020cf32ac
020d036b0
020d12f80
020d2a300
020d334cc
020d43a43
020d53e50
020d64152
020d74348
020d843c0
020d941d1
020da3d98
020db3a23
020dc3a5f
020dda040
020debdf7
020dfc032
020e0beb8
020e1bd01
020e2bcd1
020e3bc7f
020e4b8b0
020e5310c
020e6b2e4
020e7c018
020e8c26d
020e9c043
020eab532
020eb3484
020ecaee0
020edb62c
020eeae10
020ef3538
020f02740
020f1b90a
020f2b48c
020f339f2
020f43a8a
020f52180
020f62fe8
020f738a9
020f83bb9
020f9b534
020faba02
020fbb638
020fcb0f9
020fd3955
020fe3ac1
020ff3872
02100b760
02101b9a0
021023e16
021033dbf
021043efc
021053c0b
02106bc08
02107c18b
02108c34c
02109c35d
0210ac0da
0210bb736
0210c3cdc
0210d406c
0210e41c7
0210f4289
021104177
021113c6b
02112b9e0
02113bea9
02114bd95
02115b977
02116b59e
02117b1f8
021183a1f
02119408d
0211a421b
0211b4150
0211c3e2d
0211db0b4
0211ec002
0211fc281
02120c396
02121c3ec
02122c2fe
02123c078
02124ba27
0212533fc
021263a48
021273c58
021283e56
021294016
0212a3dcc
0212b2f60
0212c3018
0212d3fa8
0212e426e
0212f4145
021303d7b
021313993
021323922
021333a38
0213437d8
02135b5bc
02136b970
02137b080
02138b4d0
02139bf2f
0213ac214
0213bc203
0213cc183
0213dc283
0213ec3ee
0213fc3ce
02140c110
02141b57c
021423d2e
021433f93
021444118
0214543b3
0214644c1
021474441
021484165
021493c1c
0214a3490
0214b3857
0214c38fa
0214d2f50
0214e36ac
0214f402a
021504283
02151401d
02152ba18
02153c284
02154c483
02155c4fb
02156c534
02157c4e7
02158c2a2
02159b9bc
0215a3dcf
0215b4030
0215c3d85
0215d2e90
0215ebac6
0215fbbbc
02160b88e
02161ae00
02162390a
021634002
0216443b5
02165450f
021664496
021674161
021683a9d
021692f90
0216a2970
0216bb70e
0216cbd54
0216dbeec
0216ebcb9
0216fb8b8
02170bc12
02171bf87
02172bec6
02173b560
02174354a
02175b67a
02176bdd4
02177be61
02178b894
02179ada0
0217aba5f
0217bbe45
0217cbd9d
0217db036
0217e3c0c
0217f3d2b
02180be4d
02181c02e
02182bc68
02183b570
0218429e0
02185a920
0218631a4
02187acd0
02188bb78
02189c04b
0218ac114
0218bc087
0218cc002
0218dbe9d
0218ebca5
0218fb190
021903ebb
0219142d1
0219243f8
02193432e
0219440d0
021953a28
02196b190
02197b5f8
02198bc2c
02199be52
0219ab534
0219b4030
0219c434a
0219d439b
0219e425c
0219f4027
021a036b2
021a1bf3c
021a2c3f5
021a3c4be
021a4c354
021a5c047
021a6bdef
021a7bc74
021a89c80
021a93c99
021aa3a6e
021abba2f
021acbedd
021adbe2f
021aebda2
021afbd9d
021b0b913
021b137c2
021b23c13
021b33dfc
021b4416e
021b54403
021b64417
021b74121
021b838e0
021b9b204
021ba25e0
021bbb348
021bcbad5
021bdb798
021be3935
021bf3a1e
021c0b674
021c1bcbc
021c2b9ca
021c3b4cc
021c4bcdb
021c5c154
021c6c22d
021c7c08c
021c8bc98
021c9b9ee
021cabe1a
021cbc10c
021ccbf34
021cd39a1
021ce41c6
021cf4304
021d0420f
021d14061
021d23db5
021d33acd
021d4b200
021d5be1f
021d6bd5b
021d73c08
021d84220
021d94198
021da3e12
021db3c06
021dc382a
021ddbcc8
021dec2b2
021dfc3f4
021e0c0b8
021e12cd0
021e23c66
021e32db8
021e4bca3
021e5bc13
021e6b70c
021e7bc14
021e8c027
021e9bfce
021eab80d
021eb3da5
021ec41a6
021ed416c
021ee3d5c
021ef3514
021f0b6a2
021f1bdae
021f2be49
021f3b5c1
021f43f04
021f53e90
021f63d97
021f73d10
021f83965
021f93c46
021fab3e8
021fbbc01
021fcbbd6
021fdbe0e
021feb7a6
021ffb4ee
022003c6c
022013ab2
022023ab6
022033f4e
022043f96
022053b8f
022062d0c
02207b520
022082d10
02209311c
0220a2f30
0220b3260
0220c3bdd
0220d3e4b
0220e38a2
0220fbd9d
02210c113
02211c0b6
02212bee3
02213bd5c
02214bc52
02215b824
022163620
022173b69
0221835cc
02219bba8
0221abf74
0221bbf09
0221cbc09
0221db316
0221e37cd
0221f3dd1
022204144
0222141f8
022223f1f
02223a1c0
02224bae5
02225b8ca
02226b452
02227b89c
02228bada
022292c40
0222a3eba
0222b4014
0222c38ca
0222dbbe3
0222ebd52
0222fbaa6
02230b85f
02231b8da
02232b0e8
022333c66
022343fdd
022353d6a
02236b318
02237be21
02238c050
02239c058
0223abe2b
0223bb678
0223c3a00
0223d3dd3
0223e3e32
0223f3d04
022403ad6
02241348a
02242b943
02243bf31
02244c138
02245c091
02246b66c
022474009
02248426b
02249415d
0224a3e69
0224b3c7c
0224c3bae
0224d2fe0
0224ebe37
0224fc1ca
02250c1c7
02251bf7d
02252b76c
022533d2c
022544222
022554397
022564173
022573648
02258be7f
02259c084
0225ac064
0225bc0d9
0225cc0dc
0225dbc86
0225e3b02
0225f3ff6
022603ee6
022613b34
02262369a
0226326c0
02264bc6b
02265c0e1
02266c06b
02267b1bc
022683d92
022693cb1
0226a3668
0226b36a4
0226c3b72
0226d3c0d
0226e3646
0226f3074
022703d6d
022714180
022723fd5
02273b7b2
02274bec2
02275bc62
02276b9b8
02277be31
02278b96e
02279be38
0227a3a70
0227b3de6
0227cb5c8
0227dad20
0227eb259
0227fb3b8
0228039d6
022813a14
022823084
022833d95
022843cd9
022853532
0228634e4
022873a05
022883f18
022893e50
0228a34af
0228bba4c
0228cb218
0228d3c12
0228e3897
0228fbdc1
02290c19b
02291c0bd
02292bd2b
02293bc0a
02294bd55
02295bc74
02296b050
0229738a2
02298333c
02299b9b0
0229abce6
0229bbc7e
0229cb999
0229daf18
0229e3914
0229f3e93
022a041c0
022a1435b
022a24271
022a33eb5
022a433fc
022a5b258
022a62fa0
022a7326c
022a8b89d
022a9bcff
022aab9c0
022ab2b20
022acba04
022adc176
022aec33d
022afc14d
022b0bd17
022b1b88e
022b2a2e0
022b33c27
022b44025
022b53fcc
022b63605
022b7bd3f
022b8bde3
022b9b6d0
022ba35b4
022bb3a78
022bc3f99
022bd42f6
022be445e
022bf4425
022c04277
022c13f22
022c2ae38
022c3c09d
022c4c474
022c5c55a
022c6c44e
022c7c10c
022c8bd53
022c9b71d
022ca3b73
022cb4068
022cc406a
022cd3932
022cebe78
022cfc27c
022d0c2ed
022d1c178
022d2bd7e
022d33c05
022d44438
022d54688
022d64645
022d743c3
022d83dd1
022d932f4
022dab8d5
022dbbf76
022dcc156
022ddbf08
022de3454
022df3db2
022e03a84
022e1b7b8
022e2bc73
022e3bd49
022e4c068
022e5c2bc
022e6c265
022e7bdd2
022e83218
022e937cc
022eaabc0
022ebb5e2
022ec2730
022ed38d6
022ee3a92
022ef3c66
022f04053
022f141fe
022f24062
022f33776
022f4ba6f
022f5b7cb
022f6b743
022f7b8ba
022f8b12c
022f9b9a7
022fa3b02
022fb3d7b
022fc35dc
022fd33d8
022feb766
022ffb83e
023003965
023013da8
023022b30
023033472
02304b86a
02305b4e8
023063e65
0230740ab
023084166
023093ed2
0230a38e5
0230bb182
0230cb5c5
0230db98f
0230ebe84
0230fc0e8
02310c10a
02311bfd8
02312bd32
02313bba0
02314b970
02315b444
02316ab30
02317b53e
02318b8ca
02319b6bc
0231ab380
0231bb5f0
0231cb640
0231d357c
0231e3e63
0231f415a
023204338
023214457
0232243da
023234081
02324396e
0232534a0
02326354a
02327b700
02328bfe3
02329c22c
0232ac1b0
0232bc02c
0232cc103
0232dc38e
0232ec358
0232fbf9a
02330bab6
02331bd2c
02332bcb5
023333694
023343fff
023354038
023363aec
02337a8c0
023383af8
02339418e
0233a42fd
0233b41fb
0233c421b
0233d43bd
0233e444f
0233f4412
0234042af
023413fc3
02342b21c
02343c148
02344c530
02345c70e
02346c753
02347c61a
02348c42b
02349bfba
0234aa180
0234b3c76
0234c3f04
0234d3f6a
0234e32f0
0234fc1ec
02350c4f0
02351c35e
02352b628
023534215
02354461e
023554855
0235648c9
0235747da
02358445d
023593af2
0235abe20
0235bc21d
0235cc415
0235dc373
0235ebd0a
0235f3e6e
023604070
0236134e0
02362bf32
02363c204
02364c46a
02365c61b
02366c631
02367c392
02368b920
023693c51
0236a3c59
0236b3a9e
0236c3dd5
0236d4052
0236e3e41
0236f395a
023703ec1
023714373
0237243e5
02373402f
0237430e0
02375a520
02376b5de
02377ba69
02378b6c8
02379be43
0237a3ca0
0237b403d
0237c3864
0237d3670
0237eb820
0237fb93a
02380b46e
02381a300
02382b90a
02383bce1
02384c169
02385c0d9
02386b3fc
023874169
023884235
0238940db
0238a3e2d
0238b3c2c
0238c3578
0238dbc21
0238ec11a
0238fc1b4
02390bd82
023913652
023923c10
023933cb0
023943f43
0239540b0
023963f71
023973877
02398b9c9
02399bd8f
0239abeac
0239bc0a1
0239cc1da
0239dc032
0239ea948
0239f3d54
023a03deb
023a13dd1
023a23dd5
023a33c3e
023a43836
023a53024
023a6b69c
023a7bcb8
023a8bea7
023a9bc97
023aa36cc
023ab3f34
023ac3eaa
023ad3927
023ae3877
023af3e77
023b03fe2
023b13ae8
023b2b6c3
023b3bcba
023b4bf4d
023b5c093
023b6c0cc
023b7c075
023b8bc83
023b93bcc
023ba405a
023bb3d80
023bc34ef
023bd3825
023be3bf2
023bf3824
023c0b98e
023c1c043
023c2c1c7
023c3bec2
023c43940
023c53f26
023c63ebd
023c73fa6
023c84131
023c9419b
023ca3fd6
023cb3204
023ccbc4e
023cdbbac
023cebc7c
023cfc1b7
023d0c42a
023d1c1d2
023d2a380
023d3405f
023d4416d
023d53faa
023d63b9c
023d738c4
023d834bc
023d9b865
023dabdc0
023dbc024
023dcc109
023ddc002
023de31ee
023df41c8
023e04409
023e1417a
023e235f4
023e3bacf
023e4b8e7
023e5b7f9
023e6bc76
023e7bddb
023e8bba8
023e9b01c
023ea367a
023eb3811
023ec37ab
023ed363d
023eeac04
023efb971
023f0b5ae
023f13b0f
023f23da4
023f338a0
023f4b6e4
023f52e00
023f6355c
023f72cc0
023f8b97d
023f9b960
023fa3c07
023fb3bae
023fc21c0
023fdb648
023feb96d
023ff284e
024003a4e
0240133a0
02402412c
024034155
024044370
024054276
024063997
02407bfb3
02408c262
02409c358
0240ac15d
0240bbd5f
0240cb432
0240d36b8
0240e3be4
0240f3de2
024103c36
02411b95b
02412c157
02413c2d5
02414c0df
02415bc0e
02416baae
02417beb3
02418bde8
024193969
0241a41e9
0241b42b4
0241c406b
0241d3caf
0241e3abe
0241f38af
02420b57e
02421be82
02422c01c
02423bcbb
02424ad7c
02425359c
0242638ab
024273c62
024283e29
024293e24
0242a3a62
0242bb7f0
0242cbcab
0242db7c6
0242e3664
0242f3428
02430b515
02431b5b6
024323203
024333ba6
024343c32
02435b328
02436be76
02437bd8f
02438b634
02439b941
0243abee2
0243bbf03
0243cb9bc
0243d2d98
0243eb1ce
0243fbcaf
02440be0b
02441b83d
024423958
024433af6
024443c54
0244540d4
0244643a4
0244743dc
0244841a9
024493db8
0244a3881
0244b33a8
0244cb7d9
0244dbfb3
0244ec0ba
0244fbc55
0245030c8
024512c20
02452b664
02453b920
02454bd3b
02455c0df
02456c23b
02457c1c9
02458bfb6
02459ba88
0245ab418
0245b2b20
0245c3c07
0245d4016
0245e3f7c
0245f39a6
02460a080
0246136bf
024623e90
02463419e
024644239
02465414d
02466405b
024673ea4
02468363a
02469bd7b
0246ac0b5
0246bc097
0246cbff7
0246dbf33
0246ebe5e
0246fbc7a
02470b3f0
024713724
0247236d8
02473b714
02474be10
02475be26
02476bde4
02477bcd5
02478b8d3
02479bdb3
0247ab919
0247b31c2
0247c3851
0247d3e7a
0247e3efd
0247f3ecf
024803c2c
0248131e0
024824162
0248341ff
024844429
0248541e3
02486b74a
02487c2e8
02488c3bd
02489c373
0248ac129
0248bbc74
0248c36d0
0248d3db0
0248e3e5c
0248f3d84
0249039b3
02491bac4
02492c1a2
02493c3aa
02494c1f6
02495bc66
02496b28e
02497b96b
02498b8a6
024993d05
0249a428d
0249b435e
0249c412f
0249d3c98
0249e2e1c
0249fb930
024a0be08
024a1c074
024a2c010
024a3bbc7
024a49000
024a53796
024a63993
024a739da
024a839e7
024a93afc
024aa3850
024abb82e
024acbbb0
024ad3308
024ae3ef7
024af3fe6
024b03ba0
024b1b3f0
024b2b7e3
024b33580
024b4396e
024b5b8f6
024b6bf4f
024b7bc3e
024b83308
024b9b130
024babe88
024bbc087
024bcbe78
024bdbc1f
024bebea6
024bfc1a2
024c0c0f0
024c1b3a4
024c23e38
024c33dd2
024c43d37
024c541bc
024c644da
024c744fb
024c84219
024c93bf6
024ca38f0
024cb3d08
024cc38b4
024cdbe56
024cec0b8
024cfb922
024d03b1a
024d13210
024d2bd90
024d3c00c
024d4c056
024d5c1f5
024d6c424
024d7c467
024d8c1f5
024d9baa6
024da3614
024db3898
024dc3c02
024dd3f96
024de4027
024df3cf4
024e036b4
024e13813
024e23e62
024e341e2
024e44333
024e542e0
024e64220
024e7412b
024e83d43
024e9b922
024eac066
024ebc178
024ecc177
024edc16a
024eec132
024efc032
024f0bc86
024f1b452
024f2a480
024f3b820
024f4be18
024f5bf86
024f6c089
024f7c063
024f8bc56
024f9bce4
024faa960
024fb3661
024fc3538
024fd3e3b
024fe3fa0
024ff3fa2
02500b21e
02501b9f6
025023740
025032c18
025043fce
0250541b7
0250639ac
02507c137
02508c427
02509c1db
0250abe65
0250bbfd6
0250cc07f
0250db69c
0250e40dd
0250f4388
0251041dd
025113efa
02512408e
025134311
02514408f
02515bf32
02516c509
02517c504
02518c199
02519b070
0251a4054
0251b43c4
0251c44e2
0251d4461
0251e4065
0251fb358
02520c08b
02521c531
02522c81c
02523c7b9
02524c27d
025253bf7
0252640c3
0252740ee
025284219
025294360
0252a423d
0252b3d0f
0252cb280
0252d2f20
0252e3c6b
0252f3cfe
025303c0a
025313ccb
025323dbd
025333dc2
025343b94
02535b918
02536c0a4
02537c093
02538bdc6
02539be2a
0253ac020
0253bc023
0253cbf50
0253dbea5
0253ec0d6
0253fc48d
02540c61d
02541c4a7
02542bb7c
0254341aa
0254445ac
025454777
02546481f
02547480c
025484664
02549413f
0254abed8
0254bc480
0254cc4b0
0254dc0b9
0254e3c30
0254f424b
02550424a
02551400a
025523250
02553c0df
02554c54e
02555c770
02556c79e
02557c578
02558c15d
02559baf4
0255a382e
0255b3f64
0255c405e
0255d3d30
0255e2740
0255fb520
025603df0
025614461
0256244ee
0256341ba
02564401d
025654346
0256643f0
025673d27
02568beae
02569c0bf
0256abad8
0256b3913
0256cb160
0256dc005
0256ec09e
0256fc01b
02570c347
02571c4f3
02572c2d9
02573bd5a
025743284
02575b824
02576a920
025773640
025783ce7
025793090
0257abf63
0257bc074
0257cbd13
0257d2b0a
0257e3cc9
0257f3c28
02580bc6e
02581ba8c
02582c152
02583c3c4
02584c392
02585beb0
025862e60
025873aa8
02588b390
02589380b
0258a3e1c
0258b3e79
0258cb50a
0258dc0e1
0258ec07c
0258fb33e
025903cfa
025913ec0
02592412f
025934457
025944525
025954418
02596414a
025973f75
025983a77
02599bce7
0259ac260
0259bc315
0259cc03f
0259db194
0259e3b5c
0259f3b5e
025a036bc
025a1b5f8
025a2be2f
025a3c179
025a4c2bf
025a5c2ce
025a6c244
025a7c056
025a8b2fe
025a93f42
025aa41a1
025ab41dc
025ac4108
025ad3e0b
025ae3508
025afb4c8
025b0ad60
025b13960
025b23c38
025b336ac
025b4adb8
025b53c93
025b641b4
025b740db
025b833d2
025b9bc4e
025baba5a
025bbb660
025bcbbc3
025bdc06b
025bec25d
025bfc2d5
025c0c2af
025c1c1d5
025c2bcb4
025c33e7a
025c442de
025c542e6
025c64151
025c73ec1
025c8379c
025c9bc62
025cac224
025cbc4ac
025ccc3c7
025cdb49c
025ce431d
025cf45a6
025d045fa
025d144db
025d24148
025d3a5e0
025d4c165
025d5c4cc
025d6c509
025d7c263
025d8bc0b
025d93574
025da3c86
025db3e2e
025dc3d32
025dd350e
025debc2d
025dfbf59
025e0bc32
025e138e0
025e23c2a
025e3ad00
025e4bbb4
025e5ba2a
025e6b4e6
025e7b394
025e8b630
025e9afb8
025ea3c68
025eb41d8
025ec4390
025ed4168
025ee3a38
025efb9d4
025f0bfd4
025f1c15d
025f2c097
025f3bab8
025f43cbe
025f53fe1
025f64204
025f741d0
025f83c56
025f93ec9
025fabb44
025fbbed8
025fcb9c0
025fdbf00
025febcf7
025ffbc62
026003e4f
026013e52
026023f2a
0260340cd
026044175
026053fcc
026063cc1
02607b820
02608b674
02609bb18
0260ab939
0260bb3b4
0260c35e0
0260d377c
0260eb748
0260fbe6f
02610c0a9
02611c1c4
02612c2cb
02613c2dc
02614c115
02615bcef
02616b870
02617b94e
02618b993
02619ada0
0261a39a8
0261b3b8e
0261c3b32
0261d3e70
0261e425e
0261f444b
02620440c
026214218
026224070
026233e61
0262439ea
02625b3ca
02626b8bb
02627b238
02628b098
02629bafc
0262abe76
0262bc062
0262cc281
0262dc46e
0262ec4c1
0262fc453
02630c390
02631c1a8
02632ba6a
026333f8d
026344382
026354342
026364004
026373abc
026383c9a
026393f24
0263a3dfb
0263b3c31
0263c3f77
0263d4374
0263e455b
0263f4615
0264045b7
0264143b9
0264238a8
02643c288
02644c67c
02645c812
02646c80e
02647c6fb
02648c513
02649c0e9
0264a3650
0264b40d5
0264c41a8
0264d3e44
0264eb9e8
0264fc1de
02650c36d
02651c119
026522d20
026534213
02654455d
0265546a3
0265646f8
02657464f
026584496
026593ff6
0265ab879
0265bbf7d
0265cbdf8
0265db558
0265ea8c0
0265fbc8c
02660c121
02661c238
02662c146
02663c052
02664c153
02665c349
02666c30c
02667bfc3
02668b5c8
026691f00
0266ab7a0
0266bb94e
0266c2c10
0266d3d3e
0266e404a
0266f40d9
026704219
026714343
026724243
026733f2b
02674b116
026752b40
02676327e
026773936
0267838f6
02679bc8e
0267ab318
0267b3be8
0267c3b59
0267d3af2
0267eb844
0267fb8a4
0268036b6
026813540
026823d53
026833f92
026843f01
0268539d1
02686b89d
02687bbf0
02688bc5d
02689b991
0268aacd0
0268b39e6
0268c3f75
0268d4134
0268e40fb
0268f400a
026903d2e
02691b158
02692c00f
02693c23a
02694c1ac
02695bf03
02696baf7
02697b87a
02698b040
026993a9f
0269a3d40
0269b36cc
0269cbc26
0269dbf75
0269ec052
0269fc0e7
026a0c0e2
026a1bea9
026a2b4b3
026a33be2
026a43de7
026a53cf3
026a63c51
026a73db6
026a83ffe
026a940d2
026aa40a0
026ab3e24
026ac3b0d
026ad3caf
026ae3e99
026af3c12
026b0b4e2
026b1b953
026b23754
026b33ea7
026b43d65
026b5b956
026b6c15f
026b7c251
026b8c1c8
026b9c2f2
026bac438
026bbc2b5
026bcbcc1
026bd335e
026be2df0
026bfb844
026c0b4d4
026c139fa
026c23c4c
026c3b3c0
026c4bdbc
026c5adc8
026c6429e
026c745ce
026c84598
026c94370
026ca4146
026cb4226
026cc41cd
026cd36a4
026cec147
026cfc33d
026d0c1a3
026d1c069
026d2bfa4
026d3bb32
026d43974
026d53d32
026d6b290
026d7c1d0
026d8c456
026d9c2e1
026dac05e
026dbc053
026dcbfc0
026ddaf10
026de3f5e
026df3ffc
026e03bdc
026e13930
026e23e04
026e340c8
026e4405a
026e53d8c
026e63e92
026e741f7
026e8426d
026e93d53
026eaba97
026ebbe52
026ecbd96
026edbc61
026eeb8e7
026ef33a0
026f03df3
026f14015
026f23c03
026f3b863
026f4c09b
026f5bee4
026f6bfd8
026f7bfd5
026f8bcc1
026f9c021
026fab6a4
026fb3404
026fcb0c4
026fd3c05
026fe3897
026ff3b22
02800c504
02801c649
02802c41b
02803bfa0
02804bdef
02805baa4
02806c2fa
02807c449
02808c496
02809c3c5
0280ac0a0
0280b3972
0280c41d5
0280d440c
0280e436e
0280f41e7
0281040e5
0281140d0
0281241c9
028134309
0281442d5
028154077
028163ac4
0281735a8
02818399c
028193b80
0281a3868
0281baf40
0281cb7d8
0281db860
0281eba1a
0281fbdb8
02820c094
02821c18f
02822c104
02823bd64
0282438f8
02825418e
02826442b
02827443f
0282842a7
02829403c
0282a3c90
0282b393b
0282c38dd
0282d38e0
0282e3210
0282fba88
02830c045
02831c204
02832c204
02833c11f
02834c043
02835beaa
02836bcbe
02837baec
02838b840
0283930c0
0283a3d10
0283b411c
0283c4354
0283d444d
0283e4496
0283f44ee
02840457e
0284145de
028424568
028434411
02844415e
028453f14
028463b40
02847b788
02848c0ba
02849c43d
0284ac5c5
0284bc6fa
0284cc7a0
0284dc716
0284ec589
0284fc35f
02850c085
02851be3c
02852bcf4
02853b870
028543b58
0285541f2
0285644c7
0285745a9
028584616
0285946e3
0285a47e2
0285b482e
0285c4806
0285d46dd
0285e44c5
0285f402e
02860b470
02861bd10
02862bc60
02863bc84
02864c039
02865c35a
02866c54f
02867c69a
02868c730
02869c6c3
0286ac571
0286bc434
0286cc351
0286dc1e4
0286ebc3c
0286f3e0c
0287042a0
02871436a
028724356
0287344c0
0287446d2
02875484c
0287648da
0287748ff
02878487a
02879477b
0287a473c
0287b46a4
0287c486a
0287d48b1
0287e47cb
0287f45c4
02880c38b
02881c589
02882c3c8
02883c140
02884c0b4
02885bfbf
02886c3ac
02887c482
02888c53c
02889c4a8
0288ac412
0288bbcea
0288c37b4
0288d40a9
0288e41b5
0288f41f8
0289041fc
0289141b6
028924260
028934430
0289444fe
02895450e
0289644c9
02897447f
028984414
02899424c
0289a3e78
0289b3100
0289cb970
0289dbcea
0289ebfac
0289fc21c
028a0c4b2
028a1c67c
028a2c7df
028a3c81d
028a4c73d
028a5c56e
028a6c345
028a7c0a7
028a8be36
028a9bb68
028aab0a0
028ab3b28
028ac40b0
028ad43fa
028ae455b
028af4672
028b0477c
028b14831
028b2486e
028b3482e
028b446c1
028b544e5
028b64284
028b73f40
028b839e0
028b9b650
028bac07a
028bbc478
028bcc65b
028bdc77c
028bec7d8
028bfc7de
028c0c76e
028c1c64a
028c2c530
028c3c4d2
028c4c4b9
028c5c433
028c6c196
028c7b900
028c83f54
028c94472
028ca46d7
028cb480b
028cc4813
028cd47f6
028ce47ca
028cf4753
028d04625
028d1443a
028d24110
028d34000
028d44052
028d53fa4
028d638b0
028d7bedc
028d8c3f4
028d9c553
028dac5c0
028dbc582
028dcc4f2
028ddc4af
028dec52e
028dfc601
028e0c5ce
028e1c3dc
028e2bdaa
028e33678
028e43d4c
028e53e76
028e63e02
028e73d50
028e83e22
028e940e8
028ea438f
028eb4474
028ec4422
028ed43c7
028ee4456
028ef44ba
028f0445e
028f142d9
028f24145
028f34135
028f441f0
028f54235
028f64222
028f74240
028f84145
028f93e26
028fa3bb2
028fb34c6
028fc3c6e
028fd3e8e
028fe3d58
028ff3c01
02900bdb0
02901bf0e
02902aab0
029033f0f
029044038
02905410f
029063a3e
0290737b8
02908392c
029093c31
0290a3f69
0290b4291
0290c4486
0290d44e8
0290e4443
0290f4208
029103e82
02911345c
02912ba9c
02913bd82
02914be40
02915bf98
02916c0cc
02917c11a
02918c054
02919bf0c
0291abf55
0291bc0b9
0291cc193
0291dc11e
0291ebee4
0291fba70
029202d20
029213c5c
029224028
029234247
02924449d
02925466b
0292647bd
0292747a1
0292845ff
02929437d
0292a3f98
0292b39b8
0292c9e00
0292db8e8
0292ebde4
0292fc1ca
02930c4c1
02931c62a
02932c67c
02933c63c
02934c636
02935c61e
02936c552
02937c3c4
02938c07e
02939b990
0293a3a78
0293b40a4
0293c433c
0293d44bf
0293e4619
0293f47a9
029404876
0294148ae
02942485c
02943474d
0294445b3
029454415
0294640de
029473990
02948bcc0
02949c254
0294ac511
0294bc6d1
0294cc800
0294dc82b
0294ec7f7
0294fc713
02950c5f9
02951c513
02952c45b
02953c2cc
02954c02a
02955b878
029563ad8
0295740a4
02958446c
0295946fa
0295a486a
0295b48ab
0295c4875
0295d4805
0295e4699
0295f446c
029604084
029613cec
029623d50
029633e70
029643d0c
02965a680
02966c006
02967c420
02968c5d2
02969c698
0296ac674
0296bc5fd
0296cc58b
0296dc4ed
0296ec401
0296fc1d2
02970bf5c
02971bb94
02972b390
0297335a8
029743b2c
029753e14
029764089
029774289
0297843df
029794391
0297a4260
0297b4159
0297c41d7
0297d4366
0297e43dc
0297f4296
0298028e0
029813158
029823d80
0298341a8
029844328
029854457
02986440d
02987443b
0298844d7
029894555
0298a457e
0298b4628
0298c46ae
0298d46db
0298e46ef
0298f471d
02990470b
029914608
029924454
0299341df
02994405e
029953e22
0299634c8
02997bd58
02998c16a
02999c38e
0299ac496
0299bc46d
0299cc2c6
0299dc173
0299ec237
0299fc402
029a0c4a9
029a1c4dd
029a2c4f1
029a3c48b
029a4c156
029a532a8
029a640d7
029a7434c
029a84496
029a9452b
029aa44f1
029ab443b
029ac440a
029ad44ea
029ae45da
029af458c
029b0445c
029b14362
029b24386
029b342d8
029b4404e
029b539b8
029b6b690
029b7bef6
029b8c2bc
029b9c479
029bac4b2
029bbc4ef
029bcc5e0
029bdc683
029bec564
029bfc223
029c0bd42
029c1b988
029c2b9c0
029c3bc3e
029c4bd2c
029c5b8f0
029c63e54
029c744b6
029c846c7
029c9468f
029ca4560
029cb44e9
029cc44f5
029cd44b1
029ce4446
029cf441c
029d043ba
029d141e0
029d23d7c
029d3b520
029d4bfec
029d5c342
029d6c49c
029d7c446
029d8c242
029d9c06a
029dabff7
029dbc08c
029dcc13a
029ddc1e1
029dec29a
029dfc27c
029e0c050
029e1b5ee
029e23d54
029e34164
029e443d1
029e54497
029e643cf
029e74041
029e83a8a
029e93c77
029ea419b
029eb4499
029ec4503
029ed438b
029ee3f6d
029ef3330
029f0b84e
029f1b570
029f2b1b0
029f3b378
029f4b874
029f5bbb2
029f6bb70
029f7bd0b
029f8b78c
029f9b826
029fabce3
029fbc005
029fcc26c
029fdc131
029febcb8
029ffb4be
02a00bfcf
02a01c120
02a02c1a9
02a03c19e
02a04c11f
02a05c1d1
02a06c397
02a07c52b
02a08c606
02a09c609
02a0ac5da
02a0bc548
02a0cc487
02a0dc350
02a0ec2aa
02a0fc296
02a10c248
02a11c101
02a12be9a
02a13bb94
02a142700
02a153e0e
02a16419e
02a174296
02a1841fe
02a1940b2
02a1a3f6f
02a1b3e79
02a1c3df6
02a1d3e54
02a1e3ee0
02a1f3df2
02a203bc0
02a213894
02a22356e
02a23a960
02a24ba42
02a25be84
02a26c06c
02a27c0f0
02a28c083
02a29bda6
02a2ab4f6
02a2b3562
02a2c2a48
02a2dbb68
02a2ebec1
02a2fbf85
02a30bfbd
02a31bf5a
02a32bcb8
02a33b17e
02a3437c6
02a3534cb
02a36b710
02a37ba02
02a38b570
02a392a70
02a3a2d90
02a3b325c
02a3c3981
02a3d3de6
02a3e4067
02a3f40d3
02a403f76
02a4138b2
02a42bb05
02a43bdc2
02a44b890
02a453af0
02a463e00
02a473b40
02a48b2f0
02a49bc1d
02a4abca3
02a4bb9a6
02a4cb3f0
02a4db894
02a4ebf58
02a4fc21d
02a50c1fb
02a51be0d
02a522f40
02a533970
02a5434e0
02a55b314
02a56b928
02a57bbf0
02a58bc80
02a59bc7a
02a5abd0a
02a5bbeab
02a5cbfc9
02a5dbd24
02a5e38b6
02a5f4167
02a60436b
02a614284
02a623f98
02a633778
02a64b594
02a65b42c
02a66393c
02a673fe7
02a6841ca
02a694151
02a6a3d46
02a6bb0a8
02a6cba2c
02a6dba14
02a6ebb9e
02a6fbe19
02a70c058
02a71c171
02a72c21b
02a73c21e
02a74c10d
02a75be6b
02a76bc24
02a77bd1d
02a78c17e
02a79c17e
02a7ab4d0
02a7b38e9
02a7c4263
02a7d4193
02a7e3d5e
02a7f3840
02a80b81c
02a81bb72
02a82c03b
02a83c23d
02a84c211
02a85c26d
02a86c198
02a87c37d
02a88c4cf
02a89c544
02a8ac5a0
02a8bc586
02a8cc527
02a8dc45d
02a8ec3f9
02a8fc3a2
02a90c276
02a91bf4c
02a92b450
02a933798
02a9439a8
02a953dba
02a964176
02a974397
02a984413
02a9943a1
02a9a42fa
02a9b4206
02a9c403d
02a9d3ca0
02a9e3988
02a9f389c
02aa030f0
02aa1ba00
02aa2bed6
02aa3c115
02aa4c334
02aa5c4f5
02aa6c5ff
02aa7c628
02aa8c56b
02aa9c40e
02aaac0d7
02aabbafe
02aac2cc0
02aad32a0
02aae3300
02aaf3bfc
02ab040ff
02ab143d0
02ab244a4
02ab344eb
02ab44507
02ab54493
02ab64272
02ab73ece
02ab83a24
02ab930e0
02abab978
02abbbedc
02abcc0bc
02abdc0f4
02abec179
02abfc3af
02ac0c584
02ac1c6d2
02ac2c713
02ac3c649
02ac4c4cd
02ac5c22c
02ac6be8e
02ac7b89c
02ac836f8
02ac93f0c
02aca4324
02acb4563
02acc4667
02acd4621
02ace44cf
02acf4276
02ad0408d
02ad14059
02ad240cc
02ad340b4
02ad43f74
02ad53be0
02ad6b4b0
02ad7bf86
02ad8c33f
02ad9c558
02adac6dc
02adbc7f9
02adcc826
02addc732
02adec4a1
02adfbede
02ae02f40
02ae13740
02ae2aa00
02ae3b8b0
02ae4b978
02ae5a400
02ae63eb2
02ae743f7
02ae845ba
02ae945d7
02aea448a
02aeb4241
02aec40f5
02aed40b2
02aee403d
02aef3e88
02af03b84
02af12cc0
02af2ba12
02af3bdfb
02af4bf08
02af5bf19
02af6c003
02af7c05c
02af8c21e
02af9c149
02afabd18
02afbb94f
02afc37cc
02afd26c0
02afebb18
02affbcba
02b0037e4
02b01b400
02b02bfca
02b03c2fa
02b04c2d5
02b05c366
02b06c191
02b07c2b6
02b08c456
02b09c4c7
02b0ac53e
02b0bc546
02b0cc596
02b0dc53c
02b0ec4c9
02b0fc3a0
02b10c04f
02b11b220
02b123d74
02b13401e
02b144078
02b154180
02b164384
02b174499
02b1844e0
02b1944ab
02b1a43f5
02b1b4176
02b1c3d30
02b1d3690
02b1e2ec0
02b1fb690
02b20bf74
02b21c3bc
02b22c564
02b23c626
02b24c6f4
02b25c7f9
02b26c838
02b27c801
02b28c704
02b29c58d
02b2ac282
02b2bb6d8
02b2c3f58
02b2d41d2
02b2e433c
02b2f44fb
02b3046ee
02b314844
02b324897
02b334887
02b34482a
02b354687
02b364402
02b37403a
02b383c98
02b392d80
02b3ac004
02b3bc4be
02b3cc6f0
02b3dc809
02b3ec881
02b3fc92f
02b40c9bf
02b41c9d7
02b42c971
02b43c8a6
02b44c70c
02b45c448
02b46be58
02b473650
02b48403c
02b49449f
02b4a47de
02b4b4961
02b4c4a1c
02b4d49fd
02b4e493d
02b4f482c
02b504631
02b5144c6
02b52442a
02b534280
02b543d58
02b55bc10
02b56c188
02b57c430
02b58c682
02b59c8fc
02b5aca77
02b5bcb1a
02b5ccafe
02b5dca39
02b5ec896
02b5fc4b8
02b60bbb0
02b613888
02b623660
02b633430
02b643ac8
02b653f68
02b664270
02b67456d
02b684811
02b6948f1
02b6a48d0
02b6b4810
02b6c469d
02b6d451a
02b6e4250
02b6f3cac
02b70b0b0
02b71b988
02b72bbb8
02b73bec6
02b74c108
02b75c26a
02b76c3ad
02b77c46a
02b78c616
02b79c5bc
02b7ac328
02b7bc0c9
02b7c2c60
02b7db618
02b7ebede
02b7fc04e
02b803f1c
02b81409b
02b823c60
02b83b074
02b84b7fe
02b85b790
02b863b3a
02b873e88
02b884063
02b893f03
02b8a3cb7
02b8bad20
02b8cbb90
02b8dbfd9
02b8ec0da
02b8fc023
02b90bc48
02b91ac80
02b9233a0
02b93b260
02b94b971
02b95ba06
02b96ba44
02b97bc6c
02b98bdbc
02b99bd70
02b9abaee
02b9bb62c
02b9cab30
02b9d36d8
02b9e3c8e
02b9f3ea1
02ba03ef3
02ba13eca
02ba23fc5
02ba33ff0
02ba43ae4
02ba5bc43
02ba6c05b
02ba7bed5
02ba8b6fc
02ba936dc
02baa35fc
02babb418
02bacbca6
02badc03d
02baec0b2
02bafbec9
02bb0bceb
02bb1be94
02bb2c122
02bb3c23b
02bb4c13c
02bb5be10
02bb6b88e
02bb73704
02bb83d6c
02bb93da6
02bba3c2f
02bbb3d1e
02bbc404d
02bbd41a0
02bbe4098
02bbf39f0
02bc0b99a
02bc1bccb
02bc2b8d4
02bc338ec
02bc43d2c
02bc53b24
02bc6b130
02bc7bd72
02bc8bffe
02bc9bf6a
02bcabe89
02bcbbf30
02bccc0b5
02bcdc289
02bcec321
02bcfc152
02bd0bc8a
02bd138f0
02bd23fec
02bd33f2c
02bd43664
02bd5b740
02bd633c0
02bd73fc8
02bd84167
02bd93cc4
02bdabcf5
02bdbc0d8
02bdcbf98
02bddb768
02bde3b0c
02bdf3dce
02be03c1e
02be1ad90
02be2bc74
02be3bd8e
02be4bcc8
02be5bd17
02be6bf12
02be7c008
02be8bc56
02be93991
02bea3f18
02beb3de4
02bec3856
02bedb166
02beeb736
02befb8ca
02bf0ba32
02bf1b916
02bf2b3a0
02bf3b67e
02bf4bbf2
02bf5bd87
02bf6bd3c
02bf7bc56
02bf8bea8
02bf9be9a
02bfabdec
02bfbba8f
02bfcac40
02bfdb674
02bfeb694
02bffafbd
02c00c617
02c01c7af
02c02c65e
02c03c4c6
02c04c484
02c05c421
02c06c6bc
02c07c7d0
02c08c82d
02c09c80e
02c0ac716
02c0bc4b9
02c0cc06c
02c0daf40
02c0e3914
02c0f3430
02c10b8a8
02c11bab0
02c12abc0
02c133d2a
02c1440e5
02c1541a3
02c16413d
02c174122
02c1841a7
02c19421a
02c1a41c4
02c1b4025
02c1c3b3c
02c1d2d5c
02c1eb028
02c1fb43a
02c20bb18
02c21bf04
02c22c002
02c23bd6b
02c24b61c
02c253674
02c263b34
02c273c0d
02c2838c6
02c29b570
02c2abd15
02c2bbde8
02c2cbc85
02c2dbc81
02c2ebe82
02c2fc038
02c30c099
02c31c065
02c32bf8c
02c33be1f
02c34bcd6
02c35bb5e
02c36b918
02c37b330
02c3835e8
02c393c22
02c3a3ef4
02c3b4116
02c3c430c
02c3d445e
02c3e4495
02c3f4428
02c404361
02c414300
02c42428c
02c43411e
02c443d92
02c453270
02c46ba28
02c47bf30
02c48c240
02c49c466
02c4ac53f
02c4bc5d6
02c4cc661
02c4dc693
02c4ec5fb
02c4fc48c
02c50c198
02c51bda8
02c52b7c0
02c533868
02c543fe8
02c554288
02c5643ba
02c5743cc
02c584416
02c5944b5
02c5a4566
02c5b45e1
02c5c45f5
02c5d4557
02c5e4384
02c5f3e94
02c60ae80
02c61bbdc
02c62bdce
02c63c02c
02c64c19c
02c65c2b7
02c66c37b
02c67c419
02c68c48f
02c69c4fd
02c6ac51e
02c6bc4c8
02c6cc38d
02c6dc03c
02c6eb464
02c6f3d36
02c704069
02c714091
02c723fb6
02c733f64
02c744185
02c754418
02c7644fe
02c77453d
02c784418
02c7942ce
02c7a432d
02c7b4312
02c7c44a3
02c7d44ba
02c7e4359
02c7f4125
02c80c611
02c81c76e
02c82c583
02c83c369
02c84c329
02c85c2cc
02c86c684
02c87c797
02c88c7d3
02c89c6ff
02c8ac5b2
02c8bc251
02c8cb9e0
02c8d3e04
02c8e4042
02c8f3ce8
02c90b120
02c91b94c
02c9230e0
02c933e76
02c94419a
02c95427b
02c964208
02c974104
02c984033
02c99402c
02c9a4071
02c9b3eb6
02c9c34f4
02c9dbaa8
02c9ebc2c
02c9fbb8c
02ca0bcf2
02ca1bea8
02ca2bdef
02ca3b8ac
02ca43804
02ca53de9
02ca640cc
02ca741b7
02ca84068
02ca9393c
02caab90c
02cabba8e
02cacb678
02cadb6a4
02caebbec
02cafbec4
02cb0c0e2
02cb1c249
02cb2c2ce
02cb3c258
02cb4c1aa
02cb5c126
02cb6c076
02cb7bd7e
02cb81800
02cb93d48
02cba406a
02cbb41ee
02cbc43bc
02cbd44cd
02cbe456d
02cbf4597
02cc0459b
02cc145bf
02cc245a1
02cc344d0
02cc442c2
02cc53e8c
02cc6a980
02cc7becc
02cc8c31c
02cc9c538
02ccac637
02ccbc6ca
02cccc778
02ccdc80a
02ccec7eb
02ccfc67b
02cd0c44b
02cd1c126
02cd2bdf8
02cd3b240
02cd43ea4
02cd542c4
02cd64450
02cd744cc
02cd845ce
02cd9473b
02cda4808
02cdb480d
02cdc47d2
02cdd4721
02cde4584
02cdf420c
02ce03928
02ce1b9c8
02ce2bdac
02ce3c05c
02ce4c23c
02ce5c409
02ce6c4ef
02ce7c5c0
02ce8c659
02ce9c693
02ceac65b
02cebc5c1
02cecc4b6
02cedc24c
02ceebd5a
02cef36f0
02cf04026
02cf142b2
02cf2440a
02cf3444b
02cf444f4
02cf545e9
02cf646b0
02cf74723
02cf84649
02cf945ea
02cfa4653
02cfb462e
02cfc471c
02cfd46de
02cfe4580
02cff43fa
02d00bdf3
02d01bdae
02d023c7c
02d03434c
02d044448
02d054467
02d063f64
02d0738f4
02d08a8c0
02d09390b
02d0a4198
02d0b4537
02d0c4648
02d0d45aa
02d0e4493
02d0f4302
02d1040c0
02d113e04
02d123dd4
02d133ea4
02d143a80
02d15bc6c
02d16c105
02d17c087
02d18bd7c
02d19bed0
02d1ac196
02d1bc0b7
02d1cab20
02d1d401d
02d1e4052
02d1f3560
02d20beec
02d21c0da
02d22bdfc
02d233a5c
02d244436
02d254783
02d264872
02d274804
02d28465c
02d2944f6
02d2a42cc
02d2b3c48
02d2cbcc8
02d2dc0aa
02d2ec18e
02d2fc392
02d30c553
02d31c632
02d32c5fc
02d33c5aa
02d34c5b8
02d35c512
02d36c2f0
02d37c072
02d38be4c
02d39b5a0
02d3a3e98
02d3b43c8
02d3c45fc
02d3d47b9
02d3e488a
02d3f4902
02d404906
02d4148b3
02d42483f
02d4346cc
02d4444b2
02d454356
02d4642e4
02d474062
02d48bc84
02d49c5ee
02d4ac928
02d4bca59
02d4cca76
02d4dc9ce
02d4ec891
02d4fc634
02d50c362
02d51c022
02d52bc70
02d53b8a0
02d54b520
02d553720
02d5640e8
02d574590
02d58487c
02d5949ec
02d5a4a7b
02d5b4a17
02d5c4949
02d5d484c
02d5e4645
02d5f43c4
02d603e44
02d61b5a0
02d62bcec
02d63be8c
02d64c0dd
02d65c352
02d66c534
02d67c71b
02d68c864
02d69c86a
02d6ac6af
02d6bc3f4
02d6cc176
02d6dc12e
02d6ebef4
02d6f34d8
02d70406c
02d714192
02d7241c2
02d73447c
02d744648
02d754719
02d764803
02d77484c
02d784899
02d7947b6
02d7a4610
02d7b443e
02d7c450a
02d7d45b2
02d7e455c
02d7f4523
02d8042ce
02d814484
02d824469
02d8344db
02d8445ad
02d854645
02d864811
02d8748aa
02d884911
02d8948f4
02d8a48d5
02d8b4814
02d8c46cb
02d8d4560
02d8e4553
02d8f45b6
02d904546
02d9142be
02d923b50
02d93b8d8
02d94bcb0
02d95bf58
02d96c242
02d97c49e
02d98c5ac
02d99c669
02d9ac6f0
02d9bc67c
02d9cc4a0
02d9dc126
02d9ebdf4
02d9fbb74
02da030c0
02da13ed4
02da24128
02da340c4
02da4407a
02da541c6
02da643ce
02da74501
02da84622
02da946d7
02daa4687
02dab44e3
02dac4199
02dad3ea6
02dae3cca
02daf2f80
02db0be0a
02db1c172
02db2c232
02db3c174
02db4c05f
02db5bfeb
02db6c034
02db7c183
02db8c3a6
02db9c430
02dbac271
02dbbbf42
02dbcbc50
02dbdbb94
02dbeb320
02dbf3ebf
02dc04361
02dc1447e
02dc2442d
02dc34321
02dc44281
02dc542d6
02dc643d9
02dc74482
02dc84453
02dc940fd
02dcab360
02dcbbff4
02dccc024
02dcdbc9c
02dce2880
02dcf3b04
02dd03bd4
02dd13478
02dd2bcb2
02dd3c1ff
02dd4c483
02dd5c542
02dd6c4e5
02dd7c233
02dd8b65c
02dd9400e
02dda42f2
02ddb439c
02ddc4288
02ddd4079
02dde3c8c
02ddf36d8
02de036d4
02de13bbc
02de23ef4
02de34125
02de44237
02de541cb
02de63f42
02de73310
02de8bb80
02de9ba60
02dea370e
02deb3e96
02dec3e93
02ded3438
02deebdf0
02defc147
02df0c1c7
02df1c10e
02df2c058
02df3bfdc
02df4c039
02df5c04a
02df6c067
02df7c187
02df8be7f
02df9bf28
02dfac250
02dfbc2f5
02dfcc5df
02dfdc564
02dfec28e
02dffbf02
02e00c385
02e01c556
02e02c564
02e03c57f
02e04c585
02e05c600
02e06c78b
02e07c872
02e08c8ef
02e09c8bf
02e0ac8a0
02e0bc7c8
02e0cc6a7
02e0dc4d1
02e0ec36a
02e0fc212
02e10c0b0
02e11bcac
02e1236b0
02e133fe8
02e1442e6
02e154508
02e164680
02e17473c
02e184700
02e194642
02e1a4559
02e1b441f
02e1c413c
02e1d3cdc
02e1e2e00
02e1fbcac
02e20c1f6
02e21c519
02e22c6a4
02e23c770
02e24c819
02e25c88d
02e26c8c0
02e27c879
02e28c78f
02e29c5bd
02e2ac376
02e2bbd9c
02e2c3b58
02e2d40d4
02e2e4280
02e2f44b0
02e304724
02e3148cd
02e32496f
02e33494f
02e3448ba
02e3547c8
02e3645ab
02e37434a
02e383fd0
02e39b000
02e3ac214
02e3bc5ea
02e3cc77e
02e3dc7cc
02e3ec811
02e3fc8b3
02e40c982
02e41c9db
02e42c99a
02e43c8ef
02e44c7e2
02e45c58c
02e46c280
02e47bc38
02e483e20
02e494506
02e4a4882
02e4b49fd
02e4c4a76
02e4d4a08
02e4e490e
02e4f47d1
02e5045c2
02e514446
02e5242b4
02e53417c
02e544010
02e553ab0
02e56bcf0
02e57c46c
02e58c814
02e59c99b
02e5aca54
02e5bca3e
02e5cc9ad
02e5dc8f6
02e5ec812
02e5fc5d8
02e60c2b0
02e61bce8
02e622800
02e6337f0
02e643c00
02e654124
02e664519
02e674794
02e684867
02e694823
02e6a46a6
02e6b4522
02e6c4471
02e6d445d
02e6e4441
02e6f42fe
02e703f72
02e71b468
02e72c027
02e73c2dc
02e74c3ad
02e75c3da
02e76c46c
02e77c474
02e78c5bc
02e79c5ac
02e7ac4d2
02e7bc437
02e7cc22f
02e7dc1f7
02e7ec30e
02e7fc2a8
02e80b1da
02e81b220
02e82ad32
02e832890
02e84b158
02e85b946
02e86beaa
02e87c09b
02e88c142
02e89c1e1
02e8ac238
02e8bc237
02e8cc108
02e8dc047
02e8ec108
02e8fc314
02e90c490
02e91c4ce
02e92c463
02e93c3a1
02e94c21d
02e95c070
02e96be92
02e97bc64
02e98b380
02e993c10
02e9a40bd
02e9b41fe
02e9c413e
02e9d4037
02e9e4035
02e9f40fc
02ea0425a
02ea14422
02ea24531
02ea345d4
02ea44575
02ea5445e
02ea64286
02ea7402e
02ea8382c
02ea9bc66
02eaac02e
02eabc0a8
02eacc136
02eadc39c
02eaec581
02eafc6be
02eb0c74c
02eb1c748
02eb2c6b0
02eb3c5ae
02eb4c4aa
02eb5c3c4
02eb6c1fc
02eb7be1c
02eb830c0
02eb93dd8
02eba411a
02ebb43f6
02ebc45f0
02ebd47eb
02ebe4892
02ebf48a1
02ec0482f
02ec146a5
02ec244bb
02ec34336
02ec44308
02ec542e4
02ec64076
02ec7b610
02ec8c2f0
02ec9c5b3
02ecac66c
02ecbc64e
02eccc675
02ecdc78d
02ecec896
02ecfc8ec
02ed0c846
02ed1c5e1
02ed2c288
02ed3bd8c
02ed42f80
02ed53e24
02ed640f2
02ed741bc
02ed842ec
02ed9447e
02eda453d
02edb452e
02edc44e5
02edd4562
02ede46b2
02edf4787
02ee046c4
02ee144a8
02ee2403a
02ee3b190
02ee4bf20
02ee5c0a5
02ee6be9b
02ee7b9bc
02ee8bc6c
02ee9c273
02eeac5d0
02eebc739
02eecc6d0
02eedc550
02eeec3a5
02eefc171
02ef0c089
02ef1c14d
02ef2c235
02ef3c260
02ef4c02c
02ef5b760
02ef63470
02ef73bc8
02ef8aae0
02ef937f8
02efa3f00
02efb40cc
02efc43f6
02efd43cf
02efe4165
02eff3ed6
03000ba70
03001bfc1
03002bd1c
03003bbbd
03004ba87
030053802
03006b370
03007c204
03008c1b1
03009c0aa
0300abf28
0300bbb35
0300c3388
0300d3836
0300eb4b6
0300fbd77
03010bc74
03011b5a8
03012b4b0
03013b470
0301439e8
03015400c
0301640aa
030173fbf
030183f1a
03019400e
0301a40d4
0301b4134
0301c404a
0301d3c2d
0301eaed0
0301fbb6a
03020bebc
03021c105
03022c1e1
03023c105
03024bd29
030252e80
030263ac3
030273985
03028310c
03029b228
0302ab130
0302b3192
0302c3813
0302d39b7
0302e3d6c
0302f40ea
03030412e
030313d34
030323854
030333cf4
030343e0c
030353040
03036be1e
03037c04e
03038c07b
03039c10f
0303ac1c6
0303bc1b4
0303cc064
0303dbc0a
0303e3410
0303f3b9c
030403c4d
030413d8f
0304240ab
03043428e
0304442a3
030454173
030464151
03047429f
03048427c
030493ea2
0304a2c00
0304bb6c0
0304cb8ee
0304dbc6e
0304ebd2a
0304fbc4f
03050bd9e
03051c0e5
03052c25b
03053c288
03054c34e
03055c44f
03056c3e0
03057c0cb
03058bacc
030593560
0305a3e87
0305b4246
0305c445f
0305d44ce
0305e4479
0305f4388
030604220
0306141cf
0306242d2
03063430c
0306440b7
0306539ae
03066b4f2
03067bb08
03068bfb2
03069c2ec
0306ac40b
0306bc208
0306cbf6b
0306dbf74
0306ec0ef
0306fc0c3
03070bdfc
03071bc00
03072bdfc
03073be72
03074b70c
030753cd1
030763f6a
030773f44
030783b9a
03079401d
0307a4340
0307b4339
0307c42af
0307d44c8
0307e458e
0307f4465
03080baa4
03081bdbe
03082bc6f
03083bc0c
03084b559
030853080
030863090
03087c0a9
03088c0a3
03089c011
0308abfe6
0308bbd53
0308cb3f8
0308d2f44
0308eb2ac
0308fbddc
03090be59
03091bd90
03092bec2
03093be08
03094b130
030953d9e
030964084
0309740f5
030984123
030994159
0309a4130
0309b4117
0309c4165
0309d4144
0309e4050
0309f3e0b
030a038f1
030a1b8b2
030a2bf0b
030a3c109
030a4c126
030a5c032
030a6be50
030a7bdc5
030a8bfbe
030a9c145
030aac1ad
030abc15e
030acc192
030adc1c3
030aec01b
030afb420
030b03c58
030b13cbc
030b23d84
030b340ec
030b4424c
030b54212
030b64257
030b7437d
030b8443f
030b94462
030ba43f7
030bb4212
030bc3e74
030bd2fe0
030beb9ac
030bfbc40
030c0bf0f
030c1c113
030c2c1a0
030c3c23c
030c4c423
030c5c572
030c6c58b
030c7c400
030c8c153
030c9c0a8
030cabd5f
030cb38f2
030cc3f70
030cd3f47
030ce3e2c
030cf3f26
030d04092
030d1410f
030d2419a
030d34336
030d44448
030d5442c
030d6436c
030d74222
030d83fb4
030d93914
030dab238
030dbb96a
030dcbd4b
030ddc02e
030dec16b
030dfc2d3
030e0c41d
030e1c383
030e2c09e
030e3bd08
030e4bd0f
030e5bdc2
030e6bc28
030e7b7d0
030e8b906
030e9bc21
030eab320
030eb3e55
030ec40c2
030ed3f6f
030ee3e55
030ef3fd9
030f0401a
030f13de8
030f23a2c
030f33913
030f43c6e
030f53e7d
030f63e58
030f73d5f
030f83a94
030f93c4e
030fa3cdf
030fb374b
030fcab48
030fd3c3d
030fe3f98
030ff3b72
03100b93c
03101bd5e
03102b987
03103b17a
031042e60
031053d38
0310639f0
03107bc20
03108baaa
03109b700
0310ab304
0310b3228
0310c3c8d
0310d3f44
0310e3df2
0310f390a
03110371c
031113aa8
031123a22
0311335f8
03114390d
031153dc5
031163f72
031173ebe
031183d10
031193958
0311a28c0
0311bb782
0311cbc9e
0311dc04a
0311ec196
0311fc186
03120c0f8
03121c0ae
03122c044
03123bd69
031242cd8
031253d73
031263f58
031273f23
031283e7b
031293d35
0312a3c1a
0312b3d3e
0312c3fec
0312d40b2
0312e416b
0312f4322
031304390
031314063
031323578
03133a980
03134b188
03135bece
03136c345
03137c448
03138c3e3
03139c3e8
0313ac479
0313bc485
0313cc332
0313dc054
0313eba0c
0313f35bc
031403d13
0314140c5
031424325
03143442b
0314443ec
03145431a
03146439a
031474498
031484489
03149424a
0314a3ef4
0314b3c66
0314c384c
0314db6e0
0314ebd90
0314fbfe4
03150c056
03151c0b4
03152c1a8
03153c3a6
03154c522
03155c5a8
03156c4ce
03157c33f
03158c1d1
03159bf22
0315a3754
0315b4194
0315c436a
0315d4290
0315e41b8
0315f41eb
03160421f
03161426a
03162437c
031634441
03164441e
0316542b0
0316640a3
031673c1a
03168bad9
03169c142
0316ac205
0316bc0a5
0316cc01d
0316dc0f1
0316ec102
0316fbf25
03170bcad
03171bd6d
03172c002
03173c082
03174bed8
03175bb82
03176b8c4
03177b90c
03178b802
0317932c0
0317a3c6e
0317b3dbe
0317c3c59
0317d3d56
0317e40c3
0317f41c8
03180af00
03181b8fd
03182b618
03183b584
03184b944
03185b314
031863138
03187b858
03188b4c0
031893a5c
0318a3d3a
0318b3d21
0318c3ebc
0318d4130
0318e4292
0318f41a7
031904009
031914039
031924192
031934186
031944010
031953f93
0319640c7
031974019
031983bb4
031993850
0319a3950
0319b37d8
0319c35d8
0319d3998
0319e38f6
0319fb9dc
031a0c121
031a1c2b5
031a2c2d4
031a3c3d9
031a4c3f4
031a5c0e3
031a6b917
031a79fc0
031a8b034
031a9b3f8
031aaae28
031ab358c
031ac38bc
031ad37c8
031ae3ae0
031af3fd5
031b04166
031b140f8
031b24078
031b34159
031b441f0
031b540d8
031b63f39
031b73f26
031b83e86
031b938c9
031bab8ad
031bbba8e
031bcb86c
031bdbbce
031bebeb8
031bfbd7d
031c0b7c2
031c1bae8
031c2c1c7
031c3c47d
031c4c3a1
031c5c088
031c6c028
031c7c000
031c82780
031c94070
031ca401f
031cb3a3f
031cc394c
031cd3e14
031ce409a
031cf4229
031d043a7
031d14373
031d24177
031d33f93
031d43dbc
031d53854
031d6b88c
031d7b9f6
031d82d90
031d93b78
031da3af2
031dbb5ee
031dcbf80
031ddc0e3
031dec11f
031dfc2d3
031e0c42b
031e1c1fe
031e2b54a
031e33da5
031e43cce
031e53560
031e62d60
031e733f0
031e82d54
031e9b619
031ea2140
031eb3f03
031ec423b
031ed4154
031ee3ebd
031ef3d31
031f03b34
031f135ac
031f23460
031f33982
031f437c4
031f53634
031f6381c
031f739ae
031f831a4
031f9b9f0
031fab9f2
031fbbab1
031fcbd90
031fdc0e6
031febbc8
031ff37bc
03200b8db
03201b8f5
03202b83f
03203b15e
032043342
032053245
03206307b
03207b9eb
03208be90
03209be6a
0320abc63
0320bbc27
0320cbd51
0320dbd41
0320ebbb2
0320fbce3
03210c0d8
03211c342
03212c2fd
03213c0f5
03214bf69
03215be7d
03216bc1c
032172f00
032183bee
032193ad6
0321a358e
0321b3810
0321c3c87
0321d3e38
0321e3ede
0321f3efe
032203ef2
032213f0d
032223e8b
032233bf9
03224b1d0
03225bcf7
03226bdda
03227bc79
03228bb80
03229bad8
0322ab554
0322b38f3
0322c3c78
0322d350e
0322ebc6a
0322fbe87
03230bc8a
03231b8af
03232b684
03233b502
032343093
032353a60
0323639d9
03237b318
03238bc06
03239bc44
0323abad5
0323bba64
0323cb9bc
0323dad88
0323e3b03
0323f3c6f
032403654
03241b0c8
032422c60
0324336de
032443735
03245376e
0324639e4
032473b54
0324839d8
032493704
0324a341a
0324b2940
0324cb358
0324db5e0
0324eb78a
0324fbb81
03250be28
03251bd80
03252b58c
032533598
0325430b0
03255a470
032563544
032573614
03258b52c
03259bc54
0325abc86
0325bb9ad
0325cb90c
0325dba34
0325eac30
0325f3d72
032603f9f
032613af2
03262b94a
03263be16
03264be88
03265bd9b
03266bbb4
03267aa00
032683d9e
032694121
0326a40cf
0326b3d06
0326c39a3
0326d3cab
0326e3d18
0326f3684
03270b7a0
03271b88a
03272ad84
032733194
03274b740
03275bda2
03276be0c
03277baea
03278c028
03279c0d4
0327abec4
0327bb5da
0327c38ac
0327d3c57
0327eb89a
0327fbf35
03280b200
03281a240
03282b6f0
03283b548
03284339a
03285b164
032862da0
03287a7a0
03288bae4
03289ba85
0328ab831
0328bbbad
0328cbf67
0328dc007
0328ebcfa
0328fbba7
03290bf57
03291c1fa
03292c1e1
03293c016
03294bee6
03295c040
03296c023
03297bb28
032983892
032993c57
0329a3a28
0329b3a50
0329c3dd7
0329d4016
0329e404c
0329f405c
032a040e3
032a1414a
032a240d1
032a33e3e
032a43078
032a5bd5e
032a6c043
032a7c043
032a8bf98
032a9bec4
032aabdbf
032abbcaa
032acbc01
032adbd21
032aec065
032afc23f
032b0c1d2
032b1bde6
032b2b3c4
032b3ab60
032b433e8
032b53e4d
032b64158
032b740f5
032b83f82
032b9401c
032ba41a8
032bb4238
032bc40da
032bd3e62
032be3d1a
032bf3a06
032c0b986
032c1c081
032c2c189
032c3c103
032c4c112
032c5c1ef
032c6c24e
032c7c1b8
032c8c0c3
032c9bff7
032cabe57
032cbba86
032cc3310
032cd3acc
032ce38c8
032cfae60
032d0ac40
032d13c0a
032d24069
032d341be
032d442ec
032d54452
032d644b3
032d743b4
032d83ff6
032d9aab0
032dabe13
032dbc0aa
032dcc1df
032ddc2a2
032dec1a9
032dfbe11
032e0b952
032e1bd61
032e2c208
032e3c419
032e4c39c
032e5c190
032e6bf82
032e7ba4a
032e83c56
032e941b3
032ea4213
032eb4009
032ec3e37
032ed4029
032ee40c6
032ef3fe0
032f03dcf
032f13d74
032f23dde
032f33c7a
032f435a8
032f5b8a7
032f6ba1f
032f7b8b1
032f8bc71
032f9bd3a
032fabbe8
032fbb6dc
032fcb39e
032fd2bb0
032febcc1
032ffbfc8
03300ad28
033013823
033022ec8
03303ad54
033043290
03305bb2a
03306b5b4
033073856
033083488
03309b222
0330aba32
0330bbd13
0330cbf45
0330dc031
0330ebfa5
0330fbfda
03310bff0
03311c016
03312c003
03313bfcb
03314c028
03315c050
03316beec
03317ba98
033183118
033193ad0
0331a3cd0
0331b3e6b
0331c40c1
0331d4208
0331e4227
0331f4208
033204266
0332141da
033223f30
033233894
03324b762
03325bef7
03326c1c8
03327c261
03328c204
03329c248
0332ac2d3
0332bc236
0332cc101
0332dc110
0332ec28f
0332fc350
03330c138
03331b8d4
0333238ac
033333894
033343cf0
033354275
0333644ab
03337449e
033384469
03339451a
0333a45ef
0333b4567
0333c42c4
0333d3d68
0333e3080
0333fbc08
03340c13e
03341c42b
03342c4ed
03343c4ea
03344c4e5
03345c54b
03346c5c5
03347c5e8
03348c554
03349c3f3
0334ac0e0
0334bbbbc
0334c39b4
0334d4058
0334e4150
0334f414a
0335041bd
0335142a4
0335243bc
0335344f1
03354466a
03355471c
033564670
033574550
0335843ec
033593d55
0335ac08f
0335bc4e2
0335cc5be
0335dc5cc
0335ec598
0335fc4c5
03360c2c2
03361c18e
03362c408
03363c5ee
03364c634
03365c4a8
03366c1f2
03367beba
0336839b0
03369442f
0336a461c
0336b455b
0336c4417
0336d43eb
0336e43c8
0336f41c8
033703e94
033713dab
033724090
03373418f
033743f5f
03375ae78
03376bc15
03377bc6a
03378c093
03379c15c
0337ac083
0337bbde2
0337cba41
0337da300
0337ec01f
0337fc2f8
0338039b6
033813b5e
033823a85
033833a16
03384a520
03385ba48
03386bafe
033873648
033883c76
033893d52
0338a392b
0338bb574
0338cb92a
0338db150
0338eaf60
0338fb322
03390a240
033913a80
033923de4
033933c28
03394ada0
03395b9a8
03396b97c
03397baf4
03398bda6
03399be86
0339abcf8
0339bb996
0339cb639
0339db3b6
0339eaef0
0339f3400
033a03bb2
033a13d77
033a23adc
033a32a40
033a4b45e
033a5b4da
033a6b66a
033a7b4e4
033a83599
033a93ca4
033aa3cfb
033ab399a
033ac36bc
033ad3528
033aeb51c
033afbcb2
033b0bc8f
033b1b204
033b2aa30
033b3bde4
033b4c019
033b5b7c4
033b637d8
033b7b848
033b8bd19
033b9b97c
033bab304
033bbb69c
033bcb7cc
033bdb4e8
033beb650
033bfb764
033c03208
033c13b19
033c23adc
033c33c2f
033c44010
033c5415c
033c64006
033c73700
033c8b8de
033c9b66c
033cab448
033cbbc10
033ccbee2
033cdc005
033cebf74
033cfbb8c
033d0aed8
033d1b46c
033d2b92a
033d3b734
033d49c00
033d52860
033d6b7f0
033d7b8f0
033d83108
033d9362c
033dab6e4
033dbbaa9
033dcb134
033dd39ae
033de3ce0
033df3e80
033e04028
033e13ff8
033e23a78
033e3badc
033e4bf86
033e5bf7c
033e6bdda
033e7bdc3
033e8bd9d
033e9b874
033ea37d6
033eb39a8
033ec35a4
033ed2b40
033eeaebc
033efb1b2
033f0b0aa
033f1304b
033f238fd
033f33aaa
033f4398e
033f5301b
033f6b48b
033f7b7fc
033f8b548
033f9b7e5
033fabd1d
033fbbca7
033fc2a3c
033fd37fa
033febcf3
033ffbe49
03400bbe8
03401c033
03402be2e
03403bc79
03404baf3
034053736
03406b444
03407c1c0
03408c286
03409c2fa
0340ac2c2
0340bc13f
0340cbd9e
0340dbabb
0340ebdcd
0340fc12c
03410c1c7
03411c0f8
03412c08b
03413c096
03414bdd4
034153490
034163e8b
03417400b
034183fba
034193f58
0341a4007
0341b40ce
0341c40b8
0341d3de1
0341e355a
0341faaf0
0342032cc
0342124c0
03422bb15
03423bd5f
03424b906
0342536b4
0342637aa
03427b62f
03428bac4
03429b838
0342ab70c
0342bba2a
0342cb984
0342db400
0342e304e
0342f395f
034303c5e
034313a32
034323258
034333434
0343438b6
034353028
03436bc66
03437c02d
03438c099
03439bffc
0343abe98
0343bbe04
0343cbd40
0343db704
0343e3b32
0343f3e62
034403d78
034413cd5
034423f78
034434183
034444155
034453f10
034463dfa
034474051
034484085
034493c37
0344aad02
0344bb532
0344cb861
0344dbd45
0344ec012
0344fc09c
03450c0ab
03451c076
03452c05d
03453c101
03454c1e2
03455c1bc
03456c0cf
03457c070
03458bfbc
03459b88a
0345a3e56
0345b4246
0345c4346
0345d43e1
0345e447c
0345f446b
03460422c
034613e62
034623cfe
034633df6
034643c4a
034652cc0
03466b8d1
03467bb50
03468bded
03469c07b
0346ac14f
0346bc16b
0346cc0e8
0346dbe89
0346eb979
0346fb7d8
03470bbdd
03471bd1d
03472bc6c
03473bb9e
03474bb2c
03475b904
034763484
034773cb1
034783c46
034793cd8
0347a3fd1
0347b40d5
0347c40f8
0347d42b5
0347e421b
0347f4004
03480bbe0
03481c037
03482bdee
03483bb5a
03484b598
034853bf0
03486a9e0
03487c242
03488c2b3
03489c2a3
0348ac1f9
0348bc019
0348cbb48
0348db8f0
0348ebcd3
0348fc0a7
03490c19a
03491c168
03492c0b2
03493be78
03494b5ac
034953be4
034963fe6
034974144
034984186
034994064
0349a3f24
0349b4055
0349c40b1
0349d3d21
0349eb414
0349fba94
034a0b7ce
034a1b87c
034a2bd9b
034a3bea9
034a4b888
034a5391b
034a6389a
034a7b2d8
034a8b815
034a9b6d2
034aab972
034abba56
034acb080
034ad3890
034ae3b62
034af3e77
034b040b2
034b13f80
034b238d2
034b32b60
034b434c8
034b52380
034b6bd43
034b7c158
034b8c1c2
034b9c06e
034babfe6
034bbc102
034bcc166
034bdbe7a
034be2cd0
034bf3b82
034c03b0e
034c13d81
034c241d9
034c34433
034c443ee
034c54187
034c640d9
034c74297
034c842ec
034c93fac
034ca3598
034cb21c0
034cca780
034cdbaf0
034cec07f
034cfc27b
034d0c288
034d1c167
034d2c148
034d3c324
034d4c479
034d5c411
034d6c1b8
034d7c109
034d8c134
034d9bc73
034da3f1d
034db43b4
034dc4434
034dd4429
034de44e6
034df4567
034e04461
034e141a7
034e240dc
034e34174
034e44073
034e53b44
034e6b1b0
034e7baa6
034e8beb7
034e9c167
034eac27a
034ebc2ab
034ecc2cd
034edc222
034eec06d
034efbe81
034f0bea9
034f1be45
034f2bbfe
034f3b84c
034f4b6a0
034f5b5d0
034f63560
034f73cef
034f83d08
034f93ef0
034fa41d5
034fb438c
034fc4399
034fd444c
034fe4379
034ff41ac
03500bb38
03501bc43
03502b5f2
03503b8ba
03504b544
035053ddc
035063aac
03507bc7e
03508bbd4
03509b298
0350a3c26
0350b4131
0350c42fd
0350d40d4
0350e3818
0350f3070
035103b5a
035113980
03512b770
03513b120
035143fd6
035154267
035163fca
0351731dc
0351832c0
035193c0c
0351a3a68
0351b3780
0351c3b84
0351d3bd2
0351eb078
0351fbe9a
03520c22a
03521c421
03522c419
03523c1d0
03524bc9c
035253a76
0352641b8
0352743ee
0352841d0
035293b3a
0352a38a0
0352b3f6f
0352c400f
0352d3956
0352e3994
0352f41ff
03530443c
0353140fe
035323ad4
035333de4
035343e34
03535bb36
03536c303
03537c48d
03538c539
03539c613
0353ac61d
0353bc4ea
0353cc24a
0353dbdfc
0353e3490
0353f4102
035404325
035414193
0354240cb
035434378
035444548
0354545e5
0354645f3
0354745e1
035484569
035494386
0354a3b3e
0354bbe4c
0354cc13a
0354dc132
0354ebfdc
0354fbbf8
03550b954
03551bf4f
03552c3e0
03553c5c0
03554c6e6
03555c798
03556c752
03557c582
03558c06d
035593e23
0355a43af
0355b4478
0355c4567
0355d46ae
0355e462b
0355f446f
0356043ee
0356144cd
03562455c
0356344e2
0356442fc
035653e9e
03566a240
03567bd5f
03568c192
03569c475
0356ac53e
0356bc436
0356cc0fe
0356dbf58
0356ec104
0356fc204
03570bf9a
03571b9ba
03572bdcd
03573bfe2
03574b847
035754001
0357640d3
035773f18
035783d61
03579420e
0357a4303
0357b3dc3
0357c3c73
0357d41e1
0357e44e3
0357f440a
035803872
035813cb9
035823c5a
03583392d
03584b154
03585b858
035862b80
035874063
035884069
035893db7
0358a3db4
0358b40bf
0358c421a
0358d4222
0358e41fe
0358f43ac
035904493
0359144b9
035924410
03593421c
0359440ce
0359540b2
03596400a
03597378a
03598bd89
03599bfa7
0359abf35
0359bc136
0359cc31b
0359dc209
0359ebe1a
0359fbbca
035a0bea8
035a1c01c
035a2be3a
035a3bd6a
035a4bf70
035a5bf82
035a6ba68
035a7396f
035a83ea2
035a94045
035aa41a6
035ab42c8
035ac41f2
035ad40ab
035ae40a8
035af4040
035b03d9b
035b13c93
035b23db6
035b33e00
035b43c02
035b528e0
035b6ba70
035b7bcd5
035b8bef7
035b9c161
035bac2d4
035bbc229
035bcbeec
035bdb85e
035beb70c
035bfb86c
035c02c80
035c13902
035c2a8a0
035c3bcd1
035c4bb9c
035c53ae8
035c63ff6
035c73e94
035c83e9e
035c940d7
035ca4044
035cb39a8
035cca580
035cd39b4
035ce401e
035cf41f0
035d041e5
035d14001
035d235cc
035d3be40
035d4c214
035d5c37d
035d6c3cb
035d7c24c
035d8bcd4
035d93af6
035da3eef
035db3d27
035dc3814
035ddac18
035debabe
035dfbf33
035e0bf9b
035e1b954
035e23ca4
035e34135
035e441ec
035e54075
035e63d9a
035e73c56
035e8399c
035e9a820
035eab4c0
035eb3546
035ec3b2e
035ed37ea
035eeb628
035efbbcc
035f0bca4
035f1bbde
035f2b7f2
035f3ac70
035f4a500
035f53738
035f638e6
035f73608
035f839e0
035f9b398
035fabe94
035fbc088
035fcc0cf
035fdc351
035febfb9
035ffab9f
03600ba82
03601bb94
03602ba82
03603b912
036042370
03605b2a8
03606b21a
03607be04
03608c058
03609c129
0360ac16b
0360bc0e1
0360cc081
0360dc108
0360ec146
0360fc285
03610c3ca
03611c46c
03612c448
03613c302
03614c144
03615be80
03616b088
036173d5b
036183fcf
036193faa
0361a4079
0361b41f3
0361c42a1
0361d4226
0361e41dd
0361f4284
0362042d8
036214178
036223e39
03623383e
03624b6b4
03625bdd4
03626c0cf
03627c291
03628c3a7
03629c319
0362ac21e
0362bc2bc
0362cc403
0362dc422
0362ec3d4
0362fc362
03630c21e
03631be50
036322f30
036333cc1
036344054
036354399
03636453b
036374576
036384538
036394577
0363a45ce
0363b4533
0363c42f4
0363d3f08
0363e3ad8
0363fad00
03640bfec
03641c406
03642c502
03643c54e
03644c5ef
03645c6d2
03646c6f8
03647c615
03648c4e4
03649c369
0364abfcb
0364b33c8
0364c3eee
0364d4016
0364e3f00
0364f3e22
036503ee4
0365140c5
036524386
0365345cc
036544792
0365547fa
0365646f0
03657450d
03658418b
0365934d8
0365ac039
0365bc3f7
0365cc4f7
0365dc52c
0365ec4c8
0365fc44b
03660c46f
03661c545
03662c5c3
03663c550
03664c443
03665c214
03666bec2
03667a000
036683fbe
0366942c8
0366a4347
0366b424d
0366c4211
0366d433d
0366e443e
0366f441e
036704235
036714003
036723e13
036733c3e
036743771
03675b953
03676bbb0
03677ba5e
03678bc2b
03679be7e
0367abf72
0367bbf73
0367cc033
0367dbbc6
0367ebec9
0367fc193
03680b784
03681b8f8
03682b436
036832f74
036843624
036853b94
036863992
036872a20
03688b417
03689b3b0
0368aaca0
0368bb200
0368cb470
0368db324
0368eb806
0368fbc43
03690beca
03691bf8e
03692beb8
03693bee4
03694bf5c
03695be0a
03696bc40
03697ba72
03698b964
03699b917
0369ab74e
0369bb0e8
0369cb58c
0369dbc5a
0369ebe3e
0369fbc8e
036a02080
036a13c0c
036a23de0
036a34018
036a441c7
036a5420a
036a6401d
036a73b46
036a83946
036a93ce1
036aa3e29
036ab3d8c
036ac3d7c
036ad3d44
036ae39da
036af2e60
036b0b49c
036b1bbc2
036b2bf82
036b3c03c
036b4be52
036b5be29
036b6c181
036b7c40f
036b8c42f
036b9c30f
036bac260
036bbc27d
036bcc11c
036bdb690
036be3f9e
036bf4120
036c03fb2
036c13fbc
036c2428e
036c3449e
036c444a0
036c5438a
036c642f0
036c743ba
036c8432c
036c94050
036ca39c6
036cb2f10
036ccaca0
036cdb91b
036cec008
036cfc3a6
036d0c4ce
036d1c42f
036d2c201
036d3c1c6
036d4c308
036d5c26c
036d6c041
036d7bfea
036d8c180
036d9c15e
036dabc9e
036db3981
036dc3f11
036dd40e9
036de43a3
036df4590
036e045e7
036e14415
036e23f00
036e33a4c
036e43bc8
036e53b60
036e6384f
036e7399d
036e83cf7
036e93c11
036eab654
036ebc017
036ecc0d5
036edbd68
036eeb744
036efb97c
036f0bdaf
036f1bf0a
036f2bee8
036f3c085
036f4c17d
036f5c1f0
036f6c003
036f7bd4e
036f8be10
036f9bc9e
036fa9c40
036fb3c76
036fc3cd2
036fd40cc
036fe3e12
036ff394a
038003917
03801b428
03802bf60
03803c41e
03804c57a
03805c459
03806c402
03807bccb
038083886
038093f5d
0380a3eaa
0380b3da1
0380c39f4
0380d3c2c
0380e3d72
0380f3e2c
038103d3c
038113c52
038123c2c
038133c90
038143e4e
0381540c6
03816421e
038174274
0381841bc
038193eba
0381ab532
0381bc0e4
0381cc402
0381dc4be
0381ec472
0381fc212
03820bc43
038213acb
0382240b8
0382341c8
03824405d
038253c6d
03826393c
038273ab0
038283ca8
038293de9
0382a3e78
0382b3d92
0382c3c0e
0382d386c
0382eb2f0
0382fbad8
03830bb04
03831bb58
03832bea1
03833c0f0
03834c16e
03835c136
03836c03c
03837bd28
03838b9b4
03839b410
0383a39bc
0383b3f80
0383c4106
0383d4237
0383e441c
0383f44fb
038404563
038414561
0384244b5
0384342a4
038443e1b
03845b62c
03846c0e9
03847c404
03848c456
03849c396
0384ac1dc
0384bc030
0384cbf4f
0384dc112
0384ec32a
0384fc43d
03850c473
03851c3f4
03852c13a
03853b9b4
038543dae
03855434e
0385645a3
0385746ce
0385846e3
038594629
0385a4512
0385b43d4
0385c41ba
0385d40ba
0385e4128
0385f41b4
038604093
0386136e0
03862bfd4
03863c357
03864c49b
03865c52c
03866c566
03867c507
03868c416
03869c242
0386ac12b
0386bc080
0386cbe77
0386db980
0386e2f10
0386f3a9c
038703f46
03871422d
038724419
03873442c
03874436b
03875437b
03876441f
03877453f
038784680
038794713
0387a45dc
0387b467b
0387c436a
0387d41cb
0387e4147
0387f3df8
03880b454
038812d78
03882bf90
03883c349
03884c4b3
03885c48f
03886c3b2
03887c03b
03888b758
038893bac
0388a33ff
0388b3855
0388cb9d4
0388db740
0388eb420
0388f3980
038903e00
0389140df
038924266
038934294
03894427c
0389542c9
0389642ce
0389742d8
038984344
0389942ee
0389a40e1
0389b39c4
0389cbda8
0389dc324
0389ec517
0389fc58a
038a0c51a
038a1c40d
038a2c168
038a3bf90
038a4c00f
038a5c14d
038a6c241
038a7c262
038a8c160
038a9bec4
038aab6e0
038ab3c58
038ac4176
038ad4422
038ae44fc
038af454c
038b04584
038b145b4
038b24597
038b34542
038b444ac
038b54309
038b6400f
038b73720
038b8bda8
038b9c1c4
038bac244
038bbc1ae
038bcc1b7
038bdc268
038bec3e4
038bfc520
038c0c679
038c1c770
038c2c75d
038c3c5de
038c4c257
038c5b170
038c64061
038c743bb
038c8450b
038c94555
038ca44c0
038cb440d
038cc4326
038cd4268
038ce42bb
038cf43d8
038d04445
038d14462
038d24402
038d3415a
038d43b50
038d5b750
038d6bded
038d7c115
038d8c303
038d9c466
038dac52d
038dbc58a
038dcc541
038ddc454
038dec14d
038dfba3c
038e02a00
038e1b5e8
038e2ba82
038e3b9fc
038e4b7ac
038e52ec0
038e63c8e
038e74051
038e84216
038e94312
038ea4244
038eb40ce
038ec4062
038ed4002
038ee3df7
038ef3d9b
038f03f64
038f1406e
038f240b9
038f3403f
038f43d95
038f53a0b
038f638c3
038f738a0
038f8398e
038f93d37
038fa3d03
038fb3faf
038fc3a2d
038fd333c
038fe2e6a
038ffb884
039003fcb
039013c26
039022480
03903bee6
03904c144
03905bd64
03906ba38
039073e74
039084261
039094459
0390a4452
0390b42c8
0390c3fbe
0390d3984
0390eb0a8
0390fb8a4
03910b9f9
03911b834
039122d80
03913396c
039143b74
039153ae4
039163600
03917b8e6
03918bf3c
03919c1ce
0391ac3ca
0391bc471
0391cc42e
0391dc29c
0391ebfce
0391f1b00
03920402a
039214370
0392244da
039234522
03924442c
039254188
039264008
039274016
0392840b7
039294175
0392a417b
0392b405e
0392c3d20
0392d2840
0392ebea8
0392fc260
03930c3a4
03931c41d
03932c4b6
03933c517
03934c4d9
03935c472
03936c406
03937c2a2
03938c10e
03939bdc4
0393a3648
0393b4101
0393c4422
0393d4559
0393e4667
0393f470d
03940471f
0394146c0
0394245ee
0394344b1
039444271
039453e0c
03946b8fc
03947c12e
03948c300
03949c2dc
0394ac248
0394bc1c7
0394cc203
0394dc35b
0394ec49d
0394fc5ba
03950c6e4
03951c73e
03952c604
03953c2fc
03954b738
039554141
03956452f
0395746b3
0395846dc
0395945e3
0395a4458
0395b41e6
0395c40c0
0395d419d
0395e43c8
0395f44f4
03960451c
0396143e8
039623fbc
03963b5ec
03964c136
03965c457
03966c531
03967c517
03968c461
03969c33b
0396ac263
0396bc1c8
0396cc0ae
0396dbf2d
0396ebe05
0396fbd83
03970bc8a
03971b826
0397234f4
039733b04
039743bb0
039753b5e
039763d45
039773ed5
03978405b
039794182
0397a4210
0397b42be
0397c4262
0397d40ef
0397e3ea1
0397f3b30
039803ad3
039813d56
039823d74
039833c8a
039843c2a
039853d3c
039863e32
039874057
0398840ea
0398942a8
0398a4430
0398b44dd
0398c4510
0398d4555
0398e4512
0398f4446
039904311
039914103
039923b39
03993b810
03994bcd0
03995bda6
03996bba4
039972de0
039983aa8
039993be8
0399a37e0
0399bbd87
0399cc42b
0399dc61b
0399ec6a7
0399fc650
039a0c502
039a1c16c
039a2b170
039a33ee8
039a440df
039a54067
039a63f58
039a73e4e
039a83d7c
039a93df2
039aa4004
039ab412f
039ac423d
039ad4321
039ae43cb
039af4442
039b04469
039b14383
039b240f5
039b33d5b
039b431ca
039b5bdaf
039b6c1a5
039b7c291
039b8c257
039b9c1df
039bac10a
039bbbfe6
039bcbe66
039bdbf31
039bec1b0
039bfc405
039c0c42d
039c1c21e
039c2bd00
039c338ac
039c43f5a
039c540ce
039c64116
039c740e1
039c84129
039c942e4
039ca4493
039cb4551
039cc459e
039cd4508
039ce41f0
039cf36a0
039d0bcd6
039d1bf62
039d2bf9a
039d3bd32
039d4b130
039d539c8
039d63974
039d7b898
039d8c175
039d9c4b8
039dac572
039dbc4d5
039dcc333
039ddbf7f
039de3676
039df40a8
039e041a2
039e13fba
039e2383f
039e3b89e
039e4b9a0
039e5365e
039e64042
039e7432b
039e84465
039e94452
039ea41ea
039eb3b2d
039ecb669
039edb960
039eeb86f
039efaa00
039f038dc
039f139ee
039f23b20
039f33aed
039f43457
039f5b98a
039f6bff6
039f7bf7e
039f8c1fe
039f9c0a0
039fabc0c
039fbb8b7
039fc3d39
039fd38f8
039fe3438
039ffa923
03a00b3f8
03a01b7ba
03a02bda4
03a03c066
03a04c243
03a05c2f7
03a06c134
03a07bfd8
03a08be79
03a09bf50
03a0ac0c2
03a0bc20c
03a0cc3f1
03a0dc44a
03a0ec419
03a0fc20b
03a10bd23
03a113590
03a123d36
03a133eea
03a143ea0
03a153ca1
03a163952
03a1737f8
03a1839a4
03a193db8
03a1a40e3
03a1b4221
03a1c41f9
03a1d40ba
03a1e3db9
03a1f351e
03a20bbaa
03a21c065
03a22c1a6
03a23c0b1
03a24bc6a
03a25290c
03a26397b
03a273b41
03a2838a3
03a29b5d8
03a2abe2f
03a2bc0cd
03a2cc09f
03a2dbcc3
03a2e2f06
03a2f3ac7
03a303c55
03a313a77
03a32ac28
03a33bc6d
03a34bf81
03a35c03c
03a36be58
03a37b808
03a38393c
03a393eb6
03a3a40b2
03a3b4076
03a3c3d5f
03a3d2ef0
03a3ebbe0
03a3fbd90
03a40baf6
03a413158
03a423c52
03a433e2e
03a443e7c
03a453df7
03a463cf8
03a473912
03a48b714
03a49be6f
03a4ac10e
03a4bc22d
03a4cc209
03a4dbfe2
03a4eb238
03a4f3dc6
03a504075
03a513fbf
03a523c0b
03a53a820
03a54bce0
03a55c0fd
03a56c26d
03a57c1d2
03a58bf53
03a59b488
03a5a3d62
03a5b4110
03a5c41e0
03a5d406b
03a5e3544
03a5fbedc
03a60c0f9
03a61bf3a
03a62b650
03a633cb1
03a6440c9
03a6541e7
03a6641a0
03a674008
03a683ace
03a692e60
03a6a33e0
03a6b3670
03a6cb0bc
03a6dba7e
03a6ebc17
03a6fbcba
03a70be38
03a71c028
03a72c17a
03a73c20b
03a74c0f5
03a75be4e
03a76ba2a
03a773502
03a783f94
03a793ea4
03a7aba08
03a7b2c20
03a7cc151
03a7dbb34
03a7e3c3f
03a7f3d7b
03a80bbcb
03a81b6b4
03a82b954
03a83b98d
03a84bd96
03a85c12b
03a86c015
03a87c0e8
03a88c125
03a89c1e8
03a8ac276
03a8bc21e
03a8cc280
03a8dc290
03a8ec283
03a8fc126
03a90bdda
03a91b640
03a923680
03a933c9e
03a943f32
03a95400c
03a963f6a
03a973e55
03a983e03
03a993f78
03a9a4135
03a9b4298
03a9c4304
03a9d4224
03a9e3fbc
03a9f3518
03aa0bd98
03aa1c20f
03aa2c441
03aa3c47e
03aa4c336
03aa5c0df
03aa6bf5e
03aa7bf2e
03aa8c021
03aa9c0fa
03aaac18b
03aabc142
03aacbf00
03aad27c0
03aae404b
03aaf4304
03ab04388
03ab142ee
03ab2421d
03ab340da
03ab43e6d
03ab53cd0
03ab63de4
03ab73fe8
03ab840a6
03ab9408c
03aba3e14
03abb31e8
03abcbde6
03abdc2da
03abec544
03abfc637
03ac0c62a
03ac1c5b6
03ac2c500
03ac3c35c
03ac4bfa5
03ac52d14
03ac64001
03ac74255
03ac84264
03ac940f6
03aca3d38
03acb1e00
03accb8e0
03acd34c8
03ace40d8
03acf44bd
03ad04654
03ad1469f
03ad2459d
03ad34321
03ad43878
03ad5c1bf
03ad6c5a6
03ad7c6d2
03ad8c65e
03ad9c4e0
03adac226
03adbbe12
03adcb8fa
03addbb96
03adec0f2
03adfc40f
03ae0c45e
03ae1c22c
03ae2bb2c
03ae33d96
03ae4423b
03ae54402
03ae64413
03ae742d8
03ae84105
03ae94047
03aea40fe
03aeb4194
03aec4100
03aed3f6c
03aee3c3f
03aef30fc
03af0b9b9
03af1be01
03af2c07c
03af3c0ae
03af4bf5d
03af5bccf
03af6b837
03af7b59d
03af83819
03af9b516
03afabe41
03afbbd36
03afcc189
03afdbdb1
03afeb3f8
03aff34d1
03b00be95
03b01b830
03b02b90a
03b0327c0
03b04a300
03b05bdb8
03b06bd62
03b07c24a
03b08c3a6
03b09c42f
03b0ac468
03b0bc351
03b0cc27d
03b0dc0e6
03b0ebfb8
03b0fbca5
03b10b948
03b11b2f0
03b123824
03b133d8e
03b14401a
03b1540ba
03b1640ca
03b1740e5
03b18414d
03b19420c
03b1a42f0
03b1b4374
03b1c42d6
03b1d408a
03b1e38f8
03b1fbcd0
03b20c1e4
03b21c477
03b22c5cd
03b23c677
03b24c60a
03b25c524
03b26c494
03b27c423
03b28c29c
03b29c0ef
03b2abfb8
03b2bbcaa
03b2c34c0
03b2d409e
03b2e443e
03b2f4564
03b304586
03b31455b
03b32459a
03b3345b8
03b34452d
03b3544a1
03b36442d
03b37423a
03b383e08
03b39b260
03b3ac012
03b3bc3ba
03b3cc54f
03b3dc6c6
03b3ec820
03b3fc88d
03b40c8ad
03b41c89e
03b42c839
03b43c6b1
03b44c432
03b45bc78
03b4640fc
03b47458f
03b4846e9
03b49467e
03b4a4538
03b4b4376
03b4c41a2
03b4d4247
03b4e44a8
03b4f46d8
03b504878
03b5148dc
03b524824
03b534516
03b543acc
03b55c41e
03b56c878
03b57c9fa
03b58ca0c
03b59c8f6
03b5ac6f5
03b5bc428
03b5cc06e
03b5dbf8e
03b5ec290
03b5fc55c
03b60c670
03b61c574
03b62c110
03b633c9e
03b644484
03b654734
03b664864
03b674845
03b6846b3
03b6944a7
03b6a4305
03b6b41e4
03b6c40f7
03b6d4065
03b6e3fd8
03b6f3d9a
03b703632
03b71bcff
03b72c293
03b73c45e
03b74c422
03b75c273
03b76c05a
03b77bd75
03b7834b8
03b79b99a
03b7ac129
03b7bc079
03b7cc4fe
03b7dc1ea
03b7ebc0b
03b7fae6d
03b80bcb8
03b81ba90
03b8233e8
03b833ed1
03b844160
03b854180
03b864062
03b873644
03b88bd06
03b89c0c9
03b8abf92
03b8bbe3e
03b8cb89e
03b8d3568
03b8e3d3a
03b8f3e02
03b903c98
03b913554
03b92b93e
03b93bd0c
03b94beb4
03b95c096
03b96c130
03b97c026
03b98bcbd
03b99b584
03b9a38dc
03b9b3e72
03b9c408c
03b9d40f5
03b9e4046
03b9f3c93
03ba0abe0
03ba1bb4c
03ba2bd67
03ba3bcde
03ba4b33a
03ba53ad4
03ba63c44
03ba739f0
03ba83768
03ba930f8
03baab2a4
03babb800
03bacba41
03badbc7c
03baebe7b
03bafc079
03bb0c160
03bb1c13f
03bb2bf11
03bb3b943
03bb4af90
03bb53220
03bb63a98
03bb73d03
03bb83d34
03bb93d56
03bba3a8c
03bbbb524
03bbcbaf2
03bbdb70e
03bbe334c
03bbf3b46
03bc03efa
03bc1408c
03bc2401c
03bc33dba
03bc43982
03bc5b510
03bc6bc78
03bc7bdba
03bc8c083
03bc9c306
03bcac3af
03bcbc223
03bccbf88
03bcdb6a2
03bce38d0
03bcf3a70
03bd03c78
03bd13e32
03bd23d3c
03bd33a70
03bd435e0
03bd5b82c
03bd6bed5
03bd7c045
03bd8bd92
03bd93440
03bda4032
03bdb423e
03bdc41ee
03bdd4006
03bde3883
03bdfbcd9
03be0c164
03be1c272
03be2c1bb
03be3bfd8
03be4baaa
03be53246
03be63be1
03be73d8e
03be83bf1
03be92d14
03beab5d7
03bebb290
03bec1480
03bed330c
03bee382e
03bef391a
03bf03622
03bf1b2b4
03bf2bbc7
03bf3bd05
03bf4bc67
03bf5bb53
03bf6ba74
03bf7bae3
03bf8ae74
03bf9b710
03bfab70c
03bfbbb36
03bfcbee9
03bfdb8e0
03bfeb606
03bff2559
03c002dd8
03c01bc30
03c02c18c
03c03c553
03c04c745
03c05c69b
03c06c661
03c07c34d
03c08beaa
03c09b05c
03c0aa040
03c0bb9e4
03c0cc03f
03c0dc158
03c0ec11c
03c0fbea0
03c10b934
03c113498
03c123d70
03c1340ef
03c14426e
03c1542ff
03c1642ff
03c174287
03c1841a3
03c193ff5
03c1a38e3
03c1bba99
03c1cbe96
03c1dbfb1
03c1ebfde
03c1fbe79
03c20b9ce
03c2134e8
03c223c10
03c233ca0
03c243924
03c25b2e0
03c26ba10
03c27ba90
03c28ba56
03c29b985
03c2ab699
03c2bb42c
03c2caf50
03c2d3348
03c2e3348
03c2fb56c
03c30b9fc
03c31bb6a
03c32be0e
03c33c080
03c34c0e8
03c35c03e
03c36bd44
03c37b0f0
03c383a2c
03c393ce2
03c3a3f06
03c3b40ef
03c3c4141
03c3d40cd
03c3e4129
03c3f4227
03c4042bc
03c4142ac
03c4241ce
03c43402a
03c443c91
03c452f08
03c46be39
03c47c2a8
03c48c439
03c49c466
03c4ac459
03c4bc3c3
03c4cc212
03c4dc0bb
03c4ebff8
03c4fbf42
03c50c032
03c51c0ae
03c52bfa0
03c53bc10
03c54a200
03c553e60
03c56438f
03c574586
03c58462e
03c5945e4
03c5a44e0
03c5b42e2
03c5c4062
03c5d3d62
03c5e3a14
03c5f38c0
03c603930
03c613410
03c62ba8c
03c63c035
03c64c2bb
03c65c46c
03c66c4e3
03c67c4ae
03c68c3d5
03c69c147
03c6abc80
03c6b9400
03c6c3423
03c6d2910
03c6eb0b0
03c6fb150
03c703100
03c7139e0
03c723cf6
03c733e83
03c743f33
03c754074
03c764197
03c77425a
03c784466
03c794454
03c7a42ed
03c7b42a8
03c7c3c45
03c7d37a0
03c7e30ae
03c7fb446
03c803692
03c81bbaa
03c82c201
03c83c5b8
03c84c790
03c85c66f
03c86c596
03c87c0b1
03c88b540
03c893c10
03c8a3910
03c8bb488
03c8cc012
03c8dc18c
03c8ec154
03c8fbd6c
03c902ca0
03c913cb3
03c924060
03c934241
03c944358
03c95438a
03c964314
03c9741fe
03c984077
03c993c32
03c9ab8e8
03c9bc026
03c9cc152
03c9dc14b
03c9ec089
03c9fbd46
03ca0a960
03ca13c10
03ca23e9d
03ca33eac
03ca43b46
03ca5b028
03ca6b94e
03ca7b814
03ca83018
03ca93b70
03caa3d7e
03cab3ce0
03cac3b48
03cad38d8
03caeb450
03cafbe00
03cb0c034
03cb1c049
03cb2c0b7
03cb3c149
03cb4c143
03cb5c0b7
03cb6bede
03cb7bb34
03cb8b85c
03cb9b530
03cba3970
03cbb4047
03cbc4245
03cbd4383
03cbe447a
03cbf4545
03cc045a4
03cc14547
03cc24426
03cc34192
03cc43eea
03cc538e2
03cc6bd2b
03cc7c2b4
03cc8c471
03cc9c4b5
03ccac4d8
03ccbc4ca
03cccc45a
03ccdc387
03ccec280
03ccfc24c
03cd0c350
03cd1c39c
03cd2c1b6
03cd3bd30
03cd43618
03cd540d1
03cd644d9
03cd746da
03cd847a3
03cd94743
03cda4619
03cdb44a5
03cdc42c0
03cdd40fc
03cde3f7c
03cdf3e14
03ce03d56
03ce13984
03ce2b91c
03ce3c085
03ce4c3bd
03ce5c531
03ce6c5e8
03ce7c602
03ce8c598
03ce9c493
03ceac214
03cebbe09
03cecb6aa
03ced3390
03cee3960
03cef3b84
03cf03c50
03cf13d0e
03cf23e66
03cf34053
03cf44162
03cf542ff
03cf64484
03cf7451a
03cf8463f
03cf945d9
03cfa4485
03cfb443d
03cfc3f88
03cfd3e54
03cfe3d3d
03cff3a7c
03d0041f8
03d013e12
03d0238f0
03d03bb78
03d04bf14
03d05b992
03d06b278
03d0740d6
03d08437e
03d094440
03d0a428f
03d0b4071
03d0c40c9
03d0d41e5
03d0e415a
03d0f3ee6
03d103b0c
03d11ad40
03d12bd1c
03d13c038
03d14c036
03d15bc04
03d163bc8
03d17414a
03d184243
03d194164
03d1a3c04
03d1bc0d6
03d1cc5f7
03d1dc77d
03d1ec6a9
03d1fc3dc
03d202890
03d2143c1
03d224687
03d2347bb
03d24470a
03d2544b1
03d26410e
03d273e50
03d283c22
03d293808
03d2a37f0
03d2b3ae0
03d2c3bc0
03d2d39c8
03d2ea600
03d2fbd6c
03d30c156
03d31c398
03d32c524
03d33c63c
03d34c64e
03d35c5ba
03d36c475
03d37c034
03d383240
03d393d40
03d3a40b4
03d3b4306
03d3c43d7
03d3d4442
03d3e4562
03d3f46e9
03d404867
03d41494c
03d424957
03d434835
03d444490
03d45b79c
03d46c576
03d47c834
03d48c866
03d49c748
03d4ac47d
03d4bbecc
03d4cb848
03d4dbdd5
03d4ec3da
03d4fc6fc
03d50c88c
03d51c881
03d52c6da
03d53c260
03d543ea4
03d554648
03d56489f
03d574925
03d5848c9
03d5947c4
03d5a465f
03d5b45aa
03d5c44a9
03d5d4405
03d5e445b
03d5f4456
03d6041f2
03d6138e4
03d62c0e7
03d63c531
03d64c64a
03d65c665
03d66c65f
03d67c56e
03d68c2e2
03d69c0ba
03d6ac193
03d6bc207
03d6cc128
03d6dbfc2
03d6ebb08
03d6f3826
03d703fb8
03d714372
03d72458d
03d73455d
03d744452
03d7543d2
03d76417f
03d7741b2
03d7840b2
03d794416
03d7a4485
03d7b45e0
03d7c4570
03d7d43e0
03d7e422a
03d7f3cf0
03d803a74
03d813c7b
03d82413a
03d834432
03d8445b4
03d8545d3
03d864522
03d874419
03d884391
03d894376
03d8a442e
03d8b4407
03d8c44f7
03d8d451f
03d8e4525
03d8f444d
03d9042a2
03d914084
03d923ad0
03d93bd1a
03d94c36a
03d95c581
03d96c610
03d97c59a
03d98c49e
03d99c255
03d9abde2
03d9bb5e6
03d9cb4a0
03d9dba04
03d9ebd52
03d9fbfec
03da0c074
03da1be76
03da2ad70
03da3400e
03da44407
03da54573
03da64606
03da7459c
03da8447b
03da94219
03daa3f05
03dab3b5a
03dac3660
03dadb3d0
03daeb718
03daf30c0
03db03780
03db1afa0
03db2bc0a
03db3bfde
03db4c1b4
03db5c299
03db6c2dc
03db7c2c9
03db8c17b
03db9bf1a
03dbabd24
03dbbbc3b
03dbcb684
03dbd37bc
03dbe3cb2
03dbf3f66
03dc04195
03dc14396
03dc24479
03dc34449
03dc44174
03dc53690
03dc6bd43
03dc7bfd1
03dc8bd92
03dc93928
03dca42a2
03dcb450e
03dcc4537
03dcd435c
03dce340c
03dcfc390
03dd0c66f
03dd1c757
03dd2c69b
03dd3c42e
03dd4bb48
03dd53fa4
03dd64318
03dd74331
03dd84011
03dd92960
03ddabc8a
03ddbbdc0
03ddcbc0e
03ddd3298
03dde3f4b
03ddf41f2
03de04256
03de140dd
03de23c0a
03de3b3b0
03de4b5b8
03de536c4
03de63d19
03de73fbd
03de84034
03de93d06
03deab664
03debc007
03decc1db
03dedc1e3
03deec03a
03defba7c
03df03420
03df13b9c
03df23dd6
03df33cf8
03df4356c
03df5bce4
03df6c1c6
03df7c35a
03df8c58f
03df9c447
03dfabfe5
03dfbc00a
03dfc3efd
03dfd3922
03dfeb52c
03dffb7c8
03e00bcc0
03e01bc91
03e02c1a3
03e03c41c
03e04c539
03e05c5d9
03e06c519
03e07c47b
03e08c3a9
03e09c29d
03e0ac3f3
03e0bc408
03e0cc520
03e0dc4fc
03e0ec487
03e0fc1ce
03e10bc0a
03e113a70
03e1240ef
03e134391
03e144472
03e154467
03e16440c
03e1743ec
03e184430
03e19444b
03e1a4411
03e1b432e
03e1c4196
03e1d3df6
03e1eb520
03e1fc09c
03e20c3f0
03e21c514
03e22c5c8
03e23c616
03e24c5bc
03e25c513
03e26c4a3
03e27c471
03e28c46d
03e29c479
03e2ac401
03e2bc176
03e2cb99c
03e2d401e
03e2e44f1
03e2f46cc
03e304788
03e3147cf
03e3247ac
03e3346d0
03e344560
03e3543da
03e36418c
03e373f38
03e383bb8
03e393300
03e3ab8b0
03e3bbf28
03e3cc32a
03e3dc5f0
03e3ec82f
03e3fc916
03e40c995
03e41c9ae
03e42c92f
03e43c7db
03e44c438
03e45a860
03e4643e7
03e4746af
03e484781
03e494694
03e4a4493
03e4b4172
03e4c4002
03e4d41be
03e4e44f6
03e4f4786
03e5048b2
03e5148ce
03e5247b4
03e534408
03e54b810
03e55c4b3
03e56c7a4
03e57c87a
03e58c87e
03e59c819
03e5ac716
03e5bc5f9
03e5cc548
03e5dc511
03e5ec52a
03e5fc4f3
03e60c368
03e61be44
03e623af8
03e634228
03e644496
03e654532
03e664531
03e6744ef
03e684499
03e6944a1
03e6a4509
03e6b4514
03e6c4437
03e6d4155
03e6e3bc6
03e6fb714
03e70bd05
03e71bf44
03e72c144
03e73c200
03e74c222
03e75c1d4
03e76c09d
03e77c1bb
03e78be84
03e79c099
03e7ac178
03e7bc078
03e7cc37c
03e7dc1fa
03e7ec08c
03e7fbe97
03e803c8d
03e8135e6
03e82b270
03e83bc3c
03e84bf77
03e85be5e
03e86bcc2
03e87b568
03e882e30
03e8932d0
03e8a9980
03e8bbc96
03e8cc0cc
03e8dc2e4
03e8ec3f3
03e8fc3d4
03e90c2dc
03e91c1b8
03e92bfea
03e93b992
03e9434d8
03e9539d7
03e963b10
03e9738f4
03e98b0d8
03e99bbb0
03e9abdb4
03e9bbc86
03e9c3248
03e9d3fdc
03e9e42cb
03e9f4443
03ea0448e
03ea1442b
03ea2428f
03ea340bd
03ea43ed2
03ea53d2e
03ea63ca8
03ea73cc3
03ea83af4
03ea9adb0
03eaabd68
03eabc0f1
03eacc237
03eadc242
03eaec230
03eafc2a4
03eb0c2d9
03eb1c2ea
03eb2c3f5
03eb3c4e0
03eb4c53c
03eb5c48e
03eb6c228
03eb7bc70
03eb83c0e
03eb941ec
03eba44a0
03ebb45b3
03ebc4596
03ebd449b
03ebe43cc
03ebf441e
03ec044c1
03ec14522
03ec244d8
03ec343c8
03ec441aa
03ec53fd8
03ec63936
03ec7bd34
03ec8c27c
03ec9c4e7
03ecac67f
03ecbc7aa
03eccc7d2
03ecdc6aa
03ecec46d
03ecfc06f
03ed0bd02
03ed1bd80
03ed2be0c
03ed3bd98
03ed4be14
03ed5bde0
03ed6b6f8
03ed73e18
03ed8434e
03ed94577
03eda46a7
03edb46f7
03edc4675
03edd44fb
03ede413a
03edf38c8
03ee03138
03ee13b09
03ee23de9
03ee33da0
03ee438bd
03ee5bb84
03ee6c19d
03ee7c434
03ee8c48f
03ee9c38a
03eeac05c
03eebbb30
03eecbacc
03eedbe75
03eeec0a5
03eefc1c4
03ef0c264
03ef1c1f4
03ef2c160
03ef3bfee
03ef4bcc0
03ef5b4d4
03ef63d1c
03ef73e00
03ef8433c
03ef941de
03efa3fb1
03efb4071
03efcb328
03efd3867
03efe3a1b
03eff39b6
04000360e
04001329c
04002bce2
04003b811
04004353b
04005bd7d
0400631c8
04007b7d0
040083d2e
04009b090
0400a3558
0400b9c00
0400c2fd0
0400db95e
0400e34bc
0400f2d00
0401031b0
040113294
04012341a
040132ed0
04014b2e8
04015b800
04016b78a
04017b5e8
04018b63c
04019b758
0401ab8aa
0401bba56
0401cbc5c
0401dbcd5
0401ebbf2
0401fb9da
04020b8ac
04021b5f0
04022ac00
040232de0
040242ec0
0402534b2
0402637a4
04027370a
04028382e
040293a84
0402a3a94
0402b381a
0402c3258
0402da460
0402eb3b0
0402fb7e4
04030b908
04031b91e
04032b993
04033bb26
04034bc49
04035bc21
04036bc16
04037bc58
04038bbe4
04039b8d0
0403ab420
0403bb0c8
0403cb050
0403d31a0
0403e3660
0403f348c
040403490
0404138a0
040423910
0404335a8
0404434a8
040453310
040462840
04047b4b8
04048b79c
04049b61c
0404ab6a4
0404bb966
0404cba58
0404db9f0
0404eb9e4
0404fba7c
04050ba20
04051b87c
04052b580
04053b530
04054b4d8
040552cc0
0405635a0
040573424
0405833f8
0405934fc
0405a3080
0405ba8c0
0405cae60
0405db130
0405eb370
0405fb5a8
04060b760
04061b6a0
04062b7b8
04063b8ec
04064b89a
04065b8e2
04066b8fc
04067b7d4
04068b470
04069ace0
0406aab00
0406bb4b8
0406cb948
0406db920
0406ebb5c
0406fbabc
04070b9bc
04071b54c
04072bfba
04073b8c4
04074c043
04075bf87
04076bdf0
04077c062
0407831e0
0407939ac
0407a3570
0407b28c0
0407c3548
0407da9c0
0407eba74
0407fc2cf
040803a94
04081389a
04082b766
040839f80
0408434ff
04085b2d4
04086b6bc
040873200
04088394a
04089b648
0408a398c
0408bbb70
0408c37d4
0408dbdd2
0408ea6e0
0408fb889
04090b2e8
04091b1ac
0409230a0
0409332c8
040942b40
04095ad40
0409627c0
040972f30
040983484
040993680
0409a37c0
0409b3780
0409c32c0
0409d2400
0409e9400
0409faa60
040a0ade0
040a1a500
040a22b40
040a32880
040a4b000
040a5b120
040a6b180
040a7b828
040a8b998
040a9b7b0
040aab5e0
040abb640
040acb110
040ad1e00
040aea840
040afaa60
040b0af70
040b12880
040b234b0
040b33150
040b42f20
040b53508
040b63440
040b72a40
040b8a940
040b9b130
040bab3e0
040bbb590
040bcb694
040bdaa20
040be2e20
040bfb438
040c0b638
040c1b360
040c2b400
040c3b300
040c42700
040c531c0
040c63420
040c732e0
040c83350
040c936d0
040ca35b8
040cbae40
040ccb408
040cdabc0
040cea300
040cfae60
040d0af80
040d1b130
040d2b4c0
040d3b968
040d4ba38
040d5b80c
040d6b648
040d7b6e0
040d8b558
040d9b0b8
040daaeb0
040dbaec8
040dca8e0
040dd3078
040de3518
040df3698
040e038d4
040e13a98
040e2399c
040e33708
040e43520
040e5316c
040e6ae00
040e7b1d0
040e8b1f0
040e9b47b
040eab8b4
040ebbc11
040ecbce3
040edbce8
040eebdbb
040efbde3
040f0bd58
040f1bbf7
040f2bf38
040f3bc28
040f4bd86
040f5bd4a
040f6bc3a
040f7bcc3
040f8b81e
040f9b823
040fab512
040fbb97b
040fcb859
040fdbc19
040feb92e
040ffb6f2
04100b864
041012e2c
04102bd64
04103ab20
0410435b6
04105bcba
04106b618
04107bc8a
0410836d4
04109b6d4
0410ab0f0
0410b1a00
0410cb1f8
0410db604
0410e2fa0
0410f3100
041102de0
041112f90
0411232d8
0411331ca
04114a740
04115b3fc
04116b61e
04117b6b7
04118b858
04119b90e
0411ab824
0411bb846
0411cba9c
0411dbba0
0411eba8c
0411fb8b8
04120b728
04121b418
0412229c0
0412332e0
041243230
041253538
0412638d0
04127389c
041283778
0412938a8
0412a39b0
0412b386c
0412c3510
0412d3190
0412eab80
0412fb5e0
04130b938
04131b976
04132b85e
04133b924
04134ba7c
04135bad0
04136ba98
04137baa0
04138b9d4
04139b740
0413aae60
0413b2900
0413c2ca0
0413d36a4
0413e38fa
0413f369c
041403418
041413658
041423548
041433180
0414430c0
0414530c0
041462900
04147b1d0
04148b5f0
04149b5f4
0414ab7c8
0414bb92a
0414cb870
0414db618
0414eb698
0414fb788
04150b7d0
04151b560
04152b110
04153b1a0
04154a980
041553420
041563760
0415736c8
041583810
041593780
0415a32e0
0415bad40
0415cb350
0415db1c0
0415eb3a0
0415fb600
04160b5f0
04161b640
04162b8f0
04163ba48
04164b990
04165b81c
04166b630
04167b4a4
04168aa60
041693388
0416a3604
0416b3550
0416c35c8
0416d3690
0416e3770
0416f3644
0417037dc
041713976
04172375c
041733498
041743238
0417525c0
04176ac88
04177b08c
041783d90
041793dce
0417a3dac
0417b3b28
0417c36d4
0417d3950
0417eb5a0
0417fbfbe
04180bf14
04181bd55
04182bf46
04183be95
04184be0f
04185be10
04186bf2f
04187c02c
04188bd7b
04189be7b
0418abdf9
0418bbea8
0418cbd19
0418dbe34
0418ebe08
0418fbce2
04190bb64
04191ba4c
04192ba58
04193b9bc
04194b738
04195b5b8
04196b714
04197b4de
0419826a0
041992ae8
0419a2760
0419b32e8
0419c30a8
0419db098
0419eb34e
0419fb464
041a0b198
041a12e00
041a232b0
041a32f40
041a42200
041a5b310
041a6b698
041a7b54c
041a8b4e4
041a9b6d4
041aab67c
041abb4bc
041acb62c
041adb790
041aeb6a4
041afb60e
041b0b7a4
041b1b7b8
041b2b3a0
041b31800
041b42b40
041b52500
041b6ad80
041b7b328
041b8b61a
041b9b6c3
041baaf98
041bb3280
041bc2a00
041bdb2d0
041beb068
041bfb168
041c0b650
041c1b618
041c2b250
041c3adf0
041c4a880
041c52880
041c63040
041c72e80
041c8b440
041c9b88a
041cab610
041cbaf80
041ccadd0
041cdade0
041ceac20
041cfb588
041d0b958
041d1ba7c
041d2b9a0
041d3b6e8
041d4b5c6
041d5b63f
041d6b440
041d7ade8
041d8aeb0
041d9af90
041dab048
041dbb398
041dcb36c
041dd1f00
041de3518
041df3710
041e03588
041e13428
041e29b00
041e3b630
041e4b55c
041e5a6c0
041e6ac40
041e7b2b4
041e8b068
041e9b4c7
041eab6ea
041ebb91e
041ecba5e
041edb5e8
041eebb06
041efb528
041f0b942
041f1b00c
041f23038
041f3ba1a
041f4acab
041f5ade0
041f6b212
041f72a50
041f838a7
041f9311c
041fa3ace
041fb38f6
041fcb7b0
041fd36f8
041feb956
041ff3218
042003e3b
042013c37
042023d7c
042033ba0
042043d53
042053ccc
042063bfa
042073d4d
042083c30
042093d4b
0420a3cbb
0420b3a7e
0420c3b86
0420d3831
0420e395e
0420f3878
04210397a
042113a84
042123a68
042133932
0421438dc
0421537ec
0421636c2
04217365a
04218353e
04219329c
0421a2d40
0421bae44
0421cb278
0421db240
0421eb458
0421fb658
04220b6b0
04221b628
04222b4c4
04223b431
04224b2a6
04225a470
0422630d0
0422733e0
0422836ba
0422937c2
0422a362a
0422b3616
0422c3685
0422d369a
0422e3797
0422f370a
042303520
04231346a
0423230cc
04233a540
042342020
04235a6d0
04236b192
04237afcc
042382da8
042393388
0423a335c
0423b2b70
0423cb080
0423db29e
0423eb070
0423f1e00
0424031cc
042413354
042422c88
04243aba8
0424423e0
042452e28
0424625a0
04247aca0
04248ab80
04249a4c0
0424a2440
0424b3198
0424c35b6
0424d3595
0424e3320
0424f3328
04250359c
04251385f
042523895
042533720
042543686
042553534
042562f10
04257ac08
04258a680
04259ab30
0425ab168
0425bb268
0425cb0c0
0425dae60
0425eb26c
0425fb5ab
04260b626
04261b4a0
04262b020
042632c58
04264335c
0426533f0
04266345c
04267317b
042682c58
0426931b4
0426a3440
0426b3398
0426c30c0
0426d2f50
0426e2c78
0426fad10
042702c24
042713802
04272bc1f
042733cbb
04274ba5a
042752380
042763966
042772840
04278b968
042793904
0427ab75c
0427baaf0
0427c4129
0427d3ee0
0427e40c1
0427f3a7a
042803d8c
042813a6b
042823e97
042833a00
0428439fe
042853e37
042863ad5
042873e90
04288380f
042893c04
0428a3b12
0428b3738
0428c3b08
0428d3710
0428e3650
0428f32f0
0429034f0
0429135a8
042923684
04293375c
04294382a
042953838
042963877
0429738da
042983910
042993882
0429a36e4
0429b3540
0429c3630
0429d380a
0429e3770
0429f34a8
042a030a0
042a1a480
042a2b1b0
042a3b3f8
042a4b33a
042a5b104
042a6b048
042a7b1a0
042a8b0d0
042a9b340
042aab410
042abaf70
042ac2080
042ad3060
042ae3578
042af3810
042b038c0
042b13937
042b23877
042b33778
042b4382a
042b537f8
042b63790
042b73894
042b83988
042b938c0
042ba3464
042bb29e0
042bcb030
042bdb4e0
042beb5f4
042bfb320
042c0b0c0
042c1af50
042c2b260
042c3b210
042c4af20
042c5aa40
042c62200
042c73190
042c834d8
042c936ac
042ca37f2
042cb3869
042cc3834
042cd37b8
042ce36dc
042cf3770
042d03830
042d13896
042d2381a
042d33638
042d43410
042d5a9c0
042d6b448
042d7b598
042d8b5cc
042d9b5e0
042dab318
042db2100
042dc3010
042dd3020
042de2f40
042df2fd0
042e030b8
042e133d8
042e23812
042e33a02
042e43a5c
042e5395c
042e63804
042e73472
042e81e80
042e9ae30
042eab150
042ebb028
042ecb260
042edb670
042eeb378
042efb9ce
042f0b678
042f1b8b0
042f2bc3e
042f33158
042f4b92d
042f5b328
042f63372
042f7a6c0
042f8bc9f
042f9b530
042fabc12
042fbb63c
042fc3cfe
042fd3635
042fe3dd4
042ff3c8c
043003d1c
043013a0a
043023ed1
0430338cf
043043562
043053f83
04306389b
043073f22
04308aae0
0430938c4
0430a396b
0430ba8e0
0430c3a2a
0430d2e80
0430e3130
0430fad00
043102c60
043112c00
043123458
0431337f8
0431438c2
043153893
043163a60
043173b9c
043183bd4
043193b8a
0431a3b6c
0431b3b18
0431c3b64
0431d3b78
0431e3a78
0431f395c
043203698
043212c20
04322b0e8
04323b4b0
04324b5c4
04325b678
04326b780
04327b810
04328b890
04329b910
0432ab84c
0432bb3c0
0432cac40
0432d30d0
0432e37c0
0432f395c
043303a20
043313b56
043323ba0
043333bac
043343bc0
043353b40
043363bb8
043373c20
043383b70
043393960
0433a3598
0433ba400
0433cb460
0433db760
0433eb7f0
0433fb438
04340b0d0
04341b740
04342b6f0
04343b2a0
04344aec0
04345a900
0434631e0
043473730
043483864
04349389c
0434a39b0
0434b3b56
0434c3b34
0434d39b8
0434e38f0
0434f3938
0435038e0
043513914
043523850
043533690
043543040
04355b3c0
04356b828
04357b7e0
04358b878
04359b902
0435ab5b8
0435ba880
0435c3360
0435d3620
0435e3838
0435f3938
043603858
043613804
043623a9c
043633ca2
043643cca
043653c36
043663b74
043673906
043683328
04369b008
0436ab700
0436bb730
0436cb878
0436dba58
0436eb95c
0436fbc20
04370b660
04371b980
04372befc
043733404
04374bd21
04375b5c6
043763803
043772f60
04378be8a
04379bad0
0437ac00b
0437bbc41
0437c3e76
0437d3805
0437e411f
0437f40ad
04380b566
04381b706
04382364c
04383b73a
04384b988
043852150
04386351e
043873398
04388b6e2
043892fb8
0438ab6e8
0438b35fc
0438c9600
0438d386f
0438e25a0
0438f32a4
043902d98
043911200
04392af84
04393a868
043942140
04395a6e0
043962300
0439732ca
043983028
04399afe0
0439ab130
0439b2900
0439c34bc
0439d3642
0439e34b0
0439f33c8
043a03120
043a1a6a0
043a2a740
043a33188
043a434ae
043a53428
043a6304c
043a732f8
043a8372a
043a9344c
043aa2ea8
043ab36c2
043ac36ec
043ad2c20
043ae3072
043af34f4
043b03030
043b1a600
043b2ad90
043b3a040
043b42dc0
043b5a880
043b62cb0
043b736e8
043b83614
043b92fb0
043ba30ac
043bb3482
043bc3540
043bd3292
043be2ef8
043bf36b4
043c03700
043c12440
043c22da2
043c3360a
043c42ff8
043c5a6c0
043c628c0
043c7a380
043c8ac50
043c9b1e4
043cab016
043cb33ec
043cc33e0
043cd2c30
043ce32c8
043cf3490
043d031f0
043d136fc
043d238c4
043d3376e
043d4361c
043d534e4
043d63530
043d736ee
043d835a4
043d92e48
043da2460
043db26b0
043dc2ce0
043dd32a0
043de33f6
043df9000
043e0b6cc
043e1b89a
043e2b37c
043e32ec8
043e43198
043e53128
043e63090
043e73268
043e83500
043e93614
043ea3681
043eb38bb
043ec3818
043ed33f8
043ee3830
043ef361a
043f03964
043f12300
043f22fe0
043f33501
043f4b3b0
043f530d6
043f63408
043f730d8
043f8afe8
043f9b098
043fab989
043fbb4d4
043fc3108
043fd3718
043fe3e4d
043ff356b
044003db3
044013b56
044022cd0
0440334d4
044043d43
04405b73c
044063d0b
044073948
0440840c3
044093cc0
0440a3d6e
0440b3ccc
0440c3be0
0440d34a8
0440e3c0f
0440f3a37
044103a91
044113a16
044123a54
044133a30
04414380a
044152d18
04416ac40
04417a9e0
04418ac50
04419b1e0
0441ab488
0441bb730
0441cb984
0441dbb40
0441ebabc
0441fb844
04420b62c
04421b5bc
04422b068
044232de8
044243164
04425358d
0442638a8
044273911
04428390a
0442939c4
0442a3a9c
0442b3a55
0442c3853
0442d34da
0442e3180
0442f2340
04430b168
04431b426
04432b562
04433b786
04434b903
04435b9e8
04436b986
04437b85c
04438b7bc
04439b5d0
0443ab2a0
0443baf50
0443caad0
0443d3340
0443e3654
0443f35d4
044403608
044413890
044423850
044433610
044443610
0444535f0
0444631b0
04447a680
04448a9a0
044492040
0444ab200
0444bb640
0444cb6c0
0444db5b0
0444eb588
0444fb508
04450b030
04451a800
044522480
04453abc0
044542b40
0445535fc
044563740
0445735ac
0445835a4
04459366c
0445a3258
0445b2180
0445ca580
0445dafe0
0445eb5f0
0445fb7f8
04460b4c8
04461b1e0
04462b4e8
04463b52c
04464b3d4
04465b47e
04466b514
04467b310
044682b60
0446935a8
0446a3540
0446b33d0
0446c3090
0446d2940
0446e1e00
0446fb6fc
044702580
044712dc0
04472b97e
044732ce8
04474b963
04475b9a8
04476b81a
04477bc19
044783020
04479ac70
0447ab892
0447bb9c2
0447cb6fc
0447dbb80
0447eb840
0447fbea6
044803da4
044813bea
04482b148
0448336e0
044843d56
04485bab4
044863aaa
044873570
044884043
044893a8c
0448a3cfa
0448b39b4
0448c397c
0448dafd0
0448e3bc2
0448f39ab
0449039f3
044913969
044923a18
044933952
0449435d4
04495ab30
04496b138
04497b1c0
04498b4cc
04499b638
0449ab638
0449bb89c
0449cbba6
0449dbcb7
0449ebc42
0449fba2c
044a0b892
044a1b6d4
044a2b0f0
044a32ad0
044a42b30
044a5347e
044a63915
044a739e2
044a8396b
044a93a4e
044aa3b74
044ab3b1a
044ac3938
044ad35bc
044ae3184
044afa930
044b0b5ca
044b1b881
044b2b871
044b3b90e
044b4baec
044b5bc32
044b6bc26
044b7bb1c
044b8b9e4
044b9b908
044bab678
044bbb270
044bcae40
044bd3458
044be3870
044bf381e
044c038a4
044c1396c
044c23834
044c336a8
044c43760
044c53700
044c63170
044c7aa00
044c8b100
044c9b2d0
044cab6f4
044cbb996
044ccb928
044cdb884
044ceb8f4
044cfb86c
044d0b5e8
044d1b320
044d2b120
044d3b2a0
044d4ac40
044d53580
044d63778
044d73640
044d837d8
044d937cc
044da33b0
044db2500
044dc2200
044ddadc0
044deb508
044dfb778
044e0b600
044e1b528
044e2b858
044e3b954
044e4b7d0
044e5b6c0
044e6b790
044e7b6b6
044e8b188
044e92f40
044ea2e80
044eb2300
044ecace0
044edad40
044eeac20
044efb878
044f0afb0
044f1adf0
044f2bc1a
044f3b48c
044f4bd11
044f5bcb2
044f6bba0
044f7bddf
044f82b80
044f93560
044fab63c
044fbb8c8
044fcb030
044fdb568
044feb6a8
044ffc16f
04500b7e2
0450131ce
04502bef1
045032fe4
04504385b
04505bd26
04506b95e
04507be3f
045082f00
04509bc12
0450ab968
0450bb80f
0450cbbd6
0450dbc6a
0450eb970
0450fb638
04510b638
04511b190
045122fb0
04513b2e0
04514baed
04515bb9e
04516b8f6
04517b6f4
04518b7e4
04519b838
0451ab88e
0451bbbf0
0451cbe05
0451dbd7c
0451ebbc0
0451fbbf8
04520bc14
04521b778
0452230d0
045233500
0452431a0
045253488
0452637f4
045273770
04528383c
045293c24
0452a3d14
0452b3954
0452c2d00
0452dad60
0452eb594
0452fba3d
04530bba4
04531bae6
04532ba96
04533bcbe
04534bdec
04535bcc6
04536bc20
04537bdec
04538bda8
04539b970
0453ab1e0
0453b29c0
0453c3420
0453d3470
0453e36b4
0453f35e0
045403488
045413924
045423b28
045433878
045443320
045453180
04546b160
04547b8b8
04548bae8
04549bbe8
0454abbc3
0454bba80
0454cb974
0454db97c
0454eba78
0454fbc00
04550bca2
04551bc46
04552b7c0
045533220
0455433c0
045553410
0455638a8
0455739b4
045583934
045593710
0455a3130
0455b2500
0455cb000
0455db800
0455eb770
0455fb640
04560ba64
04561bd24
04562bde8
04563bd0e
04564bc29
04565bc17
04566bb3c
04567b730
04568b340
04569b488
0456a2e00
0456b3110
0456caa00
0456d2500
0456ebac4
0456f32c0
04570b7b8
04571a680
04572bc28
04573b450
04574bd44
04575bda9
04576bd51
04577bf36
045783d56
045793db4
0457a3f3a
0457b3c42
0457cb614
0457db58c
0457ebe5a
0457fc1d9
04580c122
04581bfce
04582beea
04583be70
04584bfde
04585bd4f
04586bfb3
04587c089
04588c0b1
04589be68
0458abf5a
0458bbc6c
0458cbed4
0458db8aa
0458ebdd6
0458fbbe8
04590bbd8
04591bac8
04592bb54
04593bb2c
04594b9c8
04595b6a8
04596b7ac
04597b912
04598b81a
04599b590
0459ab438
0459ba880
0459c3020
0459d2e40
0459eab40
0459fb2b8
045a0b0f8
045a126c0
045a22280
045a32440
045a43380
045a52640
045a6b3e0
045a7ac08
045a82bc0
045a9adc0
045aab498
045abb720
045acb828
045adb698
045aeb710
045afb770
045b0b58a
045b1b79a
045b2b884
045b3b4f4
045b4ae68
045b5adc8
045b6b290
045b7b598
045b8b5c4
045b9b318
045baac40
045bb3240
045bc34ac
045bdacc0
045beb4d8
045bfb048
045c0ac90
045c1af38
045c2a860
045c32840
045c4aa00
045c5b140
045c6b2a8
045c7b370
045c8b610
045c9b918
045cab87f
045cbb158
045cc9e00
045cdb014
045ceb370
045cfb6a0
045d0b984
045d1ba58
045d2b976
045d3b440
045d42880
045d5ab40
045d62680
045d73310
045d83190
045d92700
045da2400
045dbac30
045dcb248
045dda970
045de2fd0
045df2f90
045e0a970
045e1b534
045e2b8a2
045e3b9bf
045e4b91d
045e5b5f4
045e6b368
045e7b078
045e8ab80
045e9ae28
045eaa040
045eb1d00
045ec2f40
045ed35ba
045ee34f6
045ef3c8f
045f03627
045f13998
045f23fab
045f3b328
045f43e73
045f53c76
045f6365c
045f73ca4
045f83c85
045f934d0
045fa3e6b
045fb3c22
045fcbb42
045fd32e0
045febd62
045ff38d4
0460040c4
046013e40
046023ed2
046033cb8
046043e1a
046053e18
046063c90
046073fcb
046083e44
046093d1a
0460a3f0e
0460b3708
0460c3d58
0460d2880
0460e3a50
0460f3460
0461038a0
0461138f4
04612398c
04613397c
0461439d0
04615397e
046163a12
046173a22
046183abc
046193bd4
0461a3af4
0461b3964
0461c39d4
0461d39e8
0461e3820
0461f35f0
0462035c8
0462131f0
04622ad40
04623b420
04624b4e8
04625b450
04626b600
04627b8e8
04628b8d8
04629b880
0462ab890
0462bb508
0462c2d20
0462d34c8
0462e37e0
0462f3968
046303af4
046313c4a
046323c6a
046333bc8
046343b78
046353b30
046363a48
046373a98
046383ae0
046393880
0463a2ca0
0463bb3c0
0463cb680
0463db6d8
0463eb648
0463fb6e8
04640b6e8
04641b638
04642b680
04643b480
04644ac40
046453020
046463420
046473710
046483928
046493bc8
0464a3c46
0464b3ab2
0464c38e4
0464d38a4
0464e38f0
0464f39f0
046503aec
046513a20
0465237b0
046532b80
04654b4b0
04655b5c0
04656b690
04657b8f8
04658b970
04659b854
0465ab3e0
0465b2200
0465c3160
0465d30a0
0465e3200
0465f3600
0466038f0
046613c0c
046623d3c
046633d34
046643c74
046653adc
046663908
046673590
046683150
046692640
0466ab3b0
0466bb490
0466cb540
0466db928
0466eb2b0
0466fbcc8
04670b5c0
04671b878
04672b9d4
046733558
046742cb8
046753174
0467639ad
046773810
04678bcec
04679bbb0
0467abe1e
0467bbb64
0467c3802
0467dbce0
0467e3c00
0467f40e2
046803a0e
046813cb2
046823a1c
046833d40
046843dd5
0468539b5
046863c14
0468739e7
046883cff
046893c75
0468a3a7e
0468b3c4c
0468c39e7
0468d3a89
0468e3b1d
0468f3b00
046903a34
046913942
046923804
046933710
0469435d8
046953038
0469628c0
046972c50
04698af20
04699b58d
0469ab692
0469bb83d
0469cb942
0469db968
0469eb8ca
0469fb50e
046a0aed0
046a1b1a8
046a2b368
046a3b0e8
046a4afc0
046a52d80
046a636b0
046a73904
046a83908
046a938b0
046aa38a4
046ab38cc
046ac3748
046ad34c0
046ae3410
046af31b8
046b02980
046b1a700
046b2aec0
046b3b1f0
046b4b610
046b5b8f4
046b6b938
046b7b690
046b8af00
046b92e20
046ba3070
046bb2580
046bcaf80
046bdacd0
046be2d20
046bf3240
046c03530
046c135f8
046c231d0
046c32880
046c42600
046c52580
046c6ab40
046c7b220
046c8b220
046c9af20
046cab018
046cbaef0
046cc2000
046cdac40
046ceb1a0
046cf2000
046d03450
046d137c0
046d2389c
046d337a8
046d436a8
046d53624
046d634fc
046d73238
046d831c8
046d93118
046da29d0
046dba460
046dcb024
046ddb500
046deb924
046dfbad0
046e0b9f8
046e1b8d8
046e2b788
046e3b340
046e4ac30
046e5ae00
046e6ae90
046e7af80
046e8aa30
046e93652
046ea38bb
046eb3a89
046ec3bae
046ed3860
046ee3c60
046ef2580
046f03bc4
046f1391d
046f23300
046f33d7f
046f43650
046f537a8
046f63a5a
046f7344c
046f8370e
046f93da1
046fa33a4
046fb382a
046fc3eca
046fd3490
046fe3cc4
046ffba08
060004079
060010000
060023eff
060030000
06004327f
06005367b
060063535
060070000
060083ea9
060090000
0600a4060
0600b0000
0600c3d05
0600d0000
0600e3b6b
0600f0000
060103a58
060110000
0601236b7
060130000
060140000
060150000
060160000
060170000
060180000
060190000
0601a0000
0601b0000
0601c0000
0601d0000
0601e0000
0601f0000
060200000
06021290c
060222b0c
060232478
060240000
060252c6e
060262eea
060272ec0
060282e30
060292e10
0602a2eba
0602b2aa4
0602c0000
0602d19c0
0602e0000
0602f0000
060300000
060310000
060320000
060330000
060340000
060350000
060360000
060370000
060380000
060390000
0603a0000
0603b0000
0603c0000
0603d0000
0603e0000
0603f0000
060402898
060413071
060422d3a
060432f02
060442c9a
060452944
060462cde
060470000
060482498
060490000
0604a0000
0604b0000
0604c0000
0604d0000
0604e0000
0604f0000
060500000
060510000
060520000
060530000
060540000
060550000
060560000
060570000
060580000
060590000
0605a0000
0605b0000
0605c0000
0605d0000
0605e0000
0605f0000
060600000
060610000
060620000
060630000
060640000
060650000
060660000
060670000
060680000
060690000
0606a0000
0606b2d92
0606c0000
0606d320f
0606e0000
0606f0000
060702ad4
060710000
060723721
060730000
060740000
060753c28
060760000
060770000
060780000
060790000
0607a3ef3
0607b0000
0607c0000
0607d0000
0607e0000
0607f394f
060803896
060810000
060823d62
060830000
060843f35
060850000
060863f50
060870000
060883bbc
060890000
0608a3357
0608b2df2
0608c3a18
0608d0000
0608e4036
0608f0000
060904084
060910000
060923d54
060930000
0609435b2
06095327c
060963414
0609733cd
0609835a8
0609934d0
0609a371b
0609b3511
0609c34ce
0609d3623
0609e349b
0609f3387
060a03308
060a12f32
060a22eea
060a32688
060a40000
060a52740
060a62ab0
060a72bfc
060a82b1c
060a93029
060aa301f
060ab2b94
060ac2f4e
060ad297c
060ae2db2
060af298c
060b02b00
060b12eae
060b22acc
060b32d88
060b430db
060b5318e
060b630e4
060b731a0
060b8305e
060b931c3
060ba32f6
060bb3053
060bc32f2
060bd3221
060be30ee
060bf32ca
060c032c2
060c133ad
060c232c7
060c33062
060c43139
060c5324e
060c630e9
060c72d68
060c8307d
060c92d8e
060ca3077
060cb2d6e
060cc2fe6
060cd2290
060ce28d4
060cf28ac
060d00000
060d12874
060d20000
060d30000
060d429d4
060d50000
060d62e86
060d7306a
060d832e9
060d93430
060da320b
060db342e
060dc34af
060dd354d
060de341d
060df3452
060e0344d
060e133fa
060e23062
060e32994
060e40000
060e50000
060e60000
060e70000
060e80000
060e90000
060ea0000
060eb0000
060ec0000
060ed0000
060ee0000
060ef0000
060f00000
060f10000
060f20000
060f30000
060f40000
060f50000
060f60000
060f70000
060f80000
060f90000
060fa0000
060fb0000
060fc0000
060fd0000
060fe0000
060ff0000
061003edb
061010000
0610239ac
061032c2e
061040000
061053d5e
061060000
061070000
061083958
061090000
0610a3eb5
0610b0000
0610c3a4b
0610d0000
0610e2d72
0610f0000
061100000
061110000
06112282c
061130000
061140000
061150000
061160000
061170000
061180000
061190000
0611a0000
0611b0000
0611c0000
0611d0000
0611e0000
0611f2350
06120281c
061213079
061223243
061233183
061243151
0612532fd
061263357
061273415
06128326f
061293333
0612a3400
0612b30a7
0612c31a7
0612d2d3e
0612e2c36
0612f0000
061300000
061310000
061320000
061330000
061340000
061350000
061360000
061370000
061380000
061390000
0613a0000
0613b0000
0613c0000
0613d1f60
0613e28c4
0613f2f2c
0614030ee
0614133e7
061423141
06143331b
0614431d9
061453409
061463027
061472a84
0614825f8
061492ac4
0614a0000
0614b0000
0614c0000
0614d0000
0614e2cda
0614f2a44
061502ffe
061512e46
061522a5c
061532af4
0615429ec
061552638
061560000
061570000
061582948
061591700
0615a2cba
0615b0000
0615c2cd2
0615d2d1e
0615e29c4
0615f2c4e
061602bd4
061612b98
061622d78
061632c30
061642f26
061652eca
06166316b
06167302d
0616833f1
061693281
0616a322d
0616b35dc
0616c34d0
0616d3686
0616e3785
0616f3612
061703d87
0617138f8
061723ef2
0617339e5
061743cc2
061753db7
061763597
061773834
061783b62
061790000
0617a3fef
0617b0000
0617c3ca9
0617d36d3
0617e3659
0617f3dff
061800000
061810000
061820000
061830000
061840000
061850000
061860000
061870000
061880000
061890000
0618a0000
0618b0000
0618c0000
0618d0000
0618e0000
0618f0000
061900000
061910000
061920000
061930000
061940000
061950000
061960000
061970000
061980000
061990000
0619a0000
0619b2678
0619c2bb0
0619d2a58
0619e2cbe
0619f3056
061a02d3c
061a10000
061a22588
061a30000
061a40000
061a50000
061a60000
061a70000
061a80000
061a90000
061aa0000
061ab0000
061ac0000
061ad0000
061ae0000
061af0000
061b00000
061b10000
061b20000
061b30000
061b40000
061b50000
061b60000
061b70000
061b80000
061b90000
061ba0000
061bb2914
061bc2c02
061bd2caa
061be2c4e
061bf2834
061c00000
061c10000
061c22af8
061c32560
061c40000
061c50000
061c60000
061c70000
061c80000
061c90000
061ca0000
061cb0000
061cc0000
061cd0000
061ce0000
061cf0000
061d00000
061d10000
061d20000
061d30000
061d40000
061d50000
061d60000
061d70000
061d80000
061d92c2a
061da2880
061db2c0e
061dc2a2c
061dd2c96
061de2fc4
061df2d0c
061e02cac
061e12a2c
061e22de2
061e30000
061e40000
061e52f5e
061e60000
061e73668
061e80000
061e93626
061ea0000
061eb0000
061ec372a
061ed0000
061ee35fd
061ef0000
061f00000
061f137d7
061f20000
061f33442
061f40e00
061f52d86
061f60000
061f73a9c
061f80000
061f939e1
061fa2aec
061fb0000
061fc3cbb
061fd0000
061fe3735
061ff3c5a
062003a7f
062013dbc
062023e38
062033a2c
062044089
06205355f
062064102
062073c5a
062084022
062093efa
0620a3d69
0620b4032
0620c3d3a
0620d3e63
0620e3eae
0620f3c60
062103ea6
062113b4b
062123cbc
062133a9a
062143a8d
062153994
062163954
062173863
062183867
062193725
0621a36af
0621b3502
0621c34d7
0621d344c
0621e34b6
0621f357a
06220352d
0622134ad
0622234b1
062233443
0622434f3
062253540
06226353e
06227358c
062283673
0622936e0
0622a3759
0622b379a
0622c3824
0622d3831
0622e3831
0622f3860
0623038cf
0623138f2
0623238b3
062333868
062343776
0623536cb
062363705
0623735ab
062383586
0623934e0
0623a3379
0623b345f
0623c34ca
0623d3445
0623e345b
0623f3453
062403483
06241348a
062423459
06243347c
0624434dc
0624535e9
0624636e6
0624737dd
06248384c
06249389c
0624a383a
0624b387c
0624c38a4
0624d3857
0624e384b
0624f374a
06250374e
0625136f9
062523737
0625337cb
0625436ef
0625536da
06256362a
0625735ae
062583583
0625934b4
0625a352f
0625b3458
0625c34a0
0625d330a
0625e3400
0625f3382
0626033b9
06261333a
0626232aa
062633487
0626432d7
062653369
06266331d
062673154
06268365b
062693756
0626a0000
0626b3edf
0626c0000
0626d40af
0626e0000
0626f3b13
062703821
0627121a0
062723387
062733d0e
062740000
0627540b4
0627635bd
062773c97
062783c58
062793900
0627a3819
0627b3e2b
0627c0000
0627d3d86
0627e39af
0627f0000
062800000
06281400e
062823b2b
06283392a
062844109
062850000
06286411d
062873b20
062883cf2
0628940af
0628a2dc6
0628b40c6
0628c3981
0628d3e3d
0628e3e19
0628f3a37
062903e68
062913a7b
062923caa
062933b3a
062943bb3
062953b03
062963af4
062973a96
062983a73
062993a01
0629a39ea
0629b3939
0629c38d0
0629d3880
0629e385c
0629f381e
062a03790
062a13566
062a235d3
062a33524
062a4359f
062a535fb
062a6351b
062a73602
062a8367e
062a93656
062aa3717
062ab371a
062ac382c
062ad382a
062ae387f
062af38be
062b0396c
062b13996
062b23981
062b339e2
062b4390c
062b53968
062b6390f
062b738aa
062b8388b
062b93863
062ba3726
062bb3830
062bc3701
062bd37a2
062be3748
062bf3794
062c0368c
062c136ce
062c23515
062c336d0
062c434fd
062c536d3
062c6370a
062c73852
062c8385b
062c938f9
062ca38c1
062cb3968
062cc393a
062cd38cf
062ce38de
062cf3841
062d03810
062d137ef
062d23791
062d3384d
062d4382b
062d53854
062d63869
062d73817
062d8386c
062d937ba
062da3849
062db37f0
062dc380d
062dd375a
062de3775
062df3749
062e0367a
062e136fc
062e23634
062e3373b
062e43596
062e53518
062e63710
062e726f8
062e83933
062e90000
062ea34c7
062eb38e4
062ec0000
062ed3c35
062ee0000
062ef332b
062f00000
062f10000
062f20000
062f32c8e
062f40000
062f53441
062f63519
062f70000
062f8383f
062f9352c
062fa0000
062fb3d9a
062fc0000
062fd3b5b
062fe3365
062ff0000
063000000
0630140e4
0630235cf
0630336bf
063044155
063050000
063064141
06307391b
063083888
063094194
0630a0000
0630b416b
0630c3440
0630d3d4f
0630e3eaa
0630f336b
063103f72
063113877
063123d65
063133bb2
063143cc0
063153c17
063163c5c
063173c2a
063183c43
063193bfd
0631a3c1f
0631b3afa
0631c3b00
0631d3a1e
0631e3a25
0631f395e
063203852
06321381d
063223699
0632336e5
063243665
06325364d
063263666
06327361a
063283673
06329368a
0632a3702
0632b3834
0632c3817
0632d38e8
0632e3944
0632f39dd
063303a9e
063313aad
063323b19
063333b22
063343aba
063353abf
063363a8a
063373a66
063383a83
06339396f
0633a39cb
0633b38dc
0633c39a6
0633d38c9
0633e38c6
0633f38af
0634037d5
0634137cf
06342372f
063433665
063443840
063453781
0634638cf
063473924
0634838eb
0634939f5
0634a39d5
0634b3ab5
0634c39dc
0634d3a35
0634e39a1
0634f394c
063503837
06351387a
063523838
0635338e1
0635438f5
063553934
063563996
0635739f2
06358390b
0635939e7
0635a390b
0635b3970
0635c398a
0635d389d
0635e39f1
0635f392e
06360396f
06361393a
063623870
063633930
0636437c3
06365380c
06366380c
063672e46
063683a50
063690000
0636a340d
0636b3afa
0636c0000
0636d3edb
0636e0000
0636f3651
063700000
063710000
063720000
063730000
063740000
063753443
06376302b
063772f86
06378366d
063793909
0637a0000
0637b4012
0637c0000
0637d3c51
0637e3589
0637f0000
063800000
063813958
063820000
063833aa8
063840000
06385370d
063860000
0638735e1
063882758
06389389e
0638a0000
0638b376b
0638c0000
0638d3c51
0638e0000
0638f3c22
063900000
063913a68
063920000
0639338b6
06394369b
063953764
06396362b
0639736a3
06398351c
06399362f
0639a3562
0639b35f3
0639c3658
0639d36ad
0639e371d
0639f3817
063a037bc
063a137a6
063a238a4
063a3390c
063a43902
063a538f0
063a63852
063a73813
063a837d2
063a93719
063aa3762
063ab3817
063ac3765
063ad3775
063ae3839
063af3880
063b038d6
063b13830
063b23856
063b338ee
063b437f3
063b537ba
063b63826
063b73805
063b83722
063b937e3
063ba37ab
063bb37e6
063bc3834
063bd383e
063be3808
063bf3843
063c0360e
063c13643
063c2375a
063c33731
063c43727
063c5381f
063c63739
063c7387c
063c8373e
063c93856
063ca38f9
063cb384e
063cc3799
063cd386b
063ce3873
063cf386b
063d03866
063d13804
063d23854
063d338e9
063d4385e
063d53915
063d6391b
063d737d3
063d83785
063d93740
063da3732
063db36c1
063dc372c
063dd35b3
063de3695
063df37eb
063e03750
063e13777
063e236fb
063e3381a
063e43835
063e53841
063e63895
063e73413
063e83a2f
063e92fda
063ea3bcf
063eb368f
063ec37dd
063ed3bbf
063ee3165
063ef3bae
063f0382d
063f1354f
063f23a06
063f33053
063f43908
063f538d7
063f63b68
063f7351d
063f83b31
063f92b8c
063fa397c
063fb38af
063fc0000
063fd3a60
063fe0000
063ff3314
0640041dc
064010000
0640241bd
0640334f3
064043ebb
064053c9f
064063f6d
0640737c9
064084264
064090000
0640a42fd
0640b29cc
0640c40bc
0640d3aa5
0640e3f4a
0640f3c72
064103ec1
06411382a
064123d36
06413358e
06414387d
0641536c1
064163575
06417343d
06418336b
0641931c3
0641a322b
0641b2f1e
0641c2f58
0641d2fe2
0641e323c
0641f32ad
0642033a9
06421348f
06422350b
0642334cd
064243435
06425350b
06426360c
064273707
064283697
064293698
0642a36fd
0642b3676
0642c362d
0642d35fe
0642e3501
0642f3492
064303418
064313442
064323193
064333069
064342b6c
064352fce
064362c54
064372c5a
064382c6e
0643930e3
0643a2ef6
0643b3115
0643c300f
0643d329d
0643e339d
0643f3486
064403484
064413637
0644234cb
0644335f5
0644434cb
06445364b
064463587
064473508
064483629
0644934f7
0644a355f
0644b3428
0644c34c2
0644d34fb
0644e33bf
0644f3533
064503403
064513441
0645232fd
064533179
0645432d7
064552e0c
06456301b
064572fac
0645831ed
064593210
0645a313a
0645b3339
0645c32fb
0645d34a0
0645e31f7
0645f3129
064603341
064613216
0646231c2
064633259
064642c28
064652e4a
064662c2c
064670000
06468352b
064690000
0646a0000
0646b361b
0646c0000
0646d3983
0646e0000
0646f0000
064703a54
064710000
064723b1c
064730000
064740000
064753407
064760000
064770000
0647834a1
064790000
0647a3c98
0647b0000
0647c0000
0647d0000
0647e0000
0647f0000
0648041d2
064810000
06482418e
064830000
064843de8
064853b05
064863eee
064873193
064884219
064890000
0648a42b5
0648b0000
0648c405d
0648d329b
0648e3f5c
0648f3764
064903e9f
0649126b8
064923c82
064930000
064943523
06495314b
06496306b
0649722f0
06498297c
064990000
0649a0000
0649b0000
0649c0000
0649d0000
0649e22f0
0649f2d02
064a02d6e
064a13193
064a232eb
064a33277
064a4325f
064a5338f
064a634f4
064a735f0
064a8355a
064a9355e
064aa3502
064ab34a1
064ac3423
064ad3373
064ae3147
064af2eb6
064b02fc6
064b12bfc
064b22598
064b30000
064b40000
064b50000
064b60000
064b70000
064b80000
064b90000
064ba29ac
064bb0000
064bc0000
064bd2e3e
064be2bbc
064bf32e2
064c03155
064c13475
064c23468
064c3329b
064c4349c
064c53491
064c63420
064c7338d
064c83189
064c93315
064ca2efa
064cb3019
064cc2fc6
064cd2e54
064ce2f36
064cf2f6a
064d02df2
064d12ce2
064d22b6c
064d325b8
064d42d5a
064d50000
064d61ce0
064d729e0
064d82ba8
064d92e40
064da29f4
064db2b7c
064dc311f
064dd305f
064de307f
064df2728
064e02e62
064e12a4c
064e21480
064e32858
064e40000
064e50000
064e60000
064e70000
064e82c7e
064e90000
064ea0000
064eb2b24
064ec0000
064ed3615
064ee0000
064ef0000
064f03763
064f10000
064f239a1
064f30000
064f40000
064f53830
064f60000
064f70000
064f83501
064f90000
064fa3e15
064fb0000
064fc0000
064fd0000
064fe0000
064ff3566
065003eff
065010000
065023912
065030000
065040000
065053d35
065060000
065070000
065080000
065090000
0650a3db8
0650b0000
0650c3519
0650d0000
0650e0000
0650f0000
065100000
065110000
065120000
065130000
065140000
065150000
065160000
065170000
065180000
065190000
0651a0000
0651b0000
0651c0000
0651d0000
0651e0000
0651f0000
065200000
06521284c
0652220f0
065230000
065240000
065252c0e
065262110
065270000
065280000
065292cf2
0652a2c0a
0652b0000
0652c0000
0652d0000
0652e0000
0652f0000
065300000
065310000
065320000
065330000
065340000
065350000
065360000
065370000
065380000
065390000
0653a0000
0653b0000
0653c0000
0653d0000
0653e0000
0653f0000
065400000
065410000
065420000
065432a1c
0654428dc
065450000
065460000
065470000
065480000
065490000
0654a0000
0654b0000
0654c0000
0654d0000
0654e0000
0654f0000
065500000
065510000
065520000
065530000
065540000
065550000
065560000
065570000
065580000
065590000
0655a0000
0655b0000
0655c0000
0655d0000
0655e0000
0655f0000
065600000
065610000
065620000
065630000
065640000
065650000
065660000
065672070
065680000
06569345f
0656a0000
0656b313b
0656c0000
0656d0000
0656e0000
0656f0000
065703705
065710000
065723c19
0657334e1
065740000
065753e49
065760000
065773786
065780000
065790000
0657a3ffa
0657b0000
0657c3d08
0657d0000
0657e0000
0657f3e38
065800000
065810000
065820000
065830000
065840000
065850000
065860000
065870000
065880000
065890000
0658a0000
0658b0000
0658c0000
0658d0000
0658e0000
0658f0000
065900000
065910000
065920000
065930000
065940000
065950000
065960000
065970000
065980000
065990000
0659a0000
0659b0000
0659c0000
0659d0000
0659e0000
0659f27b8
065a02e86
065a13129
065a22c12
065a32d48
065a41d60
065a50000
065a60000
065a70000
065a80000
065a90000
065aa0000
065ab0000
065ac0000
065ad0000
065ae0000
065af0000
065b00000
065b10000
065b20000
065b30000
065b40000
065b50000
065b60000
065b70000
065b80000
065b90000
065ba0000
065bb2d38
065bc2c20
065bd2c46
065be2920
065bf0000
065c00000
065c10000
065c20000
065c32c44
065c40000
065c50000
065c60000
065c70000
065c80000
065c90000
065ca0000
065cb0000
065cc0000
065cd0000
065ce0000
065cf0000
065d00000
065d10000
065d226b8
065d3287c
065d40000
065d521d0
065d60000
065d70000
065d80000
065d90000
065da2580
065db0000
065dc0000
065dd0000
065de0000
065df2d7c
065e00000
065e12c98
065e23008
065e30000
065e43292
065e531fa
065e6306e
065e73979
065e80000
065e93b57
065ea36ab
065eb0000
065ec409e
065ed0000
065ee409b
065ef38c1
065f03723
065f14076
065f23703
065f33d71
065f43e91
065f51fe0
065f63e01
065f73d91
065f80000
065f94098
065fa0000
065fb3a32
065fc400f
065fd0000
065fe3c36
065ff3d7e
066003ab0
066013e84
0660240d6
066032b9c
0660443a2
066050000
0660643a2
0660739e9
066084114
066093ffa
0660a3d09
0660b40af
0660c3f11
0660d3cb2
0660e41ed
0660f34af
0661041fe
06611379f
066124034
066133b7d
066143d9f
066153cbc
066163cfa
066173c7d
066183ccd
066193c30
0661a3c1b
0661b3b1d
0661c3a68
0661d3a3a
0661e3968
0661f3877
06620381c
0662135af
06622355a
066233506
066243556
06625356e
0662635e6
066273701
06628382c
066293808
0662a389c
0662b387a
0662c38cf
0662d38f5
0662e390a
0662f39ab
066303a56
066313a23
066323a5e
066333ab2
066343a7b
066353aa5
066363a5d
0663739d9
0663839c3
066393965
0663a38d7
0663b38c2
0663c3801
0663d384d
0663e37ad
0663f3861
0664037bf
0664137eb
066423759
06643376d
0664436b9
06645380c
06646387a
066473965
066483999
066493a21
0664a3a20
0664b3a8f
0664c3a31
0664d3a29
0664e3967
0664f3909
06650388d
066513849
06652389b
06653380a
0665438ab
06655380b
06656389c
06657393d
06658392d
066593959
0665a38da
0665b38c5
0665c3964
0665d38fa
0665e395d
0665f3835
066603903
0666138b9
06662386f
066633980
06664381f
066653827
066663a8e
066670000
066683d78
066690000
0666a3bf6
0666b37f7
0666c0000
0666d3c48
0666e0000
0666f34ac
066702cca
066710000
066720000
066730000
066740000
066750000
0667639fc
066770000
06678397e
066793b38
0667a0000
0667b4083
0667c0000
0667d39af
0667e38bd
0667f0000
066803ee1
0668137be
066823e12
066833cee
066843a2f
066854008
066863bbd
066873efc
066883fff
066893bce
0668a4080
0668b3cad
0668c3dd6
0668d3d75
0668e3b82
0668f3db9
066903ad5
066913ba6
0669239dd
0669338b4
066943812
06695369f
06696357a
066973516
066983415
066993299
0669a2fe2
0669b2c8e
0669c2b58
0669d2ca8
0669e2fde
0669f310f
066a02ede
066a132d3
066a233eb
066a3349c
066a434c0
066a535ba
066a635f6
066a73790
066a836c8
066a93691
066aa3669
066ab3705
066ac3610
066ad3701
066ae35d7
066af3615
066b0369f
066b1369f
066b23612
066b33509
066b43328
066b53460
066b632b9
066b7318d
066b8318b
066b93101
066ba300e
066bb3000
066bc2aa4
066bd3006
066be3123
066bf3206
066c0342a
066c13368
066c2338e
066c33380
066c432ff
066c53480
066c634c2
066c735c8
066c83694
066c9370b
066ca3691
066cb36c9
066cc376d
066cd36c9
066ce3784
066cf35ee
066d03659
066d13656
066d235db
066d3372b
066d43550
066d53488
066d632d9
066d73257
066d83313
066d93043
066da317b
066db2eb6
066dc2f7a
066dd30fb
066de2cbe
066df2db6
066e02ba8
066e1314b
066e22f3e
066e33551
066e43265
066e530b1
066e63956
066e70000
066e83dc2
066e90000
066ea3c9a
066eb3c39
066ec0000
066ed3ffc
066ee2fd4
066ef3c2d
066f03fad
066f13347
066f24059
066f33b5e
066f43d47
066f53e55
066f63d94
066f72db6
066f8409c
066f90000
066fa3ef5
066fb3bda
066fc0000
066fd3edd
066fe3635
066ff343c
068003e49
068010000
068023d69
068030000
068043b2d
068050000
068063ca0
068070000
068080000
068093506
0680a0000
0680b3d33
0680c0000
0680d3cb1
0680e0000
0680f398d
068100000
068113712
068120000
068130000
068140000
068150000
068160000
068170000
068180000
068190000
0681a0000
0681b0000
0681c0000
0681d0000
0681e0000
0681f0000
068200000
068210000
068220000
068230000
068240000
068250000
068260000
068270000
068280000
068290000
0682a0000
0682b0000
0682c0000
0682d0000
0682e0000
0682f0000
068300000
068310000
068320000
068330000
068340000
068350000
068360000
068370000
068380000
068390000
0683a0000
0683b0000
0683c0000
0683d0000
0683e0000
0683f0000
068400000
068410000
068420000
068430000
068440000
068450000
068460000
068470000
068480000
068490000
0684a0000
0684b0000
0684c0000
0684d0000
0684e0000
0684f0000
068500000
068510000
068520000
068530000
068540000
068550000
068560000
068570000
068580000
068590000
0685a0000
0685b0000
0685c0000
0685d0000
0685e0000
0685f0000
068600000
068610000
068620000
068630000
068640000
068650000
068660000
068670000
068680000
068690000
0686a0000
0686b0000
0686c0000
0686d0000
0686e0000
0686f0000
068700000
068710000
068722698
068730000
068740000
068750000
068760000
068770000
0687835e2
068790000
0687a0000
0687b0000
0687c0000
0687d0000
0687e0000
0687f3727
0688037d4
068810000
0688238b6
068830000
068843bc8
068850000
068863f7d
068870000
068883c71
068890000
0688a3961
0688b0000
0688c0000
0688d3967
0688e0000
0688f3e11
068900000
068913eb2
068920000
068933b98
068940000
068953633
068960000
0689732af
0689831dc
06899346d
0689a3408
0689b34bd
0689c30f6
0689d344b
0689e3423
0689f2f94
068a02d86
068a127e8
068a20000
068a30000
068a40000
068a50000
068a60000
068a70000
068a80000
068a92530
068aa0000
068ab0000
068ac0000
068ad0000
068ae0000
068af0000
068b00000
068b10000
068b20000
068b30000
068b42520
068b52cac
068b60000
068b72e2a
068b80000
068b92854
068ba305e
068bb2a74
068bc2848
068bd30b2
068be297c
068bf0000
068c031f9
068c12bd4
068c22bec
068c32d12
068c40000
068c50000
068c62cc2
068c70000
068c80000
068c92628
068ca0000
068cb0000
068cc0000
068cd0000
068ce0000
068cf0000
068d00000
068d10000
068d20000
068d30000
068d40000
068d50000
068d60000
068d729f0
068d82dce
068d92c62
068da2dae
068db2ece
068dc30ff
068dd3225
068de309f
068df2eb6
068e03110
068e13096
068e20000
068e30000
068e40000
068e50000
068e60000
068e70000
068e80000
068e90000
068ea0000
068eb0000
068ec0000
068ed0000
068ee0000
068ef0000
068f00000
068f10000
068f20000
068f30000
068f40000
068f50000
068f60000
068f70000
068f80000
068f90000
068fa0000
068fb0000
068fc0000
068fd0000
068fe0000
068ff0000
069003b27
069010000
06902397d
069030000
06904395e
069050000
069063b27
069070000
069080000
069092dc8
0690a0000
0690b3bcf
0690c0000
0690d3819
0690e0000
0690f0000
069100000
069110000
069120000
069130000
069140000
069150000
069160000
069170000
069180000
069190000
0691a0000
0691b0000
0691c0000
0691d0000
0691e0000
0691f0000
069200000
069210000
069222cb2
069230000
069240000
069252c8a
069262eb2
069272ccc
069282d0c
069293047
0692a2cde
0692b2dfa
0692c2b54
0692d0000
0692e0000
0692f0000
069300000
069310000
069320000
069330000
069340000
069350000
069360000
069370000
069380000
069390000
0693a0000
0693b0000
0693c0000
0693d0000
0693e0000
0693f0000
069402d38
069412cda
069422a08
069432eda
069443043
069452d86
069462c22
069470000
069480000
069490000
0694a0000
0694b0000
0694c0000
0694d0000
0694e0000
0694f0000
069500000
069510000
069520000
069530000
069540000
069550000
069560000
069570000
069580000
069590000
0695a0000
0695b0000
0695c0000
0695d0000
0695e0000
0695f0000
069600000
069610000
069620000
069630000
069640000
069650000
069662a1c
069670000
069682a1c
069692c3a
0696a2caa
0696b31b3
0696c31df
0696d353d
0696e34ba
0696f3628
069703cb3
069713bed
069723e1e
069733a4d
069743dab
069753c5f
069763a82
06977314b
069783838
06979321d
0697a3b11
0697b0000
0697c3575
0697d3a2f
0697e371b
0697f3cbc
069800000
069810000
069820000
069830000
069840000
069850000
069860000
069870000
069880000
069890000
0698a0000
0698b0000
0698c0000
0698d0000
0698e0000
0698f0000
069900000
069910000
069920000
069930000
069940000
069950000
069960000
069970000
069980000
069990000
0699a0000
0699b0000
0699c0000
0699d0000
0699e0000
0699f0000
069a00000
069a10000
069a20000
069a30000
069a40000
069a50000
069a60000
069a70000
069a80000
069a90000
069aa0000
069ab0000
069ac0000
069ad0000
069ae0000
069af0000
069b00000
069b10000
069b20000
069b30000
069b40000
069b50000
069b60000
069b70000
069b80000
069b90000
069ba0000
069bb0000
069bc0000
069bd0000
069be0000
069bf0000
069c00000
069c10000
069c20000
069c30000
069c40000
069c50000
069c60000
069c70000
069c80000
069c90000
069ca0000
069cb0000
069cc0000
069cd0000
069ce0000
069cf0000
069d00000
069d10000
069d20000
069d30000
069d40000
069d50000
069d60000
069d70000
069d80000
069d90000
069da0000
069db0000
069dc0000
069dd0000
069de0000
069df0000
069e00000
069e10000
069e20000
069e30000
069e40000
069e50000
069e60000
069e72d3a
069e80000
069e91e40
069ea0000
069eb0000
069ec0000
069ed0000
069ee0000
069ef0000
069f0305d
069f10000
069f23752
069f30000
069f436de
069f50000
069f60000
069f73c71
069f80000
069f93bb9
069fa0000
069fb36f9
069fc0000
069fd3990
069fe0000
069ff366c
06a003c7e
06a013d9c
06a023c4e
06a033fcd
06a043987
06a053ff7
06a063d5a
06a074032
06a083f0b
06a093f61
06a0a3fe2
06a0b3e49
06a0c4004
06a0d3dc4
06a0e3ed3
06a0f3e54
06a103ced
06a113de6
06a123ab5
06a133c39
06a1439ab
06a1539b1
06a1638e9
06a1738aa
06a1836ea
06a193712
06a1a359f
06a1b33b5
06a1c32a5
06a1d3274
06a1e3297
06a1f33f3
06a2033ac
06a213211
06a22319c
06a2330f9
06a24317b
06a253343
06a2631a5
06a27338b
06a2834dc
06a2934cc
06a2a359f
06a2b36ad
06a2c3680
06a2d3755
06a2e3803
06a2f3712
06a303860
06a3138fa
06a323832
06a3337c5
06a34372c
06a35355a
06a36354b
06a373558
06a383309
06a393217
06a3a3165
06a3b2fbc
06a3c3120
06a3d3249
06a3e313a
06a3f30ee
06a4031f9
06a4131b5
06a42304e
06a433107
06a4432e7
06a453467
06a463565
06a4736c0
06a483753
06a4937f2
06a4a37b5
06a4b37f2
06a4c37b7
06a4d37a1
06a4e3775
06a4f3599
06a5035b5
06a5135f3
06a52365f
06a5335a0
06a543663
06a55356d
06a5634cd
06a573510
06a583393
06a593335
06a5a32fe
06a5b334e
06a5c30b6
06a5d300e
06a5e30ae
06a5f2f52
06a602ffa
06a612c2a
06a623018
06a633109
06a642c98
06a652d80
06a662d60
06a672c2e
06a6831e5
06a693751
06a6a0000
06a6b3c8a
06a6c0000
06a6d3e24
06a6e0000
06a6f3d72
06a700000
06a71385d
06a7228c4
06a733999
06a74399b
06a7539fc
06a7641c3
06a770000
06a7842a0
06a790000
06a7a3d40
06a7b3604
06a7c39dc
06a7d0000
06a7e3c72
06a7f39b4
06a803598
06a813f20
06a8236d1
06a83400d
06a84361b
06a853fc1
06a863a5e
06a873f2e
06a883eca
06a893c60
06a8a401a
06a8b3889
06a8c409e
06a8d3ae6
06a8e3e64
06a8f3d92
06a903bbb
06a913db4
06a923aa6
06a933c73
06a943aab
06a953b6d
06a963ac1
06a973a82
06a983a0f
06a993a0f
06a9a398d
06a9b38ec
06a9c3878
06a9d3848
06a9e37e3
06a9f3780
06aa0367b
06aa1345f
06aa2343d
06aa3343f
06aa43489
06aa53450
06aa633bc
06aa73489
06aa834e4
06aa934e1
06aaa3527
06aab3656
06aac35f7
06aad3786
06aae37b7
06aaf3780
06ab038fe
06ab13950
06ab238ee
06ab33924
06ab4392f
06ab538cf
06ab63888
06ab738b9
06ab837de
06ab9380a
06aba3660
06abb3757
06abc3630
06abd36b0
06abe36fa
06abf3663
06ac0359b
06ac13501
06ac23468
06ac333bd
06ac43468
06ac53439
06ac63617
06ac736e3
06ac8376d
06ac93837
06aca387c
06acb388e
06acc38e5
06acd385d
06ace3851
06acf373c
06ad037d5
06ad13651
06ad236fd
06ad3374f
06ad4381a
06ad53787
06ad637f7
06ad7382f
06ad83720
06ad9377a
06ada3724
06adb372d
06adc3663
06add35fc
06ade35ce
06adf356e
06ae034f2
06ae13524
06ae234f8
06ae3358b
06ae433dc
06ae533c5
06ae63475
06ae728e4
06ae8369f
06ae90000
06aea32e3
06aeb33f7
06aec0000
06aed3614
06aee0000
06aef34c7
06af00000
06af10000
06af20000
06af333e8
06af40000
06af52230
06af639c4
06af70000
06af83d75
06af90000
06afa34f3
06afb2d2a
06afc34e7
06afd0000
06afe387a
06aff0000
06b000000
06b01401a
06b020000
06b033fdd
06b04316d
06b053de9
06b063955
06b073cdc
06b083f5a
06b093391
06b0a4093
06b0b0000
06b0c413e
06b0d35eb
06b0e3da2
06b0f3d93
06b1038f1
06b113e52
06b1239d5
06b133d7a
06b143b71
06b153cb4
06b163c1b
06b173c44
06b183c10
06b193c68
06b1a3b77
06b1b3b5f
06b1c3ad9
06b1d3a5f
06b1e39d5
06b1f3973
06b203841
06b213710
06b22368a
06b233624
06b2435b6
06b2535c4
06b2634c9
06b273591
06b2834a4
06b2934c0
06b2a360a
06b2b3684
06b2c36a4
06b2d3811
06b2e38c1
06b2f38ce
06b303a51
06b313a6b
06b323a76
06b333adb
06b343ae9
06b353a34
06b363a90
06b373a82
06b383a75
06b3939ca
06b3a391d
06b3b3919
06b3c39da
06b3d389f
06b3e3880
06b3f38c6
06b403723
06b4135d0
06b4235ec
06b4335aa
06b443516
06b453804
06b46371c
06b473859
06b48386e
06b493952
06b4a397b
06b4b3a26
06b4c39ae
06b4d39f4
06b4e3944
06b4f38d4
06b50382f
06b51380c
06b5237e6
06b53385f
06b54395d
06b553874
06b5639f5
06b5739ac
06b583958
06b5938eb
06b5a393e
06b5b38bc
06b5c38c9
06b5d386c
06b5e3898
06b5f38f8
06b60388e
06b61387b
06b623857
06b633812
06b643782
06b65377e
06b663598
06b672ff2
06b683897
06b69306d
06b6a2e22
06b6b3770
06b6c0000
06b6d39de
06b6e0000
06b6f3874
06b700000
06b710000
06b720000
06b730000
06b740000
06b750000
06b763d08
06b770000
06b78406d
06b790000
06b7a3578
06b7b33d9
06b7c3113
06b7d0000
06b7e3928
06b7f0000
06b800000
06b81349b
06b820000
06b83379e
06b840000
06b853bb9
06b860000
06b873acf
06b880000
06b89363a
06b8a0000
06b8b0000
06b8c37eb
06b8d0000
06b8e39b9
06b8f0000
06b903a0f
06b910000
06b923910
06b9329b4
06b9438a6
06b953458
06b963610
06b97341f
06b983422
06b993407
06b9a3448
06b9b331d
06b9c3565
06b9d35ac
06b9e353d
06b9f365f
06ba036dc
06ba136a6
06ba237ed
06ba3388d
06ba43916
06ba5385b
06ba636b1
06ba73784
06ba8374f
06ba93492
06baa365d
06bab3806
06bac34f5
06bad3659
06bae383f
06baf373e
06bb03844
06bb13877
06bb236c0
06bb3381b
06bb4384d
06bb535ce
06bb636aa
06bb7374b
06bb835ac
06bb936a4
06bba35e5
06bbb368a
06bbc3805
06bbd3718
06bbe368f
06bbf380c
06bc0349f
06bc133ed
06bc2376a
06bc3355d
06bc43587
06bc5381e
06bc63649
06bc73631
06bc837e3
06bc93714
06bca3840
06bcb386b
06bcc3534
06bcd375d
06bce388b
06bcf35f4
06bd037ea
06bd13809
06bd23698
06bd3379f
06bd438f4
06bd537ec
06bd63897
06bd73847
06bd83588
06bd935a9
06bda3671
06bdb3608
06bdc3586
06bdd3533
06bde350e
06bdf3664
06be0365b
06be13644
06be235ac
06be33707
06be437c4
06be53774
06be635ec
06be733c5
06be838fc
06be9302e
06bea3a47
06beb3604
06bec38d5
06bed3837
06bee3802
06bef3a48
06bf03497
06bf139d6
06bf22d86
06bf33991
06bf40000
06bf53c53
06bf639df
06bf7333f
06bf83c04
06bf90000
06bfa3bef
06bfb26e8
06bfc349c
06bfd0e00
06bfe35ba
06bff0000
06c004120
06c010000
06c0240a2
06c033b2a
06c043de1
06c053c5b
06c063f64
06c073e79
06c083c23
06c094050
06c0a385f
06c0b41b6
06c0c32c5
06c0d4112
06c0e3bef
06c0f3f64
06c103c5c
06c113dde
06c1236e4
06c133b7c
06c1433b3
06c15373a
06c1633f9
06c1732fd
06c1830e9
06c19305f
06c1a28fc
06c1b28cc
06c1c0000
06c1d1c40
06c1e2c90
06c1f3001
06c202cc2
06c2130b7
06c2232c9
06c232fb2
06c242e9a
06c25327f
06c2633b3
06c2734b3
06c283542
06c29350c
06c2a351d
06c2b358e
06c2c3500
06c2d348c
06c2e33f5
06c2f3279
06c3032f1
06c3131c3
06c322d5a
06c33288c
06c340000
06c350000
06c360000
06c370000
06c380000
06c392498
06c3a0000
06c3b0000
06c3c0000
06c3d2cf2
06c3e2e8e
06c3f2ca0
06c403326
06c4133a4
06c42330e
06c433332
06c443447
06c453437
06c463447
06c473457
06c48347e
06c493404
06c4a341e
06c4b316c
06c4c32dd
06c4d30d6
06c4e3364
06c4f3174
06c503016
06c5130b1
06c522d1a
06c532ab8
06c540000
06c552b80
06c560000
06c570000
06c582ccc
06c592a10
06c5a2b48
06c5b2dc2
06c5c31f7
06c5d307b
06c5e2eee
06c5f2c34
06c602e76
06c612dfa
06c622c3a
06c632d3c
06c640000
06c650000
06c660000
06c670000
06c681300
06c690000
06c6a0000
06c6b0000
06c6c0000
06c6d2f18
06c6e0000
06c6f0000
06c703056
06c710000
06c722738
06c730000
06c740000
06c750000
06c760000
06c770000
06c783777
06c790000
06c7a2cb2
06c7b0000
06c7c0000
06c7d0000
06c7e0000
06c7f0000
06c8040e5
06c810000
06c824056
06c8337a4
06c843d7a
06c853714
06c86403d
06c873bd3
06c883bca
06c893f26
06c8a3610
06c8b4114
06c8c0000
06c8d4075
06c8e36ea
06c8f3ed4
06c90379a
06c913d4f
06c920000
06c9339da
06c940000
06c9532dd
06c960000
06c970000
06c980000
06c990000
06c9a0000
06c9b0000
06c9c0000
06c9d0000
06c9e0000
06c9f0000
06ca00000
06ca10000
06ca22c7a
06ca32748
06ca41940
06ca52e6a
06ca63157
06ca73207
06ca83455
06ca93205
06caa31bd
06cab32ad
06cac3285
06cad2e4a
06cae2c82
06caf29a4
06cb026a8
06cb10000
06cb20000
06cb30000
06cb40000
06cb50000
06cb60000
06cb70000
06cb80000
06cb90000
06cba0000
06cbb0000
06cbc0000
06cbd0000
06cbe0000
06cbf0000
06cc02f02
06cc13045
06cc22dcc
06cc3311b
06cc43159
06cc531c1
06cc632cd
06cc72f42
06cc82f6a
06cc92dae
06cca2ca2
06ccb0000
06ccc1e20
06ccd0000
06cce0000
06ccf2050
06cd00000
06cd10000
06cd20000
06cd30000
06cd40000
06cd50000
06cd60000
06cd70000
06cd80000
06cd90000
06cda0000
06cdb0000
06cdc22b0
06cdd2c42
06cde2270
06cdf0000
06ce00000
06ce10000
06ce20000
06ce30000
06ce40000
06ce50000
06ce60000
06ce70000
06ce80000
06ce90000
06cea0000
06ceb0000
06cec0000
06ced0000
06cee0000
06cef0000
06cf00000
06cf10000
06cf20000
06cf30000
06cf40000
06cf50000
06cf60000
06cf70000
06cf8365a
06cf90000
06cfa31c5
06cfb0000
06cfc0000
06cfd0000
06cfe0000
06cff2d80
06d003a37
06d010000
06d023715
06d030000
06d043340
06d050000
06d063892
06d070000
06d080000
06d090000
06d0a0000
06d0b3836
06d0c0000
06d0d0000
06d0e0000
06d0f0000
06d100000
06d110000
06d120000
06d130000
06d140000
06d150000
06d160000
06d170000
06d180000
06d190000
06d1a0000
06d1b0000
06d1c0000
06d1d0000
06d1e0000
06d1f0000
06d200000
06d210000
06d220000
06d230000
06d240000
06d250000
06d260000
06d270000
06d280000
06d290000
06d2a0000
06d2b0000
06d2c0000
06d2d0000
06d2e0000
06d2f0000
06d300000
06d310000
06d320000
06d330000
06d340000
06d350000
06d360000
06d370000
06d380000
06d390000
06d3a0000
06d3b0000
06d3c0000
06d3d0000
06d3e0000
06d3f0000
06d400000
06d410000
06d420000
06d430000
06d440000
06d450000
06d460000
06d470000
06d480000
06d490000
06d4a0000
06d4b0000
06d4c0000
06d4d0000
06d4e0000
06d4f0000
06d500000
06d510000
06d520000
06d530000
06d540000
06d550000
06d560000
06d570000
06d580000
06d590000
06d5a0000
06d5b0000
06d5c0000
06d5d0000
06d5e0000
06d5f0000
06d600000
06d610000
06d620000
06d630000
06d640000
06d650000
06d660000
06d670000
06d680000
06d690000
06d6a0000
06d6b0000
06d6c0000
06d6d0000
06d6e0000
06d6f0000
06d7031ee
06d710000
06d723fca
06d730000
06d743ced
06d750000
06d762de2
06d770000
06d780000
06d790000
06d7a0000
06d7b0000
06d7c0000
06d7d380a
06d7e0000
06d7f3b52
06d800000
06d810000
06d820000
06d830000
06d840000
06d850000
06d860000
06d870000
06d880000
06d890000
06d8a0000
06d8b0000
06d8c0000
06d8d0000
06d8e0000
06d8f0000
06d900000
06d910000
06d920000
06d930000
06d940000
06d950000
06d960000
06d970000
06d980000
06d990000
06d9a0000
06d9b0000
06d9c0000
06d9d0000
06d9e0000
06d9f0000
06da02790
06da126a0
06da20000
06da30000
06da40000
06da50000
06da60000
06da70000
06da80000
06da90000
06daa0000
06dab0000
06dac0000
06dad0000
06dae0000
06daf0000
06db00000
06db10000
06db20000
06db30000
06db40000
06db50000
06db60000
06db70000
06db80000
06db90000
06dba0000
06dbb0000
06dbc0000
06dbd0000
06dbe0000
06dbf0000
06dc00000
06dc10000
06dc20000
06dc30000
06dc40000
06dc50000
06dc60000
06dc70000
06dc80000
06dc90000
06dca0000
06dcb0000
06dcc0000
06dcd0000
06dce0000
06dcf0000
06dd00000
06dd10000
06dd20000
06dd30000
06dd40000
06dd50000
06dd60000
06dd70000
06dd80000
06dd90000
06dda0000
06ddb0000
06ddc0000
06ddd0000
06dde0000
06ddf0000
06de00000
06de10000
06de20000
06de30000
06de429bc
06de52d84
06de62b38
06de736ec
06de80000
06de93744
06dea363c
06deb3349
06dec3d11
06ded0000
06dee3f7c
06def30a3
06df03dd3
06df13bfb
06df23e34
06df339e8
06df43ec0
06df53afb
06df60000
06df7432c
06df80000
06df941b7
06dfa0000
06dfb3d2c
06dfc3a68
06dfd3d85
06dfe329b
06dff3965
06e003d59
06e013ed9
06e023dca
06e03406e
06e043ce0
06e053eec
06e0640a9
06e073f20
06e084152
06e093dd8
06e0a414a
06e0b3da1
06e0c40a8
06e0d400b
06e0e3e21
06e0f4155
06e103a5b
06e11415d
06e123918
06e133fee
06e143b35
06e153e07
06e163cb0
06e173cdc
06e183ca6
06e193cc8
06e1a3ba6
06e1b3b34
06e1c3abc
06e1d39e1
06e1e3955
06e1f38a7
06e2036ba
06e2134ea
06e2234b2
06e233375
06e2433fb
06e2534d6
06e2634a7
06e27358f
06e283774
06e2936e2
06e2a3778
06e2b385b
06e2c377e
06e2d3803
06e2e389d
06e2f38c4
06e303973
06e313a41
06e3239a4
06e333a2e
06e343a90
06e353a72
06e363a1e
06e373a47
06e383998
06e39391b
06e3a3918
06e3b386d
06e3c378e
06e3d3821
06e3e37e7
06e3f3745
06e4036cb
06e4136d3
06e4235c8
06e433622
06e4434ca
06e4535c8
06e463810
06e47386a
06e483915
06e493995
06e4a3a04
06e4b39b4
06e4c3a4d
06e4d3989
06e4e3969
06e4f38f6
06e50383d
06e513786
06e52385f
06e5337e0
06e543829
06e553826
06e56385e
06e5738dc
06e583955
06e5938b2
06e5a383d
06e5b38bf
06e5c3844
06e5d387b
06e5e3842
06e5f37aa
06e6037b2
06e613852
06e623812
06e633820
06e64383b
06e65373e
06e66395c
06e6731d1
06e683c19
06e692d42
06e6a3b05
06e6b3291
06e6c35bd
06e6d36d4
06e6e2430
06e6f36c6
06e700000
06e710000
06e720000
06e733659
06e740000
06e750000
06e763379
06e770000
06e783caf
06e790000
06e7a0000
06e7b3b38
06e7c31db
06e7d0000
06e7e35de
06e7f0000
06e803de7
06e8139c3
06e823d34
06e833d0d
06e843c5d
06e853dae
06e863ea5
06e873ee2
06e883e8e
06e894006
06e8a3da3
06e8b4015
06e8c3c7b
06e8d3dd6
06e8e3d49
06e8f3c16
06e903d3a
06e9139f8
06e923a43
06e9338ad
06e9437be
06e953520
06e963500
06e9733ff
06e98310f
06e9930eb
06e9a2130
06e9b0000
06e9c0000
06e9d0000
06e9e0000
06e9f2ad4
06ea00000
06ea11ee0
06ea23057
06ea330d3
06ea43055
06ea533d7
06ea634a5
06ea7350c
06ea83592
06ea93492
06eaa34ce
06eab356b
06eac355d
06ead3563
06eae34e4
06eaf3489
06eb035fc
06eb1360d
06eb234c3
06eb33344
06eb43121
06eb52fba
06eb6306e
06eb72a7c
06eb82788
06eb92964
06eba0000
06ebb0000
06ebc0000
06ebd0000
06ebe2548
06ebf2af4
06ec0306f
06ec13012
06ec22dfc
06ec32ee2
06ec4308a
06ec530ff
06ec63318
06ec73401
06ec83585
06ec935e5
06eca34ef
06ecb35e3
06ecc35c7
06ecd3510
06ece35fe
06ecf34e1
06ed033e7
06ed134a3
06ed23545
06ed3343b
06ed43403
06ed53271
06ed62c7a
06ed72f7e
06ed82d86
06ed92cda
06eda2448
06edb2538
06edc2758
06edd2050
06ede0000
06edf0000
06ee00000
06ee10000
06ee229a4
06ee33239
06ee42768
06ee529a4
06ee63680
06ee70000
06ee83b8c
06ee90000
06eea3c29
06eeb3869
06eec3a28
06eed3c5f
06eee37c3
06eef3d89
06ef03b49
06ef13f26
06ef2399e
06ef3407d
06ef438ae
06ef53f89
06ef63f6c
06ef70000
06ef8416d
06ef90000
06efa3f20
06efb3648
06efc3b91
06efd3145
06efe3d15
06eff39e8
070000000
070013d72
070020000
07003345d
070043907
070050000
070060000
070073d1b
070080000
0700940b4
0700a0000
0700b3e23
0700c0000
0700d3c7d
0700e0000
0700f3a25
070100000
070113be9
070122e5e
070133a9c
0701439b7
070153939
07016393e
0701739a2
070183908
0701938e6
0701a388a
0701b387b
0701c38a2
0701d3720
0701e36e1
0701f3699
07020353b
0702134bd
070223547
070233667
07024378d
0702536ae
070263614
07027362b
07028364a
07029364a
0702a3637
0702b36ad
0702c3761
0702d369f
0702e3821
0702f383c
0703037e3
0703137a9
070323813
07033389a
07034390e
070353873
0703638cd
070373873
07038384a
0703937f4
0703a3826
0703b3835
0703c37bd
0703d381a
0703e380c
0703f37f3
07040373c
070413539
07042363e
07043361b
0704435e4
070453688
070463570
0704737bc
0704835d3
0704936d1
0704a3762
0704b378d
0704c37ff
0704d3710
0704e37c4
0704f37de
0705036b2
0705137f2
07052383e
070533865
070543895
0705538b7
070563916
0705738d9
07058386f
0705937d4
0705a3818
0705b37c1
0705c36c4
0705d36ca
0705e369f
0705f374a
070603634
07061361f
07062380c
070633847
0706439aa
07065395e
070663b3f
070673a5a
070683bb8
070693a35
0706a3ed0
0706b3439
0706c40ca
0706d3712
0706e3f09
0706f3ed1
070700000
070713e83
070723579
07073366f
070744006
070750000
070764104
070773d3a
070782eee
07079427b
0707a0000
0707b40d1
0707c3c6c
0707d3663
0707e3b91
0707f2dc2
070800000
070813943
070820000
070833d5e
070840000
070853e29
070860000
070873b3c
070881b00
0708936fa
0708a3489
0708b376f
0708c0000
0708d3f4e
0708e0000
0708f403a
070900000
070913df5
070920000
0709338af
070943395
0709532c7
0709632dd
0709733b8
070983001
070993187
0709a2a8c
0709b30b8
0709c322a
0709d2e48
0709e319a
0709f340f
070a0331e
070a13477
070a234e8
070a33582
070a4363e
070a535d3
070a6356b
070a73507
070a8353e
070a933df
070aa3326
070ab356c
070ac344c
070ad353a
070ae3570
070af35ce
070b03605
070b1359c
070b23626
070b335d1
070b434a8
070b5337d
070b63494
070b734d4
070b83489
070b9341c
070ba32a1
070bb33c9
070bc31df
070bd327e
070be33f3
070bf3238
070c0322a
070c13115
070c2333c
070c33528
070c43465
070c5336d
070c6345b
070c73580
070c834f8
070c93604
070ca3554
070cb35ee
070cc34e6
070cd35d6
070ce3614
070cf3599
070d03609
070d13578
070d23677
070d33707
070d434ee
070d535ab
070d63449
070d73336
070d8311f
070d93003
070da33cb
070db327f
070dc3193
070dd3135
070de3356
070df3314
070e0334e
070e1341d
070e235d0
070e3374e
070e437c5
070e53800
070e638ef
070e738c8
070e839d9
070e938f5
070ea3d04
070eb3813
070ec3e3f
070ed3af8
070ee3d22
070ef3dea
070f03a73
070f13e7a
070f23c98
070f33d23
070f43f57
070f53bc7
070f63f3e
070f73c24
070f83c4f
070f93dd2
070fa3978
070fb3d0e
070fc3832
070fd3c02
070fe35c3
070ff3b75
071000000
071013cab
0710235e1
071030000
071043f39
071050000
071063aff
071073a3c
071080000
071094014
0710a0000
0710b3d4d
0710c0000
0710d3b25
0710e36fa
0710f36f1
07110368c
071113945
071123600
07113394b
071143950
071153895
0711638d8
071173843
071183871
071193793
0711a3724
0711b376d
0711c36c6
0711d35ed
0711e3571
0711f357a
07120357b
0712133c3
07122330b
07123343f
0712434d4
071253476
0712634a5
071273465
0712834e7
071293490
0712a335f
0712b356e
0712c34d8
0712d3591
0712e35cc
0712f3618
07130366e
07131353c
0713235e6
0713336ab
07134361a
071353575
071363632
071373728
071383700
071393676
0713a36b7
0713b36e9
0713c371c
0713d3700
0713e36e1
0713f35f9
071403579
07141338e
07142351b
071433426
07144340c
071453219
071463482
07147358c
0714835db
0714934fe
0714a35f6
0714b35e1
0714c3561
0714d3598
0714e3499
0714f34c0
071503420
0715134ab
071523612
0715335f4
07154360c
071553664
071563723
0715737c1
071583659
071593753
0715a3632
0715b3742
0715c3596
0715d34ee
0715e3554
0715f34bd
071603480
07161346c
071623438
071633497
07164341a
071653442
071663317
071673425
071683161
0716932cb
0716a34ae
0716b307b
0716c31cb
0716d30e7
0716e2878
0716f30d2
071700000
071710000
071720000
071730000
071740000
071750000
07176322f
07177332b
071780000
071793cae
0717a0000
0717b3b6d
0717c0000
0717d0000
0717e3229
0717f0000
071803c0a
071813c58
071823f19
071833b03
071844029
071853c6f
071863f76
071873f87
071883f92
071894004
0718a3e3b
0718b401b
0718c3cba
0718d3fe3
0718e3ce1
0718f3e63
071903c5c
071913d12
071923c23
071933b44
071943bf9
071953b4c
071963a48
071973a28
0719838bc
07199386b
0719a3742
0719b3646
0719c35f9
0719d3652
0719e35bb
0719f346f
071a03537
071a13703
071a2360b
071a33689
071a437df
071a53814
071a63805
071a73827
071a837a6
071a93705
071aa3717
071ab36ee
071ac374a
071ad37ea
071ae3855
071af3805
071b038b5
071b13890
071b23766
071b33789
071b43835
071b5380d
071b63767
071b7378d
071b83765
071b936af
071ba368a
071bb35c4
071bc351a
071bd34fd
071be351d
071bf35f6
071c03708
071c136d7
071c23532
071c3358a
071c43671
071c536b3
071c6372d
071c73892
071c83853
071c93871
071ca3879
071cb3820
071cc3860
071cd382a
071ce3811
071cf3855
071d03808
071d137f4
071d2371d
071d3382c
071d437af
071d5362b
071d6368d
071d73714
071d8378a
071d935c3
071da3659
071db3613
071dc3582
071dd3569
071de3533
071df3593
071e035c6
071e13666
071e23570
071e337be
071e43773
071e5340f
071e639eb
071e723f0
071e83bcb
071e930fe
071ea3884
071eb3bfd
071ec0000
071ed3c2d
071ee345c
071ef30c0
071f03bb3
071f10000
071f2391d
071f333ed
071f43672
071f534a9
071f63a37
071f70000
071f8397f
071f9315d
071fa283c
071fb3b49
071fc0000
071fd36fb
071fe35a1
071ff0000
072000000
072010000
072020000
072032eb6
072040000
072053561
072060000
072070000
072080000
072090000
0720a0000
0720b0000
0720c0000
0720d0000
0720e0000
0720f0000
072100000
072110000
072120000
072130000
072140000
072150000
072160000
072170000
072180000
072192844
0721a2924
0721b2fa2
0721c3025
0721d304e
0721e2f8e
0721f2c02
072202c00
072212f98
072223027
0722330bf
072242ffa
072252f3a
072262f8e
072273069
072282e7e
072292cde
0722a2c80
0722b2b00
0722c1e60
0722d2260
0722e22f0
0722f0000
072300000
072310000
072320000
072330000
072342710
072352a84
0723621b0
072372c78
072382dd4
072393085
0723a333a
0723b31e1
0723c3047
0723d316d
0723e31da
0723f31f9
072403187
07241311a
072423108
07243309f
072443084
072452f1e
072462ad4
072470000
072480000
072490000
0724a0000
0724b0000
0724c0000
0724d0000
0724e0000
0724f29b0
072502bf4
072512d46
072522d06
0725324f8
072542bc4
072552c4e
072562e52
07257304a
072582f16
0725930a1
0725a2dec
0725b3000
0725c2fca
0725d320c
0725e3191
0725f31d8
0726031dd
072613191
072623305
07263314c
0726432fa
072653375
07266333c
0726734d7
072682d20
072690000
0726a3a27
0726b0000
0726c3e99
0726d0000
0726e38c7
0726f34c3
072700000
0727135a2
07272387c
072730000
072743993
072750000
072762dce
072770000
072780000
072790000
0727a3561
0727b0000
0727c3ca2
0727d0000
0727e0000
0727f3c89
07280384d
072810000
072820000
072833729
072840000
072853bbd
072860000
072870000
072880000
072890000
0728a3845
0728b0000
0728c0000
0728d0000
0728e0000
0728f0000
072900000
072910000
072920000
072930000
072940000
072950000
072960000
072970000
072980000
072990000
0729a0000
0729b0000
0729c0000
0729d0000
0729e0000
0729f0000
072a01300
072a12ff0
072a22e4c
072a32e5e
072a42d86
072a52958
072a62d24
072a72af8
072a823a0
072a929c4
072aa2618
072ab2798
072ac0000
072ad0000
072ae0000
072af0000
072b00000
072b10000
072b20000
072b30000
072b40000
072b50000
072b60000
072b70000
072b80000
072b90000
072ba2a7c
072bb0000
072bc2488
072bd0000
072be0000
072bf0000
072c02488
072c10000
072c22e3a
072c323c0
072c43015
072c52aec
072c628fc
072c70000
072c80000
072c90000
072ca0000
072cb0000
072cc0000
072cd0000
072ce0000
072cf0000
072d02880
072d12330
072d22698
072d30000
072d40000
072d50000
072d60000
072d70000
072d80000
072d90000
072da0000
072db0000
072dc0000
072dd23b0
072de28b4
072df2afc
072e02f08
072e12d30
072e22fe8
072e32ccc
072e430d4
072e532c4
072e62a80
072e73749
072e80000
072e936c3
072ea34a8
072eb0000
072ec3c29
072ed0000
072ee3932
072ef3843
072f035cf
072f13ac7
072f23a88
072f33187
072f4391d
072f53381
072f62638
072f73613
072f834fb
072f90000
072fa3c68
072fb0000
072fc3cd3
072fd0000
072fe0000
072ff3d4e
073003cf6
073010000
073020000
073033a7a
073040000
073053e4b
073060000
073070000
07308392d
073090000
0730a3dcb
0730b0000
0730c0000
0730d0000
0730e0000
0730f351b
073100000
073110000
073120000
073130000
073140000
073150000
073160000
073170000
073180000
073190000
0731a0000
0731b0000
0731c0000
0731d0000
0731e0000
0731f0000
073200000
073210000
073222844
073231bc0
073242090
073250000
073260000
073271ee0
073280000
073290000
0732a0000
0732b0000
0732c0000
0732d0000
0732e0000
0732f0000
073300000
073310000
073320000
073330000
073340000
073350000
073360000
073370000
073380000
073390000
0733a0000
0733b0000
0733c0000
0733d0000
0733e0000
0733f0000
073400000
073410000
073420000
0734328a4
073440000
073452568
073460000
073470000
073480000
073490000
0734a0000
0734b0000
0734c0000
0734d0000
0734e0000
0734f0000
073502788
073510000
073520000
073530000
073540000
073550000
073560000
073570000
073580000
073590000
0735a0000
0735b0000
0735c0000
0735d0000
0735e0000
0735f0000
073600000
073610000
073622b00
073630000
073642d2a
073652dd2
073662010
0736736bf
073680000
0736936f7
0736a35e7
0736b0000
0736c3e82
0736d0000
0736e3b8f
0736f3892
0737038a9
073713db6
073723d6a
073733557
073743caa
073753173
0737630f7
073772d8e
0737838e9
073790000
0737a3e8a
0737b0000
0737c3e4b
0737d2c2a
0737e0000
0737f402c
0738039a4
073810000
0738239dc
073830000
0738433af
07385323f
0738634fb
07387327f
073883537
073890000
0738a3900
0738b0000
0738c3a82
0738d0000
0738e3b2e
0738f0000
073903a18
073910000
073923646
073930000
073940000
073950000
073962d24
073972b3c
0739830c7
073992de8
0739a2eb0
0739b2d98
0739c2d30
0739d2c76
0739e2a84
0739f0000
073a00000
073a128ec
073a20000
073a30000
073a40000
073a50000
073a60000
073a70000
073a827f0
073a92aa8
073aa2ae0
073ab0000
073ac2490
073ad2984
073ae0000
073af0000
073b00000
073b10000
073b20000
073b30000
073b40000
073b51f40
073b60000
073b70000
073b82aa8
073b92888
073ba0000
073bb2200
073bc2428
073bd0000
073be0000
073bf0000
073c02dce
073c12ede
073c225f0
073c30000
073c42afc
073c50000
073c61000
073c70000
073c81a00
073c90000
073ca0000
073cb0000
073cc21d0
073cd0000
073ce0000
073cf0000
073d00000
073d12790
073d21b40
073d30000
073d40000
073d50000
073d60000
073d72aa8
073d82cd0
073d92964
073da0000
073db25b8
073dc23d0
073dd2ea0
073de2cd6
073df0000
073e00000
073e10000
073e22428
073e30000
073e40000
073e50000
073e60000
073e7330a
073e80000
073e93570
073ea0000
073eb0000
073ec31ca
073ed0000
073ee3415
073ef0000
073f00000
073f13534
073f20000
073f33482
073f40000
073f50000
073f60000
073f731d7
073f80000
073f93161
073fa29f4
073fb0000
073fc3984
073fd0000
073fe359a
073ff36fa
074000000
0740139bd
074020000
074030000
074040000
074050000
074060000
07407370d
074080000
074093d7b
0740a0000
0740b35b1
0740c0000
0740d0000
0740e0000
0740f0000
074100000
074112708
074120000
074133005
07414295c
074152bcc
074162f72
0741730f9
0741831e3
074193303
0741a316d
0741b33b5
0741c3382
0741d32c8
0741e3141
0741f3176
0742030b9
074212efa
074222e46
074233079
074243307
07425325f
0742630c5
074272eb0
074282fe2
074293048
0742a2f84
0742b307d
0742c30ad
0742d302b
0742e3103
0742f3129
0743031a7
074313067
07432325b
07433336d
07434347a
0743532ec
074363441
0743734c1
07438349b
07439331b
0743a348d
0743b3425
0743c34b6
0743d342a
0743e340c
0743f3289
0744032f2
074412f9c
0744232dc
0744330d1
07444320e
074452f22
074462f56
07447308d
074482c0a
074492f7e
0744a2ea0
0744b308d
0744c2f66
0744d2c12
0744e315c
0744f2eaa
0745030d7
0745131cc
0745232d1
07453347c
07454336e
0745535ea
0745635af
074573560
07458344d
07459341a
0745a34e0
0745b331e
0745c3357
0745d30f8
0745e329c
0745f3376
0746030ec
0746131c2
074623305
074633268
074643528
07465352a
074663529
07467386e
074682eaa
074693883
0746a38a9
0746b0000
0746c3ca4
0746d0000
0746e39bb
0746f3a44
074700000
074713ce6
074720000
074733921
074743c01
074750000
074763ce1
074773c27
074780000
074793f4c
0747a0000
0747b3cd6
0747c394b
0747d3669
0747e387a
0747f392c
074800000
074813b9c
074820000
074832db6
074840000
074850000
074860000
0748738fe
074880000
074893e71
0748a0000
0748b38db
0748c0000
0748d35f2
0748e0000
0748f3035
074900000
0749136b4
074920000
0749336cd
074943426
074953467
074963479
0749735c5
07498351e
0749935fb
0749a354f
0749b3639
0749c368b
0749d34ef
0749e3490
0749f3445
074a0342c
074a1323d
074a23175
074a332e3
074a4343d
074a5344c
074a6333b
074a73187
074a832ec
074a9328c
074aa331e
074ab33ff
074ac3444
074ad342d
074ae3499
074af3505
074b0344d
074b134b1
074b234e4
074b33631
074b4363f
074b53491
074b635d1
074b73670
074b835d2
074b9361f
074ba3559
074bb3645
074bc3693
074bd3597
074be3697
074bf34b2
074c0352f
074c13406
074c233a0
074c334ee
074c432e1
074c53211
074c632c3
074c731bb
074c833bb
074c931d1
074ca342a
074cb340e
074cc3307
074cd3347
074ce33c7
074cf33e5
074d03434
074d1352e
074d235a2
074d33629
074d4358a
074d5372e
074d63770
074d7367c
074d83639
074d935b7
074da368e
074db364e
074dc344d
074dd3495
074de3415
074df3558
074e03449
074e13492
074e235a9
074e3352d
074e4379f
074e537af
074e63744
074e739fa
074e834b8
074e93a97
074ea3b3d
074eb32d1
074ec3e58
074ed3247
074ee3cb4
074ef3c85
074f00000
074f13d93
074f22498
074f33943
074f43c84
074f50000
074f63dc9
074f73dc7
074f80000
074f94101
074fa0000
074fb3e25
074fc3c99
074fd331b
074fe3afe
074ff35f5
075000000
075013e34
075023811
075030000
075044110
075050000
075063ebb
075073ac6
075080000
075094107
0750a0000
0750b3fc4
0750c31f9
0750d3e03
0750e3bdf
0750f3990
075103c3a
075113bec
075123bd8
075133cb6
075143cca
075153c45
075163c3e
075173c4b
075183c1c
075193a93
0751a39e6
0751b39fa
0751c39d9
0751d38ab
0751e380c
0751f369a
07520353e
07521342f
0752235c3
075233834
0752437f1
07525367d
0752637d4
075273818
075283817
0752936e2
0752a36b2
0752b387d
0752c3862
0752d3821
0752e389f
0752f3999
075303889
075313845
07532387d
0753338cb
075343930
075353a04
075363945
0753739a5
07538386b
07539385d
0753a38df
0753b38fc
0753c389c
0753d3823
0753e3919
0753f3988
075403829
075413889
0754237de
07543363e
07544361a
0754536c1
0754637f1
07547383a
0754838ad
0754937bb
0754a3818
0754b3801
0754c38b4
0754d3859
0754e388c
0754f37c1
0755035aa
075513835
07552384e
07553383b
0755438ac
075553913
07556399b
075573a57
075583a36
0755939e3
0755a3943
0755b3885
0755c38d1
0755d38ab
0755e3843
0755f38d6
0756037b8
075613872
07562377e
07563395d
075643995
07565390b
075663cca
075673403
075683ef7
075693507
0756a3ec6
0756b384d
0756c3d9d
0756d3afe
0756e3c67
0756f3c62
075700000
0757134cb
075720000
075730000
075743e95
075750000
07576409a
075773592
07578341d
0757941a6
0757a0000
0757b415e
0757c0000
0757d3719
0757e3acd
0757f0000
075803edf
0758138ff
075824147
075833423
0758441d1
0758534d7
075864195
075873cd4
075884160
075893e1f
0758a401c
0758b3f05
0758c400e
0758d3c44
0758e4157
0758f391f
0759040e5
075913869
075923e80
075933a04
075943bc6
075953b06
075963af7
0759739e5
0759839a4
075993921
0759a3921
0759b3840
0759c369a
0759d37be
0759e3724
0759f35aa
075a03566
075a1347b
075a235be
075a335ea
075a43645
075a536c6
075a636fd
075a73820
075a83740
075a93823
075aa374b
075ab35c4
075ac36dc
075ad3727
075ae383c
075af379b
075b0385e
075b1385d
075b237d8
075b337e7
075b4378a
075b5384f
075b6380d
075b7369e
075b8370c
075b936ed
075ba36ca
075bb3593
075bc358d
075bd3581
075be35c1
075bf370f
075c03703
075c13793
075c2365a
075c334b2
075c4362b
075c53719
075c63757
075c73811
075c83844
075c93866
075ca3898
075cb383d
075cc3869
075cd3865
075ce36eb
075cf3768
075d03669
075d13618
075d235d4
075d335a3
075d43788
075d535be
075d636c8
075d737f7
075d837d6
075d9386b
075da36e4
075db36f1
075dc36ab
075dd3620
075de3694
075df34f6
075e03657
075e1355b
075e2339d
075e33600
075e4327f
075e53142
075e63452
075e70000
075e83936
075e90000
075ea0000
075eb3b3b
075ec0000
075ed3c68
075ee0000
075ef0000
075f038c7
075f10000
075f20000
075f30000
075f40000
075f538c7
075f60000
075f70000
075f835fb
075f90000
075fa2110
075fb34ab
075fc0000
075fd35d6
075fe0000
075ff0000
076000000
076010000
076020000
076033af7
076040000
076053ca8
076060000
076070000
076080000
076090000
0760a0000
0760b0000
0760c0000
0760d0000
0760e0000
0760f35b5
076100000
076110000
076120000
076130000
076140000
076150000
076160000
076170000
076180000
076190000
0761a0000
0761b0000
0761c0000
0761d0000
0761e0000
0761f0000
076200000
076212f32
076222fa6
076232d32
076242c26
076252bd8
076262570
076270000
076280000
076290000
0762a0000
0762b0000
0762c0000
0762d0000
0762e0000
0762f0000
076300000
076310000
076320000
076330000
076340000
076350000
076360000
076370000
076380000
076390000
0763a0000
0763b0000
0763c0000
0763d0000
0763e0000
0763f0000
076400000
076410000
076420000
076431ea0
076442b24
076450000
076460000
076470000
076480000
076490000
0764a0000
0764b0000
0764c0000
0764d0000
0764e0000
0764f0000
076500000
076510000
076520000
076530000
076540000
076550000
076560000
076570000
076580000
076590000
0765a0000
0765b0000
0765c0000
0765d0000
0765e0000
0765f24f8
076600000
076610000
076622c38
076630000
076642a64
076652e2e
076660000
076673885
076680000
076693765
0766a0000
0766b0000
0766c3940
0766d0000
0766e32a5
0766f370b
076703023
076713cfe
076723939
076733a8a
07674381e
076753dba
076760000
07677383e
07678364a
076790000
0767a3ee1
0767b0000
0767c3a87
0767d343b
0767e0000
0767f4045
076800000
076810000
076820000
076830000
076840000
076850000
076860000
076870000
076880000
076890000
0768a0000
0768b0000
0768c0000
0768d0000
0768e0000
0768f0000
076900000
076910000
076920000
076930000
0769420b0
076952c1a
076962f1e
076972e52
0769830b5
076993291
0769a3408
0769b34c9
0769c34d2
0769d342a
0769e32e9
0769f32b0
076a03462
076a13287
076a2316f
076a330bd
076a4317f
076a53051
076a63031
076a72b08
076a82dac
076a92ec2
076aa3047
076ab2e52
076ac3102
076ad2e4e
076ae2f52
076af2d2a
076b02768
076b12488
076b22bd0
076b32fae
076b43245
076b52fec
076b6311c
076b732b4
076b8330a
076b93409
076ba34d5
076bb34ad
076bc35c3
076bd3534
076be34ae
076bf348d
076c03293
076c132b9
076c23301
076c3326d
076c4334b
076c53220
076c630f9
076c72c5c
076c82390
076c90000
076ca25d8
076cb2a60
076cc1580
076cd28c0
076ce2170
076cf2dd0
076d02e6e
076d12e4a
076d2308c
076d32bb4
076d4310b
076d53389
076d63492
076d734c8
076d83315
076d934a1
076da33c7
076db344e
076dc34a3
076dd3373
076de34a9
076df3471
076e03496
076e13171
076e23398
076e32bec
076e4310f
076e5353b
076e60000
076e739f1
076e80000
076e93853
076ea0000
076eb0000
076ec39c6
076ed0000
076ee21c0
076ef2ec2
076f00000
076f1360b
076f20000
076f30000
076f40000
076f50000
076f60000
076f737db
076f80000
076f9368f
076fa0000
076fb0000
076fc3b77
076fd0000
076fe0000
076ff3939
078003c0b
078010000
0780236bb
07803394f
078040000
078053dfb
078060000
078073dbe
078080000
078093d39
0780a0000
0780b3de7
0780c0000
0780d3ca0
0780e0000
0780f3a84
078100000
0781135b7
078120000
07813309f
078140000
078150000
078160000
078170000
078180000
078190000
0781a0000
0781b0000
0781c0000
0781d0000
0781e0e00
0781f26a0
078202d1c
078212e96
078222f3a
078232eb2
078242dfe
078252f3a
078263105
0782730da
07828313a
07829305b
0782a30fa
0782b3003
0782c2dda
0782d2d02
0782e2638
0782f0000
078300000
078310000
078320000
078330000
078340000
078350000
078360000
078370000
078380000
078390000
0783a0000
0783b0000
0783c2a3c
0783d0000
0783e2cbe
0783f2bd4
078402ea8
078413172
078422fd0
0784331ff
078442ed8
078453071
078462e76
078472d22
078482aa4
078492a54
0784a0000
0784b0000
0784c0000
0784d0000
0784e0000
0784f0000
078502020
078510000
078520000
078530000
078540000
078550000
078560000
078570000
078582020
078592758
0785a28dc
0785b2b38
0785c2cbe
0785d2b8c
0785e2cfe
0785f2448
078602a2c
078612aa8
078620000
078630000
078640000
078650000
078660000
078670000
078680000
078690000
0786a0000
0786b0000
0786c0000
0786d0000
0786e0000
0786f0000
078703b30
078710000
078723c6d
078730000
078743093
078750000
078760000
078770000
078780000
078790000
0787a0000
0787b0000
0787c0000
0787d3d05
0787e0000
0787f3edc
078803587
078812d56
078823a04
078830000
078843a48
078850000
078863724
0788735e5
078880000
078893da1
0788a0000
0788b402e
0788c0000
0788d3f25
0788e0000
0788f3d83
078900000
078913baa
078920000
078933956
078940000
0789536b5
078963089
0789734c6
078983421
0789934e7
0789a3512
0789b3501
0789c3458
0789d3504
0789e3495
0789f3315
078a033a4
078a1311b
078a23089
078a32f42
078a42d56
078a52ddc
078a62f1e
078a73083
078a82ed2
078a93188
078aa30c1
078ab307c
078ac30b6
078ad2f72
078ae303d
078af3037
078b02f7e
078b1309a
078b23047
078b33051
078b4314a
078b532b6
078b63133
078b732a0
078b831e8
078b931aa
078ba331f
078bb31cd
078bc32d1
078bd3220
078be326b
078bf3238
078c03360
078c13348
078c232d1
078c3326f
078c4316b
078c53296
078c631a0
078c73159
078c830c4
078c93148
078ca310a
078cb30eb
078cc30ef
078cd2f80
078ce2d60
078cf3066
078d02b3c
078d12f3c
078d22974
078d32c22
078d42d22
078d52e7a
078d6302d
078d73146
078d83309
078d93327
078da3351
078db3399
078dc3459
078dd3469
078de343f
078df3400
078e03418
078e13386
078e23245
078e32f76
078e42e30
078e52788
078e60000
078e70000
078e80000
078e90000
078ea0000
078eb0000
078ec0000
078ed0000
078ee0000
078ef0000
078f00000
078f10000
078f20000
078f30000
078f40000
078f50000
078f60000
078f70000
078f80000
078f90000
078fa0000
078fb2c1a
078fc0000
078fd3331
078fe0000
078ff323c
079003d59
079010000
079023965
079031780
079040000
079053b81
079060000
079073aa4
079080000
079093912
0790a0000
0790b39cf
0790c0000
0790d3700
0790e0000
0790f348c
079100000
079112a6c
079120000
079130000
079140000
079150000
079160000
079170000
079180000
079190000
0791a0000
0791b0000
0791c2718
0791d2788
0791e2d2a
0791f2cc4
079203014
0792130c1
07922325f
079233259
079243239
079253349
0792632db
079273421
0792832cc
079293367
0792a3351
0792b3240
0792c3253
0792d3075
0792e302d
0792f2dae
079302bcc
079312c92
079322954
0793326d8
0793422f0
079352bdc
079362200
07937290c
0793825c0
079392a64
0793a2b84
0793b2b94
0793c2d0a
0793d2c26
0793e3049
0793f3021
0794032ca
079413265
079423310
079433291
07944332c
07945327e
07946326b
079472f7a
079482f06
079492e6e
0794a2e02
0794b2aec
0794c2eba
0794d2a64
0794e3044
0794f2f58
079503118
0795130c5
079522f8e
079533077
079542d86
079553075
0795628e4
079572f70
079582cba
079592f7c
0795a2ee6
0795b2eaa
0795c2f2a
0795d3037
0795e300f
0795f2f4e
07960301d
079612f56
079623067
079633055
079643092
079653110
079663198
0796731e5
07968328b
0796933dd
0796a31b1
0796b354e
0796c3418
0796d358d
0796e35d1
0796f357e
079703aa6
079713874
079723bf6
079733a1f
0797438c0
079753cb2
079762ff6
0797739ca
07978343b
07979338e
0797a38a7
0797b3653
0797c2710
0797d3bdb
0797e0000
0797f3d9c
079803307
079810000
079820000
079830000
079840000
079850000
079860000
079870000
079880000
079890000
0798a0000
0798b0000
0798c0000
0798d0000
0798e0000
0798f0000
079900000
079910000
079920000
079930000
079940000
079950000
079960000
079970000
079980000
079990000
0799a28c4
0799b2eb4
0799c2f24
0799d3060
0799e2fc8
0799f318e
079a03014
079a12ebe
079a22c88
079a32d9e
079a42500
079a52190
079a61fa0
079a71100
079a82488
079a92568
079aa26e0
079ab0000
079ac26d8
079ad0000
079ae0000
079af0000
079b00000
079b10000
079b20000
079b31e00
079b42050
079b52448
079b628ec
079b72870
079b82b1c
079b92c2a
079ba2c7c
079bb2e96
079bc2fae
079bd3051
079be2ffa
079bf2f56
079c02dc2
079c12d64
079c22e9a
079c32e56
079c42d4e
079c52bb8
079c62b1c
079c71980
079c80000
079c90000
079ca0000
079cb0000
079cc0000
079cd19c0
079ce0000
079cf0000
079d00000
079d11940
079d223f0
079d30000
079d41bc0
079d523c0
079d62a58
079d72428
079d82bbc
079d92ef0
079da2f60
079db2f5a
079dc3061
079dd2f9c
079de30db
079df309a
079e03079
079e12eac
079e230ce
079e32bec
079e42b54
079e53120
079e60000
079e73454
079e80000
079e92f34
079ea2a38
079eb0000
079ec3894
079ed0000
079ee383f
079ef0000
079f0309d
079f1296c
079f22dbe
079f332a7
079f40000
079f53831
079f60000
079f73b75
079f80000
079f93806
079fa3517
079fb0000
079fc3c69
079fd0000
079fe3bf8
079ff0000
07a000000
07a013e72
07a023523
07a033d49
07a0439f5
07a053bb2
07a063c7e
07a073c24
07a083ce4
07a093cb7
07a0a3bf3
07a0b3d2b
07a0c3b69
07a0d3cac
07a0e3b3d
07a0f3c45
07a103a5a
07a113b87
07a1238f9
07a1339e9
07a143835
07a153892
07a163781
07a173770
07a183667
07a19362c
07a1a3560
07a1b34b5
07a1c344a
07a1d3433
07a1e340b
07a1f34c3
07a203487
07a213458
07a223424
07a233445
07a243421
07a2534b4
07a26349c
07a2734d0
07a28354b
07a2935a2
07a2a35e1
07a2b3628
07a2c367c
07a2d367e
07a2e36a5
07a2f36be
07a30371f
07a31378c
07a32372a
07a3336f2
07a343619
07a35359f
07a363592
07a37351f
07a3834ab
07a393476
07a3a33b9
07a3b33ec
07a3c3448
07a3d342b
07a3e340e
07a3f341c
07a403418
07a41341a
07a42340e
07a43343b
07a44345b
07a4534ec
07a463599
07a473622
07a483689
07a4936fd
07a4a36cd
07a4b36c0
07a4c3733
07a4d36a0
07a4e36da
07a4f35ef
07a503608
07a5135ac
07a5235d7
07a53362c
07a54359c
07a5535d5
07a563508
07a573544
07a58347e
07a593483
07a5a3464
07a5b3432
07a5c3418
07a5d3350
07a5e33ce
07a5f3335
07a60337b
07a613393
07a623296
07a633439
07a6432c8
07a6533b0
07a6632e5
07a673298
07a6834e7
07a6935ef
07a6a1dc0
07a6b3b71
07a6c0000
07a6d3afe
07a6e35d7
07a6f0000
07a703da2
07a710000
07a723e05
07a730000
07a743f0a
07a750000
07a76406b
07a770000
07a783f03
07a7924b8
07a7a3779
07a7b3cb1
07a7c0000
07a7d3cdc
07a7e0000
07a7f3ac2
07a800000
07a813efb
07a823233
07a833b7a
07a843cdf
07a853105
07a863e4f
07a8735d4
07a883daa
07a8939f1
07a8a3bf2
07a8b3b00
07a8c3b46
07a8d3b89
07a8e3ae2
07a8f3b55
07a90398d
07a913b3f
07a9238d7
07a933a19
07a9438ee
07a953959
07a9638d3
07a9738eb
07a98389a
07a993883
07a9a3845
07a9b380c
07a9c374c
07a9d3714
07a9e36ad
07a9f368c
07aa0360a
07aa134fb
07aa234e1
07aa334c9
07aa43483
07aa5352f
07aa63472
07aa7351d
07aa8351c
07aa93591
07aaa3579
07aab35f2
07aac3650
07aad367a
07aae36fa
07aaf3713
07ab03803
07ab13823
07ab2381a
07ab33857
07ab437c5
07ab537fb
07ab637b2
07ab73744
07ab836e6
07ab936c2
07aba363c
07abb3606
07abc3652
07abd357d
07abe3688
07abf3549
07ac03614
07ac134e0
07ac23558
07ac334b3
07ac43551
07ac534e7
07ac6362c
07ac73625
07ac8371d
07ac9370e
07aca37b9
07acb3787
07acc3829
07acd3713
07ace37b6
07acf368b
07ad03695
07ad13635
07ad23614
07ad336ad
07ad4364e
07ad53707
07ad6367c
07ad736d9
07ad83659
07ad9368a
07ada3653
07adb365e
07adc3643
07add361c
07ade35ec
07adf35f2
07ae0357a
07ae135ca
07ae2352c
07ae335c9
07ae43508
07ae5347e
07ae635c6
07ae73047
07ae836ee
07ae93067
07aea3135
07aeb3850
07aec0000
07aed394b
07aee0000
07aef2e3e
07af02d46
07af10000
07af22cf6
07af30000
07af437fd
07af50000
07af63cad
07af70000
07af83c05
07af90000
07afa2e9e
07afb3947
07afc0000
07afd3858
07afe2a1c
07aff2fbc
07b000000
07b013eb0
07b0233d3
07b033635
07b043ee6
07b050000
07b06401d
07b070000
07b083e28
07b093785
07b0a3a7d
07b0b3a28
07b0c39b4
07b0d3b6d
07b0e394d
07b0f3b7d
07b103806
07b113c18
07b123821
07b133b58
07b14394e
07b153aa3
07b16397b
07b173a55
07b18399b
07b1939ff
07b1a3981
07b1b394f
07b1c38ef
07b1d389c
07b1e3868
07b1f3820
07b2036df
07b21367e
07b2235a3
07b233598
07b243532
07b253559
07b26353d
07b2734f9
07b283581
07b293534
07b2a35df
07b2b362e
07b2c36bb
07b2d3700
07b2e380c
07b2f3825
07b3038d1
07b3138d8
07b323909
07b333926
07b3438e8
07b3538dc
07b3638b2
07b3738c9
07b383885
07b393848
07b3a3824
07b3b37c1
07b3c37d3
07b3d37e3
07b3e36c4
07b3f378d
07b4035b6
07b4136b1
07b42355c
07b4335e2
07b4435e7
07b4536aa
07b4636ce
07b47379e
07b4837b8
07b493837
07b4a3868
07b4b38a1
07b4c38a0
07b4d3843
07b4e387c
07b4f376a
07b503778
07b513622
07b523768
07b533656
07b543825
07b55371e
07b56385a
07b573824
07b5837e7
07b593830
07b5a37bc
07b5b37e7
07b5c3802
07b5d379d
07b5e3810
07b5f3811
07b603808
07b613808
07b6236f3
07b6337c3
07b643654
07b65367b
07b66364f
07b673221
07b683809
07b693103
07b6a3057
07b6b3965
07b6c0000
07b6d3ae5
07b6e0000
07b6f0000
07b70317b
07b710000
07b7230a1
07b730000
07b743998
07b750000
07b763eb3
07b770000
07b783d58
07b790000
07b7a0000
07b7b3b90
07b7c0000
07b7d3905
07b7e2230
07b7f0000
07b800000
07b81389b
07b820000
07b8338e2
07b8428fc
07b85346d
07b863445
07b870000
07b883996
07b890000
07b8a3b73
07b8b0000
07b8c3b72
07b8d0000
07b8e3a78
07b8f0000
07b9038bd
07b911d60
07b9237d3
07b933144
07b9437c3
07b9534b8
07b963607
07b9734e6
07b983512
07b9934c9
07b9a351b
07b9b34c1
07b9c3566
07b9d3570
07b9e35af
07b9f3640
07ba03661
07ba135f9
07ba23728
07ba33782
07ba43762
07ba53784
07ba63700
07ba73648
07ba8363d
07ba9360b
07baa35d0
07bab365d
07bac35f3
07bad3609
07bae36aa
07baf36a1
07bb03746
07bb136f0
07bb23696
07bb3371d
07bb436c4
07bb5360d
07bb63659
07bb73686
07bb835b0
07bb93635
07bba366e
07bbb35e7
07bbc36ae
07bbd36b4
07bbe366e
07bbf363a
07bc035d9
07bc134d8
07bc23629
07bc33586
07bc435ee
07bc53662
07bc6361a
07bc73635
07bc8368d
07bc9366d
07bca3746
07bcb36c3
07bcc3681
07bcd363f
07bce3752
07bcf366b
07bd03735
07bd13659
07bd236ad
07bd33734
07bd43718
07bd53776
07bd63789
07bd736db
07bd835ab
07bd9361c
07bda35ac
07bdb35a2
07bdc35a5
07bdd3552
07bde350d
07bdf362d
07be035f5
07be13606
07be235b8
07be33660
07be43676
07be5366e
07be63731
07be73435
07be83834
07be933ce
07bea3866
07beb3806
07bec32ce
07bed3ad5
07bee2910
07bef3aa4
07bf0332d
07bf13847
07bf2350d
07bf33586
07bf436ca
07bf53571
07bf63acf
07bf72934
07bf83b10
07bf92020
07bfa3803
07bfb3825
07bfc0000
07bfd3984
07bfe0000
07bff3894
07c003b4a
07c013b14
07c023718
07c033f5f
07c040000
07c05410f
07c060000
07c0740ac
07c080000
07c093fce
07c0a0000
07c0b400a
07c0c2c52
07c0d3eff
07c0e35c4
07c0f3d97
07c1038ed
07c113b4c
07c1237a7
07c133913
07c14345c
07c1536d6
07c16344c
07c173482
07c18328b
07c19332f
07c1a31b5
07c1b3179
07c1c30af
07c1d3192
07c1e320c
07c1f32c9
07c203362
07c213413
07c223469
07c233456
07c24342f
07c25348a
07c2634f8
07c27359c
07c2835b4
07c293571
07c2a35af
07c2b3576
07c2c3557
07c2d34f4
07c2e34b8
07c2f3425
07c3033ff
07c3133c3
07c323265
07c333159
07c34305d
07c3530a1
07c363074
07c372f50
07c3830c0
07c3930bb
07c3a31cf
07c3b30ca
07c3c32c7
07c3d3163
07c3e3437
07c3f3361
07c4034bb
07c41348f
07c4234de
07c4334ce
07c4434b3
07c4534c6
07c463525
07c47346d
07c48352e
07c49344a
07c4a34f2
07c4b33a9
07c4c3453
07c4d3469
07c4e3381
07c4f34b4
07c503335
07c51345a
07c523267
07c533337
07c54324f
07c553152
07c563148
07c5730f4
07c5832cb
07c5931b5
07c5a32e3
07c5b32de
07c5c3330
07c5d33e4
07c5e3311
07c5f3211
07c603290
07c6132df
07c623219
07c6332be
07c64305e
07c653071
07c6630bc
07c671da0
07c6833eb
07c692210
07c6a21d0
07c6b3587
07c6c0000
07c6d362c
07c6e0000
07c6f0000
07c7038ff
07c710000
07c7238df
07c730000
07c740000
07c7524d0
07c760000
07c770000
07c780000
07c790000
07c7a0000
07c7b35e2
07c7c0000
07c7d3b86
07c7e0000
07c7f3b61
07c803bf2
07c813899
07c823817
07c833df8
07c840000
07c854091
07c860000
07c874073
07c880000
07c894006
07c8a0000
07c8b405a
07c8c0000
07c8d3f09
07c8e0000
07c8f3d83
07c903451
07c913adb
07c92321a
07c933844
07c942aec
07c9534f3
07c962f3e
07c9730ab
07c982cf6
07c992dca
07c9a2b34
07c9b2974
07c9c2618
07c9d2c5e
07c9e2daa
07c9f2fa2
07ca030c8
07ca13184
07ca23301
07ca33289
07ca43371
07ca5331b
07ca63492
07ca734c1
07ca83516
07ca9349c
07caa3493
07cab345a
07cac3406
07cad3383
07cae321d
07caf3159
07cb030c7
07cb13053
07cb22de6
07cb329ec
07cb424d8
07cb52ca6
07cb62538
07cb728b4
07cb82ac0
07cb92af4
07cba2e66
07cbb2cde
07cbc2de2
07cbd3017
07cbe3087
07cbf3247
07cc032ef
07cc1336a
07cc23458
07cc33309
07cc4345f
07cc5336b
07cc63470
07cc732e3
07cc832c1
07cc9327f
07cca31ad
07ccb30ef
07ccc3107
07ccd30f4
07cce3078
07ccf315a
07cd03088
07cd13027
07cd23040
07cd32e8e
07cd43053
07cd52d82
07cd62dbc
07cd72f70
07cd82fb0
07cd930b5
07cda2f56
07cdb30db
07cdc30b6
07cdd3209
07cde3127
07cdf3031
07ce02f74
07ce13056
07ce22d16
07ce32f22
07ce41ee0
07ce52370
07ce624a0
07ce70000
07ce82d64
07ce90000
07cea0000
07ceb3073
07cec0000
07ced3168
07cee0000
07cef0000
07cf0378e
07cf10000
07cf23877
07cf30000
07cf40000
07cf523b0
07cf60000
07cf70000
07cf82c2e
07cf90000
07cfa0000
07cfb30c2
07cfc0000
07cfd3ca4
07cfe0000
07cff3dad
07d003dec
07d010000
07d023a2e
07d030000
07d040000
07d0539a9
07d060000
07d07390d
07d080000
07d0935a7
07d0a0000
07d0b3564
07d0c0000
07d0d0000
07d0e0000
07d0f0000
07d100000
07d110000
07d120000
07d130000
07d140000
07d150000
07d160000
07d170000
07d180000
07d190000
07d1a0000
07d1b0000
07d1c0000
07d1d0000
07d1e0000
07d1f0000
07d202ccc
07d212cbe
07d222e9e
07d23295c
07d242e32
07d252e36
07d262efe
07d272de0
07d282d8a
07d292fb2
07d2a2f66
07d2b2c12
07d2c22b0
07d2d2230
07d2e0000
07d2f0000
07d300000
07d310000
07d320000
07d330000
07d340000
07d350000
07d360000
07d370000
07d380000
07d390000
07d3a0000
07d3b0000
07d3c0000
07d3d29d4
07d3e0000
07d3f1bc0
07d402600
07d412b4c
07d422c06
07d432dfe
07d44307f
07d452a64
07d462c5e
07d470000
07d480000
07d490000
07d4a0000
07d4b0000
07d4c0000
07d4d0000
07d4e0000
07d4f0000
07d502b10
07d510000
07d521580
07d530000
07d540000
07d550000
07d560000
07d570000
07d580000
07d590000
07d5a0000
07d5b23d0
07d5c0000
07d5d0000
07d5e0000
07d5f0000
07d600000
07d610000
07d620000
07d630000
07d640000
07d650000
07d660000
07d671300
07d680000
07d690000
07d6a0000
07d6b0000
07d6c0000
07d6d0000
07d6e36de
07d6f0000
07d703dd5
07d710000
07d723f00
07d730000
07d743613
07d7537e7
07d760000
07d773574
07d780000
07d790000
07d7a1f60
07d7b0000
07d7c0000
07d7d3a4d
07d7e0000
07d7f3db1
07d802558
07d810000
07d820000
07d830000
07d840000
07d850000
07d860000
07d870000
07d880000
07d890000
07d8a0000
07d8b0000
07d8c0800
07d8d0000
07d8e0000
07d8f0000
07d900000
07d910000
07d920000
07d930000
07d940000
07d950000
07d960000
07d970000
07d980000
07d990000
07d9a0000
07d9b0000
07d9c2c04
07d9d2864
07d9e2d5e
07d9f2eae
07da0302f
07da1324d
07da23007
07da330b3
07da42d0e
07da52d72
07da62a28
07da726f8
07da828b0
07da92030
07daa2b34
07dab283c
07dac2b3c
07dad2598
07dae0000
07daf1100
07db00000
07db10000
07db20000
07db30000
07db421d0
07db51600
07db626a8
07db727d0
07db82b44
07db92b8c
07dba2c94
07dbb2fa0
07dbc3014
07dbd3013
07dbe2fc2
07dbf2cca
07dc02d08
07dc12bb4
07dc22d24
07dc32ec2
07dc42da8
07dc52c34
07dc62924
07dc72758
07dc80000
07dc90000
07dca0000
07dcb0000
07dcc0000
07dcd0000
07dce26c0
07dcf0000
07dd02cf4
07dd12ce6
07dd22e3a
07dd32e5a
07dd428e4
07dd52d74
07dd628ec
07dd72a0c
07dd82860
07dd92a00
07dda2d44
07ddb2c5c
07ddc2e04
07ddd2c64
07dde2d40
07ddf2f96
07de02e62
07de12e7a
07de23173
07de32e1a
07de431fa
07de532a8
07de63133
07de73757
07de81b00
07de937dd
07dea380b
07deb0000
07dec3dcd
07ded0000
07dee3c94
07def3a8a
07df02c66
07df13ec2
07df22488
07df33e1f
07df43147
07df53d6f
07df60000
07df73fbe
07df80000
07df93d7a
07dfa394e
07dfb0000
07dfc4030
07dfd0000
07dfe3f20
07dff0000
07e000000
07e013faf
07e0238e0
07e033cca
07e043d4a
07e0539b3
07e063e01
07e073cf3
07e083c35
07e093f99
07e0a342c
07e0b408f
07e0c317c
07e0d4038
07e0e365e
07e0f3f51
07e103811
07e113e37
07e123856
07e133ce3
07e143933
07e153bd0
07e163a2e
07e173ac5
07e183a40
07e193a2d
07e1a39a1
07e1b394e
07e1c38a8
07e1d388f
07e1e3814
07e1f3736
07e203655
07e213530
07e2234a4
07e2334a3
07e243460
07e2534de
07e2634dc
07e2735aa
07e283628
07e29369d
07e2a36af
07e2b3739
07e2c36fb
07e2d3799
07e2e3785
07e2f3836
07e303876
07e3138a4
07e323896
07e3338d6
07e3438ba
07e3538c0
07e3638b6
07e37384f
07e38384c
07e3937e6
07e3a37ab
07e3b3713
07e3c3699
07e3d3678
07e3e3654
07e3f3651
07e403661
07e413609
07e42362f
07e4335a3
07e443619
07e4535b0
07e463757
07e47375c
07e483863
07e493839
07e4a38b8
07e4b3888
07e4c38ba
07e4d386f
07e4e3826
07e4f37b1
07e50370f
07e51369f
07e5236ea
07e5336a4
07e5436db
07e5536c3
07e5636b4
07e5737e1
07e58375b
07e59381c
07e5a3706
07e5b37b2
07e5c3787
07e5d37d8
07e5e37cd
07e5f36fd
07e60376d
07e61375b
07e6236df
07e633800
07e6436cb
07e653691
07e663883
07e673187
07e6839f1
07e6932d3
07e6a35ed
07e6b39f0
07e6c0000
07e6d3c1e
07e6e0000
07e6f392c
07e700000
07e712b8c
07e720000
07e730000
07e740000
07e750000
07e763b20
07e770000
07e7839c7
07e7937d2
07e7a0000
07e7b3c28
07e7c0000
07e7d35b3
07e7e3539
07e7f0000
07e803c00
07e81388d
07e823a90
07e833c14
07e8436fb
07e853d93
07e8638ef
07e873d26
07e883c35
07e893c34
07e8a3c8a
07e8b3c0b
07e8c3bcc
07e8d3aa8
07e8e3af2
07e8f39f1
07e903a70
07e9138a8
07e9238cc
07e93372f
07e943690
07e953598
07e9634c3
07e97349e
07e9833a7
07e993333
07e9a315b
07e9b3033
07e9c2fd6
07e9d3032
07e9e30e8
07e9f3176
07ea03185
07ea1320b
07ea2340f
07ea333da
07ea43496
07ea534ad
07ea63558
07ea7356b
07ea83611
07ea93539
07eaa3599
07eab3584
07eac3588
07ead3555
07eae355d
07eaf34da
07eb03599
07eb13546
07eb23553
07eb33462
07eb433eb
07eb5337c
07eb6336b
07eb73201
07eb83259
07eb931b8
07eba3148
07ebb312f
07ebc305a
07ebd30f6
07ebe3216
07ebf3244
07ec033dc
07ec1331b
07ec23391
07ec33371
07ec43370
07ec533d1
07ec6346a
07ec734df
07ec83528
07ec935ca
07eca3575
07ecb358d
07ecc35e3
07ecd3596
07ece35fe
07ecf353d
07ed03535
07ed1355c
07ed234fd
07ed335b9
07ed434bc
07ed53494
07ed632d3
07ed73324
07ed832e7
07ed93164
07eda324d
07edb30cb
07edc314c
07edd3129
07ede3123
07edf3005
07ee03022
07ee131bf
07ee230dc
07ee33448
07ee4335a
07ee5312c
07ee637b4
07ee70000
07ee83a3d
07ee9318d
07eea36e8
07eeb3c55
07eec0000
07eed3e52
07eee0000
07eef3c63
07ef039ff
07ef13a52
07ef23b7a
07ef33b2c
07ef43bf7
07ef53922
07ef63e02
07ef70000
07ef83e5e
07ef92d3e
07efa390b
07efb3d45
07efc0000
07efd3f20
07efe0000
07eff3dda
080000000
080010000
080020000
080032580
080040000
080050000
080060000
080070000
080080000
080090000
0800a0000
0800b0000
0800c0000
0800d0000
0800e0000
0800f0000
080100000
080112580
080120000
080132860
080140000
080150000
080160000
080172500
080182000
080192f90
0801a30b0
0801b34d8
0801c3678
0801d3560
0801e3734
0801f3788
080203640
080213480
080223404
08023346c
0802435f0
0802533c8
0802634a4
080273050
080283280
080293110
0802a2a20
0802b342c
0802c30c0
0802d3558
0802e350c
0802f35e4
08030341c
08031345c
080323488
080333278
080343500
0803533b8
0803634f0
080373610
080383720
0803936a8
0803a3834
0803b3650
0803c3864
0803d3740
0803e37e4
0803f3520
080403520
080413258
080423608
080433050
0804436d0
080452dc0
0804635dc
080473508
08048355c
080493288
0804a3338
0804b33d8
0804c3410
0804d3534
0804e31f0
0804f3594
0805032f0
0805134e4
080523570
080533464
080543618
08055370c
08056370c
0805737b4
080583528
0805937e8
0805a3528
0805b386c
0805c3574
0805d35b0
0805e37ec
0805f3514
08060377c
0806134a8
08062348c
080633478
080642dd0
080653298
080660000
080672ff0
080680000
080690000
0806a0000
0806b0000
0806c0000
0806d0000
0806e0000
0806f0000
080700000
080710000
080720000
080730000
080740000
080750000
080760000
080770000
080780000
080790000
0807a0000
0807b0000
0807c0000
0807d0000
0807e0000
0807f0000
080800000
080810000
080820000
080832500
080840000
080850000
080860000
080870000
080880000
080890000
0808a0000
0808b0000
0808c0000
0808d0000
0808e0000
0808f0000
080900000
080912980
080920000
080932e50
080940000
080950000
080962580
080972980
080982b40
080993070
0809a3068
0809b34c4
0809c35b4
0809d3524
0809e35b8
0809f36d4
080a0379c
080a1374c
080a236a0
080a33708
080a4381e
080a53668
080a635a8
080a732e0
080a83490
080a93504
080aa33f8
080ab3504
080ac3584
080ad35ac
080ae35ec
080af35c8
080b0348c
080b13474
080b2350c
080b33488
080b4363c
080b5343c
080b6361c
080b73654
080b836d8
080b93674
080ba373c
080bb3708
080bc3862
080bd3724
080be3750
080bf35c4
080c035dc
080c133a0
080c2364c
080c334cc
080c43780
080c534cc
080c635dc
080c735b8
080c834f0
080c93440
080ca3368
080cb33a8
080cc33f8
080cd34bc
080ce3478
080cf3588
080d03624
080d13620
080d23734
080d33624
080d436c4
080d53810
080d6374c
080d7374c
080d835cc
080d93684
080da3680
080db36f8
080dc35d8
080dd351c
080de36d8
080df3674
080e03720
080e1356c
080e236f4
080e334e4
080e43738
080e5380c
080e60000
080e73aae
080e80000
080e93c20
080ea0000
080eb37e8
080ec0000
080ed0000
080ee0000
080ef26c0
080f00000
080f10000
080f20000
080f3362c
080f40000
080f53598
080f60000
080f73c30
080f80000
080f90000
080fa0000
080fb0000
080fc2da0
080fd0000
080fe34f8
080ff0000
081000000
081010000
081020000
081030000
081040000
081050000
081060000
081070000
081080000
081090000
0810a0000
0810b0000
0810c0000
0810d0000
0810e0000
0810f0000
081100000
081110000
081120000
081130000
081140000
081150000
081160000
081170000
081180000
081190000
0811a0000
0811b0000
0811c0000
0811d2918
0811e2ed4
0811f25d0
081202f20
0812132d6
081222dfc
081232d74
081242c0c
081251fc0
081260000
081270000
081280000
081290000
0812a0000
0812b0000
0812c0000
0812d0000
0812e0000
0812f0000
081300000
081310000
081320000
081330000
081340000
081350000
081360000
081370000
081380000
081390000
0813a2a80
0813b0000
0813c2b88
0813d2e84
0813e0000
0813f0000
081403072
081412a98
081422ea8
081433070
081442d08
081452e18
081460000
081470000
081480000
081490000
0814a0000
0814b0000
0814c0000
0814d0000
0814e0000
0814f0000
081500000
081510000
081520000
081530000
081540000
081550000
081560000
081570000
081580000
081590000
0815a28e8
0815b2300
0815c2f24
0815d3030
0815e3088
0815f307a
0816032be
08161300e
081622620
081630000
081641200
081652700
081660000
0816730ac
081680000
08169379c
0816a0000
0816b335a
0816c0000
0816d0000
0816e0000
0816f0000
081700000
081710000
081720000
081730000
081740000
081750000
081760000
081770000
081780000
081790000
0817a0000
0817b0000
0817c0000
0817d0000
0817e0000
0817f0000
081800000
081810000
081820000
081830000
081840000
081850000
081860000
081870000
081880000
081890000
0818a0000
0818b0000
0818c0000
0818d0000
0818e0000
0818f0000
081900000
081910000
081920000
081930000
081940000
081950000
081963434
0819731b0
081983444
081993398
0819a3328
0819b3464
0819c37d4
0819d3388
0819e3300
0819f3554
081a035cc
081a13874
081a23708
081a33688
081a43520
081a53624
081a636bc
081a7354c
081a83514
081a936a0
081aa3700
081ab33b0
081ac3744
081ad3484
081ae3550
081af3730
081b03360
081b13430
081b23808
081b33798
081b43764
081b537a8
081b6393a
081b736d8
081b83a48
081b93802
081ba38bc
081bb373c
081bc3952
081bd3488
081be3598
081bf3778
081c031c0
081c136d4
081c234fc
081c337d0
081c436f4
081c53898
081c634e8
081c7374c
081c83564
081c935b8
081ca3460
081cb35e8
081cc35ec
081cd37c4
081ce3360
081cf383a
081d03464
081d13748
081d23842
081d33724
081d43680
081d536a0
081d63818
081d736a0
081d83874
081d93760
081da3714
081db3618
081dc3444
081dd34fc
081de378c
081df3880
081e037b8
081e1377c
081e23a58
081e338b2
081e43a9c
081e53a6c
081e639f2
081e73b90
081e83886
081e93d95
081ea3260
081eb3d78
081ec3510
081ed3d99
081ee2c40
081ef3c96
081f00000
081f13470
081f20000
081f31400
081f436bc
081f53048
081f63e76
081f70000
081f83c3e
081f91e00
081fa3634
081fb3d40
081fc373c
081fd348c
081fe392e
081ff3ca7
082000000
082010000
082020000
082030000
082040000
082050000
082060000
082070000
082080000
082090000
0820a0000
0820b0000
0820c0000
0820d0000
0820e0000
0820f0000
082100000
082110000
082120000
082130000
082140000
082150000
082160000
082170000
082180000
082190000
0821a0000
0821b0000
0821c0000
0821d2800
0821e2c60
0821f2ff8
082202e18
082212e48
0822230e4
082232e48
082240000
082250000
082262b10
082273100
082282ef0
082292fa0
0822a2e18
0822b2f38
0822c25e0
0822d2810
0822e0000
0822f0000
082300000
082310000
082320000
082330000
082340000
082351c00
082360000
082370000
082380000
082390000
0823a0000
0823b0000
0823c0000
0823d0000
0823e0000
0823f2860
082400000
082412cd8
08242306c
082432990
082442b00
082452f08
082462ec0
082472d00
082482e58
082492e90
0824a2300
0824b2420
0824c2da0
0824d2a40
0824e2cb8
0824f0000
082501c00
082510000
082520000
082530000
082540000
082550000
082560000
082570000
082580000
082590000
0825a0000
0825b0000
0825c2d10
0825d2da0
0825e2b10
0825f2140
082602840
082612e58
082620000
082630000
082640000
082650000
082660000
082670000
082680000
082690000
0826a0000
0826b0000
0826c0000
0826d0000
0826e0000
0826f0000
082700000
082710000
082722d28
082730000
082740000
082750000
082760000
082770000
082780000
082790000
0827a3698
0827b0000
0827c0000
0827d0000
0827e0000
0827f0000
082803250
082810000
082823048
082830000
082840000
082850000
082860000
082870000
082883098
082890000
0828a0000
0828b0000
0828c3a02
0828d0000
0828e3640
0828f2fd0
0829036f0
082912cc0
082923574
082930000
082940000
082950000
082962580
0829727c0
082982f20
0829931e8
0829a3408
0829b3428
0829c34cc
0829d3604
0829e375c
0829f383e
082a0380c
082a136f0
082a23800
082a33774
082a4365c
082a536d0
082a6375c
082a7382a
082a8381a
082a9383a
082aa387c
082ab3778
082ac3794
082ad3724
082ae363c
082af35f4
082b035a4
082b1366c
082b236d0
082b33510
082b43498
082b53614
082b63550
082b73408
082b834e0
082b93554
082ba34f0
082bb3510
082bc34ac
082bd35ac
082be353c
082bf3694
082c03650
082c1385e
082c237f8
082c33850
082c437e0
082c538da
082c63830
082c73758
082c83674
082c93818
082ca3634
082cb36ec
082cc36f8
082cd3760
082ce3806
082cf3794
082d03812
082d1370c
082d23630
082d33594
082d435a0
082d53544
082d63388
082d73318
082d8344c
082d934a8
082da3530
082db3478
082dc376c
082dd37dc
082de3828
082df36cc
082e037d0
082e13774
082e2367c
082e33748
082e43474
082e53538
082e63500
082e70000
082e836c0
082e90000
082ea2400
082eb37e4
082ec0000
082ed38ea
082ee0000
082ef0000
082f03714
082f10000
082f20000
082f329c0
082f40000
082f50000
082f60000
082f70000
082f836ac
082f90000
082fa0000
082fb0000
082fc0000
082fd3a42
082fe33f0
082ff0000
083000000
083010000
083020000
083030000
083042ef0
083050000
083060000
083070000
083080000
083090000
0830a0000
0830b0000
0830c0000
0830d0000
0830e0000
0830f0000
083100000
083110000
083120000
083130000
083142b40
083150000
083162e40
083172080
083183278
0831930d0
0831a3370
0831b34bc
0831c33d0
0831d3230
0831e2e80
0831f2780
083201a00
083210000
083220000
083230000
083240000
083250000
083260000
083270000
083280000
083290000
0832a0000
0832b0000
0832c0000
0832d24c0
0832e1f00
0832f2c90
083301400
083312980
083323088
0833331e8
083343390
0833533d0
083363444
0833733c0
083383418
083393370
0833a2eb0
0833b31f0
0833c2600
0833d2a60
0833e0000
0833f0000
083400000
083412b20
083420000
083430000
083441800
083450000
083460000
083470000
083480000
083490000
0834a0000
0834b2700
0834c2540
0834d2cb0
0834e2000
0834f2b40
083502ba0
083512c70
083522e30
083532b20
083542e70
083552f20
083562fa0
083573078
083583178
083592f30
0835a2ed0
0835b2f20
0835c2600
0835d28e0
0835e2c90
0835f26c0
083602900
083612180
083622d10
083632b20
0836430d8
083653150
083662500
083673610
083680000
08369350c
0836a0000
0836b0000
0836c0000
0836d0000
0836e2fa0
0836f0000
0837032a0
083710000
083722ed0
083730000
0837432b8
083750000
083760000
083770000
083780000
083790000
0837a0000
0837b0000
0837c0000
0837d0000
0837e0000
0837f0000
083800000
083810000
083820000
083832a00
083842860
083850000
083860000
083870000
083882280
083890000
0838a3784
0838b0000
0838c3944
0838d0000
0838e3976
0838f0000
083903990
083910000
0839239d2
083930000
0839438fe
083953408
083963844
0839736bc
08398380e
0839937fc
0839a3836
0839b3828
0839c386c
0839d3806
0839e385c
0839f385a
083a03890
083a1395a
083a238ce
083a338e2
083a43926
083a5391e
083a63882
083a738ac
083a8383c
083a9382c
083aa3822
083ab3864
083ac38de
083ad3912
083ae391a
083af38e8
083b0388e
083b13896
083b238ca
083b338be
083b438a6
083b5388e
083b638b8
083b738b6
083b83908
083b9391e
083ba38cc
083bb393a
083bc3936
083bd3868
083be3944
083bf3858
083c038c2
083c13878
083c2380c
083c33858
083c43838
083c5385e
083c63818
083c738dc
083c838a2
083c93852
083ca3828
083cb385a
083cc3876
083cd38d4
083ce3892
083cf3932
083d0390e
083d139e8
083d2396a
083d339c6
083d4394e
083d53982
083d63934
083d738ca
083d83936
083d937cc
083da38e2
083db3880
083dc382e
083dd3832
083de37b8
083df385c
083e037d4
083e13844
083e2389c
083e3383e
083e43926
083e5389a
083e636b8
083e73ad6
083e80000
083e93b28
083ea3694
083eb0000
083ec3ac8
083ed0000
083ee3a12
083ef0000
083f00000
083f1382a
083f20000
083f335d0
083f43674
083f50000
083f60000
083f7352c
083f80000
083f93784
083fa3484
083fb0000
083fc3968
083fd0000
083fe366c
083ff0000
0a0001d86
0a0010000
0a0020000
0a0030000
0a0042324
0a0051d06
0a006309a
0a00736aa
0a00834cc
0a0093428
0a00a315c
0a00b34aa
0a00c340f
0a00d34f7
0a00e3720
0a00f3746
0a010341f
0a01134c9
0a012340a
0a0133474
0a014348c
0a01536fa
0a01636c8
0a017360a
0a018354a
0a0192ec0
0a01a0000
0a01b0000
0a01c0000
0a01d0000
0a01e0000
0a01f0000
0a0201d06
0a0210000
0a0220000
0a0230000
0a0242888
0a0252421
0a026310c
0a02735d9
0a0283728
0a02935ef
0a02a34a5
0a02b35b9
0a02c34a5
0a02d35ba
0a02e36e8
0a02f3746
0a0303531
0a03135f8
0a032342e
0a03334ae
0a034366e
0a0353766
0a0363674
0a0373610
0a038361a
0a039372e
0a03a361c
0a03b1ecc
0a03c2e30
0a03d3596
0a03e0000
0a03f2e60
0a0400000
0a0410000
0a0420000
0a0430000
0a0440000
0a0450000
0a0460000
0a047296a
0a0483007
0a0492488
0a04a0000
0a04b0000
0a04c0000
0a04d0000
0a04e2286
0a04f2924
0a0502ef4
0a0512990
0a0520000
0a0530000
0a0540000
0a0550000
0a05622ac
0a0573031
0a0582dc8
0a0592992
0a05a31a4
0a05b0000
0a05c0000
0a05d0000
0a05e0000
0a05f0000
0a0600000
0a0610000
0a0620000
0a0630000
0a0640000
0a0652f10
0a0663402
0a067351b
0a0683712
0a06935d3
0a06a35a3
0a06b3614
0a06c35e2
0a06d380b
0a06e38a9
0a06f3716
0a07035a0
0a071371c
0a0723559
0a073367a
0a07436da
0a0753700
0a0763762
0a0773676
0a07838a9
0a0793aa4
0a07a3b14
0a07b39db
0a07c2c74
0a07d3857
0a07e3988
0a07f3918
0a0800000
0a0810000
0a0820000
0a0830000
0a0840000
0a0850000
0a0860000
0a0872b30
0a0882f20
0a0892ac8
0a08a2ef8
0a08b2304
0a08c0000
0a08d1418
0a08e0000
0a08f2063
0a0902c1e
0a0912d92
0a0922b68
0a0932ac0
0a0941418
0a0950000
0a0960000
0a0972b70
0a098283c
0a0990000
0a09a0000
0a09b0000
0a09c2529
0a09d0000
0a09e2e98
0a09f0000
0a0a02d4c
0a0a10000
0a0a22898
0a0a3350e
0a0a432cc
0a0a522a4
0a0a6327c
0a0a736ac
0a0a837a6
0a0a9373e
0a0aa3823
0a0ab36bc
0a0ac35fc
0a0ad3501
0a0ae350d
0a0af358a
0a0b037ea
0a0b13829
0a0b236f2
0a0b33784
0a0b436c2
0a0b5348d
0a0b634a7
0a0b7379a
0a0b83744
0a0b9335c
0a0ba3374
0a0bb30ea
0a0bc2fd0
0a0bd0000
0a0be2eb0
0a0bf341f
0a0c00000
0a0c126f0
0a0c20000
0a0c30000
0a0c40000
0a0c52938
0a0c63310
0a0c7308c
0a0c81230
0a0c90000
0a0ca0000
0a0cb2630
0a0cc2dec
0a0cd33ec
0a0ce323c
0a0cf24b0
0a0d02326
0a0d11030
0a0d21f0c
0a0d32910
0a0d42c80
0a0d52f88
0a0d63002
0a0d72918
0a0d829e8
0a0d931ba
0a0da2d0c
0a0db27a2
0a0dc2d04
0a0dd2ab8
0a0de0000
0a0df0000
0a0e02206
0a0e12063
0a0e22fb8
0a0e3355d
0a0e435b1
0a0e53754
0a0e6381a
0a0e7384a
0a0e838e6
0a0e938dc
0a0ea383b
0a0eb38fc
0a0ec38ab
0a0ed38a8
0a0ee390b
0a0ef38ce
0a0f03867
0a0f13862
0a0f2385d
0a0f338c3
0a0f43989
0a0f53933
0a0f6389f
0a0f73826
0a0f83842
0a0f938fc
0a0fa3539
0a0fb3672
0a0fc3314
0a0fd31d0
0a0fe3208
0a0ff344f
0c000361a
0c001378c
0c00237e9
0c0033880
0c00438c2
0c0053932
0c0063a16
0c0073afd
0c0083b32
0c0093bae
0c00a3bff
0c00b3c42
0c00c3c9c
0c00d3d75
0c00e3e11
0c00f3ddc
0c0103dd4
0c0113d73
0c0123d30
0c0133caa
0c0143c60
0c0153c15
0c0163b0a
0c01739d1
0c01839bc
0c019397f
0c01a398f
0c01b3981
0c01c3975
0c01d3879
0c01e3691
0c01f33f9
0c020b526
0c021b6bd
0c022b7ba
0c023b86f
0c024b8b2
0c025b917
0c026b99d
0c027ba37
0c028ba86
0c029bb24
0c02abb7f
0c02bbc07
0c02cbc6d
0c02dbd0c
0c02ebd74
0c02fbd82
0c030bd64
0c031bd77
0c032bd94
0c033bd08
0c034bcce
0c035bcd9
0c036bc4c
0c037bbc7
0c038bb2b
0c039ba76
0c03aba51
0c03bba3e
0c03cb9bf
0c03db8f0
0c03eb85b
0c03fb7bb
0c0402a33
0c0412a61
0c0422a2e
0c043299c
0c04428d8
0c04527cf
0c04626da
0c0472810
0c0482b60
0c0492c7e
0c04a2cc3
0c04b2cdb
0c04c2cde
0c04d2d13
0c04e2dca
0c04f2f82
0c0502d6a
0c0512dbc
0c052306f
0c053304a
0c054303b
0c0553021
0c0562ff0
0c0572eed
0c0582bbc
0c059298d
0c05a2a42
0c05b2bfa
0c05c2d3b
0c05d2ebd
0c05e3022
0c05f2e3f
0c060b0ec
0c061b255
0c062b38b
0c063b45a
0c064b4d0
0c065b57f
0c066b64b
0c067b6c8
0c068b718
0c069b7b8
0c06ab812
0c06bb869
0c06cb8d3
0c06db928
0c06eb963
0c06fb986
0c070b9b3
0c071ba3c
0c072badb
0c073bb3a
0c074bad0
0c075babf
0c076bab3
0c077bac8
0c078ba33
0c079b984
0c07ab91d
0c07bb8cf
0c07cb896
0c07db840
0c07eb7f6
0c07fb7f6
0c080ac52
0c081ad39
0c082afa2
0c083aeca
0c084adb8
0c085aca5
0c086ab56
0c087aa59
0c088ac7f
0c089aeb1
0c08ab00d
0c08bb0bd
0c08cb0aa
0c08db0ca
0c08eb137
0c08fb1b1
0c090b085
0c091aff1
0c092ac32
0c093ab84
0c094ac9c
0c095acf1
0c096b057
0c097b0a1
0c098b022
0c099adf5
0c09aac4e
0c09ba8bd
0c09ca8a8
0c09da95a
0c09eaad4
0c09fa7d6
0c0a039eb
0c0a13b32
0c0a23c4b
0c0a33cb2
0c0a43d07
0c0a53d38
0c0a63d62
0c0a73daa
0c0a83e1f
0c0a93f00
0c0aa3fcc
0c0ab3fe9
0c0ac400d
0c0ad4058
0c0ae407d
0c0af4093
0c0b04088
0c0b1404c
0c0b24001
0c0b33f78
0c0b43f05
0c0b53e88
0c0b63e63
0c0b73e9e
0c0b83dec
0c0b93d41
0c0ba3cca
0c0bb3c2b
0c0bc3b2b
0c0bd3abb
0c0be3a66
0c0bf38f8
0c0c0b10b
0c0c1b09f
0c0c2afc9
0c0c3aec4
0c0c4afec
0c0c5b2e6
0c0c6b47a
0c0c7b475
0c0c8b49d
0c0c9b41f
0c0cab39c
0c0cbb3b6
0c0ccb477
0c0cdb57b
0c0ceb4cd
0c0cfb3fc
0c0d0b477
0c0d1b5cc
0c0d2b652
0c0d3b697
0c0d4b6de
0c0d5b525
0c0d6b243
0c0d7b1c6
0c0d8b169
0c0d9b176
0c0dab20d
0c0dbb286
0c0dcb29e
0c0ddb1c8
0c0deb07c
0c0dfb0d6
0c0e03b36
0c0e13c17
0c0e23c5f
0c0e33cc2
0c0e43d13
0c0e53d6c
0c0e63de5
0c0e73e63
0c0e83ee2
0c0e93f92
0c0ea4018
0c0eb4043
0c0ec4086
0c0ed40ac
0c0ee40bb
0c0ef40bc
0c0f040ab
0c0f140a9
0c0f24082
0c0f3405a
0c0f44017
0c0f53fb6
0c0f63f34
0c0f73eea
0c0f83e59
0c0f93dea
0c0fa3d96
0c0fb3d33
0c0fc3c99
0c0fd3c08
0c0fe3b25
0c0ff3a6c
0e0000000
0e0010000
0e0020000
0e0030000
0e0040000
0e0050000
0e0060000
0e0070000
0e0080000
0e0090000
0e00a0000
0e00b0000
0e00c0000
0e00d0000
0e00e0000
0e00f0000
0e0100000
0e0110000
0e0120000
0e0130000
0e0140000
0e0150000
0e0160000
0e0170000
0e0180000
0e0190000
0e01a0000
0e01b0000
0e01c0000
0e01d0000
0e01e0000
0e01f0000
0e0204743
0e021480c
0e0224873
0e0234886
0e02448b6
0e0254956
0e0264993
0e02749a0
0e0284a06
0e0294a57
0e02a4a90
0e02b4a8e
0e02c4aec
0e02d4c18
0e02e4c26
0e02f4c23
0e0304c01
0e0314c17
0e0324c16
0e0334af6
0e0344b1c
0e0354a68
0e03648de
0e0374893
0e03847ec
0e039472c
0e03a4784
0e03b47b0
0e03c470c
0e03d46be
0e03e46a2
0e03f4595
0e040498f
0e0414aa4
0e0424c00
0e0434c6d
0e0444cc9
0e0454cce
0e0464cd4
0e0474d06
0e0484d60
0e0494e32
0e04a4f0e
0e04b4f02
0e04c4ef8
0e04d4f20
0e04e4f4a
0e04f4f80
0e0504faa
0e0514f06
0e0524e6c
0e0534e54
0e0544dc8
0e0554d5b
0e0564dd6
0e0574e84
0e0584de7
0e0594d4e
0e05a4cb0
0e05b4bcb
0e05c4aa8
0e05d4a94
0e05e4a78
0e05f4941
0e0600000
0e0610000
0e0620000
0e0630000
0e0640000
0e0650000
0e0660000
0e0670000
0e0680000
0e0690000
0e06a0000
0e06b0000
0e06c0000
0e06d0000
0e06e0000
0e06f0000
0e0700000
0e0710000
0e0720000
0e0730000
0e0740000
0e0750000
0e0760000
0e0770000
0e0780000
0e0790000
0e07a0000
0e07b0000
0e07c0000
0e07d0000
0e07e0000
0e07f0000
0e08044c9
0e08141a8
0e0823c38
0e0830000
0e0840000
0e0850000
0e0862900
0e0870000
0e0880000
0e0890000
0e08a0000
0e08b0000
0e08c0000
0e08d0000
0e08e0000
0e08f0000
0e0900000
0e0910000
0e0920000
0e0930000
0e0940000
0e0950000
0e0960000
0e0970000
0e0980000
0e0990000
0e09a0000
0e09b0000
0e09c0000
0e09d0000
0e09e0000
0e09f0000
0e0a04571
0e0a1446f
0e0a24406
0e0a34322
0e0a443e8
0e0a5445c
0e0a643cc
0e0a74194
0e0a84180
0e0a94024
0e0aa3fb8
0e0ab3ab0
0e0ac0000
0e0ad0000
0e0ae0000
0e0af0000
0e0b00000
0e0b10000
0e0b23970
0e0b342e0
0e0b44318
0e0b54194
0e0b64358
0e0b74643
0e0b84584
0e0b94587
0e0ba4523
0e0bb44d6
0e0bc44c1
0e0bd4632
0e0be4793
0e0bf489a
0e0c03714
0e0c1386e
0e0c22b20
0e0c32ef0
0e0c40000
0e0c50000
0e0c60000
0e0c738fe
0e0c83b90
0e0c93ca4
0e0ca3c98
0e0cb3e04
0e0cc3e98
0e0cd409c
0e0ce432e
0e0cf42de
0e0d04148
0e0d13d28
0e0d23b40
0e0d3344c
0e0d40000
0e0d50000
0e0d60000
0e0d70000
0e0d80000
0e0d90000
0e0da0000
0e0db0000
0e0dc34b4
0e0dd2aa0
0e0de0000
0e0df0000
0e0e04c00
0e0e14cbd
0e0e24d45
0e0e34de3
0e0e44e33
0e0e54e46
0e0e64e88
0e0e74f23
0e0e84fa9
0e0e9504b
0e0ea50ac
0e0eb50e5
0e0ec512f
0e0ed5156
0e0ee518e
0e0ef51bb
0e0f05191
0e0f15187
0e0f2517d
0e0f35125
0e0f450cb
0e0f550e3
0e0f650b7
0e0f75088
0e0f85021
0e0f94f92
0e0fa4f1c
0e0fb4eb9
0e0fc4deb
0e0fd4d52
0e0fe4d05
0e0ff4cab
100000000
100010000
100020000
100030000
1000448bb
100054b26
100064ace
100074708
100084c3e
100094ed0
1000a4e60
1000b4c08
1000c0000
1000d0000
1000e0000
1000f0000
100103c5a
100110000
100120000
100130000
10014440e
100153b9c
100164118
10017461c
100183326
100193fe2
1001a391a
1001b2988
1001c4dbf
1001d50ee
1001e5113
1001f4e52
120004648
12001c404
12002c067
12003c496
12004c086
12005cae4
12006c620
120071c80
12008ca65
12009c6d8
1200abdad
1200bc884
1200cc388
1200dcae2
1200ecbb0
1200fca70
