00000c7c4
00001c6ef
00002c5f4
00003c422
00004c130
000053ccc
000064186
0000740d0
00008af80
00009be30
0000ac03c
0000bc270
0000cc426
0000dc22c
0000eb694
0000f3da8
000103fb0
00011428a
000124646
000134867
000144882
00015472f
000164425
000173936
00018c09e
00019c467
0001ac5f3
0001bc670
0001cc52f
0001dc1a8
0001eb6a0
0001f3e3a
000204076
000213c31
00022b980
00023bd28
00024bc44
00025bbe0
00026b810
000273cc8
0002842b8
000294452
0002a4329
0002b417c
0002c42eb
0002d449b
0002e431c
0002f38c0
00030bdec
00031c0b6
00032c3fc
00033c622
00034c704
00035c6c1
00036c5dc
00037c3f3
00038c013
00039bc5c
0003a38c0
0003b4448
0003c4774
0003d47d0
0003e46aa
0003f4630
00040461e
000414510
000424136
000433490
00044b040
000453a00
000463c70
000473c48
000483d98
000493be0
0004abe08
0004bc4a2
0004cc6fb
0004dc8a0
0004ec980
0004fc90b
00050c6d4
00051c400
00052c058
000532c80
00054418a
0005544b1
000564599
00057464d
0005846ee
0005946da
0005a46b6
0005b47dc
0005c48ae
0005d4858
0005e4580
0005f4050
000602b00
00061c04e
00062c55d
00063c755
00064c5ff
00065c320
00066c2f6
00067c55b
00068c5d1
00069c320
0006abd94
0006bc008
0006cc384
0006dc2b8
0006ebc20
0006f3450
00070b4a0
00071b690
000723db2
000734323
00074444b
0007544f2
000764760
00077490b
000784918
00079478b
0007a44b1
0007b445d
0007c4467
0007d4382
0007e4171
0007f434e
00080c5b6
00081c523
00082c4c9
00083c1ae
00084c22a
000853d08
000863d24
000873dd4
00088bd38
00089c11c
0008ac2da
0008bc4b9
0008cc54b
0008dc3ea
0008ebd1a
0008f39d4
000903d94
00091411d
000924503
0009346d9
00094474a
000954780
00096474d
0009745dd
00098438b
000993e6d
0009ab97c
0009bc128
0009cc2fe
0009dc2d8
0009ec0ba
0009fba78
000a0b400
000a1be88
000a2c3d8
000a3c57f
000a4c670
000a5c757
000a6c789
000a7c619
000a8c2fe
000a9bd40
000aab450
000ab3a40
000ac41ba
000ad44ca
000ae4556
000af4553
000b045d4
000b1467c
000b246c6
000b346fc
000b446f0
000b545a9
000b643ea
000b7439c
000b84417
000b94054
000babc64
000bbc2ec
000bcc593
000bdc868
000beca10
000bfca7e
000c0c949
000c1c720
000c2c4d4
000c3c15c
000c43770
000c54154
000c63fb8
000c7af80
000c8b6c0
000c93c28
000ca4078
000cb425c
000cc44de
000cd46d3
000ce4848
000cf48f6
000d048d2
000d14752
000d244ae
000d34108
000d43470
000d5bfac
000d6c2c2
000d7c420
000d8c4f9
000d9c65e
000dac6e8
000dbc508
000dcc0d2
000ddc04e
000dec33a
000dfc392
000e0c170
000e1c1c2
000e2c316
000e3bfa8
000e43e7d
000e543bc
000e642f0
000e74038
000e8403c
000e942cd
000ea4302
000eb3f24
000ec3b2e
000ed3fb8
000ee41ab
000ef40d7
000f03e2c
000f13c6b
000f23dbf
000f33ed6
000f43aa2
000f53118
000f63ecb
000f7434e
000f84230
000f93c66
000fa37c1
000fb3bc6
000fc34f5
000fdbb4c
000febcc4
000ff3947
00100c547
00101c426
00102c02c
00103afe8
001043d81
00105437c
001064568
0010744bd
001084018
00109b2c0
0010abcc0
0010bbf8a
0010cc0ca
0010dbd87
0010e3dce
0010f445d
0011045b4
0011145ba
001124577
0011344bf
001144176
00115b844
00116c41a
00117c6dc
00118c7f2
00119c785
0011ac691
0011bc51e
0011cc14e
0011d2480
0011e3e5d
0011f40fa
001204248
00121413a
001223b78
00123a700
001243850
001253f24
001264240
0012744d1
0012846df
0012947fd
0012a4695
0012b43b6
0012c41b6
0012d42d0
0012e3f70
0012fc082
00130c542
00131c5f6
00132c732
00133c8da
00134c985
00135c929
00136c859
00137c67d
00138c38c
00139bc18
0013a4038
0013b459e
0013c47d0
0013d47f8
0013e4772
0013f476e
001404798
001414703
001424581
0014343d0
00144429c
001454350
001464380
0014741f8
001483f50
001493740
0014abeb8
0014bc49d
0014cc819
0014dc9e2
0014eca9c
0014fc9a3
00150c823
00151c666
00152c44e
00153b888
00154417a
00155424e
001563e8c
001573c54
0015840a5
0015943da
0015a4565
0015b47a2
0015c4926
0015d49bf
0015e492d
0015f47da
0016044ae
001613878
00162c315
00163c565
00164c4ca
00165c3ce
00166c402
00167c43a
00168c2da
00169c050
0016abf8a
0016bc16b
0016cc2a8
0016dc226
0016ec11a
0016fc108
00170c200
00171c23a
00172bf5c
001732c00
001743aec
001753a10
001763ec2
00177441b
0017845f0
00179458c
0017a43e0
0017b416f
0017c40ff
0017d4007
0017e3a40
0017f306e
00180c166
00181c25e
00182c0ae
00183bc56
00184baae
0018538ad
001864264
0018745d0
0018845fe
00189456d
0018a4674
0018b46dc
0018c44a7
0018d400c
0018e3ca4
0018f3d14
001903c44
001913c68
0019240a2
00193443e
00194454e
001954530
00196451c
001974477
0019839b8
00199c510
0019ac80e
0019bc7e9
0019cc811
0019dc842
0019ec5c5
0019fbc82
001a03cc3
001a13544
001a2bbcb
001a3bb30
001a4b9a4
001a5bffa
001a6c26a
001a7bf08
001a83e9a
001a943ee
001aa442a
001ab4459
001ac4639
001ad47cd
001ae4676
001af43ec
001b042be
001b14261
001b23970
001b3bf80
001b4bb90
001b53e04
001b63d60
001b7b9a0
001b8bbe8
001b93760
001baaf08
001bbc3cc
001bcc74c
001bdc745
001bec61c
001bfc6c3
001c0c6f1
001c1c30a
001c23a5e
001c33e56
001c4aa40
001c535e0
001c642dc
001c745bb
001c8460a
001c94658
001ca4672
001cb4467
001cc3f14
001cd3d9f
001ce4038
001cf3eac
001d03d98
001d141ce
001d2448b
001d343d2
001d43940
001d5c29e
001d6c596
001d7c5ea
001d8c641
001d9c6ef
001dac573
001dbbd68
001dc3de2
001dd3720
001debe64
001dfbdec
001e0b6e0
001e1b8b0
001e2bc2e
001e33180
001e441fc
001e54578
001e645b1
001e74341
001e83c74
001e9b330
001eab518
001eb36e0
001ec3f48
001ed41e3
001ee41f9
001ef4175
001f040d2
001f13960
001f2be64
001f3bf9a
001f4be17
001f5c21d
001f6c440
001f7c119
001f835d0
001f93d1e
001fa33f0
001fb3970
001fc2740
001fdb3de
001fec021
001ffc0c6
00200b701
00201c01c
00202c014
00203b360
0020435d0
00205b570
00206bd90
00207bc78
00208c038
00209c48a
0020ac698
0020bc63e
0020cc471
0020dc28e
0020ec252
0020fc190
00210bde4
00211b830
00212bc74
00213bf5c
00214bbae
002153b40
002164162
00217445b
002184581
002194583
0021a4486
0021b4244
0021c3e3c
0021db538
0021ec05f
0021fc19e
00220bf30
00221b94e
00222b80e
00223b5a4
0022439f8
002253e01
00226329c
00227c094
00228c2ac
00229c011
0022ab120
0022b36b8
0022c3000
0022d38cb
0022e3de5
0022f3956
00230bef2
00231c276
00232c132
00233bc1c
00234a940
002353368
002363a58
002373e68
002383cd2
00239b6d8
0023abe3c
0023bbeba
0023cbe78
0023dbd04
0023e3578
0023f41c5
0024044b9
0024144ba
0024242f0
002433f5c
00244af80
00245c014
00246c19c
00247c116
00248c19a
00249c31a
0024ac128
0024b3998
0024c4338
0024d438c
0024e4012
0024f3700
00250bb68
00251c1fe
00252c4e5
00253c491
00254c054
00255afe0
0025639a4
002573f14
00258432a
002594474
0025a41a4
0025bba08
0025cc3c7
0025dc4de
0025ec458
0025fc2ed
00260bf22
002613c66
0026243b6
0026344ad
0026442be
002653ef0
002663f68
00267425c
002684248
002693d6b
0026a3420
0026b3938
0026c36a0
0026dbe1c
0026ec294
0026fc250
00270bef8
00271bca0
00272c0ad
00273c287
00274be3e
002753ac0
002763430
00277c0b8
00278c2bc
00279c0e8
0027abeac
0027bbb78
0027c3a7e
0027d427f
0027e4531
0027f464c
002803f94
00281a9c0
00282ba44
002832d00
00284b5c0
00285bf0c
00286c200
00287bf20
00288bd34
00289c1e8
0028ac54c
0028bc54e
0028cc29a
0028dc0c4
0028ec332
0028fc4a1
00290c2ee
00291bdf4
00292bc94
00293bf80
00294bd02
002953bf4
002964244
002974470
002984591
0029946ce
0029a4736
0029b45ed
0029c431c
0029d3d3c
0029eb958
0029fc0c5
002a0c224
002a1c0fc
002a2bf94
002a3c04e
002a4c116
002a5c0d6
002a6c12f
002a7c3f8
002a8c5b1
002a9c59c
002aac24c
002abb980
002acb910
002adbe5c
002aeb9f8
002af3c48
002b03cc2
002b13728
002b23fe4
002b345b3
002b44830
002b5483d
002b64793
002b746e4
002b84573
002b9403d
002bac0ce
002bbc604
002bcc766
002bdc75c
002bec71e
002bfc618
002c0c3a6
002c1beb6
002c2badc
002c3bb88
002c4bd34
002c5bf78
002c6c154
002c7c3ac
002c8c534
002c9c4fa
002cabefc
002cb4252
002cc4760
002cd4910
002ce49bf
002cf4993
002d04856
002d14479
002d22700
002d3c17a
002d4c290
002d5c1e6
002d6c1c6
002d7c10a
002d8bc8e
002d92100
002dabdb6
002dbc566
002dcc862
002ddc896
002dec7b6
002dfc64d
002e0c468
002e1bb24
002e241fa
002e34494
002e44306
002e540d6
002e642b6
002e74522
002e8456f
002e9446c
002ea4374
002eb42a8
002ec402a
002ed3140
002eebccc
002efbd68
002f0b8d8
002f1ab00
002f2b838
002f3bc66
002f4b7f4
002f534a8
002f6b90c
002f7c12a
002f8c38e
002f9c324
002fac138
002fbbf5c
002fcb430
002fd3926
002fe409c
002ff41e5
003004376
0030140dc
003023a4c
00303b360
00304c00a
00305c154
00306c3a8
00307c280
00308c280
00309c260
0030ac2aa
0030bc1cf
0030cc058
0030dc152
0030ec433
0030fc4d7
00310c40c
00311c200
00312c0d0
00313be38
0031434f8
00315417b
00316449a
0031745f6
0031847bc
0031948b1
0031a487d
0031b463b
0031c4278
0031d3d32
0031eb970
0031fc2be
00320c50e
00321c4c0
00322c476
00323c5c2
00324c68e
00325c537
00326c425
00327c5a2
00328c789
00329c6c6
0032ac3ec
0032bc024
0032cc028
0032dbec0
0032e3c80
0032f4482
003304591
0033145bb
003324845
003334a76
003344b17
0033549ca
003364858
0033746ff
0033844ad
0033939a8
0033ac424
0033bc819
0033cc932
0033dc9ce
0033eca5a
0033fca3e
00340c920
00341c7c5
00342c614
00343c468
00344c13c
00345bf00
00346c060
00347c218
00348c240
00349bf20
0034a3cb0
0034b45ae
0034c49d7
0034d4c5e
0034e4ced
0034f4c3e
003504a4b
00351487d
00352441c
00353c1a8
00354c794
00355c75a
00356c53c
00357c4c0
00358c4db
00359c382
0035ac3aa
0035bc80d
0035ccb1e
0035dcc35
0035ecb3b
0035fc934
00360c6fc
00361c10a
003624428
0036348c3
0036448e6
003654728
003664678
0036747c8
003684782
003694554
0036a4451
0036b4546
0036c45a2
0036d4338
0036e36c0
0036fbe50
00370bd80
00371b9c0
00372bea0
00373c1be
00374bf7e
00375b150
00376bc90
00377c438
00378c67c
00379c67a
0037ac526
0037bc38c
0037cbeb8
0037d2d88
0037e42f6
0037f451e
020002240
02001b8dc
020023f66
020033e86
020044193
020054128
02006372e
02007c040
02008c278
02009c3d6
0200ac26a
0200bc082
0200cbe44
0200db87c
0200e3b54
0200f3fde
020103edc
020113873
02012b520
02013b5b8
02014ad60
02015b87c
02016bfff
02017c1a2
02018be40
020193be0
0201a4208
0201b439b
0201c4310
0201d40fc
0201e3cfa
0201f3158
02020bcce
02021c1bc
02022c33f
02023c1a9
02024bd96
02025b67c
020262740
0202736cc
020283c5d
020293e44
0202a3b9e
0202bb50e
0202cb644
0202d3b62
0202e3e90
0202f3b1c
02030aa90
02031b294
0203231a6
02033388e
0203434cc
02035b8fa
02036b9b8
020373624
02038394e
02039ba98
0203ac02f
0203bbef0
0203cbb6b
0203dbc70
0203ec08d
0203fc2b2
02040c1bb
02041babd
020423c5d
020433fb5
020444159
0204543c8
020464481
0204743e5
020484130
020493a61
0204ab97b
0204bbc07
0204cb8ea
0204db874
0204eb81d
0204f3318
020503c17
020513b1e
02052b620
02053c092
02054c413
02055c4ce
02056c402
02057c0dd
02058bcb0
02059b8e8
0205ab258
0205b394e
0205c3e4f
0205d3e73
0205e3962
0205f2f40
020603baa
02061406e
02062411f
02063408b
02064415f
0206543a8
020664387
020673dc4
02068bd74
02069c018
0206ab9aa
0206ba800
0206cbd9f
0206dc24e
0206ec2a7
0206fc0ba
02070bfc6
02071c05c
02072bf77
02073bc7c
02074b96f
02075be02
02076c032
02077bf2d
0207830b0
02079bb02
0207abc99
0207bbcdf
0207cbb28
0207d3dfb
0207e415e
0207f407a
020803110
020813040
020823ee8
020833f47
0208440fe
02085400e
020863b7a
02087bfc2
02088c060
02089c236
0208ac0d2
0208bbe59
0208cbcb5
0208db972
0208e9e00
0208f34c0
02090b378
02091bbeb
02092bcef
02093bbf0
02094b82e
02095b5c8
02096bb44
02097bdd5
02098bbfe
02099344d
0209a3e77
0209b41c2
0209c438c
0209d43a2
0209e42dd
0209f421e
020a0402a
020a13485
020a2bd59
020a3bf86
020a4bda6
020a5b99a
020a6b59e
020a7b400
020a8aee0
020a9b54c
020aabde1
020abc1fd
020acc351
020adc235
020aec096
020afbfef
020b0bfe4
020b1bf29
020b2baaa
020b33bc7
020b440c2
020b540f0
020b64095
020b741c1
020b842a0
020b9413e
020ba3d60
020bb3853
020bc3885
020bd3c04
020be3d7e
020bf3f02
020c040eb
020c141d3
020c23f24
020c3ba06
020c4c1c7
020c5c3f0
020c6c4cd
020c7c57b
020c8c530
020c9c312
020cabc4a
020cb3c0b
020cc3d84
020cd35c8
020ceb21c
020cf32ac
020d036b0
020d12f80
020d2a300
020d334cc
020d43a43
020d53e50
020d64152
020d74348
020d843c0
020d941d1
020da3d98
020db3a23
020dc3a5f
020dda040
020debdf7
020dfc032
020e0beb8
020e1bd01
020e2bcd1
020e3bc7f
020e4b8b0
020e5310c
020e6b2e4
020e7c018
020e8c26d
020e9c043
020eab532
020eb3484
020ecaee0
020edb62c
020eeae10
020ef3538
020f02740
020f1b90a
020f2b48c
020f339f2
020f43a8a
020f52180
020f62fe8
020f738a9
020f83bb9
020f9b534
020faba02
020fbb638
020fcb0f9
020fd3955
020fe3ac1
020ff3872
02100b760
02101b9a0
021023e16
021033dbf
021043efc
021053c0b
02106bc08
02107c18b
02108c34c
02109c35d
0210ac0da
0210bb736
0210c3cdc
0210d406c
0210e41c7
0210f4289
021104177
021113c6b
02112b9e0
02113bea9
02114bd95
02115b977
02116b59e
02117b1f8
021183a1f
02119408d
0211a421b
0211b4150
0211c3e2d
0211db0b4
0211ec002
0211fc281
02120c396
02121c3ec
02122c2fe
02123c078
02124ba27
0212533fc
021263a48
021273c58
021283e56
021294016
0212a3dcc
0212b2f60
0212c3018
0212d3fa8
0212e426e
0212f4145
021303d7b
021313993
021323922
021333a38
0213437d8
02135b5bc
02136b970
02137b080
02138b4d0
02139bf2f
0213ac214
0213bc203
0213cc183
0213dc283
0213ec3ee
0213fc3ce
02140c110
02141b57c
021423d2e
021433f93
021444118
0214543b3
0214644c1
021474441
021484165
021493c1c
0214a3490
0214b3857
0214c38fa
0214d2f50
0214e36ac
0214f402a
021504283
02151401d
02152ba18
02153c284
02154c483
02155c4fb
02156c534
02157c4e7
02158c2a2
02159b9bc
0215a3dcf
0215b4030
0215c3d85
0215d2e90
0215ebac6
0215fbbbc
02160b88e
02161ae00
02162390a
021634002
0216443b5
02165450f
021664496
021674161
021683a9d
021692f90
0216a2970
0216bb70e
0216cbd54
0216dbeec
0216ebcb9
0216fb8b8
02170bc12
02171bf87
02172bec6
02173b560
02174354a
02175b67a
02176bdd4
02177be61
02178b894
02179ada0
0217aba5f
0217bbe45
0217cbd9d
0217db036
0217e3c0c
0217f3d2b
02180be4d
02181c02e
02182bc68
02183b570
0218429e0
02185a920
0218631a4
02187acd0
02188bb78
02189c04b
0218ac114
0218bc087
0218cc002
0218dbe9d
0218ebca5
0218fb190
021903ebb
0219142d1
0219243f8
02193432e
0219440d0
021953a28
02196b190
02197b5f8
02198bc2c
02199be52
0219ab534
0219b4030
0219c434a
0219d439b
0219e425c
0219f4027
021a036b2
021a1bf3c
021a2c3f5
021a3c4be
021a4c354
021a5c047
021a6bdef
021a7bc74
021a89c80
021a93c99
021aa3a6e
021abba2f
021acbedd
021adbe2f
021aebda2
021afbd9d
021b0b913
021b137c2
021b23c13
021b33dfc
021b4416e
021b54403
021b64417
021b74121
021b838e0
021b9b204
021ba25e0
021bbb348
021bcbad5
021bdb798
021be3935
021bf3a1e
021c0b674
021c1bcbc
021c2b9ca
021c3b4cc
021c4bcdb
021c5c154
021c6c22d
021c7c08c
021c8bc98
021c9b9ee
021cabe1a
021cbc10c
021ccbf34
021cd39a1
021ce41c6
021cf4304
021d0420f
021d14061
021d23db5
021d33acd
021d4b200
021d5be1f
021d6bd5b
021d73c08
021d84220
021d94198
021da3e12
021db3c06
021dc382a
021ddbcc8
021dec2b2
021dfc3f4
021e0c0b8
021e12cd0
021e23c66
021e32db8
021e4bca3
021e5bc13
021e6b70c
021e7bc14
021e8c027
021e9bfce
021eab80d
021eb3da5
021ec41a6
021ed416c
021ee3d5c
021ef3514
021f0b6a2
021f1bdae
021f2be49
021f3b5c1
021f43f04
021f53e90
021f63d97
021f73d10
021f83965
021f93c46
021fab3e8
021fbbc01
021fcbbd6
021fdbe0e
021feb7a6
021ffb4ee
022003c6c
022013ab2
022023ab6
022033f4e
022043f96
022053b8f
022062d0c
02207b520
022082d10
02209311c
0220a2f30
0220b3260
0220c3bdd
0220d3e4b
0220e38a2
0220fbd9d
02210c113
02211c0b6
02212bee3
02213bd5c
02214bc52
02215b824
022163620
022173b69
0221835cc
02219bba8
0221abf74
0221bbf09
0221cbc09
0221db316
0221e37cd
0221f3dd1
022204144
0222141f8
022223f1f
02223a1c0
02224bae5
02225b8ca
02226b452
02227b89c
02228bada
022292c40
0222a3eba
0222b4014
0222c38ca
0222dbbe3
0222ebd52
0222fbaa6
02230b85f
02231b8da
02232b0e8
022333c66
022343fdd
022353d6a
02236b318
02237be21
02238c050
02239c058
0223abe2b
0223bb678
0223c3a00
0223d3dd3
0223e3e32
0223f3d04
022403ad6
02241348a
02242b943
02243bf31
02244c138
02245c091
02246b66c
022474009
02248426b
02249415d
0224a3e69
0224b3c7c
0224c3bae
0224d2fe0
0224ebe37
0224fc1ca
02250c1c7
02251bf7d
02252b76c
022533d2c
022544222
022554397
022564173
022573648
02258be7f
02259c084
0225ac064
0225bc0d9
0225cc0dc
0225dbc86
0225e3b02
0225f3ff6
022603ee6
022613b34
02262369a
0226326c0
02264bc6b
02265c0e1
02266c06b
02267b1bc
022683d92
022693cb1
0226a3668
0226b36a4
0226c3b72
0226d3c0d
0226e3646
0226f3074
022703d6d
022714180
022723fd5
02273b7b2
02274bec2
02275bc62
02276b9b8
02277be31
02278b96e
02279be38
0227a3a70
0227b3de6
0227cb5c8
0227dad20
0227eb259
0227fb3b8
0228039d6
022813a14
022823084
022833d95
022843cd9
022853532
0228634e4
022873a05
022883f18
022893e50
0228a34af
0228bba4c
0228cb218
0228d3c12
0228e3897
0228fbdc1
02290c19b
02291c0bd
02292bd2b
02293bc0a
02294bd55
02295bc74
02296b050
0229738a2
02298333c
02299b9b0
0229abce6
0229bbc7e
0229cb999
0229daf18
0229e3914
0229f3e93
022a041c0
022a1435b
022a24271
022a33eb5
022a433fc
022a5b258
022a62fa0
022a7326c
022a8b89d
022a9bcff
022aab9c0
022ab2b20
022acba04
022adc176
022aec33d
022afc14d
022b0bd17
022b1b88e
022b2a2e0
022b33c27
022b44025
022b53fcc
022b63605
022b7bd3f
022b8bde3
022b9b6d0
022ba35b4
022bb3a78
022bc3f99
022bd42f6
022be445e
022bf4425
022c04277
022c13f22
022c2ae38
022c3c09d
022c4c474
022c5c55a
022c6c44e
022c7c10c
022c8bd53
022c9b71d
022ca3b73
022cb4068
022cc406a
022cd3932
022cebe78
022cfc27c
022d0c2ed
022d1c178
022d2bd7e
022d33c05
022d44438
022d54688
022d64645
022d743c3
022d83dd1
022d932f4
022dab8d5
022dbbf76
022dcc156
022ddbf08
022de3454
022df3db2
022e03a84
022e1b7b8
022e2bc73
022e3bd49
022e4c068
022e5c2bc
022e6c265
022e7bdd2
022e83218
022e937cc
022eaabc0
022ebb5e2
022ec2730
022ed38d6
022ee3a92
022ef3c66
022f04053
022f141fe
022f24062
022f33776
022f4ba6f
022f5b7cb
022f6b743
022f7b8ba
022f8b12c
022f9b9a7
022fa3b02
022fb3d7b
022fc35dc
022fd33d8
022feb766
022ffb83e
023003965
023013da8
023022b30
023033472
02304b86a
02305b4e8
023063e65
0230740ab
023084166
023093ed2
0230a38e5
0230bb182
0230cb5c5
0230db98f
0230ebe84
0230fc0e8
02310c10a
02311bfd8
02312bd32
02313bba0
02314b970
02315b444
02316ab30
02317b53e
02318b8ca
02319b6bc
0231ab380
0231bb5f0
0231cb640
0231d357c
0231e3e63
0231f415a
023204338
023214457
0232243da
023234081
02324396e
0232534a0
02326354a
02327b700
02328bfe3
02329c22c
0232ac1b0
0232bc02c
0232cc103
0232dc38e
0232ec358
0232fbf9a
02330bab6
02331bd2c
02332bcb5
023333694
023343fff
023354038
023363aec
02337a8c0
023383af8
02339418e
0233a42fd
0233b41fb
0233c421b
0233d43bd
0233e444f
0233f4412
0234042af
023413fc3
02342b21c
02343c148
02344c530
02345c70e
02346c753
02347c61a
02348c42b
02349bfba
0234aa180
0234b3c76
0234c3f04
0234d3f6a
0234e32f0
0234fc1ec
02350c4f0
02351c35e
02352b628
023534215
02354461e
023554855
0235648c9
0235747da
02358445d
023593af2
0235abe20
0235bc21d
0235cc415
0235dc373
0235ebd0a
0235f3e6e
023604070
0236134e0
02362bf32
02363c204
02364c46a
02365c61b
02366c631
02367c392
02368b920
023693c51
0236a3c59
0236b3a9e
0236c3dd5
0236d4052
0236e3e41
0236f395a
023703ec1
023714373
0237243e5
02373402f
0237430e0
02375a520
02376b5de
02377ba69
02378b6c8
02379be43
0237a3ca0
0237b403d
0237c3864
0237d3670
0237eb820
0237fb93a
02800c504
02801c649
02802c41b
02803bfa0
02804bdef
02805baa4
02806c2fa
02807c449
02808c496
02809c3c5
0280ac0a0
0280b3972
0280c41d5
0280d440c
0280e436e
0280f41e7
0281040e5
0281140d0
0281241c9
028134309
0281442d5
028154077
028163ac4
0281735a8
02818399c
028193b80
0281a3868
0281baf40
0281cb7d8
0281db860
0281eba1a
0281fbdb8
02820c094
02821c18f
02822c104
02823bd64
0282438f8
02825418e
02826442b
02827443f
0282842a7
02829403c
0282a3c90
0282b393b
0282c38dd
0282d38e0
0282e3210
0282fba88
02830c045
02831c204
02832c204
02833c11f
02834c043
02835beaa
02836bcbe
02837baec
02838b840
0283930c0
0283a3d10
0283b411c
0283c4354
0283d444d
0283e4496
0283f44ee
02840457e
0284145de
028424568
028434411
02844415e
028453f14
028463b40
02847b788
02848c0ba
02849c43d
0284ac5c5
0284bc6fa
0284cc7a0
0284dc716
0284ec589
0284fc35f
02850c085
02851be3c
02852bcf4
02853b870
028543b58
0285541f2
0285644c7
0285745a9
028584616
0285946e3
0285a47e2
0285b482e
0285c4806
0285d46dd
0285e44c5
0285f402e
02860b470
02861bd10
02862bc60
02863bc84
02864c039
02865c35a
02866c54f
02867c69a
02868c730
02869c6c3
0286ac571
0286bc434
0286cc351
0286dc1e4
0286ebc3c
0286f3e0c
0287042a0
02871436a
028724356
0287344c0
0287446d2
02875484c
0287648da
0287748ff
02878487a
02879477b
0287a473c
0287b46a4
0287c486a
0287d48b1
0287e47cb
0287f45c4
02880c38b
02881c589
02882c3c8
02883c140
02884c0b4
02885bfbf
02886c3ac
02887c482
02888c53c
02889c4a8
0288ac412
0288bbcea
0288c37b4
0288d40a9
0288e41b5
0288f41f8
0289041fc
0289141b6
028924260
028934430
0289444fe
02895450e
0289644c9
02897447f
028984414
02899424c
0289a3e78
0289b3100
0289cb970
0289dbcea
0289ebfac
0289fc21c
028a0c4b2
028a1c67c
028a2c7df
028a3c81d
028a4c73d
028a5c56e
028a6c345
028a7c0a7
028a8be36
028a9bb68
028aab0a0
028ab3b28
028ac40b0
028ad43fa
028ae455b
028af4672
028b0477c
028b14831
028b2486e
028b3482e
028b446c1
028b544e5
028b64284
028b73f40
028b839e0
028b9b650
028bac07a
028bbc478
028bcc65b
028bdc77c
028bec7d8
028bfc7de
028c0c76e
028c1c64a
028c2c530
028c3c4d2
028c4c4b9
028c5c433
028c6c196
028c7b900
028c83f54
028c94472
028ca46d7
028cb480b
028cc4813
028cd47f6
028ce47ca
028cf4753
028d04625
028d1443a
028d24110
028d34000
028d44052
028d53fa4
028d638b0
028d7bedc
028d8c3f4
028d9c553
028dac5c0
028dbc582
028dcc4f2
028ddc4af
028dec52e
028dfc601
028e0c5ce
028e1c3dc
028e2bdaa
028e33678
028e43d4c
028e53e76
028e63e02
028e73d50
028e83e22
028e940e8
028ea438f
028eb4474
028ec4422
028ed43c7
028ee4456
028ef44ba
028f0445e
028f142d9
028f24145
028f34135
028f441f0
028f54235
028f64222
028f74240
028f84145
028f93e26
028fa3bb2
028fb34c6
028fc3c6e
028fd3e8e
028fe3d58
028ff3c01
02900bdb0
02901bf0e
02902aab0
029033f0f
029044038
02905410f
029063a3e
0290737b8
02908392c
029093c31
0290a3f69
0290b4291
0290c4486
0290d44e8
0290e4443
0290f4208
029103e82
02911345c
02912ba9c
02913bd82
02914be40
02915bf98
02916c0cc
02917c11a
02918c054
02919bf0c
0291abf55
0291bc0b9
0291cc193
0291dc11e
0291ebee4
0291fba70
029202d20
029213c5c
029224028
029234247
02924449d
02925466b
0292647bd
0292747a1
0292845ff
02929437d
0292a3f98
0292b39b8
0292c9e00
0292db8e8
0292ebde4
0292fc1ca
02930c4c1
02931c62a
02932c67c
02933c63c
02934c636
02935c61e
02936c552
02937c3c4
02938c07e
02939b990
0293a3a78
0293b40a4
0293c433c
0293d44bf
0293e4619
0293f47a9
029404876
0294148ae
02942485c
02943474d
0294445b3
029454415
0294640de
029473990
02948bcc0
02949c254
0294ac511
0294bc6d1
0294cc800
0294dc82b
0294ec7f7
0294fc713
02950c5f9
02951c513
02952c45b
02953c2cc
02954c02a
02955b878
029563ad8
0295740a4
02958446c
0295946fa
0295a486a
0295b48ab
0295c4875
0295d4805
0295e4699
0295f446c
029604084
029613cec
029623d50
029633e70
029643d0c
02965a680
02966c006
02967c420
02968c5d2
02969c698
0296ac674
0296bc5fd
0296cc58b
0296dc4ed
0296ec401
0296fc1d2
02970bf5c
02971bb94
02972b390
0297335a8
029743b2c
029753e14
029764089
029774289
0297843df
029794391
0297a4260
0297b4159
0297c41d7
0297d4366
0297e43dc
0297f4296
0298028e0
029813158
029823d80
0298341a8
029844328
029854457
02986440d
02987443b
0298844d7
029894555
0298a457e
0298b4628
0298c46ae
0298d46db
0298e46ef
0298f471d
02990470b
029914608
029924454
0299341df
02994405e
029953e22
0299634c8
02997bd58
02998c16a
02999c38e
0299ac496
0299bc46d
0299cc2c6
0299dc173
0299ec237
0299fc402
029a0c4a9
029a1c4dd
029a2c4f1
029a3c48b
029a4c156
029a532a8
029a640d7
029a7434c
029a84496
029a9452b
029aa44f1
029ab443b
029ac440a
029ad44ea
029ae45da
029af458c
029b0445c
029b14362
029b24386
029b342d8
029b4404e
029b539b8
029b6b690
029b7bef6
029b8c2bc
029b9c479
029bac4b2
029bbc4ef
029bcc5e0
029bdc683
029bec564
029bfc223
029c0bd42
029c1b988
029c2b9c0
029c3bc3e
029c4bd2c
029c5b8f0
029c63e54
029c744b6
029c846c7
029c9468f
029ca4560
029cb44e9
029cc44f5
029cd44b1
029ce4446
029cf441c
029d043ba
029d141e0
029d23d7c
029d3b520
029d4bfec
029d5c342
029d6c49c
029d7c446
029d8c242
029d9c06a
029dabff7
029dbc08c
029dcc13a
029ddc1e1
029dec29a
029dfc27c
029e0c050
029e1b5ee
029e23d54
029e34164
029e443d1
029e54497
029e643cf
029e74041
029e83a8a
029e93c77
029ea419b
029eb4499
029ec4503
029ed438b
029ee3f6d
029ef3330
029f0b84e
029f1b570
029f2b1b0
029f3b378
029f4b874
029f5bbb2
029f6bb70
029f7bd0b
029f8b78c
029f9b826
029fabce3
029fbc005
029fcc26c
029fdc131
029febcb8
029ffb4be
02a00bfcf
02a01c120
02a02c1a9
02a03c19e
02a04c11f
02a05c1d1
02a06c397
02a07c52b
02a08c606
02a09c609
02a0ac5da
02a0bc548
02a0cc487
02a0dc350
02a0ec2aa
02a0fc296
02a10c248
02a11c101
02a12be9a
02a13bb94
02a142700
02a153e0e
02a16419e
02a174296
02a1841fe
02a1940b2
02a1a3f6f
02a1b3e79
02a1c3df6
02a1d3e54
02a1e3ee0
02a1f3df2
02a203bc0
02a213894
02a22356e
02a23a960
02a24ba42
02a25be84
02a26c06c
02a27c0f0
02a28c083
02a29bda6
02a2ab4f6
02a2b3562
02a2c2a48
02a2dbb68
02a2ebec1
02a2fbf85
02a30bfbd
02a31bf5a
02a32bcb8
02a33b17e
02a3437c6
02a3534cb
02a36b710
02a37ba02
02a38b570
02a392a70
02a3a2d90
02a3b325c
02a3c3981
02a3d3de6
02a3e4067
02a3f40d3
02a403f76
02a4138b2
02a42bb05
02a43bdc2
02a44b890
02a453af0
02a463e00
02a473b40
02a48b2f0
02a49bc1d
02a4abca3
02a4bb9a6
02a4cb3f0
02a4db894
02a4ebf58
02a4fc21d
02a50c1fb
02a51be0d
02a522f40
02a533970
02a5434e0
02a55b314
02a56b928
02a57bbf0
02a58bc80
02a59bc7a
02a5abd0a
02a5bbeab
02a5cbfc9
02a5dbd24
02a5e38b6
02a5f4167
02a60436b
02a614284
02a623f98
02a633778
02a64b594
02a65b42c
02a66393c
02a673fe7
02a6841ca
02a694151
02a6a3d46
02a6bb0a8
02a6cba2c
02a6dba14
02a6ebb9e
02a6fbe19
02a70c058
02a71c171
02a72c21b
02a73c21e
02a74c10d
02a75be6b
02a76bc24
02a77bd1d
02a78c17e
02a79c17e
02a7ab4d0
02a7b38e9
02a7c4263
02a7d4193
02a7e3d5e
02a7f3840
02a80b81c
02a81bb72
02a82c03b
02a83c23d
02a84c211
02a85c26d
02a86c198
02a87c37d
02a88c4cf
02a89c544
02a8ac5a0
02a8bc586
02a8cc527
02a8dc45d
02a8ec3f9
02a8fc3a2
02a90c276
02a91bf4c
02a92b450
02a933798
02a9439a8
02a953dba
02a964176
02a974397
02a984413
02a9943a1
02a9a42fa
02a9b4206
02a9c403d
02a9d3ca0
02a9e3988
02a9f389c
02aa030f0
02aa1ba00
02aa2bed6
02aa3c115
02aa4c334
02aa5c4f5
02aa6c5ff
02aa7c628
02aa8c56b
02aa9c40e
02aaac0d7
02aabbafe
02aac2cc0
02aad32a0
02aae3300
02aaf3bfc
02ab040ff
02ab143d0
02ab244a4
02ab344eb
02ab44507
02ab54493
02ab64272
02ab73ece
02ab83a24
02ab930e0
02abab978
02abbbedc
02abcc0bc
02abdc0f4
02abec179
02abfc3af
02ac0c584
02ac1c6d2
02ac2c713
02ac3c649
02ac4c4cd
02ac5c22c
02ac6be8e
02ac7b89c
02ac836f8
02ac93f0c
02aca4324
02acb4563
02acc4667
02acd4621
02ace44cf
02acf4276
02ad0408d
02ad14059
02ad240cc
02ad340b4
02ad43f74
02ad53be0
02ad6b4b0
02ad7bf86
02ad8c33f
02ad9c558
02adac6dc
02adbc7f9
02adcc826
02addc732
02adec4a1
02adfbede
02ae02f40
02ae13740
02ae2aa00
02ae3b8b0
02ae4b978
02ae5a400
02ae63eb2
02ae743f7
02ae845ba
02ae945d7
02aea448a
02aeb4241
02aec40f5
02aed40b2
02aee403d
02aef3e88
02af03b84
02af12cc0
02af2ba12
02af3bdfb
02af4bf08
02af5bf19
02af6c003
02af7c05c
02af8c21e
02af9c149
02afabd18
02afbb94f
02afc37cc
02afd26c0
02afebb18
02affbcba
02b0037e4
02b01b400
02b02bfca
02b03c2fa
02b04c2d5
02b05c366
02b06c191
02b07c2b6
02b08c456
02b09c4c7
02b0ac53e
02b0bc546
02b0cc596
02b0dc53c
02b0ec4c9
02b0fc3a0
02b10c04f
02b11b220
02b123d74
02b13401e
02b144078
02b154180
02b164384
02b174499
02b1844e0
02b1944ab
02b1a43f5
02b1b4176
02b1c3d30
02b1d3690
02b1e2ec0
02b1fb690
02b20bf74
02b21c3bc
02b22c564
02b23c626
02b24c6f4
02b25c7f9
02b26c838
02b27c801
02b28c704
02b29c58d
02b2ac282
02b2bb6d8
02b2c3f58
02b2d41d2
02b2e433c
02b2f44fb
02b3046ee
02b314844
02b324897
02b334887
02b34482a
02b354687
02b364402
02b37403a
02b383c98
02b392d80
02b3ac004
02b3bc4be
02b3cc6f0
02b3dc809
02b3ec881
02b3fc92f
02b40c9bf
02b41c9d7
02b42c971
02b43c8a6
02b44c70c
02b45c448
02b46be58
02b473650
02b48403c
02b49449f
02b4a47de
02b4b4961
02b4c4a1c
02b4d49fd
02b4e493d
02b4f482c
02b504631
02b5144c6
02b52442a
02b534280
02b543d58
02b55bc10
02b56c188
02b57c430
02b58c682
02b59c8fc
02b5aca77
02b5bcb1a
02b5ccafe
02b5dca39
02b5ec896
02b5fc4b8
02b60bbb0
02b613888
02b623660
02b633430
02b643ac8
02b653f68
02b664270
02b67456d
02b684811
02b6948f1
02b6a48d0
02b6b4810
02b6c469d
02b6d451a
02b6e4250
02b6f3cac
02b70b0b0
02b71b988
02b72bbb8
02b73bec6
02b74c108
02b75c26a
02b76c3ad
02b77c46a
02b78c616
02b79c5bc
02b7ac328
02b7bc0c9
02b7c2c60
02b7db618
02b7ebede
02b7fc04e
03000ba70
03001bfc1
03002bd1c
03003bbbd
03004ba87
030053802
03006b370
03007c204
03008c1b1
03009c0aa
0300abf28
0300bbb35
0300c3388
0300d3836
0300eb4b6
0300fbd77
03010bc74
03011b5a8
03012b4b0
03013b470
0301439e8
03015400c
0301640aa
030173fbf
030183f1a
03019400e
0301a40d4
0301b4134
0301c404a
0301d3c2d
0301eaed0
0301fbb6a
03020bebc
03021c105
03022c1e1
03023c105
03024bd29
030252e80
030263ac3
030273985
03028310c
03029b228
0302ab130
0302b3192
0302c3813
0302d39b7
0302e3d6c
0302f40ea
03030412e
030313d34
030323854
030333cf4
030343e0c
030353040
03036be1e
03037c04e
03038c07b
03039c10f
0303ac1c6
0303bc1b4
0303cc064
0303dbc0a
0303e3410
0303f3b9c
030403c4d
030413d8f
0304240ab
03043428e
0304442a3
030454173
030464151
03047429f
03048427c
030493ea2
0304a2c00
0304bb6c0
0304cb8ee
0304dbc6e
0304ebd2a
0304fbc4f
03050bd9e
03051c0e5
03052c25b
03053c288
03054c34e
03055c44f
03056c3e0
03057c0cb
03058bacc
030593560
0305a3e87
0305b4246
0305c445f
0305d44ce
0305e4479
0305f4388
030604220
0306141cf
0306242d2
03063430c
0306440b7
0306539ae
03066b4f2
03067bb08
03068bfb2
03069c2ec
0306ac40b
0306bc208
0306cbf6b
0306dbf74
0306ec0ef
0306fc0c3
03070bdfc
03071bc00
03072bdfc
03073be72
03074b70c
030753cd1
030763f6a
030773f44
030783b9a
03079401d
0307a4340
0307b4339
0307c42af
0307d44c8
0307e458e
0307f4465
03080baa4
03081bdbe
03082bc6f
03083bc0c
03084b559
030853080
030863090
03087c0a9
03088c0a3
03089c011
0308abfe6
0308bbd53
0308cb3f8
0308d2f44
0308eb2ac
0308fbddc
03090be59
03091bd90
03092bec2
03093be08
03094b130
030953d9e
030964084
0309740f5
030984123
030994159
0309a4130
0309b4117
0309c4165
0309d4144
0309e4050
0309f3e0b
030a038f1
030a1b8b2
030a2bf0b
030a3c109
030a4c126
030a5c032
030a6be50
030a7bdc5
030a8bfbe
030a9c145
030aac1ad
030abc15e
030acc192
030adc1c3
030aec01b
030afb420
030b03c58
030b13cbc
030b23d84
030b340ec
030b4424c
030b54212
030b64257
030b7437d
030b8443f
030b94462
030ba43f7
030bb4212
030bc3e74
030bd2fe0
030beb9ac
030bfbc40
030c0bf0f
030c1c113
030c2c1a0
030c3c23c
030c4c423
030c5c572
030c6c58b
030c7c400
030c8c153
030c9c0a8
030cabd5f
030cb38f2
030cc3f70
030cd3f47
030ce3e2c
030cf3f26
030d04092
030d1410f
030d2419a
030d34336
030d44448
030d5442c
030d6436c
030d74222
030d83fb4
030d93914
030dab238
030dbb96a
030dcbd4b
030ddc02e
030dec16b
030dfc2d3
030e0c41d
030e1c383
030e2c09e
030e3bd08
030e4bd0f
030e5bdc2
030e6bc28
030e7b7d0
030e8b906
030e9bc21
030eab320
030eb3e55
030ec40c2
030ed3f6f
030ee3e55
030ef3fd9
030f0401a
030f13de8
030f23a2c
030f33913
030f43c6e
030f53e7d
030f63e58
030f73d5f
030f83a94
030f93c4e
030fa3cdf
030fb374b
030fcab48
030fd3c3d
030fe3f98
030ff3b72
03100b93c
03101bd5e
03102b987
03103b17a
031042e60
031053d38
0310639f0
03107bc20
03108baaa
03109b700
0310ab304
0310b3228
0310c3c8d
0310d3f44
0310e3df2
0310f390a
03110371c
031113aa8
031123a22
0311335f8
03114390d
031153dc5
031163f72
031173ebe
031183d10
031193958
0311a28c0
0311bb782
0311cbc9e
0311dc04a
0311ec196
0311fc186
03120c0f8
03121c0ae
03122c044
03123bd69
031242cd8
031253d73
031263f58
031273f23
031283e7b
031293d35
0312a3c1a
0312b3d3e
0312c3fec
0312d40b2
0312e416b
0312f4322
031304390
031314063
031323578
03133a980
03134b188
03135bece
03136c345
03137c448
03138c3e3
03139c3e8
0313ac479
0313bc485
0313cc332
0313dc054
0313eba0c
0313f35bc
031403d13
0314140c5
031424325
03143442b
0314443ec
03145431a
03146439a
031474498
031484489
03149424a
0314a3ef4
0314b3c66
0314c384c
0314db6e0
0314ebd90
0314fbfe4
03150c056
03151c0b4
03152c1a8
03153c3a6
03154c522
03155c5a8
03156c4ce
03157c33f
03158c1d1
03159bf22
0315a3754
0315b4194
0315c436a
0315d4290
0315e41b8
0315f41eb
03160421f
03161426a
03162437c
031634441
03164441e
0316542b0
0316640a3
031673c1a
03168bad9
03169c142
0316ac205
0316bc0a5
0316cc01d
0316dc0f1
0316ec102
0316fbf25
03170bcad
03171bd6d
03172c002
03173c082
03174bed8
03175bb82
03176b8c4
03177b90c
03178b802
0317932c0
0317a3c6e
0317b3dbe
0317c3c59
0317d3d56
0317e40c3
0317f41c8
03180af00
03181b8fd
03182b618
03183b584
03184b944
03185b314
031863138
03187b858
03188b4c0
031893a5c
0318a3d3a
0318b3d21
0318c3ebc
0318d4130
0318e4292
0318f41a7
031904009
031914039
031924192
031934186
031944010
031953f93
0319640c7
031974019
031983bb4
031993850
0319a3950
0319b37d8
0319c35d8
0319d3998
0319e38f6
0319fb9dc
031a0c121
031a1c2b5
031a2c2d4
031a3c3d9
031a4c3f4
031a5c0e3
031a6b917
031a79fc0
031a8b034
031a9b3f8
031aaae28
031ab358c
031ac38bc
031ad37c8
031ae3ae0
031af3fd5
031b04166
031b140f8
031b24078
031b34159
031b441f0
031b540d8
031b63f39
031b73f26
031b83e86
031b938c9
031bab8ad
031bbba8e
031bcb86c
031bdbbce
031bebeb8
031bfbd7d
031c0b7c2
031c1bae8
031c2c1c7
031c3c47d
031c4c3a1
031c5c088
031c6c028
031c7c000
031c82780
031c94070
031ca401f
031cb3a3f
031cc394c
031cd3e14
031ce409a
031cf4229
031d043a7
031d14373
031d24177
031d33f93
031d43dbc
031d53854
031d6b88c
031d7b9f6
031d82d90
031d93b78
031da3af2
031dbb5ee
031dcbf80
031ddc0e3
031dec11f
031dfc2d3
031e0c42b
031e1c1fe
031e2b54a
031e33da5
031e43cce
031e53560
031e62d60
031e733f0
031e82d54
031e9b619
031ea2140
031eb3f03
031ec423b
031ed4154
031ee3ebd
031ef3d31
031f03b34
031f135ac
031f23460
031f33982
031f437c4
031f53634
031f6381c
031f739ae
031f831a4
031f9b9f0
031fab9f2
031fbbab1
031fcbd90
031fdc0e6
031febbc8
031ff37bc
03200b8db
03201b8f5
03202b83f
03203b15e
032043342
032053245
03206307b
03207b9eb
03208be90
03209be6a
0320abc63
0320bbc27
0320cbd51
0320dbd41
0320ebbb2
0320fbce3
03210c0d8
03211c342
03212c2fd
03213c0f5
03214bf69
03215be7d
03216bc1c
032172f00
032183bee
032193ad6
0321a358e
0321b3810
0321c3c87
0321d3e38
0321e3ede
0321f3efe
032203ef2
032213f0d
032223e8b
032233bf9
03224b1d0
03225bcf7
03226bdda
03227bc79
03228bb80
03229bad8
0322ab554
0322b38f3
0322c3c78
0322d350e
0322ebc6a
0322fbe87
03230bc8a
03231b8af
03232b684
03233b502
032343093
032353a60
0323639d9
03237b318
03238bc06
03239bc44
0323abad5
0323bba64
0323cb9bc
0323dad88
0323e3b03
0323f3c6f
032403654
03241b0c8
032422c60
0324336de
032443735
03245376e
0324639e4
032473b54
0324839d8
032493704
0324a341a
0324b2940
0324cb358
0324db5e0
0324eb78a
0324fbb81
03250be28
03251bd80
03252b58c
032533598
0325430b0
03255a470
032563544
032573614
03258b52c
03259bc54
0325abc86
0325bb9ad
0325cb90c
0325dba34
0325eac30
0325f3d72
032603f9f
032613af2
03262b94a
03263be16
03264be88
03265bd9b
03266bbb4
03267aa00
032683d9e
032694121
0326a40cf
0326b3d06
0326c39a3
0326d3cab
0326e3d18
0326f3684
03270b7a0
03271b88a
03272ad84
032733194
03274b740
03275bda2
03276be0c
03277baea
03278c028
03279c0d4
0327abec4
0327bb5da
0327c38ac
0327d3c57
0327eb89a
0327fbf35
03280b200
03281a240
03282b6f0
03283b548
03284339a
03285b164
032862da0
03287a7a0
03288bae4
03289ba85
0328ab831
0328bbbad
0328cbf67
0328dc007
0328ebcfa
0328fbba7
03290bf57
03291c1fa
03292c1e1
03293c016
03294bee6
03295c040
03296c023
03297bb28
032983892
032993c57
0329a3a28
0329b3a50
0329c3dd7
0329d4016
0329e404c
0329f405c
032a040e3
032a1414a
032a240d1
032a33e3e
032a43078
032a5bd5e
032a6c043
032a7c043
032a8bf98
032a9bec4
032aabdbf
032abbcaa
032acbc01
032adbd21
032aec065
032afc23f
032b0c1d2
032b1bde6
032b2b3c4
032b3ab60
032b433e8
032b53e4d
032b64158
032b740f5
032b83f82
032b9401c
032ba41a8
032bb4238
032bc40da
032bd3e62
032be3d1a
032bf3a06
032c0b986
032c1c081
032c2c189
032c3c103
032c4c112
032c5c1ef
032c6c24e
032c7c1b8
032c8c0c3
032c9bff7
032cabe57
032cbba86
032cc3310
032cd3acc
032ce38c8
032cfae60
032d0ac40
032d13c0a
032d24069
032d341be
032d442ec
032d54452
032d644b3
032d743b4
032d83ff6
032d9aab0
032dabe13
032dbc0aa
032dcc1df
032ddc2a2
032dec1a9
032dfbe11
032e0b952
032e1bd61
032e2c208
032e3c419
032e4c39c
032e5c190
032e6bf82
032e7ba4a
032e83c56
032e941b3
032ea4213
032eb4009
032ec3e37
032ed4029
032ee40c6
032ef3fe0
032f03dcf
032f13d74
032f23dde
032f33c7a
032f435a8
032f5b8a7
032f6ba1f
032f7b8b1
032f8bc71
032f9bd3a
032fabbe8
032fbb6dc
032fcb39e
032fd2bb0
032febcc1
032ffbfc8
03300ad28
033013823
033022ec8
03303ad54
033043290
03305bb2a
03306b5b4
033073856
033083488
03309b222
0330aba32
0330bbd13
0330cbf45
0330dc031
0330ebfa5
0330fbfda
03310bff0
03311c016
03312c003
03313bfcb
03314c028
03315c050
03316beec
03317ba98
033183118
033193ad0
0331a3cd0
0331b3e6b
0331c40c1
0331d4208
0331e4227
0331f4208
033204266
0332141da
033223f30
033233894
03324b762
03325bef7
03326c1c8
03327c261
03328c204
03329c248
0332ac2d3
0332bc236
0332cc101
0332dc110
0332ec28f
0332fc350
03330c138
03331b8d4
0333238ac
033333894
033343cf0
033354275
0333644ab
03337449e
033384469
03339451a
0333a45ef
0333b4567
0333c42c4
0333d3d68
0333e3080
0333fbc08
03340c13e
03341c42b
03342c4ed
03343c4ea
03344c4e5
03345c54b
03346c5c5
03347c5e8
03348c554
03349c3f3
0334ac0e0
0334bbbbc
0334c39b4
0334d4058
0334e4150
0334f414a
0335041bd
0335142a4
0335243bc
0335344f1
03354466a
03355471c
033564670
033574550
0335843ec
033593d55
0335ac08f
0335bc4e2
0335cc5be
0335dc5cc
0335ec598
0335fc4c5
03360c2c2
03361c18e
03362c408
03363c5ee
03364c634
03365c4a8
03366c1f2
03367beba
0336839b0
03369442f
0336a461c
0336b455b
0336c4417
0336d43eb
0336e43c8
0336f41c8
033703e94
033713dab
033724090
03373418f
033743f5f
03375ae78
03376bc15
03377bc6a
03378c093
03379c15c
0337ac083
0337bbde2
0337cba41
0337da300
0337ec01f
0337fc2f8
038003917
03801b428
03802bf60
03803c41e
03804c57a
03805c459
03806c402
03807bccb
038083886
038093f5d
0380a3eaa
0380b3da1
0380c39f4
0380d3c2c
0380e3d72
0380f3e2c
038103d3c
038113c52
038123c2c
038133c90
038143e4e
0381540c6
03816421e
038174274
0381841bc
038193eba
0381ab532
0381bc0e4
0381cc402
0381dc4be
0381ec472
0381fc212
03820bc43
038213acb
0382240b8
0382341c8
03824405d
038253c6d
03826393c
038273ab0
038283ca8
038293de9
0382a3e78
0382b3d92
0382c3c0e
0382d386c
0382eb2f0
0382fbad8
03830bb04
03831bb58
03832bea1
03833c0f0
03834c16e
03835c136
03836c03c
03837bd28
03838b9b4
03839b410
0383a39bc
0383b3f80
0383c4106
0383d4237
0383e441c
0383f44fb
038404563
038414561
0384244b5
0384342a4
038443e1b
03845b62c
03846c0e9
03847c404
03848c456
03849c396
0384ac1dc
0384bc030
0384cbf4f
0384dc112
0384ec32a
0384fc43d
03850c473
03851c3f4
03852c13a
03853b9b4
038543dae
03855434e
0385645a3
0385746ce
0385846e3
038594629
0385a4512
0385b43d4
0385c41ba
0385d40ba
0385e4128
0385f41b4
038604093
0386136e0
03862bfd4
03863c357
03864c49b
03865c52c
03866c566
03867c507
03868c416
03869c242
0386ac12b
0386bc080
0386cbe77
0386db980
0386e2f10
0386f3a9c
038703f46
03871422d
038724419
03873442c
03874436b
03875437b
03876441f
03877453f
038784680
038794713
0387a45dc
0387b467b
0387c436a
0387d41cb
0387e4147
0387f3df8
03880b454
038812d78
03882bf90
03883c349
03884c4b3
03885c48f
03886c3b2
03887c03b
03888b758
038893bac
0388a33ff
0388b3855
0388cb9d4
0388db740
0388eb420
0388f3980
038903e00
0389140df
038924266
038934294
03894427c
0389542c9
0389642ce
0389742d8
038984344
0389942ee
0389a40e1
0389b39c4
0389cbda8
0389dc324
0389ec517
0389fc58a
038a0c51a
038a1c40d
038a2c168
038a3bf90
038a4c00f
038a5c14d
038a6c241
038a7c262
038a8c160
038a9bec4
038aab6e0
038ab3c58
038ac4176
038ad4422
038ae44fc
038af454c
038b04584
038b145b4
038b24597
038b34542
038b444ac
038b54309
038b6400f
038b73720
038b8bda8
038b9c1c4
038bac244
038bbc1ae
038bcc1b7
038bdc268
038bec3e4
038bfc520
038c0c679
038c1c770
038c2c75d
038c3c5de
038c4c257
038c5b170
038c64061
038c743bb
038c8450b
038c94555
038ca44c0
038cb440d
038cc4326
038cd4268
038ce42bb
038cf43d8
038d04445
038d14462
038d24402
038d3415a
038d43b50
038d5b750
038d6bded
038d7c115
038d8c303
038d9c466
038dac52d
038dbc58a
038dcc541
038ddc454
038dec14d
038dfba3c
038e02a00
038e1b5e8
038e2ba82
038e3b9fc
038e4b7ac
038e52ec0
038e63c8e
038e74051
038e84216
038e94312
038ea4244
038eb40ce
038ec4062
038ed4002
038ee3df7
038ef3d9b
038f03f64
038f1406e
038f240b9
038f3403f
038f43d95
038f53a0b
038f638c3
038f738a0
038f8398e
038f93d37
038fa3d03
038fb3faf
038fc3a2d
038fd333c
038fe2e6a
038ffb884
039003fcb
039013c26
039022480
03903bee6
03904c144
03905bd64
03906ba38
039073e74
039084261
039094459
0390a4452
0390b42c8
0390c3fbe
0390d3984
0390eb0a8
0390fb8a4
03910b9f9
03911b834
039122d80
03913396c
039143b74
039153ae4
039163600
03917b8e6
03918bf3c
03919c1ce
0391ac3ca
0391bc471
0391cc42e
0391dc29c
0391ebfce
0391f1b00
03920402a
039214370
0392244da
039234522
03924442c
039254188
039264008
039274016
0392840b7
039294175
0392a417b
0392b405e
0392c3d20
0392d2840
0392ebea8
0392fc260
03930c3a4
03931c41d
03932c4b6
03933c517
03934c4d9
03935c472
03936c406
03937c2a2
03938c10e
03939bdc4
0393a3648
0393b4101
0393c4422
0393d4559
0393e4667
0393f470d
03940471f
0394146c0
0394245ee
0394344b1
039444271
039453e0c
03946b8fc
03947c12e
03948c300
03949c2dc
0394ac248
0394bc1c7
0394cc203
0394dc35b
0394ec49d
0394fc5ba
03950c6e4
03951c73e
03952c604
03953c2fc
03954b738
039554141
03956452f
0395746b3
0395846dc
0395945e3
0395a4458
0395b41e6
0395c40c0
0395d419d
0395e43c8
0395f44f4
03960451c
0396143e8
039623fbc
03963b5ec
03964c136
03965c457
03966c531
03967c517
03968c461
03969c33b
0396ac263
0396bc1c8
0396cc0ae
0396dbf2d
0396ebe05
0396fbd83
03970bc8a
03971b826
0397234f4
039733b04
039743bb0
039753b5e
039763d45
039773ed5
03978405b
039794182
0397a4210
0397b42be
0397c4262
0397d40ef
0397e3ea1
0397f3b30
039803ad3
039813d56
039823d74
039833c8a
039843c2a
039853d3c
039863e32
039874057
0398840ea
0398942a8
0398a4430
0398b44dd
0398c4510
0398d4555
0398e4512
0398f4446
039904311
039914103
039923b39
03993b810
03994bcd0
03995bda6
03996bba4
039972de0
039983aa8
039993be8
0399a37e0
0399bbd87
0399cc42b
0399dc61b
0399ec6a7
0399fc650
039a0c502
039a1c16c
039a2b170
039a33ee8
039a440df
039a54067
039a63f58
039a73e4e
039a83d7c
039a93df2
039aa4004
039ab412f
039ac423d
039ad4321
039ae43cb
039af4442
039b04469
039b14383
039b240f5
039b33d5b
039b431ca
039b5bdaf
039b6c1a5
039b7c291
039b8c257
039b9c1df
039bac10a
039bbbfe6
039bcbe66
039bdbf31
039bec1b0
039bfc405
039c0c42d
039c1c21e
039c2bd00
039c338ac
039c43f5a
039c540ce
039c64116
039c740e1
039c84129
039c942e4
039ca4493
039cb4551
039cc459e
039cd4508
039ce41f0
039cf36a0
039d0bcd6
039d1bf62
039d2bf9a
039d3bd32
039d4b130
039d539c8
039d63974
039d7b898
039d8c175
039d9c4b8
039dac572
039dbc4d5
039dcc333
039ddbf7f
039de3676
039df40a8
039e041a2
039e13fba
039e2383f
039e3b89e
039e4b9a0
039e5365e
039e64042
039e7432b
039e84465
039e94452
039ea41ea
039eb3b2d
039ecb669
039edb960
039eeb86f
039efaa00
039f038dc
039f139ee
039f23b20
039f33aed
039f43457
039f5b98a
039f6bff6
039f7bf7e
039f8c1fe
039f9c0a0
039fabc0c
039fbb8b7
039fc3d39
039fd38f8
039fe3438
039ffa923
03a00b3f8
03a01b7ba
03a02bda4
03a03c066
03a04c243
03a05c2f7
03a06c134
03a07bfd8
03a08be79
03a09bf50
03a0ac0c2
03a0bc20c
03a0cc3f1
03a0dc44a
03a0ec419
03a0fc20b
03a10bd23
03a113590
03a123d36
03a133eea
03a143ea0
03a153ca1
03a163952
03a1737f8
03a1839a4
03a193db8
03a1a40e3
03a1b4221
03a1c41f9
03a1d40ba
03a1e3db9
03a1f351e
03a20bbaa
03a21c065
03a22c1a6
03a23c0b1
03a24bc6a
03a25290c
03a26397b
03a273b41
03a2838a3
03a29b5d8
03a2abe2f
03a2bc0cd
03a2cc09f
03a2dbcc3
03a2e2f06
03a2f3ac7
03a303c55
03a313a77
03a32ac28
03a33bc6d
03a34bf81
03a35c03c
03a36be58
03a37b808
03a38393c
03a393eb6
03a3a40b2
03a3b4076
03a3c3d5f
03a3d2ef0
03a3ebbe0
03a3fbd90
03a40baf6
03a413158
03a423c52
03a433e2e
03a443e7c
03a453df7
03a463cf8
03a473912
03a48b714
03a49be6f
03a4ac10e
03a4bc22d
03a4cc209
03a4dbfe2
03a4eb238
03a4f3dc6
03a504075
03a513fbf
03a523c0b
03a53a820
03a54bce0
03a55c0fd
03a56c26d
03a57c1d2
03a58bf53
03a59b488
03a5a3d62
03a5b4110
03a5c41e0
03a5d406b
03a5e3544
03a5fbedc
03a60c0f9
03a61bf3a
03a62b650
03a633cb1
03a6440c9
03a6541e7
03a6641a0
03a674008
03a683ace
03a692e60
03a6a33e0
03a6b3670
03a6cb0bc
03a6dba7e
03a6ebc17
03a6fbcba
03a70be38
03a71c028
03a72c17a
03a73c20b
03a74c0f5
03a75be4e
03a76ba2a
03a773502
03a783f94
03a793ea4
03a7aba08
03a7b2c20
03a7cc151
03a7dbb34
03a7e3c3f
03a7f3d7b
03a80bbcb
03a81b6b4
03a82b954
03a83b98d
03a84bd96
03a85c12b
03a86c015
03a87c0e8
03a88c125
03a89c1e8
03a8ac276
03a8bc21e
03a8cc280
03a8dc290
03a8ec283
03a8fc126
03a90bdda
03a91b640
03a923680
03a933c9e
03a943f32
03a95400c
03a963f6a
03a973e55
03a983e03
03a993f78
03a9a4135
03a9b4298
03a9c4304
03a9d4224
03a9e3fbc
03a9f3518
03aa0bd98
03aa1c20f
03aa2c441
03aa3c47e
03aa4c336
03aa5c0df
03aa6bf5e
03aa7bf2e
03aa8c021
03aa9c0fa
03aaac18b
03aabc142
03aacbf00
03aad27c0
03aae404b
03aaf4304
03ab04388
03ab142ee
03ab2421d
03ab340da
03ab43e6d
03ab53cd0
03ab63de4
03ab73fe8
03ab840a6
03ab9408c
03aba3e14
03abb31e8
03abcbde6
03abdc2da
03abec544
03abfc637
03ac0c62a
03ac1c5b6
03ac2c500
03ac3c35c
03ac4bfa5
03ac52d14
03ac64001
03ac74255
03ac84264
03ac940f6
03aca3d38
03acb1e00
03accb8e0
03acd34c8
03ace40d8
03acf44bd
03ad04654
03ad1469f
03ad2459d
03ad34321
03ad43878
03ad5c1bf
03ad6c5a6
03ad7c6d2
03ad8c65e
03ad9c4e0
03adac226
03adbbe12
03adcb8fa
03addbb96
03adec0f2
03adfc40f
03ae0c45e
03ae1c22c
03ae2bb2c
03ae33d96
03ae4423b
03ae54402
03ae64413
03ae742d8
03ae84105
03ae94047
03aea40fe
03aeb4194
03aec4100
03aed3f6c
03aee3c3f
03aef30fc
03af0b9b9
03af1be01
03af2c07c
03af3c0ae
03af4bf5d
03af5bccf
03af6b837
03af7b59d
03af83819
03af9b516
03afabe41
03afbbd36
03afcc189
03afdbdb1
03afeb3f8
03aff34d1
03b00be95
03b01b830
03b02b90a
03b0327c0
03b04a300
03b05bdb8
03b06bd62
03b07c24a
03b08c3a6
03b09c42f
03b0ac468
03b0bc351
03b0cc27d
03b0dc0e6
03b0ebfb8
03b0fbca5
03b10b948
03b11b2f0
03b123824
03b133d8e
03b14401a
03b1540ba
03b1640ca
03b1740e5
03b18414d
03b19420c
03b1a42f0
03b1b4374
03b1c42d6
03b1d408a
03b1e38f8
03b1fbcd0
03b20c1e4
03b21c477
03b22c5cd
03b23c677
03b24c60a
03b25c524
03b26c494
03b27c423
03b28c29c
03b29c0ef
03b2abfb8
03b2bbcaa
03b2c34c0
03b2d409e
03b2e443e
03b2f4564
03b304586
03b31455b
03b32459a
03b3345b8
03b34452d
03b3544a1
03b36442d
03b37423a
03b383e08
03b39b260
03b3ac012
03b3bc3ba
03b3cc54f
03b3dc6c6
03b3ec820
03b3fc88d
03b40c8ad
03b41c89e
03b42c839
03b43c6b1
03b44c432
03b45bc78
03b4640fc
03b47458f
03b4846e9
03b49467e
03b4a4538
03b4b4376
03b4c41a2
03b4d4247
03b4e44a8
03b4f46d8
03b504878
03b5148dc
03b524824
03b534516
03b543acc
03b55c41e
03b56c878
03b57c9fa
03b58ca0c
03b59c8f6
03b5ac6f5
03b5bc428
03b5cc06e
03b5dbf8e
03b5ec290
03b5fc55c
03b60c670
03b61c574
03b62c110
03b633c9e
03b644484
03b654734
03b664864
03b674845
03b6846b3
03b6944a7
03b6a4305
03b6b41e4
03b6c40f7
03b6d4065
03b6e3fd8
03b6f3d9a
03b703632
03b71bcff
03b72c293
03b73c45e
03b74c422
03b75c273
03b76c05a
03b77bd75
03b7834b8
03b79b99a
03b7ac129
03b7bc079
03b7cc4fe
03b7dc1ea
03b7ebc0b
03b7fae6d
04000360e
04001329c
04002bce2
04003b811
04004353b
04005bd7d
0400631c8
04007b7d0
040083d2e
04009b090
0400a3558
0400b9c00
0400c2fd0
0400db95e
0400e34bc
0400f2d00
0401031b0
040113294
04012341a
040132ed0
04014b2e8
04015b800
04016b78a
04017b5e8
04018b63c
04019b758
0401ab8aa
0401bba56
0401cbc5c
0401dbcd5
0401ebbf2
0401fb9da
04020b8ac
04021b5f0
04022ac00
040232de0
040242ec0
0402534b2
0402637a4
04027370a
04028382e
040293a84
0402a3a94
0402b381a
0402c3258
0402da460
0402eb3b0
0402fb7e4
04030b908
04031b91e
04032b993
04033bb26
04034bc49
04035bc21
04036bc16
04037bc58
04038bbe4
04039b8d0
0403ab420
0403bb0c8
0403cb050
0403d31a0
0403e3660
0403f348c
040403490
0404138a0
040423910
0404335a8
0404434a8
040453310
040462840
04047b4b8
04048b79c
04049b61c
0404ab6a4
0404bb966
0404cba58
0404db9f0
0404eb9e4
0404fba7c
04050ba20
04051b87c
04052b580
04053b530
04054b4d8
040552cc0
0405635a0
040573424
0405833f8
0405934fc
0405a3080
0405ba8c0
0405cae60
0405db130
0405eb370
0405fb5a8
04060b760
04061b6a0
04062b7b8
04063b8ec
04064b89a
04065b8e2
04066b8fc
04067b7d4
04068b470
04069ace0
0406aab00
0406bb4b8
0406cb948
0406db920
0406ebb5c
0406fbabc
04070b9bc
04071b54c
04072bfba
04073b8c4
04074c043
04075bf87
04076bdf0
04077c062
0407831e0
0407939ac
0407a3570
0407b28c0
0407c3548
0407da9c0
0407eba74
0407fc2cf
040803a94
04081389a
04082b766
040839f80
0408434ff
04085b2d4
04086b6bc
040873200
04088394a
04089b648
0408a398c
0408bbb70
0408c37d4
0408dbdd2
0408ea6e0
0408fb889
04090b2e8
04091b1ac
0409230a0
0409332c8
040942b40
04095ad40
0409627c0
040972f30
040983484
040993680
0409a37c0
0409b3780
0409c32c0
0409d2400
0409e9400
0409faa60
040a0ade0
040a1a500
040a22b40
040a32880
040a4b000
040a5b120
040a6b180
040a7b828
040a8b998
040a9b7b0
040aab5e0
040abb640
040acb110
040ad1e00
040aea840
040afaa60
040b0af70
040b12880
040b234b0
040b33150
040b42f20
040b53508
040b63440
040b72a40
040b8a940
040b9b130
040bab3e0
040bbb590
040bcb694
040bdaa20
040be2e20
040bfb438
040c0b638
040c1b360
040c2b400
040c3b300
040c42700
040c531c0
040c63420
040c732e0
040c83350
040c936d0
040ca35b8
040cbae40
040ccb408
040cdabc0
040cea300
040cfae60
040d0af80
040d1b130
040d2b4c0
040d3b968
040d4ba38
040d5b80c
040d6b648
040d7b6e0
040d8b558
040d9b0b8
040daaeb0
040dbaec8
040dca8e0
040dd3078
040de3518
040df3698
040e038d4
040e13a98
040e2399c
040e33708
040e43520
040e5316c
040e6ae00
040e7b1d0
040e8b1f0
040e9b47b
040eab8b4
040ebbc11
040ecbce3
040edbce8
040eebdbb
040efbde3
040f0bd58
040f1bbf7
040f2bf38
040f3bc28
040f4bd86
040f5bd4a
040f6bc3a
040f7bcc3
040f8b81e
040f9b823
040fab512
040fbb97b
040fcb859
040fdbc19
040feb92e
040ffb6f2
04100b864
041012e2c
04102bd64
04103ab20
0410435b6
04105bcba
04106b618
04107bc8a
0410836d4
04109b6d4
0410ab0f0
0410b1a00
0410cb1f8
0410db604
0410e2fa0
0410f3100
041102de0
041112f90
0411232d8
0411331ca
04114a740
04115b3fc
04116b61e
04117b6b7
04118b858
04119b90e
0411ab824
0411bb846
0411cba9c
0411dbba0
0411eba8c
0411fb8b8
04120b728
04121b418
0412229c0
0412332e0
041243230
041253538
0412638d0
04127389c
041283778
0412938a8
0412a39b0
0412b386c
0412c3510
0412d3190
0412eab80
0412fb5e0
04130b938
04131b976
04132b85e
04133b924
04134ba7c
04135bad0
04136ba98
04137baa0
04138b9d4
04139b740
0413aae60
0413b2900
0413c2ca0
0413d36a4
0413e38fa
0413f369c
041403418
041413658
041423548
041433180
0414430c0
0414530c0
041462900
04147b1d0
04148b5f0
04149b5f4
0414ab7c8
0414bb92a
0414cb870
0414db618
0414eb698
0414fb788
04150b7d0
04151b560
04152b110
04153b1a0
04154a980
041553420
041563760
0415736c8
041583810
041593780
0415a32e0
0415bad40
0415cb350
0415db1c0
0415eb3a0
0415fb600
04160b5f0
04161b640
04162b8f0
04163ba48
04164b990
04165b81c
04166b630
04167b4a4
04168aa60
041693388
0416a3604
0416b3550
0416c35c8
0416d3690
0416e3770
0416f3644
0417037dc
041713976
04172375c
041733498
041743238
0417525c0
04176ac88
04177b08c
041783d90
041793dce
0417a3dac
0417b3b28
0417c36d4
0417d3950
0417eb5a0
0417fbfbe
04180bf14
04181bd55
04182bf46
04183be95
04184be0f
04185be10
04186bf2f
04187c02c
04188bd7b
04189be7b
0418abdf9
0418bbea8
0418cbd19
0418dbe34
0418ebe08
0418fbce2
04190bb64
04191ba4c
04192ba58
04193b9bc
04194b738
04195b5b8
04196b714
04197b4de
0419826a0
041992ae8
0419a2760
0419b32e8
0419c30a8
0419db098
0419eb34e
0419fb464
041a0b198
041a12e00
041a232b0
041a32f40
041a42200
041a5b310
041a6b698
041a7b54c
041a8b4e4
041a9b6d4
041aab67c
041abb4bc
041acb62c
041adb790
041aeb6a4
041afb60e
041b0b7a4
041b1b7b8
041b2b3a0
041b31800
041b42b40
041b52500
041b6ad80
041b7b328
041b8b61a
041b9b6c3
041baaf98
041bb3280
041bc2a00
041bdb2d0
041beb068
041bfb168
041c0b650
041c1b618
041c2b250
041c3adf0
041c4a880
041c52880
041c63040
041c72e80
041c8b440
041c9b88a
041cab610
041cbaf80
041ccadd0
041cdade0
041ceac20
041cfb588
041d0b958
041d1ba7c
041d2b9a0
041d3b6e8
041d4b5c6
041d5b63f
041d6b440
041d7ade8
041d8aeb0
041d9af90
041dab048
041dbb398
041dcb36c
041dd1f00
041de3518
041df3710
041e03588
041e13428
041e29b00
041e3b630
041e4b55c
041e5a6c0
041e6ac40
041e7b2b4
041e8b068
041e9b4c7
041eab6ea
041ebb91e
041ecba5e
041edb5e8
041eebb06
041efb528
041f0b942
041f1b00c
041f23038
041f3ba1a
041f4acab
041f5ade0
041f6b212
041f72a50
041f838a7
041f9311c
041fa3ace
041fb38f6
041fcb7b0
041fd36f8
041feb956
041ff3218
042003e3b
042013c37
042023d7c
042033ba0
042043d53
042053ccc
042063bfa
042073d4d
042083c30
042093d4b
0420a3cbb
0420b3a7e
0420c3b86
0420d3831
0420e395e
0420f3878
04210397a
042113a84
042123a68
042133932
0421438dc
0421537ec
0421636c2
04217365a
04218353e
04219329c
0421a2d40
0421bae44
0421cb278
0421db240
0421eb458
0421fb658
04220b6b0
04221b628
04222b4c4
04223b431
04224b2a6
04225a470
0422630d0
0422733e0
0422836ba
0422937c2
0422a362a
0422b3616
0422c3685
0422d369a
0422e3797
0422f370a
042303520
04231346a
0423230cc
04233a540
042342020
04235a6d0
04236b192
04237afcc
042382da8
042393388
0423a335c
0423b2b70
0423cb080
0423db29e
0423eb070
0423f1e00
0424031cc
042413354
042422c88
04243aba8
0424423e0
042452e28
0424625a0
04247aca0
04248ab80
04249a4c0
0424a2440
0424b3198
0424c35b6
0424d3595
0424e3320
0424f3328
04250359c
04251385f
042523895
042533720
042543686
042553534
042562f10
04257ac08
04258a680
04259ab30
0425ab168
0425bb268
0425cb0c0
0425dae60
0425eb26c
0425fb5ab
04260b626
04261b4a0
04262b020
042632c58
04264335c
0426533f0
04266345c
04267317b
042682c58
0426931b4
0426a3440
0426b3398
0426c30c0
0426d2f50
0426e2c78
0426fad10
042702c24
042713802
04272bc1f
042733cbb
04274ba5a
042752380
042763966
042772840
04278b968
042793904
0427ab75c
0427baaf0
0427c4129
0427d3ee0
0427e40c1
0427f3a7a
042803d8c
042813a6b
042823e97
042833a00
0428439fe
042853e37
042863ad5
042873e90
04288380f
042893c04
0428a3b12
0428b3738
0428c3b08
0428d3710
0428e3650
0428f32f0
0429034f0
0429135a8
042923684
04293375c
04294382a
042953838
042963877
0429738da
042983910
042993882
0429a36e4
0429b3540
0429c3630
0429d380a
0429e3770
0429f34a8
042a030a0
042a1a480
042a2b1b0
042a3b3f8
042a4b33a
042a5b104
042a6b048
042a7b1a0
042a8b0d0
042a9b340
042aab410
042abaf70
042ac2080
042ad3060
042ae3578
042af3810
042b038c0
042b13937
042b23877
042b33778
042b4382a
042b537f8
042b63790
042b73894
042b83988
042b938c0
042ba3464
042bb29e0
042bcb030
042bdb4e0
042beb5f4
042bfb320
042c0b0c0
042c1af50
042c2b260
042c3b210
042c4af20
042c5aa40
042c62200
042c73190
042c834d8
042c936ac
042ca37f2
042cb3869
042cc3834
042cd37b8
042ce36dc
042cf3770
042d03830
042d13896
042d2381a
042d33638
042d43410
042d5a9c0
042d6b448
042d7b598
042d8b5cc
042d9b5e0
042dab318
042db2100
042dc3010
042dd3020
042de2f40
042df2fd0
042e030b8
042e133d8
042e23812
042e33a02
042e43a5c
042e5395c
042e63804
042e73472
042e81e80
042e9ae30
042eab150
042ebb028
042ecb260
042edb670
042eeb378
042efb9ce
042f0b678
042f1b8b0
042f2bc3e
042f33158
042f4b92d
042f5b328
042f63372
042f7a6c0
042f8bc9f
042f9b530
042fabc12
042fbb63c
042fc3cfe
042fd3635
042fe3dd4
042ff3c8c
043003d1c
043013a0a
043023ed1
0430338cf
043043562
043053f83
04306389b
043073f22
04308aae0
0430938c4
0430a396b
0430ba8e0
0430c3a2a
0430d2e80
0430e3130
0430fad00
043102c60
043112c00
043123458
0431337f8
0431438c2
043153893
043163a60
043173b9c
043183bd4
043193b8a
0431a3b6c
0431b3b18
0431c3b64
0431d3b78
0431e3a78
0431f395c
043203698
043212c20
04322b0e8
04323b4b0
04324b5c4
04325b678
04326b780
04327b810
04328b890
04329b910
0432ab84c
0432bb3c0
0432cac40
0432d30d0
0432e37c0
0432f395c
043303a20
043313b56
043323ba0
043333bac
043343bc0
043353b40
043363bb8
043373c20
043383b70
043393960
0433a3598
0433ba400
0433cb460
0433db760
0433eb7f0
0433fb438
04340b0d0
04341b740
04342b6f0
04343b2a0
04344aec0
04345a900
0434631e0
043473730
043483864
04349389c
0434a39b0
0434b3b56
0434c3b34
0434d39b8
0434e38f0
0434f3938
0435038e0
043513914
043523850
043533690
043543040
04355b3c0
04356b828
04357b7e0
04358b878
04359b902
0435ab5b8
0435ba880
0435c3360
0435d3620
0435e3838
0435f3938
043603858
043613804
043623a9c
043633ca2
043643cca
043653c36
043663b74
043673906
043683328
04369b008
0436ab700
0436bb730
0436cb878
0436dba58
0436eb95c
0436fbc20
04370b660
04371b980
04372befc
043733404
04374bd21
04375b5c6
043763803
043772f60
04378be8a
04379bad0
0437ac00b
0437bbc41
0437c3e76
0437d3805
0437e411f
0437f40ad
060004079
060010000
060023eff
060030000
06004327f
06005367b
060063535
060070000
060083ea9
060090000
0600a4060
0600b0000
0600c3d05
0600d0000
0600e3b6b
0600f0000
060103a58
060110000
0601236b7
060130000
060140000
060150000
060160000
060170000
060180000
060190000
0601a0000
0601b0000
0601c0000
0601d0000
0601e0000
0601f0000
060200000
06021290c
060222b0c
060232478
060240000
060252c6e
060262eea
060272ec0
060282e30
060292e10
0602a2eba
0602b2aa4
0602c0000
0602d19c0
0602e0000
0602f0000
060300000
060310000
060320000
060330000
060340000
060350000
060360000
060370000
060380000
060390000
0603a0000
0603b0000
0603c0000
0603d0000
0603e0000
0603f0000
060402898
060413071
060422d3a
060432f02
060442c9a
060452944
060462cde
060470000
060482498
060490000
0604a0000
0604b0000
0604c0000
0604d0000
0604e0000
0604f0000
060500000
060510000
060520000
060530000
060540000
060550000
060560000
060570000
060580000
060590000
0605a0000
0605b0000
0605c0000
0605d0000
0605e0000
0605f0000
060600000
060610000
060620000
060630000
060640000
060650000
060660000
060670000
060680000
060690000
0606a0000
0606b2d92
0606c0000
0606d320f
0606e0000
0606f0000
060702ad4
060710000
060723721
060730000
060740000
060753c28
060760000
060770000
060780000
060790000
0607a3ef3
0607b0000
0607c0000
0607d0000
0607e0000
0607f394f
060803896
060810000
060823d62
060830000
060843f35
060850000
060863f50
060870000
060883bbc
060890000
0608a3357
0608b2df2
0608c3a18
0608d0000
0608e4036
0608f0000
060904084
060910000
060923d54
060930000
0609435b2
06095327c
060963414
0609733cd
0609835a8
0609934d0
0609a371b
0609b3511
0609c34ce
0609d3623
0609e349b
0609f3387
060a03308
060a12f32
060a22eea
060a32688
060a40000
060a52740
060a62ab0
060a72bfc
060a82b1c
060a93029
060aa301f
060ab2b94
060ac2f4e
060ad297c
060ae2db2
060af298c
060b02b00
060b12eae
060b22acc
060b32d88
060b430db
060b5318e
060b630e4
060b731a0
060b8305e
060b931c3
060ba32f6
060bb3053
060bc32f2
060bd3221
060be30ee
060bf32ca
060c032c2
060c133ad
060c232c7
060c33062
060c43139
060c5324e
060c630e9
060c72d68
060c8307d
060c92d8e
060ca3077
060cb2d6e
060cc2fe6
060cd2290
060ce28d4
060cf28ac
060d00000
060d12874
060d20000
060d30000
060d429d4
060d50000
060d62e86
060d7306a
060d832e9
060d93430
060da320b
060db342e
060dc34af
060dd354d
060de341d
060df3452
060e0344d
060e133fa
060e23062
060e32994
060e40000
060e50000
060e60000
060e70000
060e80000
060e90000
060ea0000
060eb0000
060ec0000
060ed0000
060ee0000
060ef0000
060f00000
060f10000
060f20000
060f30000
060f40000
060f50000
060f60000
060f70000
060f80000
060f90000
060fa0000
060fb0000
060fc0000
060fd0000
060fe0000
060ff0000
061003edb
061010000
0610239ac
061032c2e
061040000
061053d5e
061060000
061070000
061083958
061090000
0610a3eb5
0610b0000
0610c3a4b
0610d0000
0610e2d72
0610f0000
061100000
061110000
06112282c
061130000
061140000
061150000
061160000
061170000
061180000
061190000
0611a0000
0611b0000
0611c0000
0611d0000
0611e0000
0611f2350
06120281c
061213079
061223243
061233183
061243151
0612532fd
061263357
061273415
06128326f
061293333
0612a3400
0612b30a7
0612c31a7
0612d2d3e
0612e2c36
0612f0000
061300000
061310000
061320000
061330000
061340000
061350000
061360000
061370000
061380000
061390000
0613a0000
0613b0000
0613c0000
0613d1f60
0613e28c4
0613f2f2c
0614030ee
0614133e7
061423141
06143331b
0614431d9
061453409
061463027
061472a84
0614825f8
061492ac4
0614a0000
0614b0000
0614c0000
0614d0000
0614e2cda
0614f2a44
061502ffe
061512e46
061522a5c
061532af4
0615429ec
061552638
061560000
061570000
061582948
061591700
0615a2cba
0615b0000
0615c2cd2
0615d2d1e
0615e29c4
0615f2c4e
061602bd4
061612b98
061622d78
061632c30
061642f26
061652eca
06166316b
06167302d
0616833f1
061693281
0616a322d
0616b35dc
0616c34d0
0616d3686
0616e3785
0616f3612
061703d87
0617138f8
061723ef2
0617339e5
061743cc2
061753db7
061763597
061773834
061783b62
061790000
0617a3fef
0617b0000
0617c3ca9
0617d36d3
0617e3659
0617f3dff
061800000
061810000
061820000
061830000
061840000
061850000
061860000
061870000
061880000
061890000
0618a0000
0618b0000
0618c0000
0618d0000
0618e0000
0618f0000
061900000
061910000
061920000
061930000
061940000
061950000
061960000
061970000
061980000
061990000
0619a0000
0619b2678
0619c2bb0
0619d2a58
0619e2cbe
0619f3056
061a02d3c
061a10000
061a22588
061a30000
061a40000
061a50000
061a60000
061a70000
061a80000
061a90000
061aa0000
061ab0000
061ac0000
061ad0000
061ae0000
061af0000
061b00000
061b10000
061b20000
061b30000
061b40000
061b50000
061b60000
061b70000
061b80000
061b90000
061ba0000
061bb2914
061bc2c02
061bd2caa
061be2c4e
061bf2834
061c00000
061c10000
061c22af8
061c32560
061c40000
061c50000
061c60000
061c70000
061c80000
061c90000
061ca0000
061cb0000
061cc0000
061cd0000
061ce0000
061cf0000
061d00000
061d10000
061d20000
061d30000
061d40000
061d50000
061d60000
061d70000
061d80000
061d92c2a
061da2880
061db2c0e
061dc2a2c
061dd2c96
061de2fc4
061df2d0c
061e02cac
061e12a2c
061e22de2
061e30000
061e40000
061e52f5e
061e60000
061e73668
061e80000
061e93626
061ea0000
061eb0000
061ec372a
061ed0000
061ee35fd
061ef0000
061f00000
061f137d7
061f20000
061f33442
061f40e00
061f52d86
061f60000
061f73a9c
061f80000
061f939e1
061fa2aec
061fb0000
061fc3cbb
061fd0000
061fe3735
061ff3c5a
062003a7f
062013dbc
062023e38
062033a2c
062044089
06205355f
062064102
062073c5a
062084022
062093efa
0620a3d69
0620b4032
0620c3d3a
0620d3e63
0620e3eae
0620f3c60
062103ea6
062113b4b
062123cbc
062133a9a
062143a8d
062153994
062163954
062173863
062183867
062193725
0621a36af
0621b3502
0621c34d7
0621d344c
0621e34b6
0621f357a
06220352d
0622134ad
0622234b1
062233443
0622434f3
062253540
06226353e
06227358c
062283673
0622936e0
0622a3759
0622b379a
0622c3824
0622d3831
0622e3831
0622f3860
0623038cf
0623138f2
0623238b3
062333868
062343776
0623536cb
062363705
0623735ab
062383586
0623934e0
0623a3379
0623b345f
0623c34ca
0623d3445
0623e345b
0623f3453
062403483
06241348a
062423459
06243347c
0624434dc
0624535e9
0624636e6
0624737dd
06248384c
06249389c
0624a383a
0624b387c
0624c38a4
0624d3857
0624e384b
0624f374a
06250374e
0625136f9
062523737
0625337cb
0625436ef
0625536da
06256362a
0625735ae
062583583
0625934b4
0625a352f
0625b3458
0625c34a0
0625d330a
0625e3400
0625f3382
0626033b9
06261333a
0626232aa
062633487
0626432d7
062653369
06266331d
062673154
06268365b
062693756
0626a0000
0626b3edf
0626c0000
0626d40af
0626e0000
0626f3b13
062703821
0627121a0
062723387
062733d0e
062740000
0627540b4
0627635bd
062773c97
062783c58
062793900
0627a3819
0627b3e2b
0627c0000
0627d3d86
0627e39af
0627f0000
062800000
06281400e
062823b2b
06283392a
062844109
062850000
06286411d
062873b20
062883cf2
0628940af
0628a2dc6
0628b40c6
0628c3981
0628d3e3d
0628e3e19
0628f3a37
062903e68
062913a7b
062923caa
062933b3a
062943bb3
062953b03
062963af4
062973a96
062983a73
062993a01
0629a39ea
0629b3939
0629c38d0
0629d3880
0629e385c
0629f381e
062a03790
062a13566
062a235d3
062a33524
062a4359f
062a535fb
062a6351b
062a73602
062a8367e
062a93656
062aa3717
062ab371a
062ac382c
062ad382a
062ae387f
062af38be
062b0396c
062b13996
062b23981
062b339e2
062b4390c
062b53968
062b6390f
062b738aa
062b8388b
062b93863
062ba3726
062bb3830
062bc3701
062bd37a2
062be3748
062bf3794
062c0368c
062c136ce
062c23515
062c336d0
062c434fd
062c536d3
062c6370a
062c73852
062c8385b
062c938f9
062ca38c1
062cb3968
062cc393a
062cd38cf
062ce38de
062cf3841
062d03810
062d137ef
062d23791
062d3384d
062d4382b
062d53854
062d63869
062d73817
062d8386c
062d937ba
062da3849
062db37f0
062dc380d
062dd375a
062de3775
062df3749
062e0367a
062e136fc
062e23634
062e3373b
062e43596
062e53518
062e63710
062e726f8
062e83933
062e90000
062ea34c7
062eb38e4
062ec0000
062ed3c35
062ee0000
062ef332b
062f00000
062f10000
062f20000
062f32c8e
062f40000
062f53441
062f63519
062f70000
062f8383f
062f9352c
062fa0000
062fb3d9a
062fc0000
062fd3b5b
062fe3365
062ff0000
063000000
0630140e4
0630235cf
0630336bf
063044155
063050000
063064141
06307391b
063083888
063094194
0630a0000
0630b416b
0630c3440
0630d3d4f
0630e3eaa
0630f336b
063103f72
063113877
063123d65
063133bb2
063143cc0
063153c17
063163c5c
063173c2a
063183c43
063193bfd
0631a3c1f
0631b3afa
0631c3b00
0631d3a1e
0631e3a25
0631f395e
063203852
06321381d
063223699
0632336e5
063243665
06325364d
063263666
06327361a
063283673
06329368a
0632a3702
0632b3834
0632c3817
0632d38e8
0632e3944
0632f39dd
063303a9e
063313aad
063323b19
063333b22
063343aba
063353abf
063363a8a
063373a66
063383a83
06339396f
0633a39cb
0633b38dc
0633c39a6
0633d38c9
0633e38c6
0633f38af
0634037d5
0634137cf
06342372f
063433665
063443840
063453781
0634638cf
063473924
0634838eb
0634939f5
0634a39d5
0634b3ab5
0634c39dc
0634d3a35
0634e39a1
0634f394c
063503837
06351387a
063523838
0635338e1
0635438f5
063553934
063563996
0635739f2
06358390b
0635939e7
0635a390b
0635b3970
0635c398a
0635d389d
0635e39f1
0635f392e
06360396f
06361393a
063623870
063633930
0636437c3
06365380c
06366380c
063672e46
063683a50
063690000
0636a340d
0636b3afa
0636c0000
0636d3edb
0636e0000
0636f3651
063700000
063710000
063720000
063730000
063740000
063753443
06376302b
063772f86
06378366d
063793909
0637a0000
0637b4012
0637c0000
0637d3c51
0637e3589
0637f0000
068003e49
068010000
068023d69
068030000
068043b2d
068050000
068063ca0
068070000
068080000
068093506
0680a0000
0680b3d33
0680c0000
0680d3cb1
0680e0000
0680f398d
068100000
068113712
068120000
068130000
068140000
068150000
068160000
068170000
068180000
068190000
0681a0000
0681b0000
0681c0000
0681d0000
0681e0000
0681f0000
068200000
068210000
068220000
068230000
068240000
068250000
068260000
068270000
068280000
068290000
0682a0000
0682b0000
0682c0000
0682d0000
0682e0000
0682f0000
068300000
068310000
068320000
068330000
068340000
068350000
068360000
068370000
068380000
068390000
0683a0000
0683b0000
0683c0000
0683d0000
0683e0000
0683f0000
068400000
068410000
068420000
068430000
068440000
068450000
068460000
068470000
068480000
068490000
0684a0000
0684b0000
0684c0000
0684d0000
0684e0000
0684f0000
068500000
068510000
068520000
068530000
068540000
068550000
068560000
068570000
068580000
068590000
0685a0000
0685b0000
0685c0000
0685d0000
0685e0000
0685f0000
068600000
068610000
068620000
068630000
068640000
068650000
068660000
068670000
068680000
068690000
0686a0000
0686b0000
0686c0000
0686d0000
0686e0000
0686f0000
068700000
068710000
068722698
068730000
068740000
068750000
068760000
068770000
0687835e2
068790000
0687a0000
0687b0000
0687c0000
0687d0000
0687e0000
0687f3727
0688037d4
068810000
0688238b6
068830000
068843bc8
068850000
068863f7d
068870000
068883c71
068890000
0688a3961
0688b0000
0688c0000
0688d3967
0688e0000
0688f3e11
068900000
068913eb2
068920000
068933b98
068940000
068953633
068960000
0689732af
0689831dc
06899346d
0689a3408
0689b34bd
0689c30f6
0689d344b
0689e3423
0689f2f94
068a02d86
068a127e8
068a20000
068a30000
068a40000
068a50000
068a60000
068a70000
068a80000
068a92530
068aa0000
068ab0000
068ac0000
068ad0000
068ae0000
068af0000
068b00000
068b10000
068b20000
068b30000
068b42520
068b52cac
068b60000
068b72e2a
068b80000
068b92854
068ba305e
068bb2a74
068bc2848
068bd30b2
068be297c
068bf0000
068c031f9
068c12bd4
068c22bec
068c32d12
068c40000
068c50000
068c62cc2
068c70000
068c80000
068c92628
068ca0000
068cb0000
068cc0000
068cd0000
068ce0000
068cf0000
068d00000
068d10000
068d20000
068d30000
068d40000
068d50000
068d60000
068d729f0
068d82dce
068d92c62
068da2dae
068db2ece
068dc30ff
068dd3225
068de309f
068df2eb6
068e03110
068e13096
068e20000
068e30000
068e40000
068e50000
068e60000
068e70000
068e80000
068e90000
068ea0000
068eb0000
068ec0000
068ed0000
068ee0000
068ef0000
068f00000
068f10000
068f20000
068f30000
068f40000
068f50000
068f60000
068f70000
068f80000
068f90000
068fa0000
068fb0000
068fc0000
068fd0000
068fe0000
068ff0000
069003b27
069010000
06902397d
069030000
06904395e
069050000
069063b27
069070000
069080000
069092dc8
0690a0000
0690b3bcf
0690c0000
0690d3819
0690e0000
0690f0000
069100000
069110000
069120000
069130000
069140000
069150000
069160000
069170000
069180000
069190000
0691a0000
0691b0000
0691c0000
0691d0000
0691e0000
0691f0000
069200000
069210000
069222cb2
069230000
069240000
069252c8a
069262eb2
069272ccc
069282d0c
069293047
0692a2cde
0692b2dfa
0692c2b54
0692d0000
0692e0000
0692f0000
069300000
069310000
069320000
069330000
069340000
069350000
069360000
069370000
069380000
069390000
0693a0000
0693b0000
0693c0000
0693d0000
0693e0000
0693f0000
069402d38
069412cda
069422a08
069432eda
069443043
069452d86
069462c22
069470000
069480000
069490000
0694a0000
0694b0000
0694c0000
0694d0000
0694e0000
0694f0000
069500000
069510000
069520000
069530000
069540000
069550000
069560000
069570000
069580000
069590000
0695a0000
0695b0000
0695c0000
0695d0000
0695e0000
0695f0000
069600000
069610000
069620000
069630000
069640000
069650000
069662a1c
069670000
069682a1c
069692c3a
0696a2caa
0696b31b3
0696c31df
0696d353d
0696e34ba
0696f3628
069703cb3
069713bed
069723e1e
069733a4d
069743dab
069753c5f
069763a82
06977314b
069783838
06979321d
0697a3b11
0697b0000
0697c3575
0697d3a2f
0697e371b
0697f3cbc
069800000
069810000
069820000
069830000
069840000
069850000
069860000
069870000
069880000
069890000
0698a0000
0698b0000
0698c0000
0698d0000
0698e0000
0698f0000
069900000
069910000
069920000
069930000
069940000
069950000
069960000
069970000
069980000
069990000
0699a0000
0699b0000
0699c0000
0699d0000
0699e0000
0699f0000
069a00000
069a10000
069a20000
069a30000
069a40000
069a50000
069a60000
069a70000
069a80000
069a90000
069aa0000
069ab0000
069ac0000
069ad0000
069ae0000
069af0000
069b00000
069b10000
069b20000
069b30000
069b40000
069b50000
069b60000
069b70000
069b80000
069b90000
069ba0000
069bb0000
069bc0000
069bd0000
069be0000
069bf0000
069c00000
069c10000
069c20000
069c30000
069c40000
069c50000
069c60000
069c70000
069c80000
069c90000
069ca0000
069cb0000
069cc0000
069cd0000
069ce0000
069cf0000
069d00000
069d10000
069d20000
069d30000
069d40000
069d50000
069d60000
069d70000
069d80000
069d90000
069da0000
069db0000
069dc0000
069dd0000
069de0000
069df0000
069e00000
069e10000
069e20000
069e30000
069e40000
069e50000
069e60000
069e72d3a
069e80000
069e91e40
069ea0000
069eb0000
069ec0000
069ed0000
069ee0000
069ef0000
069f0305d
069f10000
069f23752
069f30000
069f436de
069f50000
069f60000
069f73c71
069f80000
069f93bb9
069fa0000
069fb36f9
069fc0000
069fd3990
069fe0000
069ff366c
06a003c7e
06a013d9c
06a023c4e
06a033fcd
06a043987
06a053ff7
06a063d5a
06a074032
06a083f0b
06a093f61
06a0a3fe2
06a0b3e49
06a0c4004
06a0d3dc4
06a0e3ed3
06a0f3e54
06a103ced
06a113de6
06a123ab5
06a133c39
06a1439ab
06a1539b1
06a1638e9
06a1738aa
06a1836ea
06a193712
06a1a359f
06a1b33b5
06a1c32a5
06a1d3274
06a1e3297
06a1f33f3
06a2033ac
06a213211
06a22319c
06a2330f9
06a24317b
06a253343
06a2631a5
06a27338b
06a2834dc
06a2934cc
06a2a359f
06a2b36ad
06a2c3680
06a2d3755
06a2e3803
06a2f3712
06a303860
06a3138fa
06a323832
06a3337c5
06a34372c
06a35355a
06a36354b
06a373558
06a383309
06a393217
06a3a3165
06a3b2fbc
06a3c3120
06a3d3249
06a3e313a
06a3f30ee
06a4031f9
06a4131b5
06a42304e
06a433107
06a4432e7
06a453467
06a463565
06a4736c0
06a483753
06a4937f2
06a4a37b5
06a4b37f2
06a4c37b7
06a4d37a1
06a4e3775
06a4f3599
06a5035b5
06a5135f3
06a52365f
06a5335a0
06a543663
06a55356d
06a5634cd
06a573510
06a583393
06a593335
06a5a32fe
06a5b334e
06a5c30b6
06a5d300e
06a5e30ae
06a5f2f52
06a602ffa
06a612c2a
06a623018
06a633109
06a642c98
06a652d80
06a662d60
06a672c2e
06a6831e5
06a693751
06a6a0000
06a6b3c8a
06a6c0000
06a6d3e24
06a6e0000
06a6f3d72
06a700000
06a71385d
06a7228c4
06a733999
06a74399b
06a7539fc
06a7641c3
06a770000
06a7842a0
06a790000
06a7a3d40
06a7b3604
06a7c39dc
06a7d0000
06a7e3c72
06a7f39b4
06a803598
06a813f20
06a8236d1
06a83400d
06a84361b
06a853fc1
06a863a5e
06a873f2e
06a883eca
06a893c60
06a8a401a
06a8b3889
06a8c409e
06a8d3ae6
06a8e3e64
06a8f3d92
06a903bbb
06a913db4
06a923aa6
06a933c73
06a943aab
06a953b6d
06a963ac1
06a973a82
06a983a0f
06a993a0f
06a9a398d
06a9b38ec
06a9c3878
06a9d3848
06a9e37e3
06a9f3780
06aa0367b
06aa1345f
06aa2343d
06aa3343f
06aa43489
06aa53450
06aa633bc
06aa73489
06aa834e4
06aa934e1
06aaa3527
06aab3656
06aac35f7
06aad3786
06aae37b7
06aaf3780
06ab038fe
06ab13950
06ab238ee
06ab33924
06ab4392f
06ab538cf
06ab63888
06ab738b9
06ab837de
06ab9380a
06aba3660
06abb3757
06abc3630
06abd36b0
06abe36fa
06abf3663
06ac0359b
06ac13501
06ac23468
06ac333bd
06ac43468
06ac53439
06ac63617
06ac736e3
06ac8376d
06ac93837
06aca387c
06acb388e
06acc38e5
06acd385d
06ace3851
06acf373c
06ad037d5
06ad13651
06ad236fd
06ad3374f
06ad4381a
06ad53787
06ad637f7
06ad7382f
06ad83720
06ad9377a
06ada3724
06adb372d
06adc3663
06add35fc
06ade35ce
06adf356e
06ae034f2
06ae13524
06ae234f8
06ae3358b
06ae433dc
06ae533c5
06ae63475
06ae728e4
06ae8369f
06ae90000
06aea32e3
06aeb33f7
06aec0000
06aed3614
06aee0000
06aef34c7
06af00000
06af10000
06af20000
06af333e8
06af40000
06af52230
06af639c4
06af70000
06af83d75
06af90000
06afa34f3
06afb2d2a
06afc34e7
06afd0000
06afe387a
06aff0000
06b000000
06b01401a
06b020000
06b033fdd
06b04316d
06b053de9
06b063955
06b073cdc
06b083f5a
06b093391
06b0a4093
06b0b0000
06b0c413e
06b0d35eb
06b0e3da2
06b0f3d93
06b1038f1
06b113e52
06b1239d5
06b133d7a
06b143b71
06b153cb4
06b163c1b
06b173c44
06b183c10
06b193c68
06b1a3b77
06b1b3b5f
06b1c3ad9
06b1d3a5f
06b1e39d5
06b1f3973
06b203841
06b213710
06b22368a
06b233624
06b2435b6
06b2535c4
06b2634c9
06b273591
06b2834a4
06b2934c0
06b2a360a
06b2b3684
06b2c36a4
06b2d3811
06b2e38c1
06b2f38ce
06b303a51
06b313a6b
06b323a76
06b333adb
06b343ae9
06b353a34
06b363a90
06b373a82
06b383a75
06b3939ca
06b3a391d
06b3b3919
06b3c39da
06b3d389f
06b3e3880
06b3f38c6
06b403723
06b4135d0
06b4235ec
06b4335aa
06b443516
06b453804
06b46371c
06b473859
06b48386e
06b493952
06b4a397b
06b4b3a26
06b4c39ae
06b4d39f4
06b4e3944
06b4f38d4
06b50382f
06b51380c
06b5237e6
06b53385f
06b54395d
06b553874
06b5639f5
06b5739ac
06b583958
06b5938eb
06b5a393e
06b5b38bc
06b5c38c9
06b5d386c
06b5e3898
06b5f38f8
06b60388e
06b61387b
06b623857
06b633812
06b643782
06b65377e
06b663598
06b672ff2
06b683897
06b69306d
06b6a2e22
06b6b3770
06b6c0000
06b6d39de
06b6e0000
06b6f3874
06b700000
06b710000
06b720000
06b730000
06b740000
06b750000
06b763d08
06b770000
06b78406d
06b790000
06b7a3578
06b7b33d9
06b7c3113
06b7d0000
06b7e3928
06b7f0000
070000000
070013d72
070020000
07003345d
070043907
070050000
070060000
070073d1b
070080000
0700940b4
0700a0000
0700b3e23
0700c0000
0700d3c7d
0700e0000
0700f3a25
070100000
070113be9
070122e5e
070133a9c
0701439b7
070153939
07016393e
0701739a2
070183908
0701938e6
0701a388a
0701b387b
0701c38a2
0701d3720
0701e36e1
0701f3699
07020353b
0702134bd
070223547
070233667
07024378d
0702536ae
070263614
07027362b
07028364a
07029364a
0702a3637
0702b36ad
0702c3761
0702d369f
0702e3821
0702f383c
0703037e3
0703137a9
070323813
07033389a
07034390e
070353873
0703638cd
070373873
07038384a
0703937f4
0703a3826
0703b3835
0703c37bd
0703d381a
0703e380c
0703f37f3
07040373c
070413539
07042363e
07043361b
0704435e4
070453688
070463570
0704737bc
0704835d3
0704936d1
0704a3762
0704b378d
0704c37ff
0704d3710
0704e37c4
0704f37de
0705036b2
0705137f2
07052383e
070533865
070543895
0705538b7
070563916
0705738d9
07058386f
0705937d4
0705a3818
0705b37c1
0705c36c4
0705d36ca
0705e369f
0705f374a
070603634
07061361f
07062380c
070633847
0706439aa
07065395e
070663b3f
070673a5a
070683bb8
070693a35
0706a3ed0
0706b3439
0706c40ca
0706d3712
0706e3f09
0706f3ed1
070700000
070713e83
070723579
07073366f
070744006
070750000
070764104
070773d3a
070782eee
07079427b
0707a0000
0707b40d1
0707c3c6c
0707d3663
0707e3b91
0707f2dc2
070800000
070813943
070820000
070833d5e
070840000
070853e29
070860000
070873b3c
070881b00
0708936fa
0708a3489
0708b376f
0708c0000
0708d3f4e
0708e0000
0708f403a
070900000
070913df5
070920000
0709338af
070943395
0709532c7
0709632dd
0709733b8
070983001
070993187
0709a2a8c
0709b30b8
0709c322a
0709d2e48
0709e319a
0709f340f
070a0331e
070a13477
070a234e8
070a33582
070a4363e
070a535d3
070a6356b
070a73507
070a8353e
070a933df
070aa3326
070ab356c
070ac344c
070ad353a
070ae3570
070af35ce
070b03605
070b1359c
070b23626
070b335d1
070b434a8
070b5337d
070b63494
070b734d4
070b83489
070b9341c
070ba32a1
070bb33c9
070bc31df
070bd327e
070be33f3
070bf3238
070c0322a
070c13115
070c2333c
070c33528
070c43465
070c5336d
070c6345b
070c73580
070c834f8
070c93604
070ca3554
070cb35ee
070cc34e6
070cd35d6
070ce3614
070cf3599
070d03609
070d13578
070d23677
070d33707
070d434ee
070d535ab
070d63449
070d73336
070d8311f
070d93003
070da33cb
070db327f
070dc3193
070dd3135
070de3356
070df3314
070e0334e
070e1341d
070e235d0
070e3374e
070e437c5
070e53800
070e638ef
070e738c8
070e839d9
070e938f5
070ea3d04
070eb3813
070ec3e3f
070ed3af8
070ee3d22
070ef3dea
070f03a73
070f13e7a
070f23c98
070f33d23
070f43f57
070f53bc7
070f63f3e
070f73c24
070f83c4f
070f93dd2
070fa3978
070fb3d0e
070fc3832
070fd3c02
070fe35c3
070ff3b75
071000000
071013cab
0710235e1
071030000
071043f39
071050000
071063aff
071073a3c
071080000
071094014
0710a0000
0710b3d4d
0710c0000
0710d3b25
0710e36fa
0710f36f1
07110368c
071113945
071123600
07113394b
071143950
071153895
0711638d8
071173843
071183871
071193793
0711a3724
0711b376d
0711c36c6
0711d35ed
0711e3571
0711f357a
07120357b
0712133c3
07122330b
07123343f
0712434d4
071253476
0712634a5
071273465
0712834e7
071293490
0712a335f
0712b356e
0712c34d8
0712d3591
0712e35cc
0712f3618
07130366e
07131353c
0713235e6
0713336ab
07134361a
071353575
071363632
071373728
071383700
071393676
0713a36b7
0713b36e9
0713c371c
0713d3700
0713e36e1
0713f35f9
071403579
07141338e
07142351b
071433426
07144340c
071453219
071463482
07147358c
0714835db
0714934fe
0714a35f6
0714b35e1
0714c3561
0714d3598
0714e3499
0714f34c0
071503420
0715134ab
071523612
0715335f4
07154360c
071553664
071563723
0715737c1
071583659
071593753
0715a3632
0715b3742
0715c3596
0715d34ee
0715e3554
0715f34bd
071603480
07161346c
071623438
071633497
07164341a
071653442
071663317
071673425
071683161
0716932cb
0716a34ae
0716b307b
0716c31cb
0716d30e7
0716e2878
0716f30d2
071700000
071710000
071720000
071730000
071740000
071750000
07176322f
07177332b
071780000
071793cae
0717a0000
0717b3b6d
0717c0000
0717d0000
0717e3229
0717f0000
071803c0a
071813c58
071823f19
071833b03
071844029
071853c6f
071863f76
071873f87
071883f92
071894004
0718a3e3b
0718b401b
0718c3cba
0718d3fe3
0718e3ce1
0718f3e63
071903c5c
071913d12
071923c23
071933b44
071943bf9
071953b4c
071963a48
071973a28
0719838bc
07199386b
0719a3742
0719b3646
0719c35f9
0719d3652
0719e35bb
0719f346f
071a03537
071a13703
071a2360b
071a33689
071a437df
071a53814
071a63805
071a73827
071a837a6
071a93705
071aa3717
071ab36ee
071ac374a
071ad37ea
071ae3855
071af3805
071b038b5
071b13890
071b23766
071b33789
071b43835
071b5380d
071b63767
071b7378d
071b83765
071b936af
071ba368a
071bb35c4
071bc351a
071bd34fd
071be351d
071bf35f6
071c03708
071c136d7
071c23532
071c3358a
071c43671
071c536b3
071c6372d
071c73892
071c83853
071c93871
071ca3879
071cb3820
071cc3860
071cd382a
071ce3811
071cf3855
071d03808
071d137f4
071d2371d
071d3382c
071d437af
071d5362b
071d6368d
071d73714
071d8378a
071d935c3
071da3659
071db3613
071dc3582
071dd3569
071de3533
071df3593
071e035c6
071e13666
071e23570
071e337be
071e43773
071e5340f
071e639eb
071e723f0
071e83bcb
071e930fe
071ea3884
071eb3bfd
071ec0000
071ed3c2d
071ee345c
071ef30c0
071f03bb3
071f10000
071f2391d
071f333ed
071f43672
071f534a9
071f63a37
071f70000
071f8397f
071f9315d
071fa283c
071fb3b49
071fc0000
071fd36fb
071fe35a1
071ff0000
072000000
072010000
072020000
072032eb6
072040000
072053561
072060000
072070000
072080000
072090000
0720a0000
0720b0000
0720c0000
0720d0000
0720e0000
0720f0000
072100000
072110000
072120000
072130000
072140000
072150000
072160000
072170000
072180000
072192844
0721a2924
0721b2fa2
0721c3025
0721d304e
0721e2f8e
0721f2c02
072202c00
072212f98
072223027
0722330bf
072242ffa
072252f3a
072262f8e
072273069
072282e7e
072292cde
0722a2c80
0722b2b00
0722c1e60
0722d2260
0722e22f0
0722f0000
072300000
072310000
072320000
072330000
072342710
072352a84
0723621b0
072372c78
072382dd4
072393085
0723a333a
0723b31e1
0723c3047
0723d316d
0723e31da
0723f31f9
072403187
07241311a
072423108
07243309f
072443084
072452f1e
072462ad4
072470000
072480000
072490000
0724a0000
0724b0000
0724c0000
0724d0000
0724e0000
0724f29b0
072502bf4
072512d46
072522d06
0725324f8
072542bc4
072552c4e
072562e52
07257304a
072582f16
0725930a1
0725a2dec
0725b3000
0725c2fca
0725d320c
0725e3191
0725f31d8
0726031dd
072613191
072623305
07263314c
0726432fa
072653375
07266333c
0726734d7
072682d20
072690000
0726a3a27
0726b0000
0726c3e99
0726d0000
0726e38c7
0726f34c3
072700000
0727135a2
07272387c
072730000
072743993
072750000
072762dce
072770000
072780000
072790000
0727a3561
0727b0000
0727c3ca2
0727d0000
0727e0000
0727f3c89
07280384d
072810000
072820000
072833729
072840000
072853bbd
072860000
072870000
072880000
072890000
0728a3845
0728b0000
0728c0000
0728d0000
0728e0000
0728f0000
072900000
072910000
072920000
072930000
072940000
072950000
072960000
072970000
072980000
072990000
0729a0000
0729b0000
0729c0000
0729d0000
0729e0000
0729f0000
072a01300
072a12ff0
072a22e4c
072a32e5e
072a42d86
072a52958
072a62d24
072a72af8
072a823a0
072a929c4
072aa2618
072ab2798
072ac0000
072ad0000
072ae0000
072af0000
072b00000
072b10000
072b20000
072b30000
072b40000
072b50000
072b60000
072b70000
072b80000
072b90000
072ba2a7c
072bb0000
072bc2488
072bd0000
072be0000
072bf0000
072c02488
072c10000
072c22e3a
072c323c0
072c43015
072c52aec
072c628fc
072c70000
072c80000
072c90000
072ca0000
072cb0000
072cc0000
072cd0000
072ce0000
072cf0000
072d02880
072d12330
072d22698
072d30000
072d40000
072d50000
072d60000
072d70000
072d80000
072d90000
072da0000
072db0000
072dc0000
072dd23b0
072de28b4
072df2afc
072e02f08
072e12d30
072e22fe8
072e32ccc
072e430d4
072e532c4
072e62a80
072e73749
072e80000
072e936c3
072ea34a8
072eb0000
072ec3c29
072ed0000
072ee3932
072ef3843
072f035cf
072f13ac7
072f23a88
072f33187
072f4391d
072f53381
072f62638
072f73613
072f834fb
072f90000
072fa3c68
072fb0000
072fc3cd3
072fd0000
072fe0000
072ff3d4e
073003cf6
073010000
073020000
073033a7a
073040000
073053e4b
073060000
073070000
07308392d
073090000
0730a3dcb
0730b0000
0730c0000
0730d0000
0730e0000
0730f351b
073100000
073110000
073120000
073130000
073140000
073150000
073160000
073170000
073180000
073190000
0731a0000
0731b0000
0731c0000
0731d0000
0731e0000
0731f0000
073200000
073210000
073222844
073231bc0
073242090
073250000
073260000
073271ee0
073280000
073290000
0732a0000
0732b0000
0732c0000
0732d0000
0732e0000
0732f0000
073300000
073310000
073320000
073330000
073340000
073350000
073360000
073370000
073380000
073390000
0733a0000
0733b0000
0733c0000
0733d0000
0733e0000
0733f0000
073400000
073410000
073420000
0734328a4
073440000
073452568
073460000
073470000
073480000
073490000
0734a0000
0734b0000
0734c0000
0734d0000
0734e0000
0734f0000
073502788
073510000
073520000
073530000
073540000
073550000
073560000
073570000
073580000
073590000
0735a0000
0735b0000
0735c0000
0735d0000
0735e0000
0735f0000
073600000
073610000
073622b00
073630000
073642d2a
073652dd2
073662010
0736736bf
073680000
0736936f7
0736a35e7
0736b0000
0736c3e82
0736d0000
0736e3b8f
0736f3892
0737038a9
073713db6
073723d6a
073733557
073743caa
073753173
0737630f7
073772d8e
0737838e9
073790000
0737a3e8a
0737b0000
0737c3e4b
0737d2c2a
0737e0000
0737f402c
078003c0b
078010000
0780236bb
07803394f
078040000
078053dfb
078060000
078073dbe
078080000
078093d39
0780a0000
0780b3de7
0780c0000
0780d3ca0
0780e0000
0780f3a84
078100000
0781135b7
078120000
07813309f
078140000
078150000
078160000
078170000
078180000
078190000
0781a0000
0781b0000
0781c0000
0781d0000
0781e0e00
0781f26a0
078202d1c
078212e96
078222f3a
078232eb2
078242dfe
078252f3a
078263105
0782730da
07828313a
07829305b
0782a30fa
0782b3003
0782c2dda
0782d2d02
0782e2638
0782f0000
078300000
078310000
078320000
078330000
078340000
078350000
078360000
078370000
078380000
078390000
0783a0000
0783b0000
0783c2a3c
0783d0000
0783e2cbe
0783f2bd4
078402ea8
078413172
078422fd0
0784331ff
078442ed8
078453071
078462e76
078472d22
078482aa4
078492a54
0784a0000
0784b0000
0784c0000
0784d0000
0784e0000
0784f0000
078502020
078510000
078520000
078530000
078540000
078550000
078560000
078570000
078582020
078592758
0785a28dc
0785b2b38
0785c2cbe
0785d2b8c
0785e2cfe
0785f2448
078602a2c
078612aa8
078620000
078630000
078640000
078650000
078660000
078670000
078680000
078690000
0786a0000
0786b0000
0786c0000
0786d0000
0786e0000
0786f0000
078703b30
078710000
078723c6d
078730000
078743093
078750000
078760000
078770000
078780000
078790000
0787a0000
0787b0000
0787c0000
0787d3d05
0787e0000
0787f3edc
078803587
078812d56
078823a04
078830000
078843a48
078850000
078863724
0788735e5
078880000
078893da1
0788a0000
0788b402e
0788c0000
0788d3f25
0788e0000
0788f3d83
078900000
078913baa
078920000
078933956
078940000
0789536b5
078963089
0789734c6
078983421
0789934e7
0789a3512
0789b3501
0789c3458
0789d3504
0789e3495
0789f3315
078a033a4
078a1311b
078a23089
078a32f42
078a42d56
078a52ddc
078a62f1e
078a73083
078a82ed2
078a93188
078aa30c1
078ab307c
078ac30b6
078ad2f72
078ae303d
078af3037
078b02f7e
078b1309a
078b23047
078b33051
078b4314a
078b532b6
078b63133
078b732a0
078b831e8
078b931aa
078ba331f
078bb31cd
078bc32d1
078bd3220
078be326b
078bf3238
078c03360
078c13348
078c232d1
078c3326f
078c4316b
078c53296
078c631a0
078c73159
078c830c4
078c93148
078ca310a
078cb30eb
078cc30ef
078cd2f80
078ce2d60
078cf3066
078d02b3c
078d12f3c
078d22974
078d32c22
078d42d22
078d52e7a
078d6302d
078d73146
078d83309
078d93327
078da3351
078db3399
078dc3459
078dd3469
078de343f
078df3400
078e03418
078e13386
078e23245
078e32f76
078e42e30
078e52788
078e60000
078e70000
078e80000
078e90000
078ea0000
078eb0000
078ec0000
078ed0000
078ee0000
078ef0000
078f00000
078f10000
078f20000
078f30000
078f40000
078f50000
078f60000
078f70000
078f80000
078f90000
078fa0000
078fb2c1a
078fc0000
078fd3331
078fe0000
078ff323c
079003d59
079010000
079023965
079031780
079040000
079053b81
079060000
079073aa4
079080000
079093912
0790a0000
0790b39cf
0790c0000
0790d3700
0790e0000
0790f348c
079100000
079112a6c
079120000
079130000
079140000
079150000
079160000
079170000
079180000
079190000
0791a0000
0791b0000
0791c2718
0791d2788
0791e2d2a
0791f2cc4
079203014
0792130c1
07922325f
079233259
079243239
079253349
0792632db
079273421
0792832cc
079293367
0792a3351
0792b3240
0792c3253
0792d3075
0792e302d
0792f2dae
079302bcc
079312c92
079322954
0793326d8
0793422f0
079352bdc
079362200
07937290c
0793825c0
079392a64
0793a2b84
0793b2b94
0793c2d0a
0793d2c26
0793e3049
0793f3021
0794032ca
079413265
079423310
079433291
07944332c
07945327e
07946326b
079472f7a
079482f06
079492e6e
0794a2e02
0794b2aec
0794c2eba
0794d2a64
0794e3044
0794f2f58
079503118
0795130c5
079522f8e
079533077
079542d86
079553075
0795628e4
079572f70
079582cba
079592f7c
0795a2ee6
0795b2eaa
0795c2f2a
0795d3037
0795e300f
0795f2f4e
07960301d
079612f56
079623067
079633055
079643092
079653110
079663198
0796731e5
07968328b
0796933dd
0796a31b1
0796b354e
0796c3418
0796d358d
0796e35d1
0796f357e
079703aa6
079713874
079723bf6
079733a1f
0797438c0
079753cb2
079762ff6
0797739ca
07978343b
07979338e
0797a38a7
0797b3653
0797c2710
0797d3bdb
0797e0000
0797f3d9c
079803307
079810000
079820000
079830000
079840000
079850000
079860000
079870000
079880000
079890000
0798a0000
0798b0000
0798c0000
0798d0000
0798e0000
0798f0000
079900000
079910000
079920000
079930000
079940000
079950000
079960000
079970000
079980000
079990000
0799a28c4
0799b2eb4
0799c2f24
0799d3060
0799e2fc8
0799f318e
079a03014
079a12ebe
079a22c88
079a32d9e
079a42500
079a52190
079a61fa0
079a71100
079a82488
079a92568
079aa26e0
079ab0000
079ac26d8
079ad0000
079ae0000
079af0000
079b00000
079b10000
079b20000
079b31e00
079b42050
079b52448
079b628ec
079b72870
079b82b1c
079b92c2a
079ba2c7c
079bb2e96
079bc2fae
079bd3051
079be2ffa
079bf2f56
079c02dc2
079c12d64
079c22e9a
079c32e56
079c42d4e
079c52bb8
079c62b1c
079c71980
079c80000
079c90000
079ca0000
079cb0000
079cc0000
079cd19c0
079ce0000
079cf0000
079d00000
079d11940
079d223f0
079d30000
079d41bc0
079d523c0
079d62a58
079d72428
079d82bbc
079d92ef0
079da2f60
079db2f5a
079dc3061
079dd2f9c
079de30db
079df309a
079e03079
079e12eac
079e230ce
079e32bec
079e42b54
079e53120
079e60000
079e73454
079e80000
079e92f34
079ea2a38
079eb0000
079ec3894
079ed0000
079ee383f
079ef0000
079f0309d
079f1296c
079f22dbe
079f332a7
079f40000
079f53831
079f60000
079f73b75
079f80000
079f93806
079fa3517
079fb0000
079fc3c69
079fd0000
079fe3bf8
079ff0000
07a000000
07a013e72
07a023523
07a033d49
07a0439f5
07a053bb2
07a063c7e
07a073c24
07a083ce4
07a093cb7
07a0a3bf3
07a0b3d2b
07a0c3b69
07a0d3cac
07a0e3b3d
07a0f3c45
07a103a5a
07a113b87
07a1238f9
07a1339e9
07a143835
07a153892
07a163781
07a173770
07a183667
07a19362c
07a1a3560
07a1b34b5
07a1c344a
07a1d3433
07a1e340b
07a1f34c3
07a203487
07a213458
07a223424
07a233445
07a243421
07a2534b4
07a26349c
07a2734d0
07a28354b
07a2935a2
07a2a35e1
07a2b3628
07a2c367c
07a2d367e
07a2e36a5
07a2f36be
07a30371f
07a31378c
07a32372a
07a3336f2
07a343619
07a35359f
07a363592
07a37351f
07a3834ab
07a393476
07a3a33b9
07a3b33ec
07a3c3448
07a3d342b
07a3e340e
07a3f341c
07a403418
07a41341a
07a42340e
07a43343b
07a44345b
07a4534ec
07a463599
07a473622
07a483689
07a4936fd
07a4a36cd
07a4b36c0
07a4c3733
07a4d36a0
07a4e36da
07a4f35ef
07a503608
07a5135ac
07a5235d7
07a53362c
07a54359c
07a5535d5
07a563508
07a573544
07a58347e
07a593483
07a5a3464
07a5b3432
07a5c3418
07a5d3350
07a5e33ce
07a5f3335
07a60337b
07a613393
07a623296
07a633439
07a6432c8
07a6533b0
07a6632e5
07a673298
07a6834e7
07a6935ef
07a6a1dc0
07a6b3b71
07a6c0000
07a6d3afe
07a6e35d7
07a6f0000
07a703da2
07a710000
07a723e05
07a730000
07a743f0a
07a750000
07a76406b
07a770000
07a783f03
07a7924b8
07a7a3779
07a7b3cb1
07a7c0000
07a7d3cdc
07a7e0000
07a7f3ac2
07a800000
07a813efb
07a823233
07a833b7a
07a843cdf
07a853105
07a863e4f
07a8735d4
07a883daa
07a8939f1
07a8a3bf2
07a8b3b00
07a8c3b46
07a8d3b89
07a8e3ae2
07a8f3b55
07a90398d
07a913b3f
07a9238d7
07a933a19
07a9438ee
07a953959
07a9638d3
07a9738eb
07a98389a
07a993883
07a9a3845
07a9b380c
07a9c374c
07a9d3714
07a9e36ad
07a9f368c
07aa0360a
07aa134fb
07aa234e1
07aa334c9
07aa43483
07aa5352f
07aa63472
07aa7351d
07aa8351c
07aa93591
07aaa3579
07aab35f2
07aac3650
07aad367a
07aae36fa
07aaf3713
07ab03803
07ab13823
07ab2381a
07ab33857
07ab437c5
07ab537fb
07ab637b2
07ab73744
07ab836e6
07ab936c2
07aba363c
07abb3606
07abc3652
07abd357d
07abe3688
07abf3549
07ac03614
07ac134e0
07ac23558
07ac334b3
07ac43551
07ac534e7
07ac6362c
07ac73625
07ac8371d
07ac9370e
07aca37b9
07acb3787
07acc3829
07acd3713
07ace37b6
07acf368b
07ad03695
07ad13635
07ad23614
07ad336ad
07ad4364e
07ad53707
07ad6367c
07ad736d9
07ad83659
07ad9368a
07ada3653
07adb365e
07adc3643
07add361c
07ade35ec
07adf35f2
07ae0357a
07ae135ca
07ae2352c
07ae335c9
07ae43508
07ae5347e
07ae635c6
07ae73047
07ae836ee
07ae93067
07aea3135
07aeb3850
07aec0000
07aed394b
07aee0000
07aef2e3e
07af02d46
07af10000
07af22cf6
07af30000
07af437fd
07af50000
07af63cad
07af70000
07af83c05
07af90000
07afa2e9e
07afb3947
07afc0000
07afd3858
07afe2a1c
07aff2fbc
07b000000
07b013eb0
07b0233d3
07b033635
07b043ee6
07b050000
07b06401d
07b070000
07b083e28
07b093785
07b0a3a7d
07b0b3a28
07b0c39b4
07b0d3b6d
07b0e394d
07b0f3b7d
07b103806
07b113c18
07b123821
07b133b58
07b14394e
07b153aa3
07b16397b
07b173a55
07b18399b
07b1939ff
07b1a3981
07b1b394f
07b1c38ef
07b1d389c
07b1e3868
07b1f3820
07b2036df
07b21367e
07b2235a3
07b233598
07b243532
07b253559
07b26353d
07b2734f9
07b283581
07b293534
07b2a35df
07b2b362e
07b2c36bb
07b2d3700
07b2e380c
07b2f3825
07b3038d1
07b3138d8
07b323909
07b333926
07b3438e8
07b3538dc
07b3638b2
07b3738c9
07b383885
07b393848
07b3a3824
07b3b37c1
07b3c37d3
07b3d37e3
07b3e36c4
07b3f378d
07b4035b6
07b4136b1
07b42355c
07b4335e2
07b4435e7
07b4536aa
07b4636ce
07b47379e
07b4837b8
07b493837
07b4a3868
07b4b38a1
07b4c38a0
07b4d3843
07b4e387c
07b4f376a
07b503778
07b513622
07b523768
07b533656
07b543825
07b55371e
07b56385a
07b573824
07b5837e7
07b593830
07b5a37bc
07b5b37e7
07b5c3802
07b5d379d
07b5e3810
07b5f3811
07b603808
07b613808
07b6236f3
07b6337c3
07b643654
07b65367b
07b66364f
07b673221
07b683809
07b693103
07b6a3057
07b6b3965
07b6c0000
07b6d3ae5
07b6e0000
07b6f0000
07b70317b
07b710000
07b7230a1
07b730000
07b743998
07b750000
07b763eb3
07b770000
07b783d58
07b790000
07b7a0000
07b7b3b90
07b7c0000
07b7d3905
07b7e2230
07b7f0000
080000000
080013daf
080020000
080033cd0
080043840
080050000
080063894
080073d58
080082d50
080093dc0
0800a0000
0800b3da2
0800c0000
0800d3d54
0800e3794
0800f3d14
080103842
080113d44
080123a6e
080133d80
080143ce9
080153d1b
080163d10
080173d07
080183cdc
080193cea
0801a3ca6
0801b3cd6
0801c3cfc
0801d3cb8
0801e3cff
0801f3d08
080203cca
080213c5e
080223baa
080233c32
080243c37
080253ba2
080263baa
080273b04
080283bda
080293b44
0802a3adc
0802b3c69
0802c3bc2
0802d3cdc
0802e3cdd
0802f3d7e
080303d78
080313d5b
080323d83
080333d58
080343d45
080353d1f
080363d39
080373d2e
080383d4c
080393d0e
0803a3d27
0803b3d1f
0803c3d40
0803d3d0c
0803e3cf0
0803f3c2d
080403bc8
080413a74
080423c05
080433b06
080443c0d
080453a62
080463c6c
080473cfa
080483d15
080493cfe
0804a3d46
0804b3d64
0804c3d3f
0804d3d98
0804e3ce0
0804f3d1b
080503c80
080513cac
080523d1f
080533d18
080543d10
080553d51
080563d4a
080573d51
080583ca3
080593d1a
0805a3c7e
0805b3d02
0805c3c60
0805d3c2e
0805e3cd7
0805f3c82
080603cae
080613c9e
080623ca8
080633cf8
080643ca8
080653ce4
080663c18
080673cf6
080683b2e
080693c8a
0806a3b70
0806b3bd0
0806c3b14
0806d3c5a
0806e386c
0806f3a7a
080700000
0807134bc
080720000
080733310
080740000
080750000
080763944
080773a4a
080780000
080793ea7
0807a0000
0807b3e61
0807c0000
0807d399e
0807e3aa4
0807f0000
080800000
080813ab6
080820000
080833d30
080843380
08085381e
0808634c8
080873d94
0808831d0
080893ad4
0808a0000
0808b3c28
0808c33c0
0808d3d50
0808e0000
0808f3e0d
080900000
080913d4e
080923620
080933ca9
080943b90
080953bf4
080963b8e
080973b30
080983ad8
080993ac2
0809a3a1e
0809b3a7e
0809c3aaa
0809d3a78
0809e3b00
0809f3b98
080a03bce
080a13bf6
080a23bb6
080a33c22
080a43c4f
080a53c02
080a63be4
080a73bb2
080a83c11
080a93bf6
080aa3bc6
080ab3c52
080ac3c45
080ad3c86
080ae3c62
080af3c8c
080b03c74
080b13c60
080b23c5e
080b33c20
080b43c02
080b53b8c
080b63be4
080b73b8c
080b83bac
080b93b8c
080ba3b58
080bb3bb2
080bc3bbc
080bd3b9c
080be3bbe
080bf3b32
080c03b4c
080c13a4e
080c23b58
080c33afa
080c43b98
080c53b5e
080c63bf4
080c73c61
080c83c6c
080c93c62
080ca3c53
080cb3c4a
080cc3c62
080cd3c8b
080ce3c5f
080cf3c5f
080d03c6c
080d13c5b
080d23c9d
080d33c88
080d43c5a
080d53c67
080d63c1b
080d73c02
080d83b86
080d93b58
080da3b6e
080db3b42
080dc3aea
080dd3ab0
080de3b00
080df3af4
080e03b2a
080e13b14
080e23b90
080e33c05
080e43c1c
080e53c31
080e63bb0
080e73cb3
080e83b38
080e93d73
080ea3b3e
080eb3eb7
080ec3c09
080ed3ebc
080ee3b74
080ef3da9
080f03a98
080f13ae6
080f23388
080f33e77
080f438d2
080f53d1b
080f63c51
080f73e87
080f83c9d
080f93d42
080fa0000
080fb3d05
080fc3890
080fd3d39
080fe3d1d
080ff2640
081000000
081010000
081020000
081030000
081043805
081050000
081063c41
081070000
081083c18
081092380
0810a3818
0810b0000
0810c0000
0810d0000
0810e2808
0810f3b23
081103358
081113cd2
0811232d8
081133c11
08114328c
081153814
0811631a6
08117361c
081183559
08119370d
0811a3666
0811b375f
0811c35ca
0811d376e
0811e37b4
0811f3640
081203620
0812136aa
08122361c
0812335e6
08124359d
081253634
081263604
081273600
0812835ea
08129362c
0812a3659
0812b35cb
0812c361f
0812d3562
0812e35d9
0812f35a6
0813034cd
0813134c0
0813234d3
081333457
081343450
08135349b
081363442
081373538
081383493
08139344b
0813a36d6
0813b3467
0813c35e9
0813d36a2
0813e34a4
0813f34ad
08140379a
08141360d
08142365d
081433730
0814435d7
08145372e
0814636a4
0814735e0
0814835a6
0814935c0
0814a34e2
0814b352f
0814c3432
0814d354e
0814e34f8
0814f3546
08150346d
0815135ea
08152356b
0815334fc
0815434f5
0815534bb
0815634ca
081573509
081583617
081593529
0815a35de
0815b35e5
0815c36c9
0815d3758
0815e3717
0815f36de
0816037eb
081613713
0816235a1
08163352a
0816435f2
081653615
08166350b
0816736a0
08168348f
08169397a
0816a3465
0816b3a9f
0816c373f
0816d3b86
0816e3734
0816f3b2d
081703516
08171395e
081722970
081733811
081743612
0817539f7
081763d4a
081770000
081783aae
081790000
0817a3a67
0817b3406
0817c3823
0817d0000
0817e387b
0817f28c8
081803d26
081810000
081823a08
081830000
081840000
081850000
081860000
081870000
081880000
081892ac0
0818a0000
0818b3e99
0818c0000
0818d0000
0818e0000
0818f0000
081902940
081910000
081923220
081930000
081943428
081950000
0819633d8
081970000
0819827c0
081990000
0819a0000
0819b1400
0819c34c0
0819d2fa0
0819e3218
0819f3798
081a0387e
081a13b16
081a23b4e
081a33b0e
081a43a92
081a53b2e
081a63b08
081a73adc
081a83a68
081a93a26
081aa3af4
081ab39f4
081ac3a7a
081ad3962
081ae39fc
081af39f2
081b0389c
081b1384a
081b238c4
081b3384c
081b43780
081b5358c
081b638b6
081b735e4
081b83982
081b93810
081ba3848
081bb3798
081bc3a70
081bd36f8
081be3826
081bf39a6
081c036cc
081c13934
081c239c6
081c33a42
081c43aaa
081c53c47
081c63918
081c73a40
081c839d0
081c93932
081ca38d6
081cb3950
081cc37d8
081cd3986
081ce38fe
081cf39c2
081d03874
081d13a72
081d239a0
081d33944
081d4393e
081d538f8
081d63970
081d73834
081d83880
081d937c4
081da384a
081db3748
081dc3738
081dd367c
081de385e
081df3980
081e03926
081e138ac
081e23b00
081e33a34
081e43b86
081e53baa
081e63a14
081e73cae
081e83952
081e93e60
081ea3928
081eb3ee1
081ec3c7e
081ed3f93
081ee3c76
081ef3f4c
081f03c10
081f13de6
081f23ba4
081f33ba4
081f43dd2
081f53e5b
081f640d9
081f73acc
081f84047
081f93b12
081fa3e28
081fb3d3d
081fc3bf0
081fd3b42
081fe3c11
081ff3f2f
082003918
0820126a0
0820232f4
082030000
08204340c
082050000
0820634b8
082070000
082083288
082090000
0820a34be
0820b0000
0820c3646
0820d0000
0820e379e
0820f0000
082103838
082110000
082123825
08213312c
082143536
0821535e8
0821636e4
082173650
082183871
082193854
0821a3936
0821b3938
0821c3902
0821d397e
0821e3945
0821f3932
082203952
08221388a
0822238a0
082233849
08224376e
0822537b0
082263809
08227381c
082283836
08229388f
0822a388d
0822b383e
0822c383e
0822d3810
0822e3752
0822f3764
0823036e8
082313704
082323788
08233378c
082343776
082353825
082363806
08237383a
082383863
0823938c0
0823a390c
0823b3911
0823c3976
0823d3969
0823e393a
0823f392d
0824038f0
08241392d
08242392e
0824338c1
082443896
08245388f
08246387f
08247371c
082483815
082493714
0824a377a
0824b376a
0824c377a
0824d3780
0824e370a
0824f3732
08250377a
0825137a2
0825237a8
082533698
0825437fc
082553828
082563875
0825738b4
0825838c4
082593999
0825a38bc
0825b3930
0825c395b
0825d396f
0825e393d
0825f3908
082603903
0826138c7
082623866
0826336c6
08264361a
08265379e
08266306c
08267385b
082680000
082693698
0826a0000
0826b31e4
0826c2c68
0826d0000
0826e0000
0826f0000
0827030e8
082710000
0827233b0
082732e90
082740000
0827534d6
082760000
082772d08
08278300c
082790000
0827a3a5f
0827b0000
0827c39f5
0827d3030
0827e360c
0827f3b12
082800000
082810000
082820000
082833952
082840000
0828531b8
082860000
082870000
082880000
082890000
0828a0000
0828b0000
0828c367c
0828d0000
0828e1400
0828f3842
082902df0
082913574
0829230c8
082933170
082940000
082952e80
082963090
082973328
082983414
0829935e4
0829a3660
0829b3744
0829c3826
0829d382a
0829e38ca
0829f3962
082a0391a
082a13912
082a23996
082a3394e
082a438d8
082a5390a
082a638ca
082a738d2
082a838f8
082a938e8
082aa3948
082ab38e6
082ac38ec
082ad38a6
082ae385c
082af3874
082b03800
082b13886
082b238cc
082b33854
082b43816
082b5384c
082b6384e
082b737d4
082b837f0
082b93852
082ba37d0
082bb3854
082bc382a
082bd385e
082be388a
082bf3888
082c0386a
082c13934
082c238ea
082c339c6
082c4391a
082c53988
082c63904
082c7385c
082c8384a
082c938ce
082ca3836
082cb388a
082cc386a
082cd38a4
082ce392a
082cf38da
082d03936
082d13902
082d238c2
082d338b0
082d43860
082d538c8
082d6380e
082d73708
082d837a0
082d93788
082da387c
082db37f0
082dc38ca
082dd3904
082de390a
082df3918
082e038fc
082e1390c
082e2396c
082e3393e
082e4391c
082e539c4
082e63912
082e73978
082e838fe
082e9395a
082ea396e
082eb3898
082ec3794
082ed3970
082ee39f0
082ef3b9a
082f03824
082f13aa8
082f23638
082f33cf0
082f43ae0
082f53c7d
082f63c19
082f73c0a
082f83a46
082f935f4
082fa353c
082fb3090
082fc3298
082fd3cb3
082fe3a48
082ff32d0
083003af2
083013ddc
083023a70
083033e81
08304399a
083053ce3
083063b9a
083073c5b
083083dac
083093654
0830a3e3b
0830b0000
0830c3e40
0830d2c00
0830e3e42
0830f363c
083103e3e
0831139c4
083123e05
083133b72
083143dc1
083153c71
083163d4d
083173cb7
083183ce7
083193caa
0831a3ca6
0831b3c98
0831c3caf
0831d3c99
0831e3caa
0831f3cd7
083203ce0
083213d02
083223d24
083233d35
083243d5e
083253d63
083263d3f
083273d43
083283d4c
083293d38
0832a3d2f
0832b3d48
0832c3d3f
0832d3d5e
0832e3d4c
0832f3d53
083303d52
083313d46
083323d41
083333d46
083343d24
083353d05
083363d27
083373cf5
083383d05
083393d0e
0833a3ce6
0833b3d05
0833c3ce8
0833d3ce6
0833e3d08
0833f3cdb
083403d02
083413cbe
083423cfd
083433cdc
083443d13
083453cdc
083463d19
083473d20
083483d4b
083493d2e
0834a3d42
0834b3d36
0834c3d48
0834d3d58
0834e3d6c
0834f3d54
083503d85
083513d7b
083523d84
083533da6
083543d5c
083553d7b
083563d2a
083573d29
083583cf7
083593cda
0835a3ce1
0835b3cd3
0835c3cad
0835d3cb5
0835e3c9f
0835f3cb7
083603ca3
083613cc1
083623ce7
083633d2d
083643d4d
083653d53
083663dab
083673d6f
083683d9a
083693da9
0836a3db6
0836b3d9b
0836c3d3a
0836d3d71
0836e3d54
0836f3dd3
083703cf2
083713d8f
083723cd9
083733d58
083743d89
083753cef
083763d44
083773cc2
083783d6e
083793d4c
0837a3da0
0837b3d30
0837c3cdf
0837d3c07
0837e3d06
0837f3be6
0838030b8
08381419c
083823ad2
08383405c
083843fa3
083853a48
0838640b2
083873b46
08388410f
083893ab0
0838a409c
0838b37dc
0838c4080
0838d3b04
0838e406c
0838f3cd1
08390402b
083913e67
083923ff0
083933ec5
083943fcc
083953f13
083963f76
083973f1b
083983f1d
083993eed
0839a3eae
0839b3e49
0839c3e20
0839d3ded
0839e3de0
0839f3dbe
083a03dba
083a13da6
083a23dc5
083a33dbb
083a43e13
083a53e2e
083a63df4
083a73e0b
083a83e10
083a93e11
083aa3dff
083ab3e55
083ac3e4a
083ad3e9f
083ae3eb8
083af3ed8
083b03f11
083b13f10
083b23f16
083b33f31
083b43ef4
083b53ecd
083b63ed4
083b73e97
083b83e83
083b93e6c
083ba3e2f
083bb3e18
083bc3def
083bd3dc5
083be3dee
083bf3da1
083c03dd1
083c13d68
083c23d95
083c33d5e
083c43db8
083c53d9a
083c63e0c
083c73e6d
083c83ec3
083c93eb1
083ca3eea
083cb3eeb
083cc3f05
083cd3ee9
083ce3ef5
083cf3eb5
083d03ec3
083d13eaf
083d23eae
083d33ee8
083d43eb8
083d53ece
083d63e85
083d73e97
083d83e41
083d93df0
083da3de6
083db3dde
083dc3da1
083dd3dad
083de3d71
083df3d9b
083e03d6f
083e13dbc
083e23d89
083e33e2f
083e43e22
083e53d9b
083e63eb3
083e73cc0
083e83ed2
083e93d6e
083ea3df2
083eb3edf
083ec39c2
083ed3f1d
083ee39ce
083ef3dbf
083f039e0
083f13cbd
083f23948
083f33b24
083f43e16
083f53558
083f64066
083f72d20
083f8401b
083f93a7a
083fa3bcc
083fb3ed5
083fc3310
083fd3ba0
083fe366c
083ff35e8
0a000393f
0a00138e1
0a00239db
0a0033a2c
0a0043c07
0a0053d06
0a0063cd0
0a0073cee
0a0083c4b
0a0093bb6
0a00a3bb4
0a00b3cc5
0a00c3d6b
0a00d3d32
0a00e3d27
0a00f3cda
0a0103b54
0a0113c29
0a0123d2f
0a0133d34
0a0143cd8
0a0153d3e
0a0163ccf
0a0173c79
0a0183cbb
0a0193ca6
0a01a3be0
0a01b3aae
0a01c3022
0a01d35c7
0a01e3a88
0a01f3622
0a0203845
0a02138e2
0a0223826
0a0233a2c
0a02439bf
0a0253b90
0a0263a92
0a0273af4
0a0283bf6
0a0293c06
0a02a3c10
0a02b3c6e
0a02c3c54
0a02d3bc0
0a02e3b90
0a02f3b92
0a0303afc
0a0313bec
0a0323c5a
0a0333c6a
0a0343c7a
0a0353c37
0a0363b66
0a0373ae6
0a0383b7a
0a0393c35
0a03a3cd8
0a03b3d09
0a03c3b16
0a03d3c96
0a03e3b72
0a03f3a5e
0a0400000
0a0413646
0a0423636
0a0433366
0a0443954
0a0453517
0a046368c
0a04736ce
0a0483634
0a04935f5
0a04a3612
0a04b35bf
0a04c34ad
0a04d3499
0a04e3506
0a04f3576
0a05036d0
0a0513664
0a052355d
0a05334ef
0a054352f
0a05534e0
0a05635c0
0a0573708
0a0583672
0a05935ec
0a05a3824
0a05b397a
0a05c3628
0a05d38e5
0a05e378e
0a05f3475
0a0603815
0a0610000
0a06236d6
0a0630000
0a0642b70
0a065300a
0a0662002
0a0673453
0a0683a7e
0a0693aea
0a06a3a62
0a06b39f2
0a06c387d
0a06d371e
0a06e3869
0a06f38ee
0a0703928
0a0713aa8
0a072394a
0a073390c
0a0743972
0a07538f6
0a0763814
0a077382e
0a07839c1
0a0793ba8
0a07a3c9f
0a07b3df4
0a07c3c66
0a07d3e50
0a07e3dde
0a07f3cb6
0a080330c
0a0813062
0a0823001
0a08332f4
0a08434d3
0a0853618
0a08638cc
0a087393d
0a08838b1
0a08937dc
0a08a3863
0a08b37d8
0a08c3740
0a08d3808
0a08e38cf
0a08f3951
0a0903902
0a091384c
0a0923788
0a0933752
0a094375e
0a0953853
0a0963912
0a0973943
0a0983864
0a099362a
0a09a30c5
0a09b2468
0a09c2ff0
0a09d2e18
0a09e3364
0a09f3846
0a0a03152
0a0a129b8
0a0a20000
0a0a33384
0a0a4320c
0a0a52f80
0a0a635e7
0a0a7389f
0a0a83944
0a0a938df
0a0aa3903
0a0ab3898
0a0ac3869
0a0ad3826
0a0ae3821
0a0af3866
0a0b03913
0a0b13900
0a0b23876
0a0b338c4
0a0b438ea
0a0b5382e
0a0b63802
0a0b738fc
0a0b8392c
0a0b9395a
0a0ba3917
0a0bb39b1
0a0bc39f2
0a0bd3c04
0a0be3682
0a0bf38c2
0a0c03cc3
0a0c13bee
0a0c23ac4
0a0c33b28
0a0c43cb7
0a0c53d0d
0a0c63cb3
0a0c73cb2
0a0c83d0e
0a0c93d50
0a0ca3d3e
0a0cb3d4e
0a0cc3d47
0a0cd3d10
0a0ce3cff
0a0cf3cec
0a0d03ce6
0a0d13d09
0a0d23d3c
0a0d33d58
0a0d43d8a
0a0d53d4a
0a0d63ce0
0a0d73cad
0a0d83cdd
0a0d93d6d
0a0da3da4
0a0db3d74
0a0dc3d2c
0a0dd3d1f
0a0de3d62
0a0df3c77
0a0e03dfb
0a0e13df2
0a0e23e28
0a0e33e8c
0a0e43f60
0a0e53f5e
0a0e63ec0
0a0e73dea
0a0e83db7
0a0e93e16
0a0ea3e20
0a0eb3ea4
0a0ec3f1a
0a0ed3ecc
0a0ee3e52
0a0ef3dd0
0a0f03d8a
0a0f13df2
0a0f23ed2
0a0f33eea
0a0f43ec4
0a0f53eae
0a0f63dfc
0a0f73d95
0a0f83db7
0a0f93dcb
0a0fa3e46
0a0fb3ca8
0a0fc3af2
0a0fd3c22
0a0fe3d8b
0a0ff37ce
0c000413e
0c001416e
0c002419f
0c0034212
0c00442ba
0c0054372
0c006442b
0c00744b3
0c00844b7
0c00944dd
0c00a4517
0c00b455a
0c00c4578
0c00d457a
0c00e4574
0c00f4559
0c010455c
0c0114573
0c012457f
0c013455d
0c01444d0
0c0154470
0c0164447
0c01743f9
0c0184396
0c0194334
0c01a4293
0c01b41fa
0c01c4188
0c01d40eb
0c01e4065
0c01f3ff2
0c020be6c
0c021bf18
0c022bfd3
0c023c059
0c024c0c6
0c025c127
0c026c19b
0c027c22f
0c028c249
0c029c270
0c02ac2cd
0c02bc2fb
0c02cc347
0c02dc352
0c02ec365
0c02fc369
0c030c35d
0c031c363
0c032c386
0c033c39a
0c034c370
0c035c38e
0c036c384
0c037c364
0c038c2cc
0c039c231
0c03ac18b
0c03bc0fa
0c03cc077
0c03dc00e
0c03ebfa7
0c03fbf77
0c04038cf
0c04138e7
0c0423915
0c0433956
0c0443985
0c04539e1
0c0463a81
0c0473b6f
0c0483c6f
0c0493c80
0c04a3c7e
0c04b3cd5
0c04c3c50
0c04d3c60
0c04e3c52
0c04f3c4b
0c0503c47
0c0513c45
0c0523c63
0c0533cab
0c0543cb8
0c0553d0e
0c0563d27
0c0573d05
0c0583c6a
0c0593bb9
0c05a3ada
0c05b3a3f
0c05c39e0
0c05d39d3
0c05e39d0
0c05f39a6
0c060b36a
0c061b5a0
0c062b73e
0c063b862
0c064b8d3
0c065b915
0c066b96f
0c067b9d0
0c068b972
0c069ba1e
0c06aba12
0c06bbaa9
0c06cbb4c
0c06dbbd4
0c06ebc3e
0c06fbc71
0c070bc64
0c071bc6d
0c072bca0
0c073bd06
0c074bd49
0c075bde7
0c076be58
0c077be88
0c078bdf2
0c079bd36
0c07abc9e
0c07bbc22
0c07cbb78
0c07dbae4
0c07ebacf
0c07fbb0e
0c080bbdc
0c081bc3e
0c082bc9c
0c083bcd3
0c084bcfc
0c085bd4c
0c086bddf
0c087beb8
0c088bf08
0c089bf6e
0c08abfd9
0c08bc017
0c08cc03e
0c08dc075
0c08ec084
0c08fc080
0c090c06f
0c091c058
0c092bff4
0c093bf2f
0c094beda
0c095be81
0c096be4d
0c097be80
0c098bdbb
0c099bd3e
0c09abce0
0c09bbc92
0c09cbc52
0c09dbbd1
0c09eba82
0c09fb8cb
0c0a03c0a
0c0a13cec
0c0a23dbf
0c0a33e55
0c0a43ed3
0c0a53f35
0c0a63f94
0c0a74012
0c0a84040
0c0a940a2
0c0aa411d
0c0ab415b
0c0ac41b2
0c0ad4226
0c0ae4257
0c0af426c
0c0b04264
0c0b14275
0c0b24271
0c0b3428e
0c0b442b5
0c0b54330
0c0b642f3
0c0b742f9
0c0b8422a
0c0b9417c
0c0ba40f7
0c0bb4076
0c0bc4001
0c0bd3f8e
0c0be3f7b
0c0bf3f2b
0c0c0c1aa
0c0c1c228
0c0c2c2b5
0c0c3c34e
0c0c4c3ee
0c0c5c44c
0c0c6c4b9
0c0c7c554
0c0c8c53b
0c0c9c543
0c0cac570
0c0cbc5a7
0c0ccc5c2
0c0cdc5c4
0c0cec5c9
0c0cfc5cc
0c0d0c5c7
0c0d1c5c8
0c0d2c5d3
0c0d3c5d6
0c0d4c5d0
0c0d5c5d1
0c0d6c5da
0c0d7c5c8
0c0d8c539
0c0d9c4b9
0c0dac436
0c0dbc380
0c0dcc2b1
0c0ddc21a
0c0dec1bf
0c0dfc197
0c0e042e3
0c0e1432a
0c0e24393
0c0e3441d
0c0e44489
0c0e54507
0c0e6459f
0c0e7465d
0c0e84654
0c0e94659
0c0ea4674
0c0eb4687
0c0ec467a
0c0ed4664
0c0ee4649
0c0ef4640
0c0f04642
0c0f1463b
0c0f24646
0c0f3461b
0c0f445c8
0c0f5458f
0c0f64588
0c0f7453a
0c0f844da
0c0f9447e
0c0fa440b
0c0fb4342
0c0fc428a
0c0fd41d4
0c0fe4153
0c0ff4103
0e0000000
0e0010000
0e0020000
0e0030000
0e0040000
0e0050000
0e0060000
0e0070000
0e0080000
0e0090000
0e00a0000
0e00b0000
0e00c0000
0e00d0000
0e00e0000
0e00f0000
0e0100000
0e0110000
0e0120000
0e0130000
0e0140000
0e0150000
0e0160000
0e0170000
0e0180000
0e0190000
0e01a0000
0e01b0000
0e01c0000
0e01d0000
0e01e0000
0e01f0000
0e02052a3
0e0215351
0e022540b
0e0235462
0e02454b2
0e02554fe
0e0265561
0e02755f7
0e028561a
0e029562d
0e02a5689
0e02b56c6
0e02c56f2
0e02d570b
0e02e571b
0e02f5722
0e0305718
0e0315717
0e0325723
0e0335740
0e0345764
0e03557a5
0e0365794
0e0375793
0e03856c4
0e0395613
0e03a556d
0e03b54db
0e03c5456
0e03d540d
0e03e53d5
0e03f53a8
0e0400000
0e0410000
0e0420000
0e0430000
0e0440000
0e0450000
0e0460000
0e0470000
0e0480000
0e0490000
0e04a0000
0e04b0000
0e04c0000
0e04d0000
0e04e0000
0e04f0000
0e0500000
0e0510000
0e0520000
0e0530000
0e0540000
0e0550000
0e0560000
0e0570000
0e0580000
0e0590000
0e05a0000
0e05b0000
0e05c0000
0e05d0000
0e05e0000
0e05f0000
0e0600000
0e0610000
0e0620000
0e0630000
0e0640000
0e0650000
0e0660000
0e0670000
0e0680000
0e0690000
0e06a0000
0e06b0000
0e06c0000
0e06d0000
0e06e0000
0e06f0000
0e0700000
0e0710000
0e0720000
0e0730000
0e0740000
0e0750000
0e0760000
0e0770000
0e0780000
0e0790000
0e07a0000
0e07b0000
0e07c0000
0e07d0000
0e07e0000
0e07f0000
0e0805299
0e081529b
0e08252c7
0e0835315
0e08453a5
0e085543a
0e08654ca
0e087558c
0e088555a
0e0895542
0e08a553e
0e08b5558
0e08c5532
0e08d5510
0e08e54e8
0e08f54d4
0e09054d2
0e09154c4
0e092549c
0e0935434
0e09453c5
0e09552ad
0e09652a1
0e0975231
0e09851bf
0e0995181
0e09a510d
0e09b5099
0e09c503b
0e09d4f67
0e09e4e1f
0e09f4d13
0e0a00000
0e0a10000
0e0a20000
0e0a30000
0e0a40000
0e0a50000
0e0a60000
0e0a70000
0e0a80000
0e0a90000
0e0aa0000
0e0ab0000
0e0ac0000
0e0ad0000
0e0ae0000
0e0af0000
0e0b00000
0e0b10000
0e0b20000
0e0b30000
0e0b40000
0e0b50000
0e0b60000
0e0b70000
0e0b80000
0e0b90000
0e0ba0000
0e0bb0000
0e0bc0000
0e0bd0000
0e0be0000
0e0bf0000
0e0c04d6a
0e0c14d02
0e0c24caa
0e0c34cc2
0e0c44d35
0e0c54df5
0e0c64f05
0e0c75026
0e0c8508c
0e0c950a6
0e0ca50ab
0e0cb5100
0e0cc509d
0e0cd5086
0e0ce5051
0e0cf5019
0e0d05020
0e0d15033
0e0d25027
0e0d34fc2
0e0d44e03
0e0d54ca5
0e0d64c37
0e0d74a7d
0e0d84ab1
0e0d94ae5
0e0da4a8d
0e0db4a4d
0e0dc4a79
0e0dd49c5
0e0de488d
0e0df461d
0e0e04a76
0e0e14a66
0e0e24aa8
0e0e34b8e
0e0e44c5f
0e0e54ce7
0e0e64d64
0e0e74ddb
0e0e84e4f
0e0e94e35
0e0ea4e31
0e0eb4d77
0e0ec4d24
0e0ed4cbf
0e0ee4c7d
0e0ef4c82
0e0f04c91
0e0f14c64
0e0f24cd7
0e0f34cd1
0e0f44c70
0e0f54cb9
0e0f64ccb
0e0f74c25
0e0f84c37
0e0f94bec
0e0fa4b38
0e0fb4aac
0e0fc49fc
0e0fd495c
0e0fe495a
0e0ff49a4
100000000
100010000
100020000
100030000
10004548d
1000556b8
10006575c
1000754e6
100080000
100090000
1000a0000
1000b0000
1000c0000
1000d0000
1000e0000
1000f0000
1001053fa
100115525
100125400
10013504c
100140000
100150000
100160000
100170000
100184dc9
10019508c
1001a4e5e
1001b49c6
1001c4c40
1001d4d60
1001e4c95
1001f4a92
12000cccc
12001cbb4
12002d189
12003c5d3
12004d02e
12005d083
12006c5a9
12007cc1b
1200849e6
12009c4d5
1200ac1ff
1200bc943
1200cccb7
1200dd083
1200ecd91
1200fd03a
