430e428738fe3171
45ed374941f43947
462848e345c24731
4a3d4833481647f8
41c5bf8924c33d6d
4586444742463fa8
be56bf4dc541c1bf
c3232e63c460c19c
c731ad08c75cc433
c90bc13cc8f8c494
c8b2c859c8c1c814
c972c5c0c9a8c73b
c560c63cc5d6c523
c7fdc050c769c242
b7e5429b36ab403f
c7603ad8c210391a
c43bbdfeba1b3e13
c7dfc689c367c4d2
c6ebc895c4a5c585
c284c9e1c435c855
3111c468be8fc5df
3e63c441b820c21c
44c640f044574260
4248420344144284
43cd48f447ed49b9
451a459746cf46d0
3a2e403c3f8b3ada
41eb3da041c43fc3
c4f9cc2cc7a6cb8f
bcb6c5aec247c69c
c9fcccf4cb0fcc8e
c85bc9b7c995ca5d
c7ecc13ac7e9c6ce
c8dcc4bac949c5d5
47a54cea49544a2b
45974aec45744a86
4c124cd94bd94cdb
4adb4b624aff4b76
4a114a4d47784b59
47374431483144f1
3fb44839418c44a9
4293401f44174106
45544402492a4578
495c48c24ad04902
48fe3d6148ab47ca
496b48004a1c47f7
bc8dc4b8c450c151
b9abc454c448c487
4538466246ab4594
476e4765459b4811
48fa49114a1d489d
490f4ab049b84b3c
cb99cd0fcc4bccc7
cc3fcc06cc31cc06
cf04d096cf81cfc0
cf2dcfd4cf68cfe9
c931cadfc834c869
c8dbca40c901c9cb
444449aa44cf4733
3d0944c941c54433
4029498fc01240dc
c06943a4be2a397c
c3e03fb1c781c130
c2c2c261c6dcc55c
b952434cbe7040f6
31c5bfe8c133bd5b
44623ed73f9a3df8
41b6409142154104
c12cc5ebc366c571
bc93b404bf35c1fa
c501b921bb54bacc
c44d3c06c17ebca2
3d0548fb48e1470b
bd14484044d34924
454445434ae74676
4732481d491749f5
46d5c8d948a5b053
49f03b4c48c44297
45f6c896453abca1
4663bd5b47c63dcd
3dd736cf3be439d4
3f4cc0df460c3e07
c43ec3c1c8cdc65a
3f28c831c08fc80f
b6893f01c830b218
3d17c183c5f0c5be
4b824e7b4a114dc2
48a24c5348154baf
4c174cba4b5b4c31
4a1a4c4d4a784bfd
c46ac6bac5e7c80f
c705c46ec68ac516
cccaca79cc12cb0c
cd1ccaeaccc2cb64
cc64cb58caadcb2b
caaac867cafdca09
37864435ad4f3631
b971405fc0143815
4c074ef84acf4ce0
468b496e488c4a83
af4c3d2d444d3ea1
3c3f3d3b44f241a6
cb58cf01c96dccc2
c5a7caa3c6a0ca9a
c754cdc1ca8dcc21
c6c6cc6dc95acc32
c21fcb6cc796c8bf
c4adc9bdc56ec925
443543af46f14764
4593467f478f4728
47db4a9a48894969
486a4a234814495f
40da40614080b55f
408d458f40a1425d
469444ea490a4496
467e495048e0495f
4a864bab4ba54abb
4b4a4b444b3f4c13
40544ae54433493e
449c3920413d445c
c98945cbc66b3e3c
c9dac80ec8b9c51b
3f57465b35b6414a
c3af45f6b8fa4285
498f459c4360421c
48284918457b45a6
3980c1bdc35dc3f7
413ec23fc1fdc3dd
c9a5cc6eca79ca87
c9e8cbe5caa8cb9e
cd89cfafce8dcdc8
cea1cf72ce98cf45
cc77cc0dccc3cb49
cd15ccf3cd08cce7
45d14849499c46dd
49a14bbb4a664a21
4cb0485d4d0a496b
4eaa4cb84e714c67
4808c47842ecbca6
488fc53e4816be10
c671c805c3cac675
c831c866c0bcc586
c95b4264327baca9
c93e3faac1914250
423a4e5949074c3c
440f4b1d42874b51
4c4a4ebc4bdf4db4
4c534cfe49bb4cb9
484cbcc043463d8c
4863464744e4450a
3273c98dc21cc708
3c3bbd52be09bff2
4096bf53bb893dcd
bf8e3697c0aabba2
c129c55cc777c4c6
c98dc7b8c81bc830
c209c64dc65bc68a
c792c76bc5b7c75a
39d7439db6af3f36
bf88c053bf39c10a
c41b430fc078bef6
c27fc3e4c05dc2fd
c7c1c8b8bd83c696
452fbc2f442fbb7d
c7b0c927ba8dc3f0
44d6b68c4172ba44
c775c49cc6b7c73c
c78dc65cc82fc6cb
3104c7d5c64ac885
c4a6c705c722c703
496144bd46f94697
447a404d44d144ee
49ff4f0b4c704df3
46cd4b0d4a584c41
3d504af6456748f8
448646e1459145fc
c8f7ccafcc04cc00
c686cb26c94fcc20
c471c9e1c8acc841
c8fec732c718c83b
44db482d481d46db
3e574aaf46e64a2a
3f01424745cbb547
483d48ba45dc4889
c713c84fc539c696
bdc3c6a8c4b4c5be
bde5c5fdc54a3a81
c5bac8dec618c81d
49e144cd426f4545
46763bc2422d3f25
46d9483347f143df
48c348fe46af48c3
c61935c2431eaf65
c02f467f38ea4502
c01fc42837babcbe
c0ff3c0e2c332249
45edba8938bb3a79
441abdd84260b9f9
c764c588c90cc587
c844cacdc8b4ca10
ca8bc81dca4dc8a0
ca71cb46cad9cb04
4805488749624775
489249b749c94977
4b9f4d9b4d514d0d
4c134d324d6e4d4c
c5db4318c529bc26
c6dbc507c691c4b4
caedcc36ccfdccbf
cc39cc36ccfacc8f
47e8bc6e42fb4195
45ed478c44734594
4cf54c944c514cdf
4c334cad4c224ca1
482e47f244c54541
46553f44451a427a
ca1acc32c9decb1c
c8b2cb49c95fcb0a
cf37cfdbcdb6cede
ce71cda2ce01cdc4
cc51cacdc991caf8
cbc2c95aca18c936
4b314bb64b564c24
4c404a1b4c2b4ab9
494940fa48a6467d
4c7546b24b014772
caaecc09c8a5cb3d
c5c6c8a3c806c878
385b4535402c4229
bc234480be2a4413
4cc04d614bc94cd8
4a7c4c3d4a964c18
49194c6849424c16
462b48e4485748f6
bdbf496f3d4c4547
c54c438dbd6b42b8
423cbe79bcbec387
be7a405338c13bc6
4b123885448e4445
4988415148844203
443e4b683f9248e3
44023adab66b4071
cccc3923cb92c906
ccb5c973cd2bc9b2
cd2bd003cd76cf1d
cd39cc7dccf8cd2a
c613cf90c832cc1f
c58fc6c6c362c8fa
bfcdc5fc3a57b86f
3a07bdf9401cbeb3
459f359044014216
4674c2e7463cbbee
4ba246e34a6849dd
4b0f45204b06474f
45164cc34b4f4c66
486b493549384a2e
c5ad4a0144cb4691
bc0942a2379644bd
c2e8bf18c1b6c4c9
bf13c117c283c00e
4216c2a8bffec4f1
44a7b5203c5c3a9c
be2fc46bc53ec66d
bce0bfd0c0d3b705
c9e2c3cbc8ecc79c
cad4c462c9e7c441
331144e940493efa
bf4946faacb04544
486745ad480a46d8
482d497b48184772
c800c669c808c51d
c5ebc4fac7e5c878
ba96bf01c495c16e
b137c39bc1b5c584
4dcc4cfc4c4d4ccc
4bdf4b874c564bf1
48604856482b48f1
424f468c46c94737
c8f4cc13c88bc924
c7bcca3fc836ca17
c61cca2dc5d7c648
c700c895c628c822
c015c63cc2cbc4a6
c5dec45fc1fcc2a1
403cc2ebc214c265
4036c41eb614c2ee
b0c8455db82140d2
42b3b55b307eb8a5
c863423ac20bc0f9
c2cbbfbcc261be20
c31f43c0353e3d6f
b957c0adbdf83913
422f43ef425c42c4
4185393336af42e2
bb27c89a385ac738
3fea40f440cb3ea5
c6e0c9902fd8c831
2df0422e41bc3644
c8a2b861c09ec092
c75b33f1c661b8d4
42ec49174212482c
c67d4372c159446a
4d604b774abe4c2f
48f04a064b77496a
4b7a48d5489e4905
4cf349264b6447b2
bf86481ab24641df
479b41a73ddf3f39
b35b440cc42c3e19
c7cdc65fc586c467
b8c5cc16c906c89f
c8d4cb2ac882ca0a
c816ccabc81dcacc
c481c624c7a6c715
c98cc5ccc479c86b
c4bdb8dac572bfbe
ca33c844c816c89d
c725c84ac66fc808
bc03b4d63f224101
40f7b8654204b2fc
4ae14c234b304bec
49be49ad49d649e1
4a494af049584a11
47804649477f4846
bb65c2e5c15dc46b
c630bc7ac415bc45
c984ca7fca3bcb10
cc14c4fdca99c7f1
c9ccc9e4ca55c930
cb15c914ca4cc9dc
c540c589c359c48a
b68cc5beafa7c625
4a1e4a124b44498a
4dc24a264cff4a90
4c8d4d784cf24d6c
4e264c5c4d1e4cd5
43334b3c45c74990
3d6a45bb33f046a3
c4374639c4393dda
c9cdc186c94ec04e
c70ac82cc7a8c833
c98bc7bbc83bc71f
c6c2cd34c79bcbf3
c35ac778c102c83f
449dc7c23ceac026
46e33c4945a2363b
4991469447414821
492b464a48bd4653
c46ac77ec706c7e8
c35bc50fc572c77b
cc3dcc61cc86cc2d
cc44cc0bccd9cc60
c911c0a8c62ac259
c90dc7d3c958c540
c4cc471442ca3dff
c2e9412fb42b44a1
483f48ff49d7484e
46d048a64a30495a
4cd346194c334b6b
4caa4ac04d124aa6
43bdc1c142e4413c
47484630438c41f2
c1184c8fb95647f3
c43c4255c65b412e
49814eb345034b46
3e8a43e63ff8462c
476bc560c11fc2e3
a65bc56c39ddc4a6
ca1dccf9c92acb3f
c64ac91cc69bc932
cb1bc864c769c8c1
c0ccc332c53cc47b
bddac591c42ec4ce
c3633c95c386bfb0
431fc884b6b3c2b5
b9543d42407abaf6
3c31c48e4324b5b4
46c33d2946323f3a
c45f3847363d2671
c482bd75c4d1b73e
c9154192b2a02ebd
cbb4c14cc68cadf7
c76eb604bbfdbe32
c497c2ceb44abae5
38b7c684c6b1c76b
4642c7e2c1fdc774
49b8b8c241af3afa
4b9c36454687b474
4cd5489d4bf14baf
4cf749fa4c6849c5
480a4bc4480949f7
43f5473943804808
c2e049eec3442938
c8973bcfc8923547
b4a8481738544410
c46344dfc04b4288
c5fbbbd0b8cc3a8f
c40f3a46c01d3823
c8c6cd12c8fdca48
c648c9bfc7a2c980
4471c627c0c8b512
b4d9c43a382cc26a
4460478b43ab42d1
37e847d84626472a
c7d7c80dc22ac7f4
c4bf3cafb297b849
c20ec37bc1023c29
c576c18bc207c150
bcec4493c0c94288
c5f8c01cc25ebd46
c8a3c7c4c6f4c8a5
c44fc5dcc4edc73a
c48ac840c2b0c87f
4609c480baa9c66e
46d43d3841cf326a
4a94c0b1450bb99d
44e540a1420a42c5
4653c20042b0b70e
2a3cbbf13d71bc60
bc2db729b79cba61
4a24471749bb4563
4596494e48254984
4c574e234cf44ced
473d4c1d4a894d42
38c24c1345a249b3
c1ef485fba98490f
cd80cd7fccebcc54
cb97c592cccccac3
cc8dcd7acc5ecba8
ca9cc9b2cb7bcbd2
4a894ac648e84ad1
497a3fd24a0b4710
4cee49964a694a7b
4cdb47044c6e48df
c716cafac8b8c99c
c406c857c5d1c951
ca7bc7bcc960c928
c926c82dc97cc956
3c1641c93d633f6e
3db640c1381e3d13
c073c6b5c29ec4de
c4c1c4f8c1bcc385
c3f3c4efc3f7c560
c7f7c800c377c526
c271b940bc51b97f
c5b5c4a3c0cec025
41f9484343e847de
3a0744403c024516
4d754fab4d6e4ded
4cf64e744cc94e1c
48304ab64a3a460d
489f4c474a394b61
ccb7ce3acc17cd95
cba7cb68caeccc20
c455c732c79ec2be
c13ac905c707c8c9
4720488342c44727
46ee427440c94444
c819cce0c924cba9
c2f0c752c71bc837
c410cc22c53ec8b8
3fc3c5f6bcabc7d9
41323daf3f2244cc
b508bb9c3d91bef9
c820c470c832c28e
cc11c712c9acc7ee
4053470d3f1c433b
351b452fb5514459
4c1b4dc34cbb4cfe
4d624c5f4c9f4cdb
3d63498f48cb488e
44f3444248a7482f
c1da3d7a4213bce6
c496bffd404d3e4b
4506376041a63a20
380a3e0339953eff
bd87c473c640c28d
c577c41ac868c5c5
c8bac9f1cb0fc9e6
c8d7cb78ca88cae3
c579c7a0c856c859
c47cc90bc626c84e
4042414544a74042
44994840465f4601
457d40f147b9458b
49834aca494948af
45843af33fcb426a
48ca44cb456a4087
45f145c942ee42fb
416d3dd042ff412d
c0353e443c4ebd2b
c815bc69c24e3da4
cc49ca12cb4dca83
cc0dc9c0cc3aca46
c8dbca6dcb62c9d1
c887c910ca35cab2
49ab44d0471d4859
4637468047e0466a
4b564de84ce04d77
4a894be24bbc4c9f
4324496547b246a8
45784333467e457d
c39cc8a8bfaec52b
c0f4c8572bebc750
c84cc7e2c518c526
c507c830c5bfc7d8
cc23c9becbb4cc31
c9d0c89dcbe1c99b
c968c563c90bc9fb
c57ec09ec8afc4a5
480342c146c3464d
48d547e0480247f6
c80bc83cc587c856
beb3c61bc4dbc68a
c476c4c1c23ac481
bfc8c5cac30ac46c
3c1036383f92358d
be774013b29b4042
481345b947c4475c
457c48c9469f480e
452f3ab241724433
41923d8142ec3eb7
b843c884c0e5c645
bfc6c2e2bcacc1e0
427839fe4086b3fa
b9cf45493c8e4433
386344b3bf8f3cdf
c39c3b40c208b2ac
3f934661bd5c42fd
3af9bd7eba29b998
3349451f34a142ad
45afb9ff400d39ad
cc23cc5dca4fcb28
c60ecb51c80bcb1c
c722c8d4c656c5f6
c680c7a0c3a9c80d
4d0b4fea4cb44e61
4a024d574aeb4d2a
44254c35480e48a8
467d490e441b48da
c9e9ca8ec8f1caf1
c832c9c3c880c9ae
3f39c46ab495bf96
bea3be833124bd9a
c59ccbb2c49fc898
c267c549c30fc50b
cb3ccdbfca8dccaa
c9bdcb23ca02cabe
3d81bbb93b2fbff6
afb93c8838b73d19
49c8486849dd490d
49504aeb49f94a0a
40d444f73ff44336
b8ad46c73b4d4450
b88b48b4c07b4287
c4513f92c5873d38
45c64719451e48fb
45893f764420445c
4232c69d3c4538f0
4070c6f14366c329
c3d6c8fac7e8c869
c6c5ca78c5dfc9de
c6a83251c4b2bde7
c396c251c4c0c511
485f4d274b134c68
4bb24c7d4ba44bfe
4d5d4d4b4c8c4c73
4d3e4c684d1f4c9f
c2cecad3c85cca4f
c4cec885c823c889
cd43ce1acca5cd4c
cc74cc6ecd0fcc7f
c55b32e0b198b823
c6f0c0c9c348aeb0
bd6d42fb3edb3a56
c4283b6eb5e7404e
c64f3c95c33bc31f
bfacbe26c22cbe6f
42f2472e440844c3
457f4666459b4639
48753215422a417d
4537474f45a2446d
489343944180455d
4753459542b1405f
4671479a45ef47a7
4324467d435a454f
c8b6cc03c72fcacd
ca66c3c2c777c5a0
cad4cc7fca6acb98
cb0fcabeca62ca9b
3e9747c13a97468e
3517c69abe3cc156
3d3b410242673d2a
459bbcf8454a38a0
c877c8d4c1dec830
4176c4393d93c456
c1fc32fabe2a40f1
bccac4abc44cc22f
431446a63ae847dd
c34cbd69c3e93821
3d8746253baa3fb2
ba2b423439f5425e
48cc4970486d4666
48e249ad4944495a
4d1d4add4cc04c3f
4ca14d0e4d0f4ccb
4a0144d249ae48d9
4a2449e24a814989
be33c4d6c495c37c
b9d5c610c301c4ec
ca3ac861cb31c9a4
cb9dcafbcb92ca66
cc70c837ca4ecaf2
cc1dc848ca59c895
c1d9c4713f7ec2f9
4335450342ed41df
494838d848c3470b
4ae9490d499447e0
c0a3c395c59dc2fd
c0d5c5dbc465c69e
cb64c97acc92cbfc
cc78cc27ccb6cc6b
c826c535c8f7c848
cb24c59eca55c828
bdef3759c045b84e
c54dc163c345c136
41a740773e1143fa
3116c5393c30c07c
4a7a4b1e49d14bfc
4863470e48824881
49134b6649dc4a78
495b48fe489a49a5
c69ac5ddbd54c67d
b51cc2f6b997c116
bde4c6253f09c3a0
43243d2344283cce
49be49f04a984a46
4ae64afb4a5f4b90
383f44f0453d4485
3ce344c4402c473e
c285c6ce32b3c195
baba35c238193b8a
4787435e453c4744
485d478147db465b
c49432c8c783c2bf
c78bc344c66ac533
cb2ecbcbcc21cc7f
cab5cae3cacccbbc
445cc53ec0b0c406
442dbf6c3d55c35e
47ab451740b042ff
43f5417742a43c5e
c716c8f5c828c852
c6e9c95fc691c8fc
c9d4cca0ca78cad5
caa4cbc7ca11cb6a
bfdc451b390840b0
c653419cc29a3d36
48d44e064b094c6d
4aa24b2549bb4b43
4a324aa549b14aaa
4bfe47fd49c448ee
43f840b2456a4203
40504681427e4680
c7413754ba3fc0e4
c5cd4041c3294082
c7f6bec8c640c4cc
c884c66ac796c519
4004c17bbcdcb8c1
c466be70be71bfc0
489ec116451f44de
44f844124560416a
3d45b6ad40614186
426934fa3c193298
c820333dba99c1b3
b5e63945bc1a3871
c5b3c89ec556c84d
32b0c365bdcfc3c5
bfd7c98bc8c3c84e
c08cc9a2c61dc90b
363d39fec0bcbe99
b9ccc207bcd2c03e
42663bc8405c39e7
32c738b9440e3e69
c497c54ac2c5c1c7
c7a0c72dc26ec545
c8723fe9c05cc139
c53640a3c4bfafe5
41f443673d63b938
450a47913ccc4410
4aa73d884172457b
479fc2d844ae30d8
493a4ac6491e4b51
495d459f48ef4841
45824d204ba84be0
49824d5049d74c6b
3d5d4598446943fa
c24c472c38bc4513
c620ca7ac826c920
ca5dc80ec8c7c859
c8eacc59c85bca33
c83cc628c820c7e3
bb2ab448386740b6
3f5cbe4b3de8af71
48314c9447b249ac
492f45ca481e479d
c061c0c7c1dcc60c
41eeb977bdbac06f
c9e6ce4bcbd1cc16
c8a5cc6fca64cc9e
c50dc96ac974c670
c9eacb96c8d4caae
36a23967ba8dbd70
c562be27bab316f5
bc4bc2c84074c1a8
468040b544944167
4311457947644534
49b4466e48b946da
4a4f4c484a594aed
46634a5b49ba4a63
3c93bfe9be18c27b
c3f8306abc39b5cd
cb6acc14ca78cb8e
c90bc9a8ca7ac983
2ee44cea478a4aca
bdec4718bbd64888
4b9150eb4d464e9e
48984d3e49ff4d88
453eb85942a2b987
477c461a44a54402
389fcd04c7ccc79d
3943c59cc37cc7d4
bfccc626c7e1c038
c65dc6c1c6d3c786
c949ca37c9b7ca07
c758c916c714ca11
c515cb3ac605c7af
b297c687be9cc852
3ab6b7963e5a4333
be9fb9f0a0113064
c3a9c0a9bc1ac0d3
c6d4c16dc123bc31
3fa43bcb3c41be74
3efc395e3dc83bb0
48754ab5485446f9
48e0493a477e4900
39e243cc4418b3a3
45ef45c545744550
c26cc811c04fc630
387ec82b3f5fc5be
455f46a3460246ff
3717beee44da4015
373d4876411244e6
38bb43e33a6e42d5
cc88cc6bcc68cccf
c81dcb4ecb2acc00
c5cac74ec595c541
b89cc596c4fdc51a
4bd04c754b474cf3
4a104c3949cc4c0b
4422b8e6bcbf4108
c4963549c0c7326f
3a01c1d2bf5f2dcb
c7d5c20cc465bd76
48d44d3c4c024c4a
47024c8248ec4c8f
be3c424d409ebc53
c308458cbd52446f
c613cd79ca86cc68
c9b2c98ec94aca7c
3cb2c745c14ec15e
433ab4ed3c98c23b
bf72487540574575
46aa3f6e43473cb8
b081475cba1541f7
3e03c0ed3a87be90
3f8eb96a2c9d3bdd
4422b488424cb5f9
c64fc585c0abc44a
bce4c371bdeac251
c9a5c9bcc8edca2e
c9f1ca2ec90dc9a6
c717cc4bca06cb43
c963cb56c8e3cb4c
48023e1d442f4116
46eb408a461c4032
4af24d354c724c30
4c574ccf4c314cae
400b4a3a48f1491f
44d6499d464749bd
c62c34bfc1c4bb4a
c7bdc608c762c34a
c7a8ca25c949c9e3
c842ca4bc9c6c9a8
33b0c8f0c29cc417
b1c7c08ec003c028
4a014c194ad14c1b
491e4c0f4a754c01
497c4c3b4aa34a52
4a214c194ae24b46
323ac8afc334c642
288dc3f7bac8c445
c8fccca2cbbecb22
cbadcc79caf1cbe6
c838c50bc9dec774
cbacc94ac9ebc929
408e4586352b435c
3a01440a38333fd8
4757462847fe4880
4a9a48774865481a
422d449c47d8465f
488147e4479f4775
be6c39843ee73804
c01f3fefb69a3ca5
c5faba2bc63fc58a
c785c717c896c5f4
c959c52ec875ca20
c4f5c817c871c7d7
2d99c66f407bc205
446832df444cbc23
482449064a2e4aa7
447b470b490c4787
bcc24b52440e4687
c55b44ed310845b7
c835ca50c9eacada
c8d2c658c907c81c
c60ace65cb6fcc33
c76ccb79c941cc1b
496640eb44be46a4
489935dc47bb3db9
4dc44e384cb94de0
4d614c4e4cf34c84
3bef41533b5d40a4
3f54321235e43dda
cc84ccf9cac2cc90
cae0cb2fca3cca2e
c51fb953b9f8bc36
c20eb3f3bd553887
45984d0048ba4bd1
440749c544aa4993
38c1477145194414
4501495144484874
b85bc815b81ec4ab
452040ac41243fcb
43aac744c15ebf28
c242c786c27bc4a6
bbaac4f3c42bc362
c829c802c55bc674
c930c61cc8b3c8ce
c94bc578c86ac823
bcdc4074c1a5bd01
babe374ec138c046
4a4c490448fa493f
4ac845a7496345ea
436c447f45ff442c
443341cd45153f03
b70cb23941fb3b30
be10455a398a40ff
44f4a75f439e4260
466145a946114562
c695c156c57fc41f
c1abc6b7c122c436
c81336e9c5a5c3fc
c756c801c745c5a0
bc2f44f9beedbaa5
beb9c0d8c411b8ab
cac1c9b6ca78ca5a
cc00c925cb04c8ab
c879cbb0c74cc8c7
c9cec401c737c55f
498342d748ce4683
4a9a49124963482f
4a3f45b047e24895
499c479147d54732
485445974609490c
46af4599463e45a0
bdcf3b91b5cdbc1e
46abc33243b1c25b
c44ac52cc441c6c0
b1abc802c00fc76a
4768483d4822488c
41b9480845424786
46ac4a58492048c9
44ee4a5048474a15
3bbb2b4041193ec5
3aec4410435144f1
bbb2c0c3c0ef3c0c
c28ec2e3c255bf16
c5704628c48cc26c
c6ffc47dc813c3a4
c861b7a1c5d1c80e
c80ec478c829c59b
c9fccd8fcb7bcbdb
ca80cc0fcadfcc42
c817cc67cad5ca69
ca93cb77ca5fcb0b
456746ff440944ff
3e21478841fb4686
482447f948f6488e
4ac34b924a1c495e
403041ff461343f5
49ae462948da44f5
44374a3246b44856
44d7414644b94660
c03cc22fc351c132
c237c4bbc4ccc2d0
c6d8cc8ac894ca66
c329c877c472c8fc
4866476148844847
483e448b4a0a4682
49de4a7249ab4a22
490f482449974885
2cacc481c18ec35d
3e2a38ecc438c054
3c6246643c5f42a9
c113449ec4174489
ba3b485e40c94527
c85340c5c14244ee
cb3bcc0fcae8cbea
cae1ca3eca42ca81
cb06cd0dcba5cc3d
c833cb2fc9dfcba5
45a445bf47d648bb
468d4509481b46ff
4b0d4cc44c324c49
4a8c4c054bf34c2b
3e7e48033c5d3c31
33203e5e2911379f
c8dfc73cc95ec8d2
c9bfcab1c9e0caa6
c6f6ca3ec822c80c
c832c8d7c829c91b
428ac3313e313ab5
400842743eb53f25
4a5949ec49d649da
4a534a4a4a4d4a73
482849f94763469b
480f4876483b48a8
c706c85ac68dc947
bedec33dc444c4f4
c403c7adc0e5c22f
437bbda3aa06bff1
441747d4448e488a
3f5844f4403744f7
3a083ec137c73dca
c42db0afc1d6b856
41ccbdb1429934bc
441b153743f43b23
c41bc64ec09dc53a
b680c5253cf0c39a
cc5accfbcc3ecc90
cb4acc5ecabdcc72
c61bc8b5c921c812
c6a6c8adc869c98d
4631499e430347bf
a79945433aa84441
c04e498040f0457a
c61c426ac183459a
453b49bb460548ac
42ed449f40ee484f
4cd54bc74b2c4bd2
4b4f4b1e4a374b9d
c141c3e44131c0f8
356a44df40a34332
cc35cbe6c815cb2d
c8bfc847c64dc872
4213c34bbdf2c3a2
3beec5313bf5c4fa
496f457c440046a0
47a843344566413c
3eaa429d33bd4714
42bb44443a8b3e59
40933ec6b8834088
443f426b3e37ab47
48ea48c0490945a5
4a4d48c84a0d488c
403f40c746423c8b
3e1c40a945af4454
cbe3ccdccab4cc3d
cc99cc1fcb20cb88
c9e3ca0ac8e4c97c
c7bbc921c8b3c8a3
421345e2419845b4
46e444333fbf448f
c155bd9fc4bdbc23
c657c243c7eac2f2
c37daba4bf20bcbd
c7e2c007c46bbc9d
4613473c46c14589
45af454f47bf463b
31ed402dc193b8dd
400ab4bebc56bdf5
c6f3bcf2c6c5bd52
c619bd46c749c1c0
3afdb8b5401c401a
ba16445f3fc942d1
4a2242f948424358
49174555493345bd
497b4467469a44d7
490c400e481c43c0
c817c6fac48cc5f8
c45fc4d1c595c507
c925c69ec50ec5f3
c866c6c6c7d5c6ad
486d46cb46a9490e
442e3d52464e4363
4322bf88b55a3d68
4157bdfc40e1bd67
c8fdc5a1c8c4c9a3
c948c6d3c89bc7fd
c25f4a3937a339e2
c61f3d84c0114089
398d483445734584
46214739455a4646
c0f9ca3bbb92c23d
4585452d3c2f35ed
243bc9f6c36cc4e3
376db604bf92c0b6
3e83b2b4bfa0c079
3269c423b329bde0
38f19ce8bcd9c0da
bd36c16b2b73ba12
47604812484248a8
461948c2467f48cb
46ee47ed42144541
42ee44f33e12447d
c87d4544c75bc5ac
c984c0a6c9cac3e5
cba6c8c0c909ca45
cc00c91eca65c96c
38cecb78bde6c427
bbc9c3ce37ddc521
bf52c723c268b780
bf94c373c145c536
9e124544408f43b6
3fc1bc403c4d3af2
4a96490f4a664915
49ac47884abe4957
4829439a45e84553
3d9d45ad45f3444a
417e41fa41f740d0
36a9421641153dca
c1bec0ddb988c25b
b3b9c2f03852bec2
cc3acbf8cc7acc6f
cbb4cc9dcc47cc22
c758c4d8c77cc83b
3882c4d9c53cc438
4c5d4dfa4ddf4d0a
502b4e3b4f124e78
4b734c474bf14c39
4ceb4b344c784b76
c73ec8b0cabcc7b9
cc21c9fbcc1dcbb8
cb84ca24cc69ca94
ce2fcb87cd83cc5d
c643cac1c7aec8e5
c999c822c826c59e
48b1c5ee470a4190
48e046124918484e
484547e949db496b
49124a3f49d249ad
ca5dc818c740c8ed
cb49c5ddc9b3c7ad
cd6bcd02ccedcd75
cdb2cca8cdbdccbc
b8684c963d8d4844
b80e45b5bd76446d
501d520e4f8c50a1
4f034fc04f724fe7
50754cae4ef74e5f
50044cdd50014daf
b95dcb7f410dbe44
4a82c0bd48adc28e
cdb0cc05cc35cc6b
c8eccb7eca83cc47
c84ac45ccac8ca38
cb5ccae0cbe3c9e0
bf5bc54bc588c555
c850c2cac855c436
cb27cc81ca7dcaef
cb8dc850cadcc9e8
c2d6c948c410c532
c6b1c619c40ac4b9
4c904b224d0b4c74
4c8e4cbf4cc44cf6
c0624677427e3d98
460e483541364634
ce2dcd07ceb6ce8e
ce31ce98ce9bce3f
c6dfcb09ca6aca60
c9bfcceec986cbfd
4bdd48364ac84a2d
4cc648b04c2f48e5
4c4c4db34cc04d9b
4ae14c6e4c5b4cad
44184dd44a534c6e
c57449ad456f4b2b
c63441423dea387e
c40c472cb8a842da
c067c83dc566c4e7
3e9140eac195c39a
c25fc234c91dc5fe
c5a4c904c9e9c89f
c9cfc8d5c985ca8c
c32dc98ec900c906
c17eca3ac0ffc62c
3f633020423ac14e
4b4b440444be4692
3e7b3caa46844163
4a6f48af46ed4703
494c3c0c480345e6
45844358496b4775
4c5c49c64a3c4970
48f5472a49fd4912
49c94a764932496e
c950c842c86cc8ef
cbf8c850ca22c81d
ceb4cdbbcd20cd28
ce98ccc1cdafccef
495d49a549924a67
492b47d24948485a
4e9450654f0b4ed2
4e534e894f024f07
c8dcb74fbfe5c633
c4423f11b8133a0d
cc9ecececd1fcda1
cb9fcd45cc4fcd62
c899cd37ccd5cc2f
c948cde5cc43cd75
ccd9cc32cd67cc39
cc8fcd5bcd90cd55
b88847df3bc44553
c52d3d8ac1543fb1
4ef750684e954f37
4c944e444d694ec7
4615485a483146a3
49034aea486c490e
c9abcb70c913c9e1
c90cc3a7c7e6c87c
46ff46823ab6463a
c862bf5dc356363c
46b944df44004640
45dd432c42484396
c692caf1c24ac871
48303ed34357c11d
490946ba4a0c4872
4a7d48fb4aff49d4
4b864adc4c3f4b0b
4b4f49304b914bdb
c9cecac9c858ca3b
c7a2c913c82ec879
cd29cb7fcc4ecc1a
cc81cb08cc15cc3e
c5453fbec0f1baef
38acb067bf00c100
49be4325458445cf
499b45604613450b
4b2e36dc44844540
40dd3c9c44f540b0
469645b945ec4576
40363f62465f445e
b57a483444274437
466d424e4434452b
c97ac149c92ec711
cb78c953cac9c86d
cd5ecbc2cd1accf0
cf05cceace00cc9c
c5c0368bba43bf69
4227b8cc3bddab82
4b424e2d4c2f4d6c
4cdd4b184c554bab
44dc41c8415a42b6
b792459239d8413f
c28ecc14c09bc8e3
c07f4303b920bba1
bc87c812bce4c4d0
415838ad3bbc382b
c555c8d3c909c821
bf8ac620c874c852
47bb45d544a34858
441f46f045584209
4c4c4abd4a154bab
3e6147504966482f
c93ccb37c9f2ca0b
cb20cb67caafcade
cda1c84fc9a7ca22
c9d0c89cca61c930
4a2a4d2b4c194b37
4bf94c124b9e4c69
4e5549c74c964bbe
4ef14c4e4d304cc4
2f05bf23285a30ba
46293a823f4daa7f
c9c3c4a3ca07c896
cd96cbc4cc3acacc
cccecd4cccd3cce2
cf12ce38cd8dcd0d
c8e1c77ec199c4ad
3957c4b139b7c0c9
4da64e1b4db04d7d
4f674de24ea04e04
4d104cbf4c164ba5
4cf74c504c904c99
c0973f3cc201b813
c4d1c43ec494c1b3
c997c914cac6c9ba
ca69cb07cb44cbad
ccefccddccabcd50
cc88c965cc5ccc43
cb35c738c8a2c85a
cc46b021c964c590
4b58493e495c4b6c
485d472b490148a9
4e0d4a634cdf4ce7
4e424ad94d4f4c1d
4604464a4a31484a
4a1a4c534a234a9a
c923c9f1c83ec8fa
c85cc752c8bfc8cd
ca6bccd1cc9bcc69
ca29ce1fcc39cd91
c5fac43dc6fac71c
c0f1c841c49ac7f8
c758bc3dc530c496
c5a4c6b4c4cdc4d5
bec53ea0bd2aaa63
c54cc0d2c22eb903
4c1b4b144abd4a4e
486e4c2949d34b8a
46cc427846c042d5
475f4754468b47c7
c57838103fb2410c
c03c3c2cbc6243bd
49ee4be44a6a4c2d
46154bae48824bf1
472a3491bdf6bca5
bfccae31c16ebd05
cba7cb4fcc1dcc65
ccc5cc68cc84cc64
c4ff40013df13c13
406241fe42c640c6
431544ea482345da
4ca1499e4bb64815
c5e1c935c5e5c821
43bec7052b6ac842
44d4c1a0bc314019
4562c5973da8c46a
4c1f4bc248964c66
4823448647ec4644
450c4a5c3d8d480a
c8f4c172c248385d
ca99c81ec89eca72
cc2cc86aca15c65b
cb12c8d8c5abcadc
c86cbbb1c81ebdc3
489548e049df48a7
484749ee48cf4986
4af63a514a08495b
4cc249e84bf7486d
cce0cebfcc60cd86
c6d0c9adca60cbfb
cee4ce83cec3cfc6
cdb2ce0fceb7ce29
be57c540c4e4c4ac
c434c81fc561c5ea
3b6935ce38dd40e7
c23dbb53392e33c5
46764a5d45464827
2686454c4418461e
4f6150cf4ece502f
4e6c4e914e704edd
4d0a4ed44d3e4e60
4cde4e334cbc4dd9
cac3cc55cb28cb65
cc6bc887cbfdca0a
c939cc81ca48c97b
cad9cc23ca98cc07
4b354c114b004cbc
49bd42ba49f74813
b69542f53f79b695
bae2c07c3f232862
c90ac9cfc82aca80
c46ac173c6adc66b
458c3fde42e14148
4a894762461e455b
c24bc434c0a8c5b8
410dc12a4160b973
c7e1c593c14ac6b2
c8f134babf9db430
442c3ec245ea436a
34204990433e46fb
c8aaccb4cadecbe1
c860cb49ca57cbbe
c9b3ca52cb3dcac1
c87bccd1cb11cc0f
481b4cdd49bb4ac7
4b80498f49154a05
ba4e43753c203c4e
44cfb2ec42743823
c50cc6fac709c1f4
ca8eca6ac713c8bc
4b374e484b904db7
415f4a3048494bd2
4a534c7d4a4f4b00
495f4b8d48e54b50
39c3cc12c470c867
3b8e2a7aba82c4ac
c4b7cb86c6edc8ae
c624c4aac5e2c6ae
c7bf4074c2eabfc6
c7bac80bc661c1d5
c10940c1bc2e3cb1
c08cc514be64c0b5
baadc8c4c494c677
466d3fe8bd22c507
3ed4c54e3dc0c164
48a048e7420d42e5
3f7a402648674504
c46f498947a5492b
c71ec00bc034c424
c88bc391ba27c26d
be1dc072c6adc4cc
448fc992c1edc8c7
3ec33c32bf963c63
bedcc65fc228c274
ca324917c41cbb38
cab2c483c95dbf5f
455e4c0146354700
48d94787457947f2
4f6d45114c454b21
4e234b824d7d4bf6
446cca00b2a1c170
bac6c07d3ca1bceb
ca46c89fc8d9c86c
c9fec840c990c89e
c63a9d41c751c2a8
c9bcc558c921c543
cc90ca17cc2fcb3f
cc5ccc2bcc24cbf2
2ecd45b3483b4822
4ba647d64ab74617
50d150c051275116
519d5170513e5108
493b485a48914796
45f44b0545344a43
ce28ce74cdbcce55
cf07cd3cce3dcd2e
cb08cc9dcc3ccc23
cc5fccbdcc55ccb2
c644ca32cab6c8f0
ca2bcc3cca8dcbff
c114c41ec4aac1e3
c8c6c8b8c3a5c678
49c04d904c054b0e
4a134b7a4b454c12
455d4a1149234595
4c2e49eb49634942
ca1dcd4bca87cbd4
c649cbdec8fdcbd3
c510c9d9c844c6c0
ca58c901c8acc8ca
4439490b4640475f
4073491445b94888
c44ec14dc281c43c
3fbbc0d0b62fc14c
409dc546bfc1c1a3
44aac5a22c8fc473
4ebc4fdf4f254f55
4ef24eec4edf4f31
4c424f624db54e15
4c414f0c4d364e88
cb53cc52cb92cbcf
ccc4c5e8cc0fc98f
ca02ce08ccaccc93
cc1acc01ccbfcc11
4510c05eb5fd3f5d
440fc6d63cacbf2d
3a81442541974433
38ccac2442933c94
c9053d53c45dc3a2
c6f2c121c663c406
c28c3b52ba05bf59
4072b6cdbc74b824
43e0384b3f214009
3ffb41e23cc33ecf
c9e6cb00ca4bc9ef
cba4ca59cb5ccacb
cda0ce30ccf8cd66
cd7cce9ccd13cdbd
bc11bcf2b0ccbe42
c1d9c37a304bc175
4c054e574c484cb0
4ad54d4a4b5a4c6c
4a9d4e0b4a644c64
48c04b0248904b30
4a71480e46d54816
48bd436a4863461c
4b82c30649cf44f8
4d6046ca4cfb47c3
4471c8d847043447
4afa43ca4b3b44b7
cbe0cbb3cb95cbb3
c9c4cb0aca03cacb
c5c3c00fc6f4c571
c1f3c03cc623c3c5
496f49f749f94a51
48984d3749044c33
c7e83c82c70ac44b
ca54beafca16c105
ccadcaaecc5ecc90
cc5dcd59cd4fcc9e
431bb85545cf41ba
b366422a416c4087
4b0a4dff4c2e4d37
43424cfa49784c5e
c61c45d4c229a973
bc26c09fc2bdb9f3
cc7ccdeaccc9cd09
ca22cd2fcc08cccc
c704ca33c916c7a2
caa6ca9bc9fcca17
4ac54a6149994a7d
498846b4495a47d7
4b4d48044a2a4810
4aef49b54bdc4942
c6cac90dc614c83b
c4abc43dc2ccc4c8
c905c9f2c99ac830
c530c975c894c946
332dc888c531c521
bc32c46fbde2c6a7
3e783e7c3f123f17
3b87423642233e2e
45364c7949c94ad3
48aa49ac484b4a84
49a84cb54b924a3d
4ad44b2b4a804ba8
492144f748154345
48d5468d4875474c
41b4c882c10bc39b
4143c4332ca5c184
c95cc988c96fc908
c8f9c9ebc93cc9b3
c5b8461cbbe939fb
c8203a11c504b7e1
4c0b4e7a4cf24d78
48514dff4ad94dda
427148cf483e4861
4378499d455549fd
cd22cc92cca3cc9c
cbeecc45cc11cc97
cb9ace59cdf0cd5a
ccedcde0ccd7ce57
c430cbbec95bc85a
c205cb38c79bca77
476146e4491b48bc
4b9344f9494b46ba
4b6a49634b1649e5
4b8449714b2d4923
c55fcb37c854ca46
c42ec72bc586c88e
ccdacd8fcc73cd9f
cb29c976cb74cae1
c563befbc233c567
c6214049c4323a9e
4268497d4513471b
bea443e13dd145fc
499f4dbb49d84cd8
416c47f945ea49d0
4c264eda4b8f4dbb
45094a5448124baa
4810498148d748c5
44f7478c480a482c
c42aca9dbcbac73d
460ec0c04580c3d3
c67acbbcc789c8c2
3b2ec8cdc07cc924
49684a3246fa4891
4815455f461746e9
4bf44c444b0a4a72
4bbc4cb94a804c7a
c888c9abc813c8c6
c556bfc2c79bc4f9
cd60cdcacd1bcd08
cc87ccd5ccb7cd10
c549c880c592c777
c06fc630c1c7c601
440c406143593ff9
47754236463341db
c492b999c047b96e
bd5dc496c078c3d5
bf08bc94bac932ca
c3b3c1f1c1e7c1b6
4415bf483de9b464
c4893d26313aa69d
b9de3db0b69b3966
c6f433d8c24f3204
c436484cbdae4250
c4b8bca2c6533668
c03133ecc0a2bbb6
bfdec3b8c38cbef5
b751c86ac0f5c355
bc1ac51038fec1b9
c50fb972c27bc259
c405c226bc69c107
46d24ab147f94776
48ad49c44848491e
4dc84a4a4c564bf9
4dab4cd44cb34c5f
49d3a14d47b045c4
47f147fe489d4591
c923c8d9c588c83c
c755c24bc4d9c544
cb14c71ac918c946
c86ec83fca1fc863
c713c220c840c860
c5d0c86ec8f4c85a
3f0d3059ba583ace
2949bce432b2bf15
4b4a4b7e499f4cbc
46a0470048ee48cb
47c7487d4860482f
487b42c2485e47db
cb17cba6c86ecb71
c810c8bfc867c83e
ccd5cd76cccfcc9a
cda1cd54cd50cd1b
baebb95131e7bc42
44a0c0c84364bd68
4b004d674d214c49
4ddc4e584e124d9b
48344c3c48b74acd
3e194c7045394ab9
3565c4aac71bc23b
c899c652c98ac640
c219c5d6bb6ec286
b70d408fbc033f57
cb2dc8e0ca7aca31
ca77c82dcb2fc93c
c7d8c5e2c73bc6a5
ca29c87cc76bc869
c8a1c67fc460c5d8
c466c8bcc15dc661
c8eaca14c8dfc8a0
ab6ec805c7efc906
4aaa482647bd4a51
488148d8470f4709
4f0550004dfe4f67
4c9a4d6b4d924dbd
43c0417538d34023
43deb9c64064b647
cb79cc3acc0acaf3
cac3cd48cb95ccbb
49614d684b944c04
494c4a2b4a734b44
4c1a4dae4ddb4b26
4db14fe54dd84f18
caa5cda4c8eeccc4
c84dc027c826c56e
cce5ccffccf6cc7a
ce5dccd0cda9ccf2
c987c324cadac841
cc68cc1fcc1ecb9b
c49fc7e2c800c56a
c63eca48c76ec8f7
469d442047b34896
46784721457f469a
4830460648df486a
48bf495b487e484e
44ecbeb3b0c63d48
474ac28a447dc06d
4165465aba14405d
4414c1353f64bcea
ba1841c53c68bfda
c220b89a3cf739a6
46f3c090465e410a
457e44d946ff45f7
403a423345d34585
488e4a22442f4912
c5ca4824433540e7
3d5449c33c63488c
44a1416b45834111
41f741ee46e34406
c4eecc24c960c90b
c79fcc41c837cb92
cdf1cd60cea6cdb7
ce38ce57cef4ce7a
c859bec2c916c8a1
c9ffc664ca3dc80f
4c934d9e4c6d4ccc
4b544b3e4bfc4be8
4eff4ee74ef35001
4d324d614ea14e5b
4c2344a64ac04a99
47114bc44aa24b2b
c667c53bc52fc86d
c5d53876c5c2c25e
cc7ebf97c980cad7
c395c8edc7ddc923
cb7dcc85cb73cc17
bcbbcbe1c80ecbdb
caa6cf68ccbcccb6
c82bccf2cb85cd0e
41df313e3f6d4164
3de13fad3d6d3c41
4b5c4db64c134c90
49044acd4b244b42
c2d0c003c3f1bcc6
c727c77ac5aec567
cbf7cc4dcb70cab9
cd0ac8e0ccacc9bf
c2abc579bfa1c45e
c6be45fbc3364103
4a994698495247c2
4b3349a84a2849bb
4d104f034d8a4e1e
4cfb4c8c4ca74d59
4b4a50504da14e32
49ef4c394c414d55
c5dbc1afc35bc7bb
c2e2c6d5c2f3c45f
cae5ce7bccabcdd8
c9f6cbe1cbd6ccc1
4443b69dc17126da
c108c16bbfa2c4d5
416b414ab531422d
391fc4972807c100
cca9cd51c974cb07
c699c905c74fc930
c5a2c895b8f3c2c6
42cb34754472ba9c
4aeb41c3453345f2
49044213478d436b
c536c80cc95cc7a0
c95fc836ca5bc867
cab7411bc90cc534
cbf5c71bcb17c6bc
48594899470d475d
443444fa466d4645
49eabff346de4421
4856483e48bb451e
c4403a4ec0d9b0cd
bfbb445ec19ab6ac
bef34b81443147a1
b65245fd3ad847f3
42e4499a49574621
476f4a3249984b34
c48dc850bf68c784
42e943253d13bde9
ad91c139c10bbd41
37a2c6a4c387c71f
4bb94af84b534b9d
48664067496d4883
4a6c47334a27494d
4989483848ff490f
c8fac8d5c942c8e1
c657c6cdc971c8b8
ca82ca2aca4aca11
c9eccae2c902ca6b
c171c8d0c472c576
c5a3c9a6bd4cc6eb
bc42c598c638c603
c575c791c682c5a3
3e564657b645410e
bb044549c1694334
c993c5d7c7cbc310
c95fc501c778c5df
cbb3cb2dcbf9ca94
cc3aca2ccb0ecb2b
4af84a32497048fe
4a594c8549484ada
4d074bc14d444c3a
4e674d354d604d41
b746c6623574c324
4585c71a43d4c22e
c8cfc8c4c8b2c9aa
c782cb33c681ca62
c806419fc475c316
c6b7c56bc601c5b1
44ca4b9a4a714a15
42d34c7248234b5a
4c524c2c4d294c47
4abc4eee4c684dd3
486ac23bb557bcd7
45ba3ff5afe1bcb9
c918ccfdcc85caf2
c9b5cd4bcc59cd6d
cb51c475c95dc26c
c9d3cc79ca01ca01
bb364c2142e2481a
38f72c3c3d1946e4
4a17490e4847480d
43dd4a5b47a34a1c
490cc42a462c4470
41eb4a26471346f4
4038c6afb0ccbdf5
46213c1f4391bebd
c458c7eac5b8c8cb
bc16c914bd51c6e2
cb91cb6dc972cbbe
cb93cad1c938c8c6
cd09caa4cae9caba
ca21ca5ecb89ca88
c8124130c4eac1ac
b9f5c841c69fc721
4838474748404498
463240b647554564
4bca46fb4bd449f4
4aa84b9f4c604a59
4b134d464c594cf3
4c2d4cf94cac4c1e
42334b5544b346c1
45a348ce42c94801
cb31cc0dcc81cbec
cc07ca10ccc3cb3f
cbe6cef1ce27cd36
cd2cce29cdc6ce26
4522c6b4c0d9bdad
3de5c450bcbfc27f
4efd4eee4e834eee
4ded4eb24df44e64
4c7c4e344be14d07
48d34c444a6d4bff
cd22cc79cc88cc62
cd89c9bcccd3cad1
ce82ce58cc77cd60
cc8dca0fcc9ecb0c
415d4347457541d4
44afad84446b41a0
4a8d4c104b564ad1
49c543894a6e4916
481249a94a294942
49a33af44a724745
40673d5c43063099
4709b98d48203627
c13dc3cdc369c75b
b8764396bc14b03a
c5a2c4c8c580c6b7
c6c53aa5c6fcbcbc
c95acc47ca64ca84
c8d3ca60c983ca87
c195cad7c683c6bd
ba0ec406c07ec6e7
482149e14820496c
480649d8486748d8
c1a74445c0ceac2d
c4bfbfe4c3a7be64
c8aacc97c990ca9d
c9eec905c9fcc9ac
bfb0be4eb43c3ce1
bf05bdfdc315b997
2bf44dd441af4b01
b76cbd28c34441a6
48154c5e44da4a70
42f2415340064494
4a5045f249584695
4b554a2a4b774995
38c1be893d7cc0f5
47a23fb246173aaf
bff9c7b7c463c0e8
c4b5c8b0c3a0c886
45cbc79044133a37
bc2a45f042bd400e
45b6c05f46a0b795
41ce4bc2467848ec
4458451344fd4314
3ed045884496465b
c55bc508c501c5c8
c337c790c4d6c45a
c8edc82bc8f5ca8a
c583c9bcc8b2c819
33c248c340da4331
3956c3403de83d9f
bf65459443f04481
3f3f4439418044c4
c9accc31c922cad0
c44fc3b7c856c6e0
c87cc9ecc951c8ea
c893c898c825c96a
c50d36e6c37aaaef
c7adc340c456c5d6
c40e3722c4f6389d
c029c9f8c6adc804
4a4c4ba248fc4b8b
49cab81c48c6471e
4cac4c164ce14c45
4ae54e254caf4d3c
403644644360402d
c04c4b8bb6584625
c4fdc2b6c718c5ea
c7d7c47dc8a2c6d9
3f7ec902bf9bc4c9
4018bdff3f6cbeed
43cac3aa3b7c30dd
4832b93a450b30e3
c8f8c97bca3ac83d
c903cd07c922cb9b
c573c8edc605c687
ca6ac700c468c4f7
4c7b4b9b4cb34b16
4ca64de74ce74d76
49994d5c4ac54a8b
4cfe49a649b64aab
c7884899bcf79ce6
c0b4c19ec4cebd54
c765c41fbec9c326
c078402eb9efbcfd
c84ecd1dc86ecab5
bcd8c70fc395c8be
be73caefc639c797
c5bac713c564c713
48cb4b2b489c4a00
b94f480e44834860
c7c548b0c19b39ed
c961c416c842c101
cb58c957cc37c9d6
cd22caf7cd59cbae
4347c8cec4ecc0c0
c7663884c599c29c
4232241741f52f06
4136bcd5456d4208
3d19478843d1416f
47cac3f7462d41c3
457cbb62b4ef4068
44e13a2c3efdbe6b
bc5bc5bbb176c25b
43a0453741ff2912
b1f2286647e23ea4
48dc497f48d84834
45f23fe3410a461c
435eae773f18aa65
468248d73ccd471c
4623c25a40c1bb9b
46bb49504943483c
4b6146904b0a48ad
400fc3134487b25f
42363ddd46674155
c9ffc9c5c99bcb5d
ca65c8b3ca4bc8e7
c82b3e4ac24ec320
c82fb92ec76c3ad5
47d04c1b4a554b88
402d4b37483e4b90
3cda3a08ba9c2bb2
c09a3f4cc046b64a
cbb5cdfecd6bcd3e
cc46cd1fcd66cd65
cad4cbe3cc80ca7f
cc62cc98cc7dcc5d
47544b2c456a494d
4508456944ee465a
4c8e4d7a4d064c9d
4bd14e314c954d9c
481fb56648ea4481
477a4cbe48c04a02
43bcc65c3d03bdc8
48933b70433ebc29
c11cc300c1c6c4a4
433cca74bc5dc79e
ca92c7c2c801c8a7
c799c9d4c73fc8fa
c773b902c4adbfa0
c40bc502c2f7c5bc
404141613d3f388b
3d02bea24359b125
4493c36941dfbc04
3db83892451b3eb3
458b424d38764620
c560c13cc03fb88e
44ab496042e84842
c3b44130ba774510
c336c0ba3794c2ae
447a45073aec4449
c9d5cb36ca1cca69
c2c7c8b1c903c950
c7fac745c8e9c82d
c7aec939c8a8c960
460743aa44c44426
43994533441e4296
4a1a4abb49ff4ba5
487f4a7848f64a23
c20544844458435b
bfae4697421a472d
bc23c0733862c03d
b02f3e883e6f3d1a
4a1c4c29471649c2
49cf4815470a46ce
3e4e455141fc3afa
46964746444144a7
b921cc42becfc8a6
3ca3c2453feec160
c576c922c7a5c823
c860ca51c7a7c8fa
cbefbe21c8d9c8a8
ca7fc9cbc9e9c8cb
c360c6eabdc7c1e6
bc89bffebe59becf
449cc809bbc73bb5
c4353727c321bfb3
457b4c5e470a4982
c16548013d524803
44ae4acc458b46ce
481242c946c14581
c347cc3fc964c9b8
3487c90cc4c2caa7
c227c613c3acc052
c4dba8a8c3fac29a
3d3641dc3e5044ee
3a5431783d164387
42fe415e4137430a
4705378745fd4121
48a74bf14a7c495e
49784a784a9f4a16
420b4975456e4574
b287b9ec3d0f42d8
c6cbc174c344c4a6
c8e5c76ec67bc51b
4037c5ea4390c1c9
447f489346934509
bf2acb95c791c9d2
4434c2a9c1eac597
cb36cbd5cc43cc56
c783cbc9cb70cbbd
c4fdc114bd2bc16a
be8ab81cc0a8ba54
2b79c0fe3a4440b6
c1ddc177bfe7b841
47a74c4647a64c49
bc4c44b9421d47ed
4c2e4f824be44e1e
46fa4d9e49854d01
c987ca67c9e0caf0
c953bf37c95dc849
cb7bccd1c98ecbf3
c9d7c931c709caf3
4e024c0e4cab4ce1
4c5c48ba4d0b49b1
49ae428340a642db
48b0c46d41f9bba9
ce20cc35cc35ccf9
ca8ccb9fcc26cada
c7233c503f99bc95
bbaa44363131433a
47c0b06943443fe1
48bb40c945853c9a
c44dcae7c89bc980
b351ca10c477c982
4764485a480246f7
43d1465947b548a4
4b724bb24c334b9e
495b4c6b4bb54ca1
c5e4c7e0c40ec458
c64fbd5ec491be43
c84a45d4c4f7363e
cb7dc0d6c9bcb813
43ce4d43463c493a
343e48603e46486b
4077c70bc240c37a
4649bf984069c554
c13ccbf3c88ec748
ba68ca82c51bca4e
c4ebc48dc492c2f3
c581c9cdc5c9c6ce
3d1444c1456c4395
40b64486452f4341
44454989494d48ad
49104c0c4975494d
ca0ec8f6c90aca57
c894c653c988c870
c9d2cc65cc81cc85
cd19cc18cd07cc6a
486ac20bbfa93875
3106c2cfb12cc2b0
47c4c4813855b635
48f1bc654651b87d
c5afb96f3d9fba7a
43e2447d432b4251
42054bb74a294b12
48624a6248fc4aca
4b6a4801493649dd
49984727487148eb
447fbc8342b340d3
3bb93e8e404b42de
41fa4c7c4a9a4a7c
431a4a9d489f4b19
43b6492348554463
4339493a45dd48fd
cafbcd47cae8ccec
cb95cac7ca83caa8
c7d8c74fc846c543
c92fcb0cc7edc972
46f54977ad344862
44b0c4dd31c6c24d
cae9c7a8cc24cad0
ca6ccaa1cc1acbc0
cb38c778c8cfca80
ca40c351c8dbc51a
4cb24ab34c614ba6
4d1f4cbd4ce94ccd
488036d841234365
4c133c7847743a15
cd95ce5acdc7cdde
cc1bcd56cd0bcdc3
c94fc9cfc641c7bb
cc9fbe9bc87dc47b
4c1648f14b064b2b
48754aed4a904a3f
4bc6478648f0498d
4ce646bd49fa4669
48764a00499a4aa3
48df486a487f48a5
49694a52493e4a44
3f7344c3477b4774
b4fec55dc4d8c660
c101c5d6c45bc617
c939c863c555c990
c30c4296c4d33123
c0864646443a3f24
c3b446004013482c
c84e3abfc746be73
c9b1cb2ac90fc8cc
cc37c45cc854c503
c8cfc7dec8f6c7da
475449c14a9947d3
498a4c454ae74c24
4c2e4607487844fe
4acc466e490b47da
c103ca75c9e9c8b8
c2a4caf8c8d9caea
c9a5cc97cc53cbd8
cab7cccbcaf3cd09
cc50caa0cc85cc54
cd63cce7ccbdccfe
cb5fc02ac807c726
c871c64dc909c61f
4b984a1d4ca94ce6
4d984ca14d504c62
4e764aa64db84e17
4d654eae4e444da4
32e0c08dbc6cc1e2
b57448a12012448c
c438c07fc3b0c776
3f33c1b5c01dc087
4cc04cdb4c7c4c98
4cba494c4c524b17
49f74bd74a194af4
45d7488e47a9499d
491f497148cb48c7
486d478f486e489b
486c48f0455248a5
c21cb9fe385e403c
c71ec806c5fbc6d6
c7b8ca0bc733c853
ceb9ccb5c8d7ccf6
be6cbcacc3b1c64f
ccffcc4bcac5cc3a
ca66c280c9fbca50
4972469cadbb463d
c6d6b67fc56ec08a
4fec50884f264fde
4e514f004e394f54
4c8d4d5e4cc34c97
4d6d4c2b4c884d06
c8fecc1fc97eca09
c850cb26c97ac92d
ca4ec80dc446c5a2
c8f9bdaac415c15e
c3c749753fd6433e
c27841653fd7421a
c671cba3cc55cb80
c6dbcd77cac4ccf0
44a6cc3dc5f6c65f
4716c841349ec964
4d814cda4d3b4cfd
4c8c4cb84d504cd7
bcc24158be48c14d
c81aba16c4e43b1e
ce1fcf41ce56ce95
cdd1cd05ce39ce03
c81bc899c6f0c56c
c725c55ac738c80d
346447a2483d4845
b2d548b1464048b6
c161465347114636
bcdf484e45dc48c1
4883484c43c6469f
44663a0f402c42e3
4c3a4a7248794989
4b97496847104905
4a5c4c454c604bcf
4efa4dcd4d344d2e
bb17b774be303b4d
473cc5df4228c3b6
cc30cb7dcd98cc2a
cf18ceadce77ce4f
c3ca45bb38a6c30e
c64b3e7bc0d03f53
4cc54bda4d564b3f
4d754c974e484d01
b6dac9a8be5dc081
c7331fec3572c026
cdd9cdc7ccd6cd4e
cd10c9faccfdcbe9
cbdfcc4dcc45ccee
c694ccfacc08cc7c
c617c816c849c694
c876cb80c91ac9d8
4a464a4249af4abb
43664917482048fa
4d5849e74a5e49b2
4c62496f4b7249b4
bdbcbdbdbfeac0a5
3fe0be761b213068
c94938aabcb63d9e
c5fabfa0c20e3372
40bc444745994743
4384446544454428
4a264c2b4bd74c0a
4b874ddc4b434c94
462748e8487348a9
46f64b5f486b4948
c807cac9cb3cca7b
cb58cc80caaacc6b
ca44c8c0cbdacb14
cc39cc03cc25cbbe
c2e1c02fc1dbc452
c3673aa3c291b092
4b27465e48e5488e
4aab46db4a6b4825
49f7491c4904492a
4ac846234a0f4877
c681c8d3c5ebc6ca
c54cc3abc766c43d
ccaecf5fcd79cdd8
cdadcc63ce16cd42
cb9fcacacb22cb6a
cc0cca30cb8ecad8
493b4ee94dae4d2b
4dc54d574e484dd2
4dda505550104f69
508e4f4f50604fce
3f0844bebe0942a2
3cbbc614c1f9c366
cd36ce80cf14ce03
cf60cff3cf9fcf5e
be15cc1cc811ca4d
c907ca3bc723c8ce
4f544e2a4eb44e45
4e514ebf4ed24e9b
4219497444fa47d5
3c5248e541154608
cdd6ccd6ccfccd12
cdf0cd01cd51cced
c9bfcbdec859c9c2
c4dac69cc54ac799
bb81c62bbe3dbdf0
40c2429f3fecb78e
c61ec91cc978c790
ca06c996c9dac9d8
a973c3ebc38eb845
bc92c026c5fac29f
4cb84e5c4d8b4d9a
4d264e234d2f4dee
4a974e314cac4c1d
4b5d4acd4c9c4c8a
c3bfc233c017c455
3f85c401bfb0c0ba
ca42cb98c98ccb12
c8fbc606c9a0c88e
3d1445a941d641d3
365543d140d1439f
4cce4da54cf64e14
4c3e4cee4c774ce1
44264322429944fe
c13f41fa40bf41a0
c563c615c96dc9fa
c8eecc3dc848cab3
c47ec9efc955ca53
c5a3cb80c83bcabd
cbeacda9cbb3cc73
cc16caa1cb7ccbc4
ca6aca5bca02c936
c950c991ca77ca08
3b80c018bf223c82
40d7bebfc01bbf33
481144a549904817
4a764c104b754b03
4a524a464c764a1a
4d824cbf4d744ca8
49274a2c487e49e2
497841cb45fc4656
c213412cc634428f
ca56c710cab6c5c4
cad0c559ca1ac953
cc39c7f9cb99c885
ca60c174c761c993
c7a3c9cbc52ac723
31e341a33a033fa0
3dcdc4ac441ebc19
444dc915c286c46c
405c3c023b8ac3c2
3febc8d2321fc4d0
4645438743df36fc
46cc4c354c674c49
49054d474bab4d20
b986482443df450f
c91d4995c13a46f3
c866cc60cc75cce5
cb91ccafcccbcd36
4481c5b1b83dc329
48b4c5f43fdcc535
4ae54c6b4c714c36
4c074cc14bcb4c73
4a414d054b334c62
48e94b7849474bdc
484044cf465348dd
42fd3270467044c3
c499c804c698c408
c976c9c9c65fc82f
c269bcfdc491be87
2c71c30dc51ec2d2
c6f8c2f1bef3c3ff
4546412c3ec13fcd
c9bec712c5d3c8d3
c5b1c27ab7e1c280
3f2ebc8bc686c170
c16ec89ec435c844
c8bdc813cbaec990
ca05cc97cc31cc67
c940c67ac568c7a8
c713c401c657c318
4943c2dc46d340e6
491b4833496c4814
c5e0cb8cc970ca9d
c911ca72c806ca02
ce44cc04cc8bcc99
cd9dcc97cd39cc6f
c98cc865c66ac671
bf1db161c741c611
48e0490948f148fc
4a3649b748d5479a
50a452585111513e
4f68508b504050fd
50a0512c5057507b
4e3b504d4f4a5061
c810ccefcabecb08
cbdaca75caf8cbd3
cefbcf47cd0dcdb8
cd4bcd62cd86cd36
38b943f147c34345
493344d7478e4793
4d7a4acc4b6f4b5d
4c5749124cc849ef
47614581465e491c
41ba47f247c34865
c676431ebe393eb4
c55b463dc449455f
c193c459c998c854
c821c820c95ac8d4
c80ccb31cbd8cb29
c693cc3fc917cc30
ca4cc818c702c81e
bc21c5f3bdeec612
c1a4c505c49bc4cf
ba68c0e2bf4cc2f8
c847cbcacc81cbbc
ca80cce1cc3ccc97
ccddcc17ccc4cc8d
ccc3cd9fcd0ecd0a
48b749c948e848c4
46364791465247e1
4d664e214db24daa
4ecc4d624dd04d2d
ccddca4bc819c9f8
c4ffc5e0c638c84f
cd87ce43cb83cd52
cee0c84cccdbcbc2
49ae47584ac74969
2e3b4b9847724988
4d4a4d754dba4e60
4d914b4e4d234cbc
4d604b264b954bd3
4db345724c3f4a33
4b1d463c491e462c
4884483f49974a82
c19545e544bc455e
ca2f47f5a5974989
b7214cb64161490e
c0f5457e342e46ee
4ad04d4446c349bd
4d6b494d499e4881
37b5c833c5fbc71e
3ef4c434bf87c5d6
ccfbcf31ce56ce94
cd81cf2ccde2cec5
cf23d00fcfdecfe8
cd72d01dcf1cd01a
ce93d000cd3acddb
cd0ecb3ccc58cd76
4aa8471f4b3b4aa7
491d4df04b3d4b73
509350c14f7a5024
502250514ec04fcf
c32f45c5c26f3015
c4f4c825c4e4c533
d04bcfadcf0ecf5c
d018d0c6cec4d009
ca28ccb0c965cabd
c985cab0c9c4c98f
483947de497748c7
476f4b6048474b13
4cdd4eb54e6e4deb
4d634dcd4e2a4eac
50bc5103510a50e1
50f7505050e350c1
4b164c604b724c08
4b514c134b164aac
cf4ece77cf13cf16
cf74cdf0cf36cec6
cdefcf53ceb9cee4
cf67ce89ceefce4a
413fc091c3ddbd48
bea9c6dbc248c41f
499f4a1c481148bf
4c35465a4930484d
4a8c490b49db4905
4bc54aaa4ad64a2c
429dc50ac26ac1a7
c4b5c095c0b9c535
ccdbcc91cd91cce2
cdebcdb4cd92cdd7
ce5ccb5bcc26cc04
ccfecb0fcbc1cba8
c72dc6a5c23fc526
bc6fba88b5cbc2c2
4a8c4524465f4603
4bed4630483545e5
4d374d514cf24d44
4d834e584c7d4e09
4823480b4a11493c
44da4c4647d44ba9
c7dac92ac22fc60d
cab9c935c7bec688
49a54dfa4cd54d3b
47bb49a84a454c53
4d0b50224e4c4e83
4d1e4e724d774eb1
cb0ccbf7ca80cc4e
c493cad2c7dbcaae
cc39ce00cd7ecd64
c80ccec7cb98ce05
bc71ca06cae1c865
c538cacdc872cb64
ccf9cea9cdf8cdb3
ce57cc74cd39ce1e
c9f5c569c473c302
c9f5b91ac6a3c4b1
4ed94ede4de34e71
4da04d324d534dbe
4a8f45ae44d1408f
487838b646654189
ccb8cae9c969cc23
c953c843c953c92b
c843bab0c236c392
c5b0334fc53d3117
447c3addc20a11ab
c540c2eac1eabe47
498743634948487c
49a14b594a784a18
4cc84c6e4e0e4d51
4ea94f5d4dda4ea3
475e495047694879
489c427d446c4626
c83bc4f9c816c4b1
c802cac3c885c8f2
cbc1c9cfcb6fca2e
ccddcacecc6fcaf3
cd51c8d0ccefcc49
ce98cbd6ce6bcc52
407b4aa946314907
3ec7458b4511462b
4f904e464fce5006
4fdb4e34507d4ee7
49d0b2e248d24467
4baa45354b724714
cc48ce2bcc8dce05
cba5cd0ecbb1cd0f
cc8dcce9cc59ccd5
ccb6ccd5cca5cce3
c77fc866c842c8ca
c424c627c852c719
4c68484d472c4830
4a804a7b48e9489b
4e8e4ccd4c6b4d18
4cf64d7d4cf84c66
c829c55fc0f2c603
42dbb8513c7cbd8c
cf18cc95ccc8cdbf
cafaccfdcc53cc9a
c9232fc1c5f1ac73
cc40c84cca30c648
4e3a4cc24d654ec3
46724d104b9b4daf
4b2c467749af4783
49bd4b0d497c4aac
cf56cccdce05cefb
cddecce5ce6bcd92
cd3cca63ccddcc47
ce18cd18cd79ccf8
447645724180474e
4483bd4340f73b23
4ade4c154bbc4c7a
4d334ade4c024b96
4e264dc04d944d65
4c894d144d714d88
4a4e484d49c147b4
486547974aa448a9
ca46cc4ac9c0ca10
bc47cb01c6bdcb09
4042c2cfc3dd324c
423dc02ec117c251
4e434f1a4dc84dd3
4ef24e7d4de44e6c
4a344c364c954bc8
4c6c4d0b4d184cac
cac8cc9bc972ca39
cef4c7d6c9f0c982
d070d0e7d047d090
d0c6cf40d073d032
cf77d06ad014d04a
cb5bcef3cf67d025
c90dcb7dcb9dcb0c
c6d3cb7eca1acb8a
4442463342c144cb
c1a4bde140b3451d
4aac4cfe4a934b88
46e0441d48eb49cc
41a14c7746524901
42173be94274442e
c5274162c3a0bc23
c811c42ac666c28a
4d5349fc4bb14afe
48c04c1c4a494bc2
50bb50055111507e
510751a350b95110
44a245d44b1448d8
4c494bf64ab94ac7
cc09ccb7cb01cc95
cb0fcc5fc9becbf7
c8f6cb5dcaa0cb9e
c9d8caefc935cac1
ce16ce91ce7dce04
cddecd71ce2dcdd2
cd8ecd0ecd67cca4
cccccc2dccc1cc9d
48ee49bf48dd4a1b
4c5d4b264b1449d1
4cc14d254c5f4cfa
4d104c9d4c964c95
479747c845004747
c098359c436142cb
4a30491246e249f1
3c1431e0460140f7
493a4b6c47d54a81
47bf437c452745b1
c859c765c705c8a5
b549c682c78dc67d
c830cb56c8b1cac0
c417c538c853c7f6
c84e3eeac47bc531
c799bd12c5bab843
c7a74087be56c490
c49ab740c0314017
3f77ca4e3ee2c561
384542d93f623b73
c2bac898be6cc139
c0c7c673c20bc617
c8ee3c60c61fbf73
c65fcaeec6d1c8d4
4737385444ce3f67
b10a45ed46da4306
4e9c4b484d254c7c
4b5b4e244cfd4d12
3e8b4875a471445f
3a833dafc24d3c82
ca81c5b1c9a4c8ac
c1ffca3cc889c9a8
c0f9c4c2c281c2cc
44b7c5c63ceec45c
caa9cb7bcb96caa7
cb84ca8ecb2aca36
c868c86fc419c604
c69c40a2c3482ea3
4c114b944cd74c4c
4af24d6e4c7a4cc4
478848ae4501484d
c282409437fe43a3
ca44c9e9ca39c91c
c972ca63caa4c9f0
38dec654c304c45e
46b0c4f9b13ec5b5
4d024af548ce490a
4b3646a949444725
474f4bbb491a49a1
476c4a15484d4a4e
c83045c4459d44b6
3dcb48ef460648eb
42ef37fe430938fa
44e442dd44ff441a
4748c476be612fe7
423ac6b5c12fc460
ca8dc711ca19c6f6
cc6aca45cc0cca0a
cbf3c6f2ca27cb5d
cd4dc930cb4fc936
c1afc814bf90c866
379dc6553a61c46e
c209402447434467
4b12442b49fd4467
471a4897489f48df
49ab48a8496e4851
4b2cc82ac208b949
c248c5d3c23ac65a
c3f1c97bc90bc631
c8b6c9c6c917caa5
c96043e7c30fbe62
c4b03527c5b2bdde
44fab503417c3a01
bfbb482a40dc4655
4221c0463faf39f0
bb30487743c64588
32ec4e35488549bc
496f4b7646e44ad3
48804ca4489648e0
48e84802457e494a
cb54cfb8cc71cdd8
cc3fcd66cc12cce6
cde2cf3ecd00cdee
cae1cd0dcc62cd29
4ade4bdc4aaa4c09
4c6949ba4a7b4a68
4f9c4da54ec24eec
4d794de94ebd4e47
46dd45e1487c4849
4068482a48414847
c98b3ee1c7d3c264
c790ca47c82dc8ce
c89cc900ca9bc86a
c7e5cd0ec9c5cc80
3f12c638c458c0a8
c6efc3dbc5cdc4a8
48dd4976469247ce
c0ac496940b04900
c14abdacb6e2c41c
3c6f3fae3ccd3d51
ccedce6acc45ce1f
c8d9cb81ca5dcbc7
cc83cc48cc3ecc7e
cc17cc16cc53cc5e
ae22c358ba64be9d
ba76bc89a9a5beba
c311c8e5c023c6d1
bf5f457dbe11387c
c83cb543c313c3f9
c52f3892c5c2beb4
c219425cc1eabd01
c15ec7f0c32fc4bd
4b6145ef491347c8
490046644aad47cc
492645b1483448ab
48644652491e4684
baf8481bb9c346e7
406ac57bc327bc0f
c8f4b894c721c396
c8fcc771c938c4fb
ccaccd94cc2accd9
cd75c863cc07cade
2f65c768c338c2ab
af583f8ebdb7c078
4d554cfe4b804ca1
4ce74b2a4b104b35
46e34406425641be
4255423b401840a8
cbf5cba4c7a0cb3b
c696c4b9c51bc5ec
c83bc0d440c7c327
42d5401643214408
423b413a34c83ec3
c187c5a4c1cfc0c8
c6d4c691c8bfc6a9
c9fdcb2bc96cca70
c0f43f583a493d66
3adeb4ec39a238d6
4375469b44ae4576
313b47993d5d46a7
c6d4c404c60fc625
cac0bed0c76cc4fa
49c148574850485c
47ef4806496c471f
50284d144df24e06
4f5b4dc44e804dc0
4234c85fbea9c36b
466228214158bb43
ccf9cc34cc4ecc47
c892cd2dca50ccab
c52f416fc42bc044
c489c889c4a0c696
bed7c0a8b8b7be84
c784b733c0acb869
3de24200465646f2
44724812459947c1
481d4c624a2c4b08
4a7e4c1a48834b93
c672bba1c3e7c685
c6e73d0dc6ce34bf
cca2cc8acc06cc5c
cba1cc1fcaf5cb4e
c1d4c6bcc530c3ab
2ec7c8d1c282c804
49b144da45ab463a
45443ab2411d3ebf
46dd48b445c04812
4188469c41464498
b4dc3ecabf1b35c8
374443c5b609b4c9
c69bcbddca06ca4f
ca06c9c5c8ccc9c4
c002c54cc2bfc0f7
ca14c09ac48ec145
48594af54b2b4ad2
494c4c154aee4bd5
3cdf4132468f3fa0
4b253ec148c84612
cc3dcc49cc49cca7
cabfccbacc48cc42
c72fc62ac88cc6df
c9bbc642c993c828
4c284c1b4bda4beb
4cab4b104c5d4b04
4be14bb14bd14a66
4c784b314c694aa7
45c3460d455c454d
c16b44f243c343e5
c7e4c86bc801c5f8
c92cc992c7d2c86f
cd45ce54cc83cd60
c7eecc00cb9acbe9
4061445c44da4561
47d7484942fc47d5
501b51784f8c50fe
4e484f174e574fa3
4912489a44694635
4449427b4452428f
cd7ed01dce25cf9c
cdbece6ecd5ccec3
cb03c9a6c8a0c91e
cb3ec991c93dc8e0
c66644293ed0bcb0
c4b646c4bf024605
ca6eca3bc88bcba2
c6f9c372c841c669
b7b4c61ec3afbe2a
3f2bc848c027c772
4b274a5f493e4c2a
4a0d486049944848
428244f6416343d1
45df4800465f4539
c1cec868c80dc75e
c2e3c861c4f7c7f5
41a3c595c1d9bedb
c98ac40fc58bc44b
bfc23aeb3799a894
c98f3fd6c2bd2df0
3d2847664678457c
497a402c4674452a
4991495849ee49c7
4cbb47164a034960
484c46ba44a34692
458b43b5416744f5
421842ceb8c135a5
b5f4b895bf0b37ad
b404b1bb3980c17b
c0c5458a355b41b2
c812c607beabc793
c0d94470311e3b5a
c82ec6bbc231c70d
b7afc5883b98c400
425542954406460c
42e0b07644a1392b
b1904367304444f4
3d70405dbe2a33d0
cadbc8a5cc0aca51
cb76ca48cc42ca91
c630c667c94ac748
c8c7ca7cc958c964
b93e35fd402e40a5
445bc124416dbbdc
c217375c41ccb426
c00142ae40f13e1a
4c1048a549954949
465d49a249864939
4e924bc44c644d1e
4cec4c104c7b4c5a
42de409f452f4465
43074781446b4711
cb0eca46c8efcb46
cac7c721c919c850
ca2ccbc3caafcbdb
c95aca60ca2cca91
c3ddc870c59ac600
be1cc81cc4d3c609
355fb536b865bdfc
40cbc181b99ebb66
c9e6c7cdc921c9b4
c6e5c6afc8ecc84c
ca62c705c7bbc815
c550c404c7b0c551
48024a6049144985
474f48454864494f
4afa4c0f49c14bf6
3d22480a49194878
47ac4ac9472d4aa8
3989472f45214551
4b774cd44a664bec
4c204af4496a4aa9
4c3d478147cc4887
4a6a4747485e472d
c2efc584c186c1ab
bea3c2eab63ac3fd
cb9ec4dac38cc704
c478c1dfc2adc1b2
cac0cc6ec989cbb6
c8ddc85ec930c8ba
cc31ceb4ccb3cdaf
cc14cc97cc01cc96
c75dc7e5c745c86f
c660c8e3c697c775
4829466644164494
48593e8f454a4254
48162efe3f3d3ca9
485b3e5845b83348
4a2847b2498b4a18
48b248c049a048aa
4a0c4bd74bbf4c57
47e74a5e4a3d4b6d
ca95c4d8c843c8cf
cc0cc692c9b1c70b
cabcc6a6c9e2c8c8
cc61c94acb9ec92f
494c4c264a254c04
49ef4a22487e4aa6
3eb9448345344203
46ee4a5540a447ad
c85cc9e3c8b3ca74
c90cc2f9c985c76a
3bc444233f923cee
b728bb87428e406c
423a40cf41ec4171
440d344f462a402b
4430c78ec0ffc022
4402c50d3c4ac5c5
c06ec224c27fbd83
4129c807b541c616
c96ec6ddc8f5c76c
c81ec99fc859c918
baa4c8a3c7aec682
c544c5d1c6aac779
4a454741488748a9
4911496f486a490f
48f34a424a7f4a50
49794c0649f64b97
3d42acf6422a363c
3f8643f444374269
b91b36313951b966
bde5c1613651bd5a
c7d0bfa5c521c321
c743c7bac70dc66b
cbadc829c9b6c978
c8c2ca38c983c9b2
ad99494842d643c5
427444c740ad460a
4c404cec4c054c3f
4a184cc04aae4c9e
4307c06d42983e24
c0943d7e3d8b3ee0
c9f8cbeec996caa7
cc62cc24cac3cae7
c367c9d2c81ec829
c475c855c75dc8d4
4751364342b741dc
48a4482245df4464
453745ca46354250
476a4a17481b4898
c899c721c775c880
373fc07fc35fc672
c8e3c13fc88ebcf8
c616c989c908c958
43f84a8844fe49d0
c31837af39a544f3
44baafc4443eb90a
3f4f47044566469b
4022c56cb7eec262
3dc0a8b73bafb2b7
3d4542a039cf4008
ae62c49db67dbd33
c6b8c4a5bf8fc57c
3e0cc140b8b8c02c
3e6ac2b54112b1e8
45c63cd1449f401f
4d9d499c4a144be9
49c644604a374832
49214877460848e9
455c425144e142da
c94bb877c2cac42a
c7e03e77c59cbf19
c49fbebdbfc7c4c3
c58f3dd9c127396f
c5efc843c63ec869
c4b5c25ac56ac4cf
c916c7b1c558c4eb
c577bb29c538c52e
c17e408cba6241b0
3896387ab655b51c
c5f4b9dec8cdc689
c604c891c910c775
c84ec4d4c840c82a
c898c819c907c779
46d84658491747b7
45a048ae48de48f6
4bef4b9e4bc44b19
49f44bb34b2d4b8f
bd12c168c416c2b6
c133c431c4fcc624
c8a5c975c972c89b
c85eca9cc935ca4a
45b14331453345aa
44ea3ed4464e455e
47d0c4bc45553d3a
479ebb5848444203
bef4cac3c4e1c829
bc17c9d9c03ac847
c1843ea9bcbe1c5b
b8ae40efbb7c37a7
454748f1465b4829
48034bf4480c492a
4aeb4a8849864a4d
4bca49d14a86495e
4584483545d145f1
47a53fcf448444f6
c9a2c630c721c83d
ca0fc3f4c959c490
cba7c8dfca37caa5
cd4ec687cc31c8c2
c504c4b1c3f5c62e
c5cab88ac5debe2a
4056bea442cd40be
447345e243cf44bd
ae1f497940034847
c5093622b5933ae3
c2584932c15c443d
c55ac815c524c4df
c5a3c9f5c5f9c7e7
b8f4c85ac366c80a
435a345b459b420d
44e5452346f5442e
4c0f488349044916
4964455849cb470b
46e3cb79c502c76c
44d1c8f2afafc8a7
c507c940c609c849
bc37c490c44dc6cd
c90abe26c447c564
c7acbc94c511bfdc
cb1fca3bc9cbca98
c9e4c852c8ccc899
bbeac13eb603c055
42f142793f033f3f
4c204d4d4c9a4cd4
4c954ce84b554d31
49cf4c3f4a644b8d
491c4a33481c4b41
c034b3fbbc58bcb8
bf1fbfec3dc9c00f
bc4bc0bfbba6bf50
bcf6c42a420cc31a
38e1c2cbc06dbe09
c1a2c571c287c13c
c4fa41c2c3b526d2
c6f4bfc4c885bdff
b7414a9240a64898
c4b14612c29e4274
45394823449e4685
34e3447c43514348
c024c6efc0adc783
34acc4523bcfc329
c72dcb88c7f9c99d
c6edc6b6c7c1c837
c240c825c44ec476
c88d3e18c7dfbe46
c635c5dbc204c5c9
c2f7babec099bb3f
bbebc54bbee5c41c
4766c8bb4489c580
4b0042c345f346e8
4beebf8049c73a42
46c4451544ac44d4
47e147534650455f
c5cfb896c536c3c5
c5a23859c6b2bfe5
bcde412cbd314005
c114bdadc360bd81
437c45fa479247bd
4678475b46994711
c679c653c3fdc67b
c5e1c1bec27ac26a
c9a2ca09c896ca8f
c9bcca3bc7bfc916
3a31c8f13d56c2b8
4536be2a437eba54
472345bf4522482f
45fc45f141fd4552
c8354d27bebc4491
ca713d4fc920408b
c80141dfbd83c4a7
c7903798c38c396a
4f3449ec4cfd4d76
4d4e4bd94dc84c1e
4e984f484ccc4f20
4c374cae4c584c9f
cc2cc688c9edcb47
cac9c29ecaf2c6bf
cd53cf4fcd2fce7a
cc3acc35cc65cc90
4318c71dc3ee386f
4414c8103355c62c
49554091449d471e
497db7f5463a3d83
c344c903c037c716
c04dc4cdc1f4c47f
c90cc596be16c604
c695bf47c2f9c0c4
c2cf3fcb3c989e82
bf063e603c423da4
c3eac86dc894c84b
c38dc814c64ec85d
c4e0c86dc88fc82c
bc2cc773c550c852
47904ae04a7a4985
4a784a164bdc4a90
4cb44dcf4dd74d63
4c734d164da24d7a
481a4850459c4831
3c6f44a6333b444c
c839bf72c889c642
cb93c5f3cbe2c696
cabcca95caa9cba4
cc80c934cb7ac949
ca04cbe0caa0cac4
c9f0cb5fc939cb46
41a44917416f475c
47be43074486411a
4a5e4a0d4a224992
4cb34c584ba14b7c
b863c7cb3fcfbdd3
41e3428c434a40d3
c6c33f29c2e83f23
c7a4c567c753c306
44bd45a4b8f442e7
3ea2c1cdbbf0b9cd
45d6cb9cc13ec756
be03c70e3efdc5ba
c851cc9dc6fcca7f
cab2c8c5c6dec852
c671405d3a42be98
3b474057be86407c
456749d348624853
4ab34993473c4911
44bc47684578486e
424c44f541dd4472
45434a6a4467495d
b188398f3e924016
451e4b504133461b
41be43483ff442c1
3e374153b690bf23
3ddf43213e0a3fc3
4664b84d455541cf
461242ad488a4418
433dc2df445c3de7
47004360483640ec
c7f8ca9ec804c91b
c4e7c56fc6a6c7b7
c92bcb36caa5cab0
cad2caf0cb2dca9b
c77ec95ac76dc87c
c865c532c78dc65d
c97dc912c503c859
c688bc22c35ec274
c9a5c6a2c77ac874
c676c82ac633c6bc
46a446153c4c4381
4675bdac39113dc6
4b55493b473a491d
4963461b463f46f2
405c42f838773fe8
c3e2bc0cbea8b2fb
c02e46d940d345b4
c42ead59c0903f52
48ae4d7f4c434db1
4b514b3c4a224c25
47ab4b4f49f54a65
48ca4a8248c04a20
c7d7ca78c83dca5b
ca07c6dbc778c87f
c54ec801c3fdc65c
c6e8c72dbeb5c5a3
479648b34879474e
477f496a4971495c
4844390941823e8d
484549154592460a
bce8c996c87fc78b
4118c731c5a0c87c
c844ca4dc9c5c98d
c6ffca38c8facab1
ca9fcb9ecb04cb93
cc11cb10cadacbf8
ca49cb2fca77caae
c998cbddc957cb80
48ff488c49dc48f8
4af748c54b134969
4e074ebe4eae4df8
4e9a4eb04e994ed9
463549a348784818
483f48b2468148d5
c8aec70cc66fc640
cbb0c687c98ac5ec
cbc2cc2acb82cc52
ce5ccc53ccaccad9
cc93cb3ecb6ccbe5
cb69cb30cc19ca5e
bf1d490f45c24ad4
480248bc413046fb
4c834cf74ada4dc0
4b284a2f4a454a8c
494d4214c0b9aeea
bed7c6583b58c27e
3f8d40f0bd46c028
3d0cb2314038bcf0
45bc46d848774643
4b80495849bd481f
4348c0b843c6b9d7
45643d1344a23f0c
45da3c1746f14203
448d451046d245f5
b2213a1b417f3c0f
44e7446b44b1420f
cca2cc53cc8bcc97
cb40cbcecc00cc9b
c9d4cbd9ca3fca9e
c99ac87dca3bc972
45c33c6145cb456b
4438488c43894831
c2cebad3c28bbd4f
c891c077c6e8c1e4
c9afc73bca7ec911
cc3cca9dcc0aca8e
471348cc46f246e7
456943d346c9468d
4c454ba94d164c1f
4cd94b804d994c68
bf02bde631fcbc95
40a8382838abb8e9
3a2dc0feb6823055
c208bf472031bdad
cadfcccacc1fcc8c
cba6cad3cc6dcbc9
cbbcc93ac94fca90
c8adc8b5ca09c8a6
46684c324b0c4b53
4a1a49cf4a814a91
49a34c1a4b194b83
4a5b4baa49d64b07
48ee49ec482d48c2
44ef47da457f48d7
4b194ae1486c498c
45024560479b4923
451044813ab73e64
b9f33c0938fb407a
c0cbbabbc24bbe0e
befac499c0c9c3f2
2a93b98ebbd74448
4147c30d3912c203
c403cab2c834c795
c674c3e9c701c78b
c91acc4bca67cc4a
ca13c898c9d0c9bf
c603baaf338ec336
407a372940292fb5
c685c712bc75c68b
41a13db43fa6be73
cb00cca0cb21cc48
c9b1ca3cca29cbe2
45e348d448124a12
40ad45bd468a4630
4eaf4eca4f4b4fe2
4d6f4e734eb34f02
487c43ed474b431d
495746a4479946d3
cb7dcb92cbf3ccc0
c934cc14cbadcbde
cdd0cd12ce03cd4a
ce3ace82ce95cde3
c737bc32c932c349
ca10c8abcb0ac850
4e3e50754e634f18
4dc64ef84dd84f17
4eae4f604f154f24
4de14e204edd4edb
c16dbc16c0e439e5
c619c2f3c460c306
c961c446c946c87a
c9d2c4ecc99bc75c
47dbc2492d31c221
45eaba1545a83470
c320cd36c719ca65
4106c80d2c05c865
cec7cf2bcc64cd71
cba7c9efcbf1cbf1
c0f9c56cc2a6c012
c656c516c4a4c4ba
4e5d4c464a904c52
4959445f49e347dd
45c2476a44ea455f
44ab42eb42db4320
cc62c9aac88bca0a
c543c463c854c6c7
ca63c6c0c527c79a
c462c39ec52cc3ab
411448fe48194731
39eb47d044574893
49d44bed4b034aa7
46984cb549fa4c16
468d45a8469d44a6
486e496949854784
c7b5c98cc8edc90a
bfdfcad2c662ca25
caecc9fecc01ca0c
cb1bccf3cce0cc4b
c4d245ccc4c43d23
c8dfc46bc8fac181
4a774c7549144b63
479548ac481c49b6
4aee4401486746bb
49ed46ff494247b7
c742cc2fc7c9cae2
c610c849c4dac907
c553c892c557c5c5
c719c7b8c369c7df
4a9448c1470d4a91
46d540a8470d44d7
4ce04c614abb4c1c
4a344bc14a744b32
4a5d48b44bf94912
4ad44e454c4c4ce2
cc46cb50c7ffca7f
c460c2b2c5f3c5b2
d000ce31cefccee6
ccf8ce53ceb0ce86
c81ec883c9cec946
c813c985c94dc98e
4af94c324a664c06
468a478b49c1498b
48254c1149b94abc
4668484a4862497b
c980cbb0c933cb27
c7bfc949c976c94c
cc37ce3dcc8ecd70
cc6fcd70ccbacd09
c4e73fbcbddcb3ea
c4d4c35cc3b2c055
4c0d4e764d644db6
4cf04d914d684d87
4d364c234cd14c82
4cb74c8f4d5a4cad
44aec0893cad27fd
405f3c733c263a59
4437b1dd3ff44006
42b03e9836ae3dba
45e04620457545f5
4006417343e9453c
caedc688ca2ac924
cbd5c822cabac8d2
cd34ccd0ce0ccd59
ccc3ca79cd7bcd4a
c61bc889c87bc90d
c01ac29dc3f7c842
464d49f149cb4910
48c5491849dd49e3
4d184dae4ce44e68
4a5a4af24b974c7b
4ca2459b48594a44
48ac3cd8489443f1
cba0cde5cb78cd48
c8eccbdec9b0cc01
ce18cce7cc5fcd0f
cc23cb16cc65cb82
b80e3e18c03f4009
3eaebf4ebe10c015
489744bf45e5413e
4b54461c48e9457b
b3adbc3e4519c415
459e454e457846a2
c899c374c272c451
ca22c785c798c239
c0bf4115c1fe3ce7
c91ec707c68dc477
492a4b3d481a49e3
42ef456546254702
48a74a9f48a349ea
44c647a047944861
4620423f47424559
48394a7648544848
c106c5fcc0f9c40a
b9b9446ebc69375d
c8b1c220c846c4ac
cb29c645ca4dc52f
b8404860454c486f
44f3477842604717
470a4497472446fc
4c7d49474a2145a5
47efc690c46cc612
4403c4fc3552c7d6
bf60cb04c923ca93
c687cb34c826ca97
c91ec9f9c8d0c94e
c7edc95ec8b6c8fd
b6e444093f0943ad
bcce3e9829254273
48484be54a974b17
467b482a49a04a4c
c35fc0ccbaa7c15f
c4a9c583be8ac1d6
cc1dcde9cc22cd0a
cb28cbbecbfecc19
c341c639c167c2d1
b2bdbf75be52c050
463b4946479a47fd
4500475c48154775
c512b46dbcbec5d6
bd6b424eb9663b77
ba9c3c743a7dbe00
467a46243f104249
4b4849f746cf4b0c
481f442645ed4528
499b4bea48244c42
411b3ff145364616
419e4c6f49ff4b2b
45ed4ab349564acb
3c93bc52b4f7bd8e
3449423d3d5e3cd8
ca3acdc8cd3ecda8
cbb8cd1fccf7cd00
ccddcb04cb0fcc65
cc15ca4acc2eca1a
4608438748d14748
b7aa46c545fa47b6
4d0343ea4a894a5f
48ff46c24a5c4892
c883c93bc75dc8ed
c0d9c439c611c7af
cdaacb80cc60cc82
ca24c953cc51cc15
4b5a491247934957
4ace484948584850
4d5d4c794cb74c33
4ee34c954e004cf1
c817c52bc0f2c6fb
43b2c6224200c43b
c12bc51ec5ebc2bf
c8f2c9efc610c850
4936496e471c4a29
c6cf482842264821
c4df38d2bdaa322f
c877448bc3f43c72
c992c5f9c767c755
bb54c602c624c781
4a474d2d4b924c63
4d0749cf4c174ae9
45a9489c44aa47a5
455e405243464437
ce30cfc8cec5cf4e
ce00cddcced9ce4b
c85bcadac810ca88
c858c182c814c4e5
4b0d4c744b674b3c
489e4b6549db4c14
c404bf3fc564c1b5
c976c91ec91ac715
ca07cd42cb20cc26
cc60ccaacbeacc76
47ca3a7d47534073
479c483047b845b0
4a904cb44c314b8c
4ca54cb74c524c4d
487e4c094b244b98
4a4e48724c4f4a50
bff8c54db9a3bc75
2815c2cc4482be24
c9d6cd1acc0bcc1e
c80fc8caca2eca8e
3cde3a3cc286354a
3c09b8f9c3a3bf6f
44bf48ba42944766
407641f33e614199
42084169436643c7
43cd456f443a447d
4915477f49aa4934
49e9489e49e14907
3ca24547367441b4
be40aeedbf0bb9a6
cbb3c7f7cb51ca43
cc72c97acc2aca4d
cd15cccacc39cd05
cc95cc6fcc2dcc26
415e401240e836d7
42d4c284416a2da2
4c5c4c574b904c4b
4c6c49564b504ae4
30a5c474bdacbea7
bcbc3ee4c03f37de
c7b6cbd6cad0cb70
ca9cc71fcac2c943
be1ac639c6bcc684
c55dc582c613c5d9
479a4a5949b149b1
492149cf49cf49a3
48274d024c284c72
4bff4d114c154c7e
31a545f746d44734
415346ba454d4623
bbcbc5ec3c42c1ac
c5ebc37bb64ac108
c254c8dec475c7bf
c251c69dc1dac5e3
c4ccc9e6c81bc636
aab0c9d5c49bc914
474c3f3e402045bf
4519c45e411cbdef
44604c5a4806475c
41704837429848e1
cca8c159c831cb52
cb2abaeac9f5c1e2
c9f3cc8ecac2cc2e
ca93c96ec9a1ca11
4615c649c0fd35ff
449ec4d040aec3af
44f841b44141463d
470e441b45534248
43fa43a640eb4528
40c4450941f84212
4256bbc2c2f4bb34
bc74c463c2d0c457
bd95b15ec434bd0a
c6b7c4e2c6c3c380
45d34b724a204b46
44d64ad148474aca
48fa4aa34a9a4a9d
4c164a814b1c4a49
c4d8c9efc88dc9e7
bc62c9d3c5f1c96b
c79fca55c817c9fe
c8d9c945c85dc8d8
45074927485047ab
4054484d450f47f9
3b264903447f45c8
39f946cb3fc745ec
c5b8c171326ac116
ba023c943dea405b
4808440c4954465a
497147e34ad948d8
45b03a4d430641d8
45c840c1450d3c92
cbe3cb4acbc8cab5
ca91c9f5cbf2cba4
ccc0cd24cd31ccb1
cc5ccbd9cd15cca3
b2c0c974c7ffc726
c52ec745c6d3c7cc
4c7d4ce44c3b4c4a
4aa0495a4b924bb9
4c084f2a4d334d18
4c1d4c374c684d6e
c3bbc5a1c6aec779
c5a2c405c6e5c4a1
cd18ce3dcda5cd22
ce56cd48cdfccd9d
c93ac4f1c74ec2de
cac9c5d5c91cc75a
302fc0c1bd35bd98
4222416b4044b9b9
bd36c6c6c418c5bb
44d7c43b3e95c4b5
4e944ee34ec44eaf
4f3f4ddd4f214e4f
5055508850655063
50934f645084501b
cbeeca52cae0cb1e
ca35cd87ca8ccbaa
cf7cd001ce5ccf43
cfa9ce92cedcce5f
4807450649ce485c
46f64d2248294a60
49824c454aa54b80
4a8c4c7048be4b36
c437c25ec556c46e
c503c68dc661c5ca
c597c9e6c91bc993
c974c815c824c962
c78ec8f7caafc991
cc06c770ca99c9dd
b8574346c42db008
c5dab692c4fcbd75
bce34892417244d4
45f934b5440644e0
3d30439043a543dd
4833c01046774289
46cec0783f983915
459ebca644492b4b
c5a6c9c6c7eec947
c50cc83ec682c7fa
447244b74649461d
44c3440a45a045a8
4acd4c884c7e4d19
49444c4d4b1d4c45
c9b5c9e5c7fec8fd
ca97c705c944c82b
cb03cd03cb2fcc99
ca22cba1cadfcc09
4481a49242c639c0
489442d144914077
ba68aded404dbd7b
46994420433d42fe
bac644aa44194439
3f4245c344ee45da
489047ec451e48ea
4121473944d045e2
bfa8c5d5c7a0c549
c7ddc4a7c8bcc6f5
3e29496d44354682
28bb42293a064275
4b4e4e6d4bb34cd4
49dd495f4aed4a52
c4b5c45fc784c66e
c698c837c628c7e1
cc54cc6dcbb2cc3e
ca94c9ddca15ca3d
454cc74e3563c222
474d3a8046fd3c78
4d92487f4a414a45
4cb4466b4b8d48f6
bd5e4b0945784903
be264149bfea4564
ccc2cb04ca77cace
cca1c7f6cc59c971
c43acce8c909cac6
c22cc6b2c6bac8bc
c01c35a832a13778
42d33f993d943df0
a8f146b5455a450a
3d8246b844d1453c
48c9485848534760
475041c248b34488
c81dc288c581c78d
c6b8c8a5c743c6a7
cca1cbf4ca33cc6d
cc4ec624cbddc7fc
4a8b461349ae4887
47a54b5e49274ac5
4bf0490e48b34ae6
495b44da49c746ce
ca16c98ac9c5c855
c927cb09c7f1cb0b
44ae480846d946d5
468f478a480e4658
4cec4de34c7a4d29
4d794c564c404ca2
449344989f9e4495
46e5bf0c39b42f2b
41bdc48dc4c6c41a
bcbfc21fc213c39c
c88bc93dc886c96f
c9e7c388c9aac609
ce77cce2cd02cc9d
ce9dcd04ce45cceb
ca57c9a7c98ec9d7
ca07caa1c982ca78
4af349214b5c493f
4c8f4bfc4caf4af1
489a49f34a6e4a53
498149e54a8e49c8
c9c1c4dec885c73c
c8c3c8e8c94cc883
c106c37cc3f2c525
3662c242c1a6c224
493a42474866461a
4910456c49634677
4654bd97442440a3
41903f3244053efa
c021c1e9c474c49b
c853bf39c55cc225
c445b9b3c21cc435
c6abba6abf2cb014
4445478447f5474c
493247f9484b48ea
41f24a6e471e496b
470846b44215483a
c32f458fba183dcf
c55dbc12c4ba3912
475941ac45e14500
44bc44f2469844bd
4857410140c34614
45f0403f42a5349e
c873ca16cb9aca06
c977ca61cb2acb5f
c4e4c9e1c608c8c4
c657c51dc45ac6dd
49cd4806499848f0
48354827492f4824
3ea642d730fe4079
44a2be8b3c5234f2
cc66cb39cb36cb62
c854ca9fc98aca54
cc33cb1cc9ebcaaa
cb13c746ca21c967
353dbf183610bef6
c5b4446cc0383c1e
491144dc4837458a
427745c648c246bc
4424451b466b44fd
49543f4f493344ba
482c49db491a48da
4c75489f49964973
429344e544054465
41e7423c3c404388
c965bf2ac6e0bfef
ca1bc8dec9b2c7d1
c5ce4270c4c63665
c7dec5c1c86cc2c9
c0cbc643c576c7bb
c42bc0abc5afc319
c392c8bac116c814
bc273f1eb025bc25
4168b80f404e3c9a
3c5a42a743d041b1
46f8c247c0623cfe
c207c33eaa14c302
47d9aea6315d4238
43a2b62f4137bb5e
484e4a68490d4838
4c2a49e049d8492d
49f54cbd4c534b5c
4c804c584c7b4c48
4a444cde4ba14d07
479d49614a024aa8
cad6c032ca04c634
ccd0cb9fcc3fcaa9
cdf0ce03cdc5ce96
cdb9ccfccdc2cd2b
c626cd71c6e0cb79
c2abbc04c37ac1de
c106c889c070c661
3ee5bebbbe78bf62
49d74b8d48ce4a65
4881434e472c45c9
4aa74bf149e14bf6
465b474448b4482e
ce1fce01cca0cd3d
ccb2caa8cc6ccc6a
cc0ccd4fcb6ecc42
ca79c744cab4ca7a
4c334c754b304c48
4b504a734b224b56
4501497548d647c6
4b4244f34a0b4916
c753c89fc6bfc7ae
bccec53cc568c4f8
3b6740eb389e3d44
44a6454e34df42d1
48ba4c2246bc4945
359748a442de4786
46134958462346a2
2fe0447b4592450e
41f841eb48ec459e
4884462849d94738
3d9b3fa1455e42ee
45a54446462343da
c885c8f0ca1fc922
ca37ca02ca37ca26
c980cc2eca00ca26
ca1bcb75ca51ca67
4226c43343c925ed
45c0b56944864124
446e41b540693408
45adba5e44214059
becc44f2bce9b6f0
b426b91dbd393ca0
42ee475145734563
45854b24443a48db
499c49a148014971
47484bd745e34920
3b6448dc441e47a2
c3bc3da04057430a
c497c2f3343fc03e
c3cdc26b417bbed8
4795c64ec170bca4
480bc4ce3d25c673
c164c484c9d8c3b4
c194cb01c9e6ca71
cce2c9b1cb7eca9d
cc6ec81eccb1c9cc
c27dba6443b0bedc
c40d4ab434f44674
4cd44c5c4d384c1c
4b764c934d344cd2
4a0147ba47f548e1
48af353548fd4555
c9dbcadccabbc969
c857cc48ca1ecb07
ca34c96ec8b7c9cd
c8f3ca9dc8cac912
4803492d489a47a1
4437453947ce4803
3c53436b449741ac
447644cb458944e4
cd84cd83cb5eccd9
c963ca5ec999cb06
c8e2cacfc94bca44
c784c8e1c8bec92a
4cfa4ba74a9e4b08
4c7a4bfe4a834b28
4ce649cd4b4b4b41
4c2e4d164b704c0f
ca20cc58cadbcbbc
cbbdc876caf1ca47
cd94cafacccfccd6
cceacc55cd17cca2
bc214b8a3c0a4826
bfc33d60c0753d03
496d4cd348934ce9
2c1e460645ef4834
4e2c4cc44cdf4de9
4c2249a74d224c7c
4fc44e3d4e3b4e0a
4f954d154ec14e1d
c390c454c075c5cd
b31bc113bdddc234
cd9ecdcacaaaccce
cb5ecb94ca30cbe8
3cd83fd248094229
49264999488f4858
c3c7c594c4b1c7d6
b9363f95c3a4beb6
cc6ecd07cceccd20
cce8cc96ccebccb4
bfea3bd0a10e3c1b
b4cabcf9b4eb2c17
c38bc271c191bcf1
c36ec08fc451c037
c25dc6d9c8a2c54f
ca4cc869caaec8d2
452c42efc1c83b04
befac1fac4bac37f
ca95ca27ca19ca5e
c933cad0c93bca88
cac5cc4cc93dca4d
ca12ca68c8b6ca1d
4ca54b094c2d4bb6
4bac4c7b4c5b4c0b
4e014fb24ebe4ea7
4ec94edf4f434f03
c25b4708460e43eb
460a4534488d476e
c23ac3bec009c24c
c41abe00b9a2bf87
49934429448a45dd
469f41e144824261
46b74502466445bd
497c46f346bc46bc
bddc412e3cad3aa9
b19e41f6b8e641da
c87cbaefc81bc6a4
c9dcc8bbca31c6ad
c8a0c973c9ddc975
c983c89ecaf3c946
3ea0c8c2c574bebb
c08fc468c433c800
427945504262470d
43a9c18a440abd19
c83dc202c3dec6e2
c792c453c4d2c42d
c8b1cc28ca9acc44
cbcfc902ca58c9db
c132c6eac23ec4bd
3972c4dbb976c1fb
45d24852499b491d
4a5c48b0498b49b9
4b164c054b6a4c05
48dc4b3d49d24c15
47404a08484548bc
470c4946472e49b9
c990c8a3c78ac8ed
c479bc8bc642c672
c4c0c8d4c5fcc6e7
c373c06cc4cdc7a7
4c5a4d634c1d4cb9
4b274b664c364c4b
48554bbe48b2498d
452046e24933497a
ca1fcdb6ccbeccbe
cae9ce05cbb7cdb6
cb10ce1ecd43cd0f
c9f8ce56cc75ce2a
c83d39b7c611c268
c5f7c531c699c540
c417431c39e53620
c06b428bb89b3dd1
447bbf4a44e33cdd
45e64847449645e9
442f394e3cfe4136
b8d04142bae94136
bd1044c2b79e41ba
c8aabf10c56fb749
44de49eb4a2248a2
45d84a434805498e
47b9468d4a25474d
4aa3495649724914
bff8c738be34c4d4
a526c400be7fc078
4112be1543a13c8e
442b443d445d451a
4cd54b4b4c734c49
4caf4c7b4d2a4cbf
49d048a045bf47dc
488c43fb49da4642
ca7ac948cc69ca58
c9efcc7ccae4cc2a
cc43ca65cccdca89
cc22cc28cd1dcc56
c841c620c9e5c75a
ca12c989caafca00
c948c8c2ca4ec954
c943cbefc9d4cbec
c4f2c39dc491c569
b971c7c1c2bcc6da
4b3a49ec4be349a1
4b624cfd4baa4c5d
4a8848ce4cab4aee
488b4f5a4c374da0
c7d2c1a1bd9bc207
c7f0419bc39d3bb7
c82fc883c93aca68
c5efcba0c996c9d5
3eb2c523badbc242
27fbc59cbdcfc243
c103456b44d44681
b807427a43fa4482
c5a644153bb14184
bb1db00f3faa339f
411ebf28bf9fb063
bb31c1bcbf54c326
48ac46043e3e4622
43413d1226223cd2
48d54913461547f2
485e4668453d466c
447d32f244873752
4793426245f442bb
b56cb8ed3911ba0c
4244c4973f48bdd5
3fe1406d3f813fc9
4407bf3540bb3c9f
476640e447e5451c
4614490548b6490a
b5a9bcbaab29ac83
c0e843ff3faf42ef
cce2ccfbcd17cd0c
cc24ca4dcca9cc5c
cc11cd38cc72ccd6
cbe0c8b2cc9fcc03
476e483547ff48cd
450d451a46054651
4a1c4cb84bda4c97
4b3548e44bf44ad9
431d45c53d65446f
3a963f1f3c6c3e9d
403c4586c19a42ec
c989c50ac76bc342
c1c346ff3e653f36
c6f0c1a9bf6a3696
caa8cab0c6bbcb4d
c498c290c47bc54f
ccf0cf26cd71ce22
cbefcc02ccd8cd04
c843c900ca05c8df
c6fdcaa2c9a5ca72
4db24dc14db74d6a
4e8d4c884dfb4d14
4df64c984e2e4d0d
4e4d4cf54e544d56
c3a9c66ab7f6c3e3
ba87c1a1bd23c02c
c0793d98b00e3d2e
36d93adbbcc63960
4080447cb53e42b7
41d731fb3f7db044
c406c22ec4f5c443
bcc0c11bbbdbc167
458545e245f345b2
47864a4546634999
492f4718468748c8
408c493b42204812
c50ac516c756c316
cd10c7e7ca53c83f
cdb9cc27ccfecd08
cf5ccd1ccdf8ccbc
ccc1cd44cd01cdc6
cc25cd2eccbaccea
4112c5c33a49bb38
476fbd864400be3a
4dec4e4c4eae4f58
4f0f4db34eef4de7
4e164e7e4d6a4e26
4e2b4cc94ddd4cfd
3d5d8e8ac18bc287
411dc1673694c10c
ca87c8dec894c949
c7d2c844c80bc879
c7bcc5c3c695c63a
c71ec5dec74ec705
c3f53a44c621c53b
c76dc551c7dbc554
bdbe4105407dbfb2
31ec439e399a4375
44b3c3ee48573cfd
489f48ec48ac48de
c59bcb60c5b9c857
c41dc74ec455c563
cbfdca62ca68ca03
cc54cb1ccb1dcac5
c181463741734479
c4354531b9b14112
44f848dc43804696
454f42b942b74257
4526b1b7ba7b3969
424ac3dc3dfdbf9c
4a2a452048824933
48e5492c494148f4
491c48d5472449d8
487c46f947a446f4
481a4880402e4722
4196bfe034aab447
446b4602418c443a
b85344b2b8c744a1
c8ffc7d1c742c76f
c9123f65c85fc16d
cdb9cda1cd8fcdcc
ccfdcb8ecd74cd17
cd6ecda4cd27ce5b
cc3ecd02ccd2cd16
473e44c649214581
496a44614a0247a8
50034ff5507a5054
50124e7050834fa7
4564489749224863
44d4441d494447f6
cc27ca43caffcb7a
cc4fca53c9e0ca32
46f24618407e4413
471646cc457e4464
49ce401142394344
4c1b43fa47ca43a6
c4f0c9b8c88bc8f7
418cca05c5a2c8be
b6a645c73dd34391
3f2a441cbd113e4a
46054b2f47ee4ad0
bed24b703339485b
c46e3ecbbfda3b73
ca5ac0e4c811bf99
caedc7fcc6a8c962
ca53ca2cc809c78b
c64dc91ac337c821
c772c5ccc41ec4d5
b381c882c426c223
c79ec4f5c51fc4b4
c9cfcb67cabbca51
c922ca86c986ca0c
c988cb95c911cac6
c267c02bc609c6fb
4853460a489a46c7
49cb4c36492d498c
4b9d4a394989496a
4a14483a495b4909
462d3e653bb841c7
41d1c3993344b97b
39fc49dc4452486c
404b3fb13ede424e
44a04d70488649f4
45934507479a4821
480e427040b13f55
45a6c01045883f26
40f0caa7c2a2c41a
4016c0b03e89c465
38403fb741fc4534
38d744d6448a3f4a
b8bb4a37463c45ed
3e3a45fa45554764
c6e2c1c4bf59c656
b8d83962c1b5b05e
303ac4bbbd11c01a
3dea394dc2d8be67
bccdc44ec260c05e
c36ec1dfc4c3c136
cbe3cc8bcc06cc77
cb6ecb23cb30cb18
c2e7c6cec59cc65e
c0e7c5cdc355c58a
4a0549f0495f4a19
485a488e482448ff
3c7c41ed38d23f25
be344330c1313fc4
c906c7f2c8b4c745
c8a4c748c8b9c846
c603c2fdc152bef5
c793c4dbc280c45a
46bf444d464442a8
3d9345bf44c3446d
46e13f8d45ee41bd
45c34517463244dc
c65ac66cc14bc4b5
bdb2c775be04c31d
b4783c3433283341
4434c4334104b78e
4c644cb74b824cb4
4c6f4b2f4c844b92
4b254afd49574b32
485e4a2249b749cb
c043c1f2c521c495
c375bf12c4e8c3cd
c900c570c544c73f
37d2bca0c2d7c365
c978c83cc767c907
c503c53bc832c677
ca82cc3bcc44cc72
ccd1cc2fcd18cc86
c77fc846c9aac83b
ca94c8cfca3dc9cf
42c7481340574581
3f8745563e4f44d4
44b648de4844482e
47a1458447d44838
494445f84b544aa3
4a2c43ef4bca4897
4d7c49994c454c8c
4aeb48a34c4d4a9b
3a5628c6bcc5c15a
bc523ec3bf8038d6
cd19cbc3cabaccf8
ca6ec435ca61c87e
c922c8adc7d7c8a7
c921c2fcc7bcc533
c1b7c087c455bec9
c2d9c530c56dc415
44c247f7470a46a8
489e46dd462d4754
45e2490d48094807
434e4887479d47ea
3568c13fc54bc0b9
c52ec403c233c623
47584090bb2f4207
4838be40411ebd2a
4a034b6b4a4f4b1c
4b7248a44a3549b8
c271c45a3a26bf11
b03cbcdd3b92bbb1
cbcecd66cc28cca6
ca51cbedcb33cc3f
c96cca59ca5fc9f2
ca26ca89ca99ca91
44ed40314427440d
3f8c3da241834124
4c974db94cd04cd9
4bdf4cb04c424ced
39b54bec462947b8
a3eb482441ba4848
cc0fca7dc97eca35
cb78c8caca35c8d3
c882ccc9c7b4ca9a
c7a2c695c7b8c754
c843cca5c917cc17
c661c908c861c997
3ecac315c3c3c0f9
c3f0c737c2b4c65f
4cfb4f0e4b384e6d
462c49f0497f4a9f
45154cbf44cd49ca
46c9481b456646d6
c9b7c7c5c830c933
444bc2a2bea9c51d
4844478e49bb485d
4b1f4b194aa64aef
4c164a8d4c764b4b
4c134be04bfb4c69
c11ecaa2c29bc80a
bd21c8d7beddc645
c961ccb6c941cab8
caddc995c87ec9c8
c5cbba06c475be47
c8bcb708c6f4c1db
2f9741a0c13a377f
bb31bde2c4b5c08a
c523c8dcc89ac862
c614c76ac8b5c89e
c1393f9dc0653b77
c36032b5c28ebeed
4b484c3c4b964c03
4ac349e64bc94aa2
1fddc872babbc58e
38c7c6153a8cc3c6
cde9cd2eccd2cd7e
cb42cd0dcc80cce0
be2f4264b960b8f1
3a0fbe6f3009b52f
4c6d48a74a564adf
44aa4a16490b49ea
44804ab2468f4abd
b54748333ec24759
44ad4d8948ff4a97
48a0491f485949d0
44a3423a467736b5
458c45074815467a
ca5fccf8cba6cc43
cb29cbe6cb72cb9e
c875caf3cb05c9f9
c91bc9efcac8ca47
4a514833499148b9
4a784b5d4a2a4a3f
4bb94bb54c554b71
4d654cb14cc34c56
b6a63d7c3e543c76
435843a54185403f
cbe5cae8ca7ec9af
ccd9c892cac2c978
cc6fcc84cc59cc1e
cb76cc7bcb90cc1d
c6aaca65c9a5ca7a
bfcfcc1ec814cb07
45c8b6a6441543f1
413cc130412bbd42
48c045d24968499c
47ee4886489d4831
3c2b421b2a9abd01
39cf445332c7414d
c6883a2bc82cc74a
c8ddc59cc8c3c580
3e6f3f9133aa432a
bdcfb370bc5cad16
49d749484af84ae6
4aa14a124b3e4a51
45434983486047b1
47c045f648324891
3dab498643d0469e
c02444bfbcf845ae
45f94c034a0249f7
43994c57471f4a9a
bd11be9b3c1fc149
34f340263f74382f
c4e4cc4fca01ca34
c70ccac7c7fbca39
30cec882c5d1c444
c2bcc705bf2dc5e2
c2cac33fc293c1fb
b6fdc8a7bc50c546
c257c107c0fbc0a7
41b6c66dc077c46b
c1e8c743c32bc48b
b75cbd31c212c3c6
c793ca43c846c8f4
c746c858c754c8bb
c20fc54cc796c5ff
c414c620c6f0c6e5
43014436a0d33bea
441847593166437c
414448fd484945b1
480d49b0481e4973
448a491d494d4936
462b48c94850494d
472d49b6450048f4
483f40cc463842fa
4be94d944bf44cdd
4d6e4c8b4c974c66
c48bc07bbe9fc3d2
384c45d9c0794112
c9cecb66c847ca0f
c996c61fc9a1c7d9
c90ec980c7c7c8dc
ca90c88ac8f9c84a
ca46c6a4cad9ca1a
cc0ecb69cb09cb19
c78fca02ca7aca42
c8a5cc7ec869cc07
c777cc85c878ca20
c65ecc76c2f1cb0a
466e42e949b4456d
498444984a9c47d5
5075505550f65074
50d9505850bd50c5
4f624fac4fb04fef
4e214f544ec54ff3
3c3a4854303f4482
c7224686c3f04439
c856bf24c920c6d8
c95dbf9bcae6c679
40cf442040dd44c0
461646d93a4343f5
4abd4aec4a064c35
4bab4beb4a1a4ad5
4af54865483349d4
499f496b48dd4888
c1c0c8e1c4fbc7a2
c428c81bc15cc6df
cee0cebecdbdced8
cde7ce41cd34cde5
ccc3ccfccc40ccc3
cc0ecab1cc06cbab
4275376442863f65
4552441b448a436e
c3283f8cbf97bd0c
b696c38a3152c06e
cd14c998cd2acc1b
cd51ccd9cd0fcd14
c9b8c98bcb88ca70
caadcc1dcb83cc2d
47c142bd44c443f7
474c361d4531409e
4b634c764bc24c22
4ae44c204ad74c02
44a547424612460f
41f6482b4188473e
c8d4ca17c5abc930
c970c8b2c84bc7ac
c6eec7913f97c50d
c708c3a1bcd0bea6
bb06c5e73f75bd8a
c0f3c40636c7bc74
4b0742f3446c48d5
465dc0d545c03e8b
514350714ffb5077
50a0500b5076501b
4ee44f514e954dcd
5038506b4fd45011
cc53c8f6cb4acb01
c8d2c647c9eac89b
ce01cc8bcdb2cc67
cd1ecc67cda2cd3e
cb5eca58cae7c98d
c8e1c982ca85cab7
ca98c63dc71cc7bf
c409c422c690c5cd
460d4a5249cf489a
492d4bd848da4ad7
354dc4c0c165c473
c59ac0a1c570c088
cf08d065d01ed00c
d0dbd074d06fd043
c130ba77c099b127
c8b2c7e1c53ac57b
4f7d50365000503a
4ee84e5a4f4a4efa
3d97382d42d4407f
a9ab3b5b41393cfd
c566caacc6dec8ee
c728c880c48bc84a
4e1b4b6e4c7e4bdc
4d624ba34d414bed
481d499a47ea4707
49c747fc48c947ae
c703b82bbf92c0ea
3737bcbfbd56bc45
48ca479346604789
48054404463445d2
41463f02c615bfcd
c388c713c64ac540
cc03cb1ecbbacbd5
c906c9e5c9c7c9ef
cb91cb81c7e6c9f4
c57ac4bec3f7c524
cc37c9d2ca93ca3f
cbdec9e7cb5fc9f1
c96ac8f9ca18c8a6
cabec84dcb3cc98f
4e814b744d6e4dd2
4d464edb4d004dce
4b584b054b5b4bf3
4b204cd24a004c2d
cde6ca38cc6dcc93
ccd2ca44cce3cc1b
c7b43e92bc6dbe7c
c6c1be4dbfc7c268
482c4ad849cf49e9
46b33e7e495846d1
46a2404545df415a
426da85644fd42c6
c232cac2c4efc86e
c439c568c507c629
cca8cd98cd1ecd54
cab2ceb5cc97cdc5
4874499a42d9462f
46e1c513458c4096
517251a350ae514c
507c509c50b450e4
489b464e48c948dc
49254c3249204a5d
cc89ce99cc0bcd53
cc07c9a6cabccb56
4706418646fa44f3
47124829489646b4
4879481b452047c9
495f48e2468f4620
bf75c825ca44c843
c718c985c984ca17
cc13c881cc0dcaa3
cd4fcc8bccd5cc40
cf28c4bccaa0ca65
cd5acab3cce4ca98
c927c73dc34ec650
c422c6f6c5a4c4ed
46dac6bf454f37ef
470644d6464d44a6
43e4478748214665
464c4ad24781490e
c25d4630aea03aaa
bc5f3ec7badd3d20
c6b1c98fc8ddc90c
c72dc945c847c868
4038c491bca8b9dc
b888bf97ac11b9e2
48ae47ee472648c1
433f420b479445a7
4b574a0d497f4ad0
475b45f349f94857
4e6c4dd64d3e4e3a
4e1e4c874dc14cb1
4c184ca94b634c44
4d414c5f4bde4bb0
ca6cca86c94dcbe6
c84abda5c948c6a7
ce18cf43cd66cf6a
cccbcc5ccd07cd0f
ca90cb57c9b2cac0
c89fcb5ec914ca95
ca32c8e2ca27c83e
ca61caacca6fca4a
cb08c957ca74c8d2
cb57ca93cb85ca88
4a644cc04c2d4cda
48f3496c49884b2a
4fe950754fe25043
4d914e994e674f8f
463abdfb4024bee0
41e64430427541b3
ca12cd4acb7ecd02
c6a2cb21c8a7cbf8
cc40cabecbbecbd3
cb8acc6eca2dcc1a
c9d842bfc4a9c01d
c9f4bdf6c606bedd
4eea50dc4f21502d
4e044fd54e354f9d
4e974b924c944c4c
4dbd4cc14cd84c65
cda8d15cce30d012
cb76ccd7cc8ecde2
cadfcc68caf2caa4
c836caaec9c9cad7
4d4a4e2b4bea4d67
4c1d48744b524adf
c230bd053ff6c0c7
3da73f1b43d44168
ccebc9efc820ca29
c9acc387c8ccc5d8
c14a464dc01d435b
c6d5b9f5c802bbca
bcb63542c699b8f0
c74bc578c819c68e
475e44e43bfb45ef
42093b90402333c2
49b145e5459547a4
456b45c8463e4529
c959ccedc9e6cb8a
caa5c92ec975ca5f
cb28cc89c961cbe6
ca65cb6bca1ccaaa
44ef4a504a944841
48cf462a48c049b8
48b04d1f4c814b7f
4b184b354b704c4f
4434460e46fd419a
463944e147d6460b
4272c45a3c8ac347
4635baf147823a4e
bb64c47ec15ebbfd
42c5c03340b9c147
c433c80cc9c2c517
c7f2c835c993c9c5
c1ffc73fcaf9c816
c9d6c865cb64ca03
49294d3549494c08
48a14c5d47ff4b74
4c434db94d2c4dbe
4ccb4dfd4cfb4d96
ca19cc82ca70cad5
cb6dcaa7c998cada
cd36cc68ccc1cc34
ce35ccd4cd50cc83
3d93454745bc449e
452547084354472e
4277c14047a2bcdb
4a80480f490a478c
41dcc0084243bba6
4403c0f844773c60
49e047703d3145f5
bf06c6b0ba42c076
416abbc3c2d7c15a
c307c1c0c4b9c486
cbf7c79fbd8cc896
38e2451336b93db2
c7e2384e44e6bc01
43b5464746424692
4922465f4739484d
4650436646b7451c
465644b1404646ed
42acc1f93ee0bcc8
c651c1dac989c519
ca10cb0ec9fcca2d
c8adca05cca3ca27
ccb3cc33ccc9cc67
c21bc809c7a0c523
c483c303c728c6f0
444d468f471c45a3
47ef495d46a547b1
48c84bc94a684a7e
48724c0a49c24ba8
490a48b5499a495d
46cc4acb49804ac1
c154c4edb5bdc471
34c5bc44b0f4bbf6
cb6bcb66ca9ecbdb
c800cbe4ca6ecb24
c92cca26c963c923
c78cca1dc8d4c901
3cce414144594064
441d446445c144b3
484f468148b344e8
49f947274a5d477e
4a034519488d47a9
48a4451a49874628
4ce04ddf4d3d4dc8
4a624cb34c974cf2
4b8e4e5e4bca4cec
4ad84b6b4b434c2d
ca59cb8ccbedcbbb
c86bcb06cac1cb07
ce7ad037ceafcf51
ce4fcdcfcec9ce66
c7a4c233c803c51a
ca6dc5bdca78c764
46ca491b46974981
40d147ce41ae46cc
4337c04341a8453a
3d8641963f7440e9
c75dc875c96ec87c
c8ecc929c9b6c92d
cc9bcb1acbb4ccb1
cb05cb07cb93cb5e
c1ffc50a3e34c289
3eea34b8412e33d6
4c2c4aa149fc4a98
494c4a124a1c4972
c4264569c03fc274
b9c342aa38ef2d0f
c8cac237382bc663
47bd3e524683401b
4ba746a44b654aa5
4c8f46654c0f49d3
4ac546be47a0499f
46322e9045904497
416844aa345f43bf
3ace3a8239073ea2
c3784006c47bbac6
c58f3d28c482bcec
3e094136b59e38ab
c30f3865bf23b874
4cab49d34b314aab
4b60480d4af248fd
417ebb0840663cda
41833ff93bbfa768
ccaecc85cb7bcbdc
ccabc824cc45ca12
c63bc801c4abc2d6
c7c0c42ec56cc0e3
3838465443954485
3ff23b80428f4283
c92bbb37c7b2c845
c8c2c544c89cc677
c266c7a5c883c80d
c719c622c87dc714
412bc4bb3a84badf
40fbbae842f0b544
c85cc492bd04c675
bde5c39b3b0bc1b7
bfce404cbbd4be7f
b47934dec025b5c3
4a6144fa46c84777
49f2495847ac47e0
47c53f804682448c
4a5e4702490046e2
bf5c46073d8241cb
b3bcbc3033e53dc2
36af45aea79e4524
c207c01dc157bca5
2dc9c296c0643d63
bfbcc569bfdbc44b
c45ec42ac3c9c0c6
c593c5bdc3b3c498
c0af39bfc0a6c08e
c508ba12c24abc38
c03dbdc3b67ec093
b8af3eedb8f038ca
441944e348fc46e8
49844a2a48ba48d0
4aee4a384aed49ca
4b884ad04b004a72
44263d14c041bc88
c176c50cbf7ec16b
c5c5c438c530c2c6
c956c47ac7a3c4bc
c0ecc554b50ac1ed
c41140c1afcc369f
c104cb55c8ffcac1
c56bca5ac4fbc99f
b788aac9c56cc111
c1d6c834c5b5c63a
46614dc04abe4c41
48fa4c6048304c4a
c84cc5e7c068c561
344f4131bd413c3c
cc68cebecce5cd56
cb66cd2fcc12cd46
44154293bd2e429d
b939c48ebd6ec391
467049c54439483e
4538440e44a542ed
c4fbc40cc300c334
be47c161be4cc2e0
44db341b482a4459
486e475d48b84853
48c145b04a494818
49c049c449e94a90
c4f1c4ffc5a6c62b
c8d3c508c807c4f7
c5c7c71bc711c6c2
c8fdc543c857c730
45f0426447274526
48ce4568481b4440
46994bc848f54967
486e455748ad46a8
bef14b01401b45b3
c3be44b4bf444465
c884c8e4c8f4c853
c83bc27ec8e0c4d9
42c6c92dc51cc15e
3341c737bcedc511
4c754c2349b64c6c
4864455849734874
3f684a8c460b46b9
431747ae43094683
c9f4cc31c92dcc07
c664c553c8acc8e9
c6b6cd9ccb22cb9d
ca33cb52cacdcc14
4302438442cb434d
3c1b40253f2c41ab
46b34bc24c9d49f0
4b3e4c594c934caf
b2abb77442ebbd4b
413fbee045233cd8
c5a5c9a4cb00c9bb
c895cc60c9c2cb83
c907c920c9fdc894
c791c72dc8e1c829
c88fc021c079c14f
c05e44d7c0ec40e8
c8b2c608c536c838
c548c202c604c269
c60ec77ac5b8c84d
c563c597c56cc572
486748fc48b7494c
48ad48de49304844
4a5b4b0749214c0c
49c94848493e4784
476e48cd2e7748b2
c0c2c4cbc1f8c1de
4c3b4c9649904c68
44de45c446e54884
4c51490d4c544ac4
4c0c4c9f4c4e4c03
ca68ce53ca09cd2a
c7b7c644c825c9ee
ccaecd8acca7cd26
cbc3cbbbcc31cc25
49d54cad4b1c4c45
4b674b104a514bc3
48094a0b487f4867
4707451f473147d7
cc60cb7ecc14cc93
cceccd8ecc54cc5d
c858c114c20ec0d1
c442c3b2c3a5c0ff
bc66b77e3c543451
4001455d3d8f41af
c0dfc336c62bc803
c6f7c417c5e8c291
48234a7248354882
4655484547bb497a
4829482848a548dc
4a3648cd49974863
3aa6c790c47fc48d
3993c493b871c6db
c5cecac5c864c931
c7f2c840c699c928
cad5cb2dc716c985
c8b9c5e0c76cc819
c92dc63ac385c532
c6b3c331c5dcc591
3ff0481a418e457e
3b87400ba8b240db
49b74cbb49164bc2
497f49fb48074a58
4ae149ff47a94a7c
49be48074839483e
41beca10c73ac795
c40bc990c3f2c8fe
c9a6cc38caeccc19
cbdfcb47cab7caee
c8c337a4c19ac13d
c6383c88c5b03c26
44a046ea461b45e0
473045ff45fd46e8
4b9649c14a0f4995
4af048584ab94937
499d4a944b934b77
4aa34a8e4afd4ba7
c19a367e41833f74
40853cda40ff4271
c826c09dc5ecc83c
c5f8c3d5c556c530
3448bd6fbc10c2c3
bfd740a8b969bdf3
4a39426e46fa48bf
486d434248054050
3e7e439c26ad44a0
31f4c2533778c287
cef1ce4cceb9cec5
cee6cde5ce72ce42
cc31cc7dccabcc86
cbf7cb1dcc7fcbeb
4a934c414ad84c43
4b0b4c4549b54bfe
4bcb4a354c204b34
4ae14c664b124c99
30d1c875bf2fc7d1
c2bec3b8c019bb77
cdc2cdb0cc9fcde7
ccb3cd4acc67ccb5
ccd1cac0c9a5cacf
ca4ecaa8c9caca2d
4abd4c614a044ba3
4606489f489b495c
4d424e744cd34d67
4c5d4ceb4cdc4cc9
478d460948c64803
4cc44afe4b2c4955
4368c232b8283a48
469e3f78408135a3
c744c70cc9b3c785
c9f3cabbc9f8ca56
c4a33bd3c3973454
c709c88ec6b5c6f8
4d324cd34b974d13
4a0749604a294a53
49fa451e4076460a
434a418743633e59
cd04cd54cccacd60
cc6fcb65cc36cc60
cc45c916c716ca4c
c80fc37fc7ccc4bd
386e487c48634552
481d497647f34992
c744c894c8dfc854
c992c911c9a2c8e7
c2e3c238c62ec425
c81fc540c80ac4c0
469b49424894480f
4820497248064917
44f5bb0f3f04b12f
3b713b683f46ab77
4079c7e6c4c2c4e2
c5bec7eec391c746
c42bc496babbc368
3e67c30e3edac069
c83c3e484018c032
449b3f70435d41b4
c69cbfa0c3b6c418
c4f7ba2ac509ba87
c31cc8b6c86ac64d
c83cc808c878c842
484b4c13487e4b11
47684680481c4701
4ce2505e4e174f53
4c9a4dd64da74e01
462eb19a407a4261
43883f09441a3c71
ca4ece2bcccacd13
c946cc8acbe8ccf6
c514c4f9c31bc5cf
391abafac073bf65
459f4794486d4862
4606486546894906
c8bcc807c8b1c687
cb79c832cb6ac791
cb83cb6acb23cbfb
cc95c55acc7dc8ce
486c432446ee42e5
47ba4a4f4798488b
4c0a4913497c4963
4b90452b4adb47e6
c3c8c432c40bc5cb
c530c937c074c746
c38542e1a76ebe5d
c414bfabb962b272
4661494d47874886
47c94543464b475e
c429caa6c4dac55d
c0bbc89bc1c3c87b
c5bac840c39cc55f
be10c788b4eec7ea
3e614a2941914591
452641a144d04231
40bd44c5b1994410
436142873e363f3c
3b18c511adf4bcc0
449444b13ea540d4
c56ec899c548c837
c660c151c621c1b3
c825c705c85cc5bb
cc59c8bccafdc855
c3543cfec1d53e10
c912c3f0c860c430
48f3489248c64847
481948c648264885
4d624db14d354d51
4d424d634d4b4d48
45bb4b3148534878
48b5494747fe4905
cc48cd23cac4cd76
c93fc879ca39c94f
c8beccaac7f7cb7f
c584c656c647c6a3
4a2f4ac149e34aff
4a1145ab4aa248a0
48ec48c0461148f1
4817b4a6484a4183
c54bc709c81fc770
c6e6c758c769c7fa
c9e6c666c91cc8c0
ca88c678c97fc7c2
ca88cb0ccacbc9d7
ca8fcbbeca01cb52
c888cb8bca29c949
c912cb94c9c8cb7a
4570482f473f46f6
444d48ed44eb47f8
4c504c874c7d4c52
4c984ce94c834cbd
44533a7437c3414e
43deba1d3f99b3f9
bf3f3fcbbe513f89
c49a3885c310b6aa
46324992483d4917
45a849a0460a492e
bbabbf563408c20d
4201bfd5391fbc30
c5b4c91ec25fc93a
ba22c59ebfb8c570
c3e5c817c3aac66a
c505c125c4b1c28e
b88c4429c40941da
c890c0b3c77cbea5
41ac49133f6a4681
bce23d963c4140f1
c4adc863bd18c70a
3f85c4224127c3f9
c820cb59c424c93a
c021c68dbef9c684
48e14a984a3749b4
4a244af54a054adc
4cc64ebb4cd64d29
4d124d564cba4d68
c095bf85c4a0c38c
be11c60bc2e0c46e
cafccdbbcc4dcc37
cc16ccf1cc18ccba
bb77ca4ec52bc49d
c8e0c61cc619c71d
42a33048baa036a6
c068abd6ba66bc52
c5793ed0c6d2c280
c465c3b3c67ac4a0
3d1a488f40f5480d
38d0461e37dc4447
49354c874b414bd5
4af64b534aed4aee
c604b39dc155c423
41b4c482bca4c0bd
cc11cb57cc06cb31
cb6dca89cc84ca2b
3b3a35153817299f
c21b4820c10e4485
48c63d8946f840a9
4632496a479c473b
3c34c914bd2dc4a6
c0a3c60f3437c48a
c042c44f3fc2babb
bbc9c58940f2bea7
40ad4168473e42ce
478932fe487142a7
3fcb3d7240223c92
4469c594442ec12d
3d2b47553b18408f
3db6c1483caabd56
45b5477444de4552
4679460f45ed44c8
4092c051365b3f70
410341493f193b10
c4fec0eac68cc260
c79ac0e0c88fc305
c5bcc3cfc7b5c74b
c7a7b88ac946c0b7
3c543d21403ebbb5
417549303f1f47d4
44fd4b7f488249f2
44244a7447234a54
4280461c374c48a2
c1b9c20eb98dbc7f
3765c8ddc5b1c371
bdd6c92cc26ec8b2
c81dca9bc818c9e3
c48fc8b2c716c8d8
ca43cbeaca29cad3
ca68cac4ca28cafb
bde4b0aeb367b811
c41bb3283584bdaa
49394b434a5e4988
495a4b5a4ab24aaa
4884454b478644e2
49e946b448334708
41743e0342373c7f
4572302e3ecf3f1d
c3283f7032f5b2ab
c39bc030c15ab0c1
c6e1396bba41c092
c46dbfb3bd823750
c34bbc6bb7c0c080
3e2f38593b6f3e43
2c5ac0a7c261bc30
320cb599c0c4c1a2
442d42193e3b4459
3f123d16410db900
3c35be623dc4359c
4013bb4342eeb99b
c0e1c8e6c4dcc808
c04ac23cc32cc497
c148c393c3a4c545
c58eadfcc616bd50
c607c000c462c0b4
c802c3fdc714c11f
47aeb49a3a6d4409
44fac23f4325bbd6
4d1d4a454b194b83
4cdc498a4c8b4a0d
3e6445524459453d
3fb0452244024545
cb92ca46cbe8ca24
ccc9cba4cc68cb9f
c1ca4529c1aa4062
c446c3f3c46cc396
42834c6448da4a4f
44e849ac45c04970
c490be40bd8cc4a4
c4a743aec4e73e65
c409c889c330c897
bfda3dd8c385c039
4169c54d43eb21ce
44a6446144a3421f
472a42df483e4596
46fb41ce489b463c
bdfd460440b43bee
4123bec4442e3c3c
c876c508c6ffc713
c63cc4d1c5dbc620
b931c53ac51cc4de
c60ebf2fc5f8c337
3d2fc154c467c370
b182c2b6c286c420
45773f954131443e
496ebcbe46e338e8
491649164ab34b4e
4c26460f4c514929
c313c5f0bfe6c33c
360fc5da3d33c2e2
ca59cda0cccacd65
cc2bccaccc77cc7e
c4f0c30ec73fc552
ca06c35dc993c49c
43744b4047d04a3d
34564b15401648c9
455f464f468d47fd
446d490d428f4648
44ef44aa43734490
43ec3d7d3f19404a
3ff049dd43104799
3279ba313b4b3f82
c3c134fbbb9fb07d
c5debea4c07cbd25
c20dc93cbcbac81a
c02943fc38553c64
43a9c6cc410dc4fe
4626466a45a0447c
441f41e243aa4447
43e0409c450d4404
bd8f45d03340442e
be72bf0038f03a82
c51cc880c9b3c93b
c53dcaa4c82bca1b
c232c3c0c837c52a
c0bec97cc660c926
44314aed490a4a0a
495f48e3492e4903
4080bcd145a33c8e
46ea4445467244cb
c8e9c977c9b7c9b5
cbe7cad1cb9bca55
c18948b01bfe43e3
c5fe444ac5c33f72
4ad74a584c604ac1
4d354dde4c7f4cdd
401ac72f4294c179
4363430344344243
c73dc752c88dc807
cc00c8aac976c82c
38fdbd1fc33ebc31
b67bc0cbb54bc0dd
c4b3c884c60cc481
3f8cc8b0bf66c73d
c0b1c263c140bdea
c54cc6ddc18ec484
476543be443f41fe
3cc5442d454f41c6
3f4bba25c192b9f5
37cbc407bdeec4e6
ba5e3fa6c3093cee
bccac537c482c456
2a143c333f92bb3c
45c145ad4207440e
c256c12b4120c164
44f343e7425242e3
462d4782486849aa
405742ff434846c4
49874bfc4a724b91
44994a1647a04ae3
c8de4143c117c735
c5c34208c2614011
ca7ac895c922ca52
c895c7e7c858c872
449fc4cc3d5b4131
4273bd4441d3be8b
4099c4cf389e377a
3094bd8f3cfabd65
c720c388c820c684
c844c4cbc89fc611
bb8445c7c178368f
b8f840ddc3aa32c3
46294715459c448a
477447994684466c
4264b5d442333824
3fb5402c449e4013
3ce9c88cc31ac08a
c2b3c7bfbd71c6eb
3e1ccb16c80bc5ce
ba7aca3ac355c9bd
c403c69fc784c61c
b8ccc836c4dbc7d6
315a48e743b246b1
414a4327402744aa
47194a4749174993
45e448b547494921
bd0e4799433d406c
be56448a35854459
c28e48a441de41af
c01144d436864502
383ebf1c3b34bb9a
4184416f3f3d4120
c45ccc20c621c9dc
c314c70dc45bc762
bbf5c2d543b4b756
bd4f36c4425c402f
411b496448bd4877
45cc495b477a49c1
c13e3cd4c148bed7
b3533d5cc3cebc14
3789c69ec46ec3cc
c15fc5ecc457c714
392dc52bc058c016
c071c603bf24c410
c58dc4c4c79bc5c5
c474c681c5cdc63b
bcf4c4ccc6abc421
3f8bc444be15c616
43d23f8e36383efc
433ab5d24246b8c4
42fc4a85473b4871
bbff47ae436f47e8
4666485d48a1488c
447d49c447544932
48a0bcb742544143
48044183451140b3
40aabaf3c54cbfd4
c06dc757c5c7c5dc
c93fc8a1c921c8f3
c9ccc8b2c9c2c8a4
c90dc833c13ec5f6
c872bef1c390c156
bdce497e472d484e
bd8b454642234686
c33642bcbe6739c8
36acbd66c2c7b870
be6fc70dc62bc715
4220c2c4c1ebc4fe
44fa46a044bc429b
453b464a46324526
3cfc412944ba3e66
b9984310437d4422
305fc8f029f3c4a2
3cc5c1bf3e31bf2d
3f7ac4203d5dbb17
4650bc1c443a33fc
429b401c413d4335
44f042a6447641b8
3cbfbea1ba143c23
3b073e0e391db81b
c003bdd0c321bf9f
bd83c5b3c2b2c4e5
439346e442cf4639
4064bb0739cb3d4e
45f14bc048c84ab2
3cef48bc454e4933
c1cc49eb427a4225
c61f47d438a3480e
3f6cb83bbeacc55c
bf1b3cbdbf073c82
47b6c81dc416c3c2
314bc71fc21ac6ae
c92bcc43ca67c9dc
c89acb23c97ecb7e
cb82cbe0c83ac991
c48bc53bc6a7c833
c2a5c1c23b8fbfef
41ee42a43c54387a
bad040aebc1fb781
3710b55dbe0ebd76
40cf4187a5ff4285
3ddcb5e9322c31a2
415c425f407b432c
41433d8d42ae4171
31a2455e40554100
28ae3d4941923ff6
3fb63e183e6e4048
be2f33ff3a6f39f3
3e26c60ec149c158
c0d9c43ec133c14e
2d1b40a1be8f382b
ba07c027be1ab4ee
47144d9e4a5c4b0b
46c94c2748b04c11
4a614cae4c8b4b47
49fd4d1e4bd74d14
3fd6c88d2f82c26f
3f55c28e3cb7c0aa
ca23cd9ecbafcba1
c993cc7dcacccca0
cab8cb53ca54cad3
c881ca17c8fbcab7
38cdbcb0b9eec0cd
4245b4d34065bc00
47d4459a469046b7
475d472846914655
3e7548cf475b4837
419a485b4351484c
c1e444c936e73f1a
bfceb235c0183c57
3846c231c53cc3a2
b5b0c7eac294c753
46ac3f3836313f63
4435c17c41d3c049
432441f33fbc4253
381e3eec3c5140de
c2e5c1afc006bc77
c4733ba4c4b9b42e
c73dc53fc410c571
c6b7ae9fc4d9c182
c505c56dc461c63f
c46bbb0fc0e7c17d
bb92c4f9c0bdbff3
3c96c4b5b593c1b7
bc99bfa6ab41b66e
a61fc41db8d6bd97
4001486c45214533
baea48393c71477f
433b48a445bc46dc
be8348303e5a47d1
c5b9ca67c6cec954
c6e3c8cfc548c860
c966cc94c92dcc1d
bf3cc8f0c472c9ec
423348ec45534733
487b46a647524597
4c934dc04a524d00
49e6493249ff49f5
4b854983482e4a2c
49a2460049254688
43d148574706484b
464d444c46da4608
34563ee138fa3ce6
b9e8bd55bd2c3ba2
c1a4ca55c6a7c89a
c4c7c49ac78dc548
ca2ccc5cc8c1caf3
c981c6eec93bc7d6
ca93ca3fc948ca28
ca72c8bfc975c8b2
c7d2c633c670c7b5
c5b9c4e3c626c639
bca23d1444e03fba
447944be440d4365
425d49bf474a48ba
4344469c43374783
b5e4459bc0a13b82
c063322cc11dbc36
b5cdc9f4c5ccc75b
379cc5673b88c75e
4306c10b3ce23d7a
3858be6d426e2dcb
49714e3f4abb4c28
458a4ad847314b96
4b3f4b22496b49cd
4a144901490048c8
4297c916c0bbc47c
44eec7294280c656
c96ac773c8a9c8a7
c885c953c83dc8ad
c6103cbbc5f0c0f3
c847c0b2c86ec2da
41134314429e446d
401047b23d4044de
b4253bc243f640a0
410c45a7426844a0
c102c824c437c455
c1fec6f0c06bc4dd
c55ccaf9c7a3c840
c219c81cc43dc7ae
ba14b7fb408e36fb
43db458f40c24362
424548a144dd4567
bcb4465d341b45d7
c801c90cc901c944
ca16c980c9cac944
c7f9cbd7c852c9e1
c10fca00c2eac909
4527485d497d4813
48e345934ad94909
48814c364b464a9f
48d34a2749f24b34
422946ee3e8e4367
40a7445fbf9240eb
3cf4440ebea33cb0
c1943c23c2cdb8d7
467a45314396456c
42d745a744a642a8
4047c228c456bc9e
410fc430c0a3c66b
c237c0dfc70dc37d
c5a9c898c703c829
31ea48a242a1447b
c4d343b43c72443d
c51cc231c065c2ec
c4644002c1f2b6a0
c4facac9c5dcc84a
b9f9c15ac3b1c464
45fa3ad544d1429d
491d40624789443c
c74cc83cc88cc92b
c547c849c79cc83c
c0e6bcfbbf6dbdce
bbfcbfe7c06fbccc
c2cc44cf3a404451
c6da39d5c4633880
3cf84948425b45f4
c7184411c0d34274
4a664aa849e4498d
469e49ad497f498e
46b3be9d4054405c
44873a474595346b
4853455c4430484d
45ac404d449e42db
4286459a414d443e
3c6c3c663cf542b1
cc2ace52cbe2cda7
ca8ecc14c9eccc40
c6c2c969c1a0c7eb
b6edc476b9a1c4a5
497c4fe54d0a4e05
4b714cf44ab84d92
41944c7a474748b6
44a7494f40c04989
c150cd04c991cb51
c1d4c942c6b5ca23
40bdcdb1c906c9c6
c0fecaeec406cb13
447043503de5412b
3c5f3f7a417d3f6a
b0184ce2485e4902
44de49bf46954a10
c6903d12423141ba
be4c40823d2a429b
bea2ca3bc150c42d
c2e1c214bfc2c508
4451bf70c268bda5
b689c28dc011c4e8
c23cb6a9c625bbba
c7d0c718c76fc657
cb77c95ac9f2c993
cb02c888cb06c8ea
ca03c695c914ca89
c721c568c900c6f7
48bd4858460046be
4801467647d1467f
4ccf4c9f4c874d3b
4bfd4bb74cb04c0d
40c4468346a04449
484345af480645d3
c672c91ac48fc8ad
a1fdc3ccc211c439
af0db8c4bb3ebc8e
c26eb115c44038b5
4432443234a8b0d9
c1bb38ebc1133ee5
393dc973c440c684
c244c652c016c5f9
c7d4c7f6c466c228
c5afc8cdc28bc794
c165486b4419472e
b8d43a2d408b4103
4bb24b004b864c15
4ad44bf04afa4b4f
4bff48534afa4ae6
4c874adb4b5d4af3
c5c5c45cc2dbc536
ba21bfbdbdc9bdaf
cc40cc23cc3ccc62
ccdfcab8cc1acba4
c943c97cca1fc9bb
cb6cc95ecb24ca26
c45e415ec26bc2be
c016bcb7c463c0c9
b6a6456fb9413f8c
412f380b356ab99d
44882de63ceb4261
43703d294244379e
4584462c45e44400
44fa481e450747c8
2c8a4c0145b8465c
b69547213855483a
40dcbf31b7d73e82
c042c527bb5bc086
488bcbbbbcf7c033
47efc7dd4574c648
c59cc81dc482c7e2
4385c59b3936c670
cbc2c932c96ccab4
caa7c824c90bc8c7
3f4ac08ab9c4b84a
c83c3dabc2c63c6f
49d54c9b4ac64b77
49154bc748a14bd1
4431490a49174887
49694a0c48354994
4467c767449f3c7c
410e3e4345353f80
43a1c32940752de4
37a8c137413fb954
c73545e5c4d2bf14
c19dc119c5dec0e8
c62445c1c651b907
c3e0c014c766c296
c45bbf81c6b2c371
c77bc681c681c6c6
c615c31dc5d9c39c
c8cbc7c2c602c6bf
49993bea4780456f
491844ae48f44599
49b4bbdf48de44ba
4c7b48154afc480d
c771c1d5c455bee6
c372be87c543c1f0
c62a450ac624bf92
c99ec213c8f2c298
be4a4535baf5c1f9
be46c21bbf3bb500
c332c8ffc0fec734
bd14c439bc91c392
4042ca6d3383c4c6
bdf3444640d438f2
b2e9388038ec3885
b78f440b395240ef
c80243d1c62836b3
c6efc64bc8a1c636
becfc927c559c568
c408c68ac49ac837
486dc45547a3446f
49264067492841ae
4b664f694d014e3d
4c604b424c554c8c
46cf4e5048f54992
467c4a7f47734ac1
c12bc749c579c841
c524bf57c539c150
3965ca7dc62bc648
bd92c697c5ddc5c7
c844cb23c900caf3
c705c807c82ac820
cc7ecc10c91fcb1d
cbfec88dc8dfc8d7
422a44ef464148e7
40cf438a451444b9
4bef4c3d49994c0d
4c2f49224a874951
c03fb184c4ecc079
c02ac418c15dc526
c6c8c8e8c915c900
c906c83bc8e5c90a
c105c678c50dc70b
bb35c2f0c1dfc475
c6dc43a1323c384f
c06ac16b3ac0b926
47304ce44a714b86
44bf482b483f4971
4a2d47da48a24748
48944954465248ab
c69fcc22c8cacb41
c18dc738c7fac7e9
c8decab5c83dc9e8
c63ac944c811c7c0
48c84c194b8d4c77
45ae4b7c496f4b71
49b04ce64b774d0d
46cf4ca749f64b5d
c831ca93ca68ca43
c761c96cc943ca1a
c935cc2dcad6cb83
c870ca6eca0fca3e
c72bc67cc432c5bd
c4bac08cc443c2bd
c130c53ac318c496
b8f8c3babd70c3d0
471130b43b1f3814
4119bd9741de2fc4
44f1345a41c73766
36823bf5422c3e2d
4561445547314640
4878406d484a42ef
4c344cf54b7d4c98
4d0248454c604a10
4c4e4c8549ac4bda
499f4a0b49984a85
c3e7384ac42fbc1f
c7be42b2c722b19c
cce7c5b0ca39c975
cbe0c749cbb0c8c8
c94ec3e9c59dc604
c8c1c632c6f9c5a4
c22fc55fb75ac503
ac49ba8937c2bdfd
ca60cc86c9c0cca6
c200c8a0c879c996
cae8cce1cb4bca83
ca1ccbc2cbbdcb74
2f4341e63f354874
c839b9cdc0de3a9c
49164a594a454829
47104a264a9d4a61
475a2fc04811b9f8
492c46074a0f47a6
42dbc4753c0b3ce8
41f0be4b3accac24
492447184212481d
468a42783cd841c0
49084cb347324b1a
489f480e466a4815
c1b4491b3a5542d8
328640593a473f8c
c6d2c9e7c666ca56
c293c4bbc314c702
41f7c71d397bbea5
452a38924239b984
463c433142f6469f
4159438d3fbd4286
3cb9c0e5c123c0e0
c883bb96c4d9bff0
bfd93d83c0f2b8c3
c849c1b0c33abfb2
c56d40e2c0463c4a
bdebbe15bf19b6da
c4d2c679c326c500
32e0b4e8c030bd38
c1d339b3a9dfbb8e
c0ad3b4cbcab3b28
c8893c46bb54c17a
c1c7c2acbe06bea1
c1bec782bdf7c42f
4401c69b3db3c498
4c2f484c48f54a15
4a3844db490c46a7
4685482b4489442f
44914489419f4415
cb8bcb4fca94cc62
c8c9c95eca04ca4b
c732c9e3c762c844
c757c6ffc662c802
3ea53de4433445e6
c3d2416a39ba405b
c3d740b8bdf33f25
c92bb9cec612b930
c05dc1dbc3d0c470
c4793a58c4202caf
4363bf284463b10a
4a91493f48c747e2
49f34cd34b184b84
4c784bb74bf44bac
4cfa4cd849e04bce
49a8456649b14865
4497ca76c5a8c5d1
bd60cb34c072c9b7
c85dcbc7c7e1c946
c58bc8edc630c895
3af4463d450e4241
44da493c43e848c2
3c114a8243ea482b
39cc47133c3147ab
c18449803c3c4908
c97cb206c4023446
c4d63fdcbbb63ebb
c8533d26c24ac059
cc2acd29cba1cd3d
c787ca03ca4fcb6e
cbe0cf0bccddcde9
c9c9ccb6cc68cceb
3ed0c48ac2acbdc8
c25dc013c4bbc3d2
49a04c7e494a4a24
494b49a64887497c
44644884489241cb
4924468e493648a2
c0e2c8df40e5c611
411bbfbe451a3a9f
41ebc3c641353d60
4096be00420e3a95
453b4739450545e9
4546408245384433
bd8e46dc42bb41bc
40dd4472456e444d
453d49d744e64945
b7024805436e4731
485046cf3c9b48d2
bca43e43c0da3f54
ca86cca0cc3ccb89
c997cc0fcc01cc80
c09ecbbcc923c99e
c401c887c641ca28
4f8e4dc34d234e13
4cf64c634d054cae
48194e4e4b724c87
48274b86488d4c2d
cf36cc9fcc8acdcb
cc9fca1cccf6cb5e
ce1fd040cdbdcfa0
cc43cd05ccaecd5b
baa1c83b2dcac309
385bb91742d336cc
49824a9e4b064b1e
48a74a9a4b434ae9
b19045bb42e741c0
3d803dec43434099
c23a40f02efb39de
3864c059b688bc15
49c04c7d48a54bce
474e481446a5488e
40044492c22dbcc5
bcf4c05cc3f6c10f
c88ccbb7ca05cc4a
c5a8c97ac9a3ca31
3e79c711387dc3b6
411cbc9cb677bddf
47cf40da487b46ac
441346f0474d46c5
4b7548cc4ae74c7c
46b649064a6d4961
4a934b9548314c90
4793477c47be484c
ca7438ddcb88c925
c94ac437cc15c74b
ce51cde3ce14ceeb
cd46cbfecdd3ccd3
ca57cdcdc854cb77
c6ebcb5ac375c9d5
479648594b794938
4ba7474c4c7e4a0b
4e75500e4fa74f63
4f8d4ed24fc84f33
47d9442146ab45f3
44b7458947c64489
ce44ced8cec9ce97
cfd4ce14cf3dce69
cd4ac979cd01cbe4
cdcdcba0ce42cbeb
c3b73fc4c56cc06a
c3eebdcec6fbc276
44fec321c3b0c246
41d0bd40b9b9c404
4ced48114991495f
4c7a49034ad548a5
4cf74b144cd64c3c
4cbc4bad4cd24c46
c5cdc399ad50c547
c6b3c1cabf88bd14
ca8dc595c65cc976
c946c761c884c6d7
484c4c6a4b454c3b
4a484af549e14b5c
49134c604adb4d73
49804a934a7f4b02
c741c99dc9fec85a
c956c9f1c85bca68
3f62c964c821c856
c30ac7c9c4f5c8cb
489245914653478a
492a476447c046fd
c4cdc544bc83c25a
4281c0103c7bbad7
c754c598c1c2c635
bd01c570c190c377
c8c64491c1dec1a0
c6d02d48c6e3b5f0
cbf8c96ccad2cb56
cc48c831cc01c90b
b990cad5c7fac8e4
c8a4c7dec707c80d
4a9b463a47464744
450945b347d54626
4598468046654602
463844ad46bd4632
ba23be03409a3e55
452abb57427e3de5
be04b4b539e8a0bd
3d83b2a9363b3171
c0e5ba87c2a8be5f
c6dabaefc563c1e2
c4204410bd243f2a
c6693f7cc456b73f
ae2347cc44d341d8
45464683446a44e1
495a408d46e344aa
4b0244d748b1446b
46e9be6d3aa04230
415eb9a13a29b97c
c9c3c531c934c75a
ccaac776ca32c7dc
c9d2c5a2c92cc7c6
ca33c8aac853c82b
4a724a1148d34a98
4c7546ca4a5a487c
4ed54e054d994db2
4f294d104e124d39
482342334558a097
4803455047074449
cbf6cc44ca19cc3e
ca34ca08ca11ca09
c9a8cbfbc881c907
c97bc9bcc83ec905
bf46c870c47dc22b
c660c6c9c461c62d
c81cc1ffc430c443
c80cc2b4c7dec244
c8ebc47ebf31c633
c320b6d5c25daf6a
c6d1c81fc0cac506
bc84bb2ebc58bfe3
c544c107c195bad0
c2562db7c557bf60
409c432abeac4044
bf683810c361bacf
49334a0743604872
413a451744f6449b
4b9c4d9d4b1c4c10
4a244c2b4b744c1e
48884938490045f9
48ec48e048ef4958
b7933fde3cb24130
bd0ac4ecba11be34
c0de4176c0e54486
c60ac865c438c617
4109c6fdc5a3c6e1
c2c0c61ec254c6fd
456fc766bd96c749
436e412b3e16346b
c5cfc845c140c616
40fac018b845c0bc
bffac47c3a89ba33
458dc35e42acc129
486a49de49c14a20
491a4a3b49504983
c5f744f7386f3ed8
c24946f5c02d4506
cc3cccbccc2ccc93
cb5eca36cc15caa0
c8e8cd32cb95cc01
c97bc9f5cb04cafc
bf2abb1dc1883203
c479c042c497c142
376a4827450b471f
b3933a9440dc41c4
c3efc2cbb9e2c2d1
c04bc574b515c3e5
c295bcffbf95c4a7
c70cc345bd47c1c0
49a84d064a8f4c23
42a3496d49554a89
4b2f4b2949e44c66
4ac9487349324950
453d434e34a2418e
474438b1391935af
45a146b2418ab321
41b5458c4395449e
3fa2c70e3c10c53f
4548422c451e3ed2
c4c5cbd9c4cdc7b6
42c8c5d7bcb5c654
c23bc818c401c3c8
bd7fc45ec40ec497
40073bd0b6393c03
bdcc4394bdfe4104
bb1749203910431a
c02c44a4b9e24474
c3f1475a39cf38c8
be4ec04e38b23070
4421421e45a74591
4142b4f5457b40aa
28183be03b314433
c0a13fe4be7b3c72
cba3cb98cb8ccba3
ca0fc89dcb58cac9
c142c8f0c603c6bf
babdc59cc251c730
4c1c49cd4a604b55
49de48ec4a2549b2
442647cc454d4549
baa945ba3f524557
c78c3aefc1d1c398
c834c1fec61dc1c9
c69cc51bc537c652
c75cc833c650c634
cac5cd09cae3cc83
c9f3cb5bca69cb1a
c9eecb78c910ca83
c642c68bc875c813
3e5541ef3c914273
442244c6400a4282
467e482a4516469f
469841d046a7446b
485c48a049274870
4a04442e4a6547d6
4a5249454b434a16
4b5f4a494c144ad7
4a0e498749bd489a
48d94b6249f64aad
45ea473543c1454b
46c147db453645ab
3b8b30c6bb64445a
3c9b38b928e7bd8e
4254c012c0183e61
c52dc41ec2e4c454
46d1b991c1ea3c09
c2f6c751c47fc6a3
b5d8bf2cc461b6fa
c1c0c6c8c5c0c630
cafec0b7c7b3c80a
c84fc63bc96cc572
cc39bffac803c8fe
c965c5f6c998c4e2
c9f2c916c663c8e8
c8e1c586c593c578
b8bfc875b486c50f
bc793f74412fa930
4a324b2c4925490b
48fc49a04951496b
47f349294914486e
42b849ac48b24953
c9f2cb6fc8bcca3e
ca94c835c8dac8ab
c504ca3ac843c7d1
c5a0c8efc8b3c916
402bbd103f564473
43abc36d2e55bfc8
b498c25f3d3ebb2d
41f2bec64108b1f8
b07443a13eae402e
b8be45c33a2344af
c0504268b9923ef6
c50e441cc482404d
c7aeca7dc814caa3
c855c666c80cc804
c7f4c8e8c5e8c99b
c4b7c63cc3cec710
3ebd451442f94508
45973ce544a53d88
4b4c4a6c4a404b31
4c4f48e54bc0496f
4bd84a824b9a4b26
4c4a4a874c324b8b
40d7b900427d409a
b99e40143745425a
c46840a9c3acbe1f
c8e830f9c83fbcb0
c4f14b36bf2740c1
c435453fc46543bb
c706c421c700c4cb
c3cec709c54cc60a
c381cc18c8fcc933
c681cb58c6efcabd
c665cb22c973ca88
c730cac3c7bacad1
b57dc6f5b862c295
43c9bcf5427fc053
48db486d499c48f4
49644b0f4a1649e7
c06b4164bdf0be01
c40c417ac21a3b46
c62fc93dc735c666
c729c849c7a8c74e
460844d6481b49db
465d4343467d4622
473c4bf048d14a41
452b47f145f648b7
c4bc32a2c58ec40f
c9f9c59ac8f0c500
ca02c947c9b8c95d
cb69c948caffc9e7
3eccc456b51ac357
47613bef4419bc31
4bb347894af84841
4d494b274ceb4b15
47dc49ea4a7648b4
49a84a704a5f4b2c
415347344517448c
443244e542074621
42e4448b409f4336
3c5f42ecb44f4261
c828c761c89cc7e3
c9f8c76cc9afc871
cc81cd86cd24cced
cc28cd0ccc30cd67
c8c9cadfc8fdc89c
c5aec9c3c483c9f4
3e98435e425044c0
39643bfa420a3ecf
477349a345924797
3e2d455240ec465c
42ac43ee3f5842ad
bcce3f73b830418e
c5c5c549c2dbc154
c20dc495c41cc3a4
bf8dc124be5cc3b5
446938753bd1ab88
47b0477d47684326
49cc4909493548d4
493c4bea4b434b6d
49bb4a184a5f4b0e
340241dc400244e9
c0e83c28c0393da3
be57c931c7b3c63a
c8b8c6edc878c83a
4a45c0c4438a43a6
461c3b89461d3b75
458c456843e943c0
480744c245a34379
c93845e5c4abc463
c51740e2c592bc39
c8e3c6a0c6c4c871
c7bec4f7c584c67a
c695caf8c573c87a
c629c9a5c524c837
c465c00e2c8db96e
c67dc44ac4c1bc8f
c7cec722c4b7c52e
c945c42bc7aac484
c933cbb4c997ca9d
c6e5c866c7bac953
48d2498f4617485d
4b1e458749af4643
4d7c4f044cc64dd9
4da04c644d784ced
45ec480146f2459e
470647a947544855
c406c6acc2f7c548
c454c173c429c1ea
c522c9b9c80fc77a
c6ddc6f9c7e1c8a4
c8a2c9d1c8dcc856
c8c7c82cc9cac953
c2a73aa9b8194071
c614c070c5debc1d
48724acd483e4925
457c4797451948aa
48114bf648674826
48664a5547b749c7
331e3e5e423d41b5
c01a441542a94273
c2c0cb33c665c6a5
c882c92ec3f8c8af
c0f5c761c7f7c80d
bbaac807c546c81e
4129487640304086
495b450c42944474
4456457f47f1459c
495b487c482c48a3
45793744480745ba
42f047df47ec481a
4422b8533c2b3c4d
c238b9763bf23940
c428c964c85ac8c5
c6eec923c7dbc8bb
cc3fcbddcb6acb7d
ca58cb7ecb0dcc26
cdd4cc5ccc27cceb
caaecc99cac1cd0a
c083c5673464c4b9
4414c37a448cc237
4c254d124c3c4d80
49564b244b544c29
45304bf6458c4b59
c417465637954707
c30ec3f5c661c69a
c5b6c0d8c6c7c44e
40724165403ebeca
45c747ad3dff4602
49154bee495f4a8c
49874ac046f04a94
4bcd4a3648914b08
48ea464f46814770
44ba37f23ff33ad6
3e16bc863be33ca8
caf0ca90c781cadd
c90ac4e0c751c4a2
c889c864c601c781
c7adc107c488c3ce
437cbc4a32d43f00
3a10bb9140a7b873
446ec2d2407f38b6
45a13b2f459b3aed
47c548eb48b848c5
4a5848c749d5482e
afa3449b3d2c4215
41acbd293d82b96e
cb9ccd5fcc5ecc5d
cb95ccedcc3accf1
c9dccb24cb4cca46
ca2ac9cccacbcb79
c46640dcc292bc65
c1ad3a13c27cc04d
b8ad39ae3c92b891
3ae6aa5637a43c4b
43bb42f545f94182
3fa13d03444a44f8
483e4a844a7f4989
450b4986491d4ab1
4a4e4b5e49924a6e
46cd49e948724a40
46b9482736a44368
3a3b3f89b814403b
c78ec635c818c842
c610c565c725c6c1
c7f2c9cfc408c631
bc81c523c076c54e
41efbdc0456d4419
483934d646ae41e4
c243c52ec392c4f7
c3a0c486c325c3a6
c9dacaa0caedcb2f
cbfec944cb90ca53
36e5c26db70fbef7
40b7402e3c052fe2
4883488348f348ed
4b5e49be4a8f496a
4464497d457c49d2
41fe444041e245b9
48b24a9a496b4b0f
46fa480d479f4892
4796457e4757415c
49ba468549004528
c905ca3cca10ca82
c805c9ffc9a0ca88
c97ccad4ca71c96b
cb00c923cb3bc9a5
3d75452432073c97
c3a7442c3bb341f3
45454d4d4790499b
3d3c485e4600488e
43cd475145c844f9
3fd84571420f45a9
39b0cc15bb01c802
bea5c0412f98bfbb
c2fec9f9c473c6c3
c06dc6a3c0f9c4b7
c8c2c6b9c957c769
c2d4c982c800c8e3
cb1ccb75cc22ca67
ca35cc08cb2acc1f
c4a6c676c552c42e
c4e2c570c4b1c661
4b4a48ad4a58487f
4c4d4a1b4b56495a
4c514bfe4c224b8b
4b9b4a7b4b2a4ac4
3fe24c8a49ad4ba4
bc6047f03ff54978
c4054458424e4154
c11942acbdb84471
bbe4cac5c411c995
408dc4483537c43d
c936cc67c92dcb91
c6ebc946c7ccc8ab
cc61c84eca62c983
cc2cc898cbabc8a0
46684cbc473e4a23
432e4a364645492b
4e8e4f764d4e4e74
4d8c4e204e394d71
4a504257446446e7
498443434901404a
bd11c955c5c5c5d4
3c66c8bdc212c87a
c4fac1a6c441c44b
c3bac611c549c5e3
c8acc999c9bbc94f
cb39c9faca0bca53
c9a1cd02cb00cbb0
cbc0ca8ccb0acac6
c3d1c683bf20c449
c1ae40a2c35b3f1f
41394780480c46b2
4681492646fa4949
c420455c427c4061
41643d03437d420b
c286c0a1c0ddc402
a736c4fac0d3c386
4857c0343b3f3d6a
4430bccc3ab6bac6
437e44053fa3457d
bc1f36ecb9aa3e44
c9044270c327be98
c8ddc227c810c160
bc594700412840e0
31af428d3d4441a2
4b6b4aa54b964aef
4b6e4a5d4c354b28
493b435b494f46de
49fc45a94a554817
3562c0bdb567c182
405abcf23b7bbe07
388e3a5abd292fb9
bbea429bbc6c32e0
4477c05c395a3ae1
32e642543dd439f3
9d8dc289c1a5c0fe
c200c1e1c121c36d
c960c23fc94ac71a
c8c7c5f6c9d4c81d
cbeccb67cc51cbbc
c975c91bcb4ecb01
ca3ccc66caefcaab
c8e2cab4c8f2cacf
c551c259c2a2c04c
c770c7cac4b6c456
b8efbea3bc58c14b
c0ecc2c3c162bb06
b877c78fc1b6c580
b81bbe2dbaddbc60
46d84a8c4a714abe
48b94a7e4a464ac7
4d82507d4f6e4fa5
4e6d4e2e4eae4eca
4d364cdf4c494b8a
4cf249fa4c4e4b43
420cc57dbc02c15e
3cd5bff3a12dbfc4
c16dc4d8ba0abc14
c49cb8adc1c1be6e
bb503fddae99add1
c43435e6c1732eb3
c949c801c8b7c823
c822c782c90fc86d
c8b0ca1ac934c8a4
c7eac8c6c936c985
c01ec422c422c4a4
c7bac454c526c41d
c848c8c4c824c78b
c9b0c7cac80dc81d
c51cc5bbc76dc42c
c053c4fcc4d7c70e
439248e64035432f
4562481d432945a1
be4b3c86306ec077
2fc44588399742e6
3f65c5fc3c6cb97f
4586bd9e420bb595
46b93ca54557450b
4859bbce475d41b7
c2fbc22bbb5cc3cb
c0acc45fb3d6bcbd
bc97b98d3f63b9ec
b4ab335238523dee
4645485c471f48bb
438a47e044d74678
444f45b435b242ca
bfa4435faebb38ca
4a3a49b645a04730
4755463945f64546
4ad74e094c154d11
4ace49eb4a9b4b94
c8324932405e4695
c583bdeec23540ce
cde6ce74cd42ce4c
cd23cc84cd32ccdb
cc74d0d6cd72cfe8
cb54cc37cc01cd24
bf9eca4cc26dc78d
3843c4083c2ec42e
489448284886484f
49bf4494495c466a
44cc43734466445a
45f4447b446e4439
418a445f3f0145bc
3c5245112e3d4371
48e14aa747b44b24
44f1488144d94864
425344223a704406
c24f4153bc163f94
c630c81fc786c850
c67ec594c5dbc6db
bd3cc50cbbf6c2ca
4510c087404fc14a
49414b6f49da4a54
494546f349304876
49be4efb4b464c72
3db7491b47c64aeb
c8383d8cc496c491
ca81ba60c842be92
ccc4cd2bcc88ccae
c993c896cbe4caf2
c4d4c97ac73ac81c
4464c576c088c682
49dbbd444798426e
4c0ba8034aa54280
4933bb78482d455e
491fb8fd49b341f0
c72fc801c58ec64c
c935c875c6fcc723
cc31ca75cc35cc18
cc83ca69ccefcae9
c9d6c6a7c96bc8ce
c9c2c043cadec5dc
c016463a45ec44a8
c3f049b8403c4841
4ad34aa64be54b19
496449be4b6d4a1b
4cc3481749484957
4c7840b64b5444e6
401bc026bf2ebed1
3d4cbfdc3a44bd95
c53cc7c8c61dc529
c682326bc60ac0db
435c4712412f4894
420244f23d49439f
44d54ed049b04ca5
4675498147e74aa3
40354b09477b46fe
46f84749477348b2
c228ccb0c604c999
4248c84eba1fc811
c7d3cd4dc97eca9c
c747caccc804ca9c
bb90434bb9a6397f
c729413ec3e83d1c
bcc3449e3b733ac7
c56f473cc44442bc
c811c7cec71cc86e
c856c822c8adc852
c4c5c6e4c6acc89e
c4accaa1c49fc92d
b8b5c74dbf86c583
3912c5b03d61c49d
417ec5af3bf918ce
44ccbb48424aba36
b624c725c618c3c6
3e0dc681c331c6bb
c4fdc763c800c844
c413c4cbc6ddc5e3
47aa4c594a3b4a83
45964c12487a4c18
4cd550154dd14f55
4b624d9e4caa4e18
4a584c914ab64b32
493b495d4a034a1e
c0bb449e42b8b841
25e8459f40ae4494
c9e2c90bc848c80a
c74cc352c82ac6db
c83ecd0ecb12ca67
c605ca9cc8dacb51
c4e0ca51c71dc7e9
c638c81fc408c7a6
c5ebc4dbbfa1bf34
c712c015c2a8c05c
c069bd73b964ae60
bf6cc38bc159c0b5
3d7cbb9abf48bfcd
372cc518be83c374
427dbfb2be21bd10
41b7b22735f1c01b
439345dc433242de
458645e04425452e
406149d245f44493
43a2472f44a74866
483c43e545144486
46b144204625448c
44e3ca1ac439c487
bf2cc8d2bec4c80d
ca17c8d6ca03c9ca
cc2fcbcfcb2ac9d6
c7f54c483d63434f
c2ea4714c3e346a9
ab814acf460345cc
48034afd44ab481e
c49aca3dc4a5c7a6
bd91c3b9c068c74e
461ac3e145084529
416f3156467c3dd0
4bb14b4e4c174d0b
4842499d4a944aff
bf0ac3b9bb6ac084
c3e5c181c403bf47
c7a5cc0ac88dcab4
c368c866c621c8be
4405bc66342739d1
46eb418944fc3dbc
3d03bb81c14bc021
43763c9f3167afb0
ba1dc259be49c30a
4261b8273db4b5e6
3e8a47df451f4641
42ad418a460f4493
c7b94280c477ba32
c854c6fcc69ac493
c810c8bdcae3c9e0
cbc4ca6ecb70ca4b
456d410fadae3f80
c41d441cc0873fe6
b8bc4857464d4792
3a5c491c3ed94816
c792bc7ab57fc242
c11e3580c161b941
489448e248e74712
4825465c483547e5
492248d8499a48bc
497a4709491f48e8
c475c896c43dc73e
ba5ac4a3c0d9c4d9
c528c9a4c737c629
c2b8c743c4ddc850
4152c567c06e3f03
389cc573383ec512
46a43cdf3a4338e3
4092c00c43bebc39
43d745ce43cf40a4
44be415a44b644af
c19ebeafb53d397f
429735ffba1c3e20
c2b4c592c5bdc49d
b4c5c001c50cc450
29b7b2d7c027bc0c
c231aeeabebdc0c2
c8c8c83ec6d6c6ba
ca10c608c614c7cf
ccd8cab7cb02cc27
cc59c945cb46ca66
bfa8492f422c403d
c4ac46b1c220467d
4d4f50384df04eaf
4b2b4ee24c434f07
4a3e4c154af54b22
4b1c4bc44ac74be8
c3cfcb9cc3f8c832
4414c83d3200c740
b76bcbe7c247c838
4429c8f23d5bc776
bfc2416c25124037
3c21bae8bca2b934
b656c2f3c227b9c8
bd24c4e7c202c544
c899cb47c8f2c95c
c969c97ac8f4c9cf
ca32c99ec8aec89e
c8b4c82cc8ecc84e
c2bfb667c309bf02
c5b22d23c462bec5
416241483e644109
c2a14535395f3e8e
383abd70404f3042
428c443842c14087
c590c804c4fdc876
b315c755c134c5cf
c4f5c87cc775c8db
c5b4caa1c5b1c951
c4b7c60ec5b3c6a8
c3bfc7a4c485c693
46b83ec24537441b
465a460b45c946b2
4ab2427748dc485c
482748ec48d1493c
b9debfae330fbd9f
c1ef4013b9bd3be7
416a49ca47684811
42f6488244fe47eb
48334d0c497d4c3f
494a496a47ec49a9
c73f4807c4f13b76
c249c3fbc5edc15b
c8603c89c5eec4e5
c765c3a3c54ec2d0
424cc4cc3ae62e0f
3bd73bc03bb230d2
44f6c17f38173f0a
437ec2482d9ac076
4666491146f3462e
46aa423e479d4547
4452be8045ccad03
44e745444843454d
bf71cc29c492c831
c173c450bf7fc53b
31a4c677c467c2dd
c241c4b5c1e9c585
43294416428c4249
455b4476444a4236
c0dfbf2f3847bcd3
4245417d38153dbe
cb6dc9adca18c9af
cbf9c941cb59c9d7
c85141a4c547bbc3
c969c4a2c88fc448
438449264457461d
46e2460642c64647
c863cb1bc9fecb2b
c730c8b4c8dec9e1
c6bcc966c9f9c928
cad2ca56c985cad7
4c054c844a3c4c63
49a448f849ff49e6
45ad477b4841485d
499e4825480f48a5
c00ac509392cc0b8
3c37bc9b38492a4a
496f49c6497a4917
44f646bf490c4943
c013bde13d44c1b3
c344b91a31c9402c
c6e7ca64c4a3c8b2
c30dc604c54ac588
47b04870476b4821
4562482945ad4736
39b944c03e243e2f
b168468c3f274252
c693c773c69cc7de
bf1bc096c302c575
391a3d6ebd2b418e
3a20b9b2a700bd03
b09a40f7bb784346
bb80c15c38cfbf35
b4ce423c31f03412
459dbf0342daba5b
bed738d2bfeac09c
3ebdc3bebf21c24d
c64ac7efc6bac73a
c7ddc707c85bc737
bcc9c39cc0cbc29d
c3833d69c3e2a43c
483c471b4722485e
4532493045424890
482f45f648384919
48b4460047f84663
c1dac5c3bff1c4cc
a362c54fbd2ec3f8
c4c9c8f0c5f6c954
c91ac713c6b8c644
4175c62bc041c0e4
c634c37ac12ac3b1
c632bf52c69fbc9d
c81cc544c76ac629
c8e144aec4a1bb92
c5d8402bc5193c6c
4a96491e4a4748f5
4c504b574bf94bf5
4aea44b04a384932
4c65463d4b844881
c5e941c6b5963e64
c12ec57cc0b4c44f
c60c4527c100c30b
c610c13ac423c299
c412c89dc694c9c9
c5e9c438c570c64b
c8aecd16c9ebcb83
c895c8c6c94cc9bf
c084c66dbd43c370
b6e4c08bbe70bda6
4ab24e364c404c85
4a1d4b8a4b084c66
47fb4edf49484ca5
43eb4a09460c4a1f
ca88ca3dcc21c8bf
cc73cb48ccbecc40
c858cdd4caf4cac9
c900ca8fca00cb67
49ee4118494b4699
4ca64ad64bde4a76
4684435546c6434e
4b3b484649dd47f2
c410bc6ebfbcaf63
c260c652bbefc471
411e45a1443b462a
c16f3b093e7642c5
2f52c45ec283c5bf
c64bbcd8c410be18
c81ac8a1c976c97c
c90ec86fc8c5c8f7
404344eb432a4515
474b417844d441b2
4d8d4bb44dad4c7d
4e6e4ca24dd84d03
4bda48eb4b874908
49c749394a964a55
cd68cb80cc99ccd0
cdd7cc3dcda4cc7c
d03dcf34cfe4cfce
cfeccecdd046cfb3
c7edc687c8d5c633
c660c7a2c88ec894
4a8f4c0d49c24c1e
4b5c4ab34ab74afd
4b514c364b454bc8
4af74b6a4bbd4c11
44e9461e45c5455b
3ec34237451e4472
c451c3b0c48abf6b
c887c649c5d6c5e1
c8dec9a3c9dbc8b1
cabcc933c9f9c9a0
c56cc663c4c3c521
c192bd3ec2c5c2eb
4b6c4d7a4cf84cc5
4d384d8f4d364d7c
4d2b4e664de64d3a
4dfb4d0e4ddc4dc6
31b7c4e63a2ec464
4394c4903bebc0f0
cc86cdc3cc26ccc2
cba0cca3cc35cc98
ccd5ce15cd39cd3a
cd4acd1bcd3ecd50
3f05c68ac510c500
b599bc7dc09cc3c6
4cf2491249844a3e
4cf54b7b4be74a40
48644638462b466f
485b45c748064556
c82e3c8abb55c1fa
c819c07dc49fbefd
c74036a9c0a0bca7
cab4c2bac7ffbf39
bdfface2c4f82fdc
ca29c62cc7fbc465
c40240aac4b1b829
c5b8c2f6c5adc2ab
451447d746374822
48c846cc47004685
4cbb4a874c2d4b59
4d4849e44ceb4ad5
48a0485949d345f0
496647054a074890
c993c86bc592c688
c884c250c823c427
cd72ccd4cce4cc0e
cc48cad6cd2bcc0a
ce3bcd40ce39ce4d
cc72ccccce04cd54
c9becc94cb0fcc5a
c871c948ca00ca05
4daa4b164d4c4cc3
4d6d4cce4e134d06
500d50ea505c507a
50484f5550994ff8
492e4c4d491c4a4e
4725467749294784
c518c854c8b7c837
cca7c926c959c949
c937c938ca74c978
cc0ec996cb50ca31
c5fdc5f7c817c53f
b742c587c80ec7eb
424dc6092f4bc259
459d2cd73f18bc6c
4446c1864755b008
4462459d474345e3
3d442cc945e14300
3d63434c43b94494
c15ac567c5bbc0e5
c654c830c704c644
c932c835cae9c8c0
c963ca71cb07c987
c85d4003c4e8c13b
bf86ad65c507ac3f
43684ae748bc491a
481e4959488249c3
41c7485e46da45d5
42e444bc465c46c6
a4c7b5a13d90bdee
b8443c2c40a53585
463f3fa9452e443f
4621460b46bc4236
454a44f74352467c
45dd45f141e14349
c655bf40c750c383
c89bc509c923c5db
c80cc9a5c99eca36
cac0c9ddc9b1c9d8
2ceccad3c4e4c8ce
c146c778c090c711
466140224444442a
42c43dcd420e4116
49a14a4b488349d1
47a8472f484647df
432ec1a841d8b51d
49c3440248c54290
c4e5bf2c3e32c27d
4898449b45d643a8
babf498c45af4641
40f344a541d145da
4359382c3d7143d2
c0cec2ebba68bd5f
c26cc623c68bc1e4
c809c740c795c707
c8d0b90cc82ec32d
c9f0c31ec934c5af
c295c0f5c442c227
c814b0b8c55dbe69
ba1cc59bbff8c3ef
c2c6bdaec13ebc86
46b844ea4762479f
487a456646ef45a5
4a114b6a4adf4b6d
4ac24a044a3f4a7b
c7e843d9c1f3c502
c7c7c02cc689b9bc
cde3cdabcd6dce85
ccfacceccd47cd54
c90bcda0cb21cc02
c530cae1c896cbee
48cf49e9481f48ae
4996470648d44845
4c624ca74c174bc7
4bbd4ad24c394bc6
4acebdc44827466a
481f4408494b4536
bc0ec600b14ebb19
3395c2d936d2bf04
c653469f3a953f42
37bf40f5b40a3fa7
4195481a402c44e9
b59146213e2f430a
404431cfbbbf4318
c35aa874c041bab9
3d66439f42a944c7
447643f7409f4348
46f62fe543783542
47294480455a42e2
c655cc38c9d7cab8
ca4bcafcc9d4cae5
cd69caa4cc89cc04
ce54cc1fcd7fcc4a
c3b64aea407c447e
c59448e7b8c04821
4c014ba54be94b46
4c9f4cac4c4e4ccd
446bc8ac425fbd69
49c3bdf846b4390b
c896cb1bc73cc94e
c402ca36c51ac924
c447452cc0d335e4
c297c45dc3edc1a1
3cf04899bafe4367
b447b84ac05ab9fd
c042c671c5d3c598
c0fac4b5c4cdc703
3c1bc00d3bd5b87c
417440cf39a7339d
483f460a486b478e
495547f848ff4804
45a6bad644a0456b
447b346e46f2404f
bb78ac79a9dc42ad
c88bc080c0e9bc11
c992c55ac8c1c8dd
cc40c6ccca1dc767
cc17cab0cbcecc5f
cabdc9c3cb97ca80
43d5445142a8443c
465945fc42b54525
4efa4d154e1e4dad
4ee24e0f4e844e42
4b6d48d24b424989
4c944a324c174b0d
c8503c1abedfbdc3
c5f1c468c47dc01f
c2b43eb5ab10bb4c
c60bc0d9c058ba14
4319be9fb5fabff0
409e36033d9bba71
c85fc89bca99c945
c86ec96ec9ecca96
cc3dcba4cc78cc33
cc45cc76cc65ccca
c648c735c28ec5e1
c519c359c440c4e0
464445d0473e47eb
44c348804543471a
442d4079bd6944b3
401231163737bd88
419235f4bf5b4251
44d2bc32431cba88
45ec476046f9472b
487648784863494e
c15e3fe33480bc09
c05841c9c22243d9
c9c7c895c81dc94f
ca0bc62ec9adc67b
c4e1c840c0e6c61c
c5f6c395c3adc2eb
46d845b948314742
44e84421468645c1
464e49d849014926
46a94621478847f8
4380456647824492
475b428c46dd44eb
47424591471a4377
48d24040484d438d
453d3aac3860285c
436cc0634270be93
3ac1c80ac6fcc584
c0b7c4fcc16cc737
c69fc4bdc86bc620
c770c4b5c61fc6c8
caa3c527c85fc7c0
c9fec633c8f5c69b
c3e7c7e3c426c374
c51bc230c620c4b9
4962458944fd48ae
465e457843df43f8
49644cf4492c4bfa
483f4abb481d4a93
3d5c45b441314155
3c9f48c6406947b9
c2c9c8a4c562c856
c321b671c38fbf94
c815c743c59ec7aa
c45cc61fc600c4c3
ca87c93bc7e8c84f
c713ca03c7f2c8e3
ca4dc906c902c954
c8a8cb0cc890ca25
c36bb9f7beacc46e
bceac516bf9ec33f
4707bcea46ac41b4
47b142294759433b
4707c73e42d1a151
45503f9d46603ef0
45f843a94326406b
430a4290448d4405
4ae74dbc4b004c54
48e8496249794a52
49d14b964a594b9f
485148a84938490a
bc0dbaa43d243d62
bcc0435d395d40f8
440149ba455049f5
3e89496d425048ae
40d449c33f304945
bc594789bafe4512
ca29c84dca15caac
c90bc736ca15c8ff
c658c7f9c6acca13
bde2c6bfc44fc66f
c145ca62c62dc8b9
b6d7c83ac285c7b8
ca49cd76cba0cc66
ca12cc36cacbcc4d
c564c59bc476c5dc
c45ec7bfc34dc677
46273cc645e04346
46c142ba47c2441f
b62dc4133875bd37
afc93a6e3c4531af
c362430d31f73df7
be8d3c1fb9cc3a5c
c233bcaac3ecc01c
c161c2e9c3c4c334
45593d59b6283ed6
bc7fbbc4bf17a97c
4c314d154af84c58
48894a7b49674b5a
2b2041c13e424000
399442e93b3841f7
c687c6b7c348c431
bd4fbdfdc19ec08a
486f4aa4498a4a7a
4ab5488a49cb4941
3d1d4292413a3ecc
447e3c7543313b21
c68cbdfabf5cc542
c8a63b08c435b9e8
449249c5490747f4
baf84a27461a4a4b
4513c4163da63bf0
448d371742be390d
3123c8d8c70ac4ec
4044c84cc16ec86a
3d773cba30663b8f
424cbecc3ff0bc22
c79ec93cc66cc820
c5eac845c69ac80c
cc8bcccfcc2bcc5c
cc27cbc3cc9bcbf0
c49dbf29c4e0c465
c615be56c5b8bd72
48854655423043dc
4452440f44da442a
c4aec87ec835c785
c33bc88ec634c96b
c59c3f33ba7cb1dc
33b2bd7cbd67bfd2
496e4ce54c164b48
4a114bf24b0b4c52
476a4494486f470b
443b46d2466b477e
4108bead40b04393
b48eba673d09bd39
43a9458940cf4460
42664203441d3c64
c319c198c5a7c5a3
be94c0f2c1dfc339
bcdec508c10bc20d
add8c070badeb9bb
47f3483847d848a3
449e46fb46a7484e
4003455841c4441c
be36414ba6b343fc
c6a5c59ac538c504
c666c477c721c3d0
c8dac74ec864c86b
c70bc32ec887c651
c706c620c6ccc78a
c4b0bddbc656c478
47b7478e47a74825
460845a246d3468c
4b174be44aab4a62
49a147a14a43492f
406fc273b8f1c419
416fc5113fa8c250
c93cccecc9e6cb9e
c6cccaa1c7baca59
c960ca0bc8afc8b4
c70ac77ec805c816
bcccb9f1c00130b0
b5acbbcfbe92bfcd
40ae38ad445542c8
43ff418545c84202
43bd4816484348d3
4358483046b54883
467f4c4f46354980
3dbe48b63e374825
3d3a450f38b1baa5
b4a24206ba0c3b52
c6aec98dc525c833
c430c574c38cc703
c58bc9b5c8b9c790
c607ca0fc79cc9a7
4482b332baecbd6c
4225c3d23cfebf06
47b44bfc49884936
481549c5483849d5
c5344581394e4274
c43a4313c457411b
c6daca99c7aac66a
c723c717c7c3c702
471cc10f429a4441
441240e2452d41d3
4813496a46ba47cf
45b747b8473347a4
c43ac20ac74bc79d
c512c749c52dc726
43fc46da468c4809
3f00462d432645c0
3e7849af457a48f1
44d546d7421746a7
c9d2c49dc7c0c85c
c273c623c5b5c5fa
c920c06cc65bc510
c837c894c70ac771
475e4a4146a24a7e
426d3c834437438a
40bfc588ba68331b
3afec303a39bc0fa
c8d5cdb2c9facbfb
c833c95fc8d7c9d8
b846c9bbbf1dc640
bf48be74b88bbffb
4754457b48aa4643
450e473a48694830
4282451745b9408a
44dd449d456f4549
44991d9e40d1bbc9
4424381441783f77
456a459d40504283
b24c3d8734ef4238
bd444a1040704611
b8db46c732a2458d
40ed4a9e45e7484b
45b949964722481e
b2b3c2cbc52fc28c
c294c1bac225c503
cc47cc1dcc8fcc14
ca96cbc5cc6bcc5b
c8cdc735c806c63c
c1fec5d5c739c7f2
48e0302f44c84596
475d3dba46ad3e9c
464ba909445d42c5
45f6bcbe453c3fe8
3f7f41fb45164127
3f12433b43c245e9
46a7467548d04633
43a548a84799491c
41544709476c4796
454c459f44bd467e
2db7469e3ef2463f
b8873d40b9273d43
3fe7bf85c27dc0d3
c40dc294c1bcc3a0
c689c95bc851c9c7
c707c7a2c768c877
ca5ac8f9c959ca09
c937c70ec95bc8ab
c649c8d7c800c87a
c6a1c62ec7ebc70d
b92bc78dc4a1c496
c013c43dc272c3c4
adc2c3a0be34bd12
bcbbb1343ce1b39d
b6cd3c24416f395b
40783ea544b24128
44c04cab48f747ef
4884478b484e48e9
49e34e884c224be5
4b434c1b4ae44c6f
45754810484b4a40
460247c946cf4842
c6c4ca52c89cc26a
c826c9e6c7e9c98e
c317cb08c868c8a1
c04fc9a9c432c9cb
48ea446148384634
49d046c3490445cc
4563402742af4404
ad6b43af2b693fe6
c445ca08c992c977
ca88c752cb6fc92a
b1e2355cbca2bc81
c1ed4429c3674095
c43245c7433a4450
3d9944f843d54700
c33f3ea2b54c3089
3c5fc2413fb433c4
468247724505449b
4733412646094409
c09cbfc6bdc6c415
c18abee1beefbe12
c840c87bc8cdc9d4
c997c79cc8e8c852
c268c464c6f2c62d
c062c4ebc4ebc671
bcfec5f1bf0ebf4e
3914bc9d2e51c0d5
4836452949bc48f0
448b49cd48b548fa
461d49a548c548ca
41ec490d461b4883
c9b6c8eac9f9c997
c990c9ffca58c9e9
caf4ca6acb23ca86
c86bcbfaca8bcb99
c4f14699bb803f40
4618bf363b5abd55
459b43044398434e
499f40464804423a
49d02df149454606
49e146914a874870
450f455a49f74813
4370492f48684a0a
4547bc4d3c0d3d2d
c69c3d19be64404a
4a203c73374f4436
bd65c0913546a8b9
48854cec48de4c04
480a48ab46c04959
412b4cf247084a02
44c749c3436c493a
bbffc5acc484c57a
c10fc2c8c0a6c418
c1c7ca46c5f7c8f0
be94c470c0ddc6dc
ca6ec8ffc8e9ca43
c8d6c174c95bc7c4
cd54cd08cc49ccf3
cc70ca34cc7ccbee
cb7fcc8eca5ecba8
c8bdca5ac91dcb14
bd15c51ac2bfc223
3cc3c647bdbfc62f
423d3a6b3ae54101
4275c4703b99bf6e
445447fa475d481c
45bd41d747074637
49354c494b5e4ba1
49084a6c4a844b77
4a124d1b4bde4be7
487e4c4049ef4c70
48944c5549d149db
48474b6f48b54b4e
b4ef38b5bcfcc013
439c3a8538f531b1
c851cae9c9f3cad5
c81ac9cec8c0ca12
c870cc6cca90ca97
ca46cbdcc990cbc6
3e1dc611c2ba3dde
3657c867bf2ec73c
4b214a7448284b4b
49124788480b47ec
456d3b8d28383c3d
c0c1455ba9af411f
c8e9cb83c82ec979
c999c563c8b6c705
c63ac02f3d82c085
c4a2b9ccbf183f18
c238c05c4039c5f4
bcb6b9b6430c400d
c7c0c8fec43bc9b9
3d11c4943406c4b8
42e44a9146924919
482a46ee44414621
4b024caf48d34c09
480748c4452a4875
c135c8d7c7b5c7ae
bea4c610c610c7cb
c847c6d8c3bcc3c7
3c11be10ba36c212
493b4b584b224c12
499d4b874b624b2c
47bf4983457b476b
3c9c45c0442d45d8
c9734170c93ec6cf
cbdfc798cb7bc80f
c94bc24fc8c4c78f
ca04c63fcaa8c795
be60cc46c646c8d0
c30bc8f1c342c7f8
bd69ccb3c564c8b2
c5e8ca81bcc3c8a1
3ee1437044f044bc
434f4140450042cb
49a54c5a4b334c40
4c024c0f4a9f4bdc
45433a65409a4259
415e439c418a4357
c672cafeca6ecb4b
c93bc92ec9b5c9d5
3b72c247c419c574
4314c05bbd87c1d1
47314a7a49e948ed
4c2c49b44ad64a07
c3eb476e465d4177
3fc245aa4496460e
c9dccb59c822ca25
ca27c8dac8b8c901
c06dc646bfb6ba71
c1efc25ac128c384
47b34cfb48a44c03
4552489046b348c8
46c9491440ed4538
2d573e523fe94111
4345c4f7bde9c15e
bcefc1b2bbf9c239
3d21bc97316f4288
3b48c061bac3bf3c
c834cae9c9c0c8cc
c82cca2cc919c9da
c7a1caa8c85bc9fa
c6e9c523c6a9c6cd
44ec48cc47a4476e
48b14981481548cc
40c7499b443e473d
476b45cb440145e9
c1fc47af3ebc3597
b4304501338f447e
b6f53ca742152b72
c2fa449f3d4e443f
bab7ca85c692c539
c8fec8afc82ac864
c48ccb38c91ec941
c93bc9b3c981c9ae
b5443e7240cbb53c
3e5c44e941cc447e
3f72488345ae45a1
48ba46f047c44711
c29ebdf5c3bcc1b7
39ffc871bbfcc6d2
3d6abf643e4c381c
c0b1c5793f43c20f
483e45b14a094825
48544995496f4961
485d480e49474833
4c2649dc49664984
4264449d3ffe439f
46b04238421e414a
3814c4a2c509c228
c5d9c040c205c3b6
c326ca18c942c90f
c7f0c89ac81cc911
c7882910c547bfaf
c487c633c678c56d
39f04c89468e4a9b
bd9f46863eb44794
40cb47beb9aa440f
c6a64017c49b3f27
ca58cac1cb7bcb8c
ca28c908cba4c9fb
c9e9cad8c7ceca1b
c410c682c66ec766
4b4246984a7f48c2
499946a34a5948ac
4b7948784a6e4957
4ab447494aa548c7
c805c9bfc3efc7fa
3ac7c542b81ec4e8
ca4acacdc815c9e7
c9ccc825c702c82d
c897c8d5c825c94b
ca49c5a3c8eec7ed
48283c4742944126
47304634429f445a
4ee44fd14e954f2b
4e454e7f4eb64ed4
456e4c6049054ad9
4582483648f448c1
cc79cd8fcd12cc4c
cc1ecd2eccd2cd5b
c8acca60ca8ec9d5
c78ec941ca11c9cd
c6b341aac3cec447
c2773d9cc4a7ba74
c1bf41fcc0cb31a7
c4f0b1cdc483bf30
4c0d4c9c4b0f4cc3
4a0049284a284a11
4cf44d414d804d5c
4ce94c434d344cfa
3d89c2fa441dbd6e
400f3fa442e2425f
ca93cd43ca76cc62
c8d3cb4dc99ccabc
c97cc9a2c9d2c9cc
c812ca22c8d0c988
c809c73cc9c5c921
c9e3c75ec91ec87e
3fd5c459c4c1c4f0
c05f3c24c2d8c129
4bdd499449624a5f
4a204a2648d94955
bfeb37974190441c
c447bb743fdd3a4a
cd3dcccdcae2cbe1
cc91ccb2c9d4cbf2
c954caebca1fca92
c636c9fac964ca13
3c9640ef3719b493
4624439db9d74067
452d4c244a004987
47404986476c4a4a
4a9c4c594c0a4b99
48f94aa34a8b4b76
4cac49204c294b4d
4ca64b8a4cea4b46
4acc4c8c4bd74c41
4c374b804c484b8c
c066457cc3ca3ad5
c4afbb74c5a3c0bf
ca24cc09cc99cab9
cc67ca90cc99cc2b
a48646d53d52452c
b7dc4150b4ef411b
423645ae45294066
465242c343f844b1
c748cebbca1acceb
c7d4cbabc7d4cbc5
c65fcc9fca24ca85
c9fbcb6ec802cb36
c83fc7b7ca58c90e
ca02c8b0ca20c92b
c6a4c8a5c6f6c7ea
c2cec29cc726c4a7
468449dd4b1e4aaf
4ab649a94a594af8
44af4c0b4ae14957
47a4489349394ac8
c37bbd7eb17fc54e
c324bae1bcfb38ef
bff3c677c44dc23a
b534bec9beb4c281
be3ac408c6432282
c23cc3d1c4aec58f
3c7f46e1395b452f
c3af3cc2bebf3033
45ed4b55480f484a
457c48824610477b
43484630443b43c9
4716458f44834402
2676c21db82f4160
bdb6c01bb743bfd6
b961c51bc283b8ef
c31bc52ac1c5c4ae
c03dc860c70bc8f3
bc17c80ac4a4c7b5
3c6ec272b68cc48b
b27ac02a35b1b27f
49934b614be34ae6
46c04bcd49e94c7c
465949e949eb4857
48704aaa48bb4afb
c707c4bec445c807
3d05c05dbb6ac379
c8becb5ac996ca2b
c7e5c92cc827ca23
c1b5cbc4c909c8bc
c740ca39c89cca86
4601b1c9bf803d0c
3d3bc36db826c43a
46594ce5480e4ade
457748c94664485c
40a54c6248bb49d1
45cd49ca45f649d8
bdbfb8393c4938ac
b93e415b2edc41ec
c759ca85c7bfc545
c88ec810c78bc802
cb45cd8ecc05cb78
cb8ccc79cb86cc54
ca3acce2cb33cc46
c9e7cb80ca61cb4e
3ef644164427424e
460e3ff5447a41e9
4a704dcb4c664c26
4c054b464c1e4c1b
4abc4c5e4ac1496a
49194be84a634bd0
b83bc0e8c02cbf6d
c22d43c6be01400d
caf2c9d0ca27c9e3
c9c4c853ca36c86c
b31e3ce6b92bc099
36312983bf623878
4d1d4b4f4b1c4bcb
4b12495b4b1549a7
4a984863493d49fa
486244104995458d
c0efc7713548c496
399fc2353dcec226
c7e0ca94c5f2c996
c368c530c4dcc6cf
cac2c965c9e5ca12
c91ac8d3c9afc97e
ca57c933cacbc919
c92aca7aca11cadf
c88dc850ca72c82f
c8a0c96ac9baca42
c49f430ac3ecb921
c7063830c5c6bde1
4cdf4fab4df04ed4
4c614dfe4d2f4e68
50494fe84ff15082
50444ee550104fc3
46f6c46b3bc342bf
41dec007402cbc76
cd2bcdaecd13cd9e
ce87cceecd97cd04
cc92cca8cb76cd37
cb79c9dacbe0ca29
c4efbeabc147c487
bfb02f94c535b6d3
418049c343014518
c2e143c2c02e4410
486b462a48e945fb
49d548f8496948fe
434abdf7483c3fd5
4c78492d4b6f48e9
c959c827c7a2c8ab
c7b6c893c4a7c870
bd03c247c429c23e
c840ca03c231c901
48e9b2cc46aa4566
463fb66748af3dad
c3f3c617c2fac506
c245c236c194c217
c8eac4c4c9a6c915
c84cc502ca51c72a
453041d1354944c7
469b45e43b4f4175
49434aa2488f4c96
48fd491747f3485f
46b44cd746334c18
b5c242123ca644d8
429948d3401d42a0
bead37efb89d40c8
c8e2cc4cc8d1cc34
c733c627c811c7b4
ccddcfdccd47ce9c
cc2ecc92ccc9cd0b
c782c88bc6d2c7f4
c609c62bc5fbc639
4b2f4dc64d3a4ce0
4b044d234d114d5c
49484cbc4c374b4f
49214a6c4b714bfa
c367c657c26ec578
b230c7fdc284c4e8
3f23c73b3280c08a
4517393d42d7b08f
4584480b46c84727
45e049c5481e486b
444c483c412845f1
41ba44e13ece432f
47cb3c4e4204435a
47493a22438636ab
3ceec763b2dfc43d
456bc17040bac34c
ca4dcc54ca58cacc
c9d6caf6cac6caf3
cac5c896ca6cc703
cd9aca76ccaac9a8
c7a248f1c2ad41c6
cb15ba26c8142498
43764a0840034525
2deb42db41dc4363
4a08c4713ee9b436
4915b9c24831b309
ad6ec93cb92cc608
4849c0d243c6c06a
c6ce40c5420f2d91
3f3b4025381842ae
c12d46a73e023f58
c11c3f8fc0f8425c
bb983813c268c17e
b4153f73c4443438
bbf6c340c0cec05d
b197425ec021b9c7
bf8dc563be40bc87
c6659f34b92ac382
450d481b47754721
3e70455d47d744d3
49964c1c4a1f4afe
4936478249b24904
36fdc667c18cc1f6
34e1c5e9be77c49b
c96dcd84cac3ccaa
c666ca8bc93eca5c
38e93f213484428b
4269b6e3b80b3c88
4c644cfb4ad64d5e
48e348e849bd49bc
4b3b42d44869467a
48d845584a2c460f
44cc322647153f1a
496946a44899470e
c342452c42353c93
bebb4687bf794685
cc8fc8dbcaa5cb3c
cc98c72ccc31c89a
cc61bb8ac94cc601
c8ddc7d9c952c7ec
c4e448fdb8e942a6
bcb9bd8bb3373cc1
cb11ce60ccc6ce74
cc73cc53cb85ccba
ca8ccf91ccc6ce0d
cb99cc58cc00cd04
4d654dfc4d084e31
4c744d024c054d06
4dd14e834d104e1b
4c604d384c3b4d12
c92bce56cc69cc9c
ca10cc3acabdccc2
c06bc99dc4eac477
af3dc730bf2cc74b
c581c193c901c5d5
c7cbc855c8e3c89d
470d4ba139df480f
446a4003b8793dbe
48af4c754b094ada
4c0e4c154aef4b6f
c620c814a5ddc24a
407a37ae3e90b773
c8efcd67ca65cb9b
c872cb92c9bfcb45
c5b6ca82c873c9be
c8afc921c8d7c8ef
c5a8c3bdc241c4fa
c887be8fc4b9bfd1
449d45414646440e
43bd46704651460b
4c3e4a744bd54aab
4b404a324ba64a57
499b49a84988495f
46d548bb480f495d
391d40dc41673d72
43f4422c3e9b442b
c090472c45bd456b
4628440b459f455d
c1104cec48914a7d
c2f146b042dc48f5
3c9d456f3f0a40d8
c5b44185c1b2432d
4535cbd6c6ccc827
4430c62bc115c817
c5b9cb21ca28c94b
bae9ca71c5b5caa0
c946bf0dc729c5d4
c65bc3bac4adc4b9
bf47c051c046c0dc
b0713da5b984ba0d
c4a1cb31c9bcc94d
c530c90dc87bc9f9
c5b5c92cc8bbc80e
c5dbc89dc78ec94e
42fa44b344c64509
439d451a45494401
452048054646474a
bc5847ce432d470a
46a64874482a48e0
b46d463a4423477b
474748404957490b
46b4449c481347c9
c346c345c2efc56f
c53ec4e8c4f0c35a
c9e2cb8ccae8cc0e
c9f1c9a2cae2c9e1
c477c3f6c18bc095
4059c46cbdb7c080
4a514dd84be64cb3
4b6b4ada4b8f4c20
4bff4ded4c314b88
4af84ce44bda4ca9
42bbbcbb3fa1be1e
47ff421744703df6
c84accc2c909ca3b
b412c944c5cec9b5
ccebcf04ccc2cda9
cc4bcc1acc5dccca
cc3cccdacbbbcc4f
cceecb95cbfccc21
41ba42a441d742ea
3ca03c9941a7402c
4a9149d9488a4ab3
482f492d483f48d8
49fa4cfb488e4ccd
41f84910457748d6
44fb4dfe4a304c17
435549a747824ab2
251041de45d13872
3c17446743c8461d
4360c6cec071c21d
c094c425c022c2f0
3e86bcabc260bfd9
43cec10cba26c15d
c90fc9fbc8a2ca9c
3f0ec4cdc41fc73d
c877c8f8c777c82a
c576c5cec544c7ab
43404a8d473f4909
3d4b448144ab4619
414240e340e73d53
4185bb6c41753ebc
c20eccebc97fca85
c4c1ca40c748ca0f
c6eccbb1c9ebc9d0
c883c948c987ca18
c697c59bc5cbc602
c80ec3acc70dc51d
47e7478748de481d
46474909489848f7
499d49f74bdb4a45
4be54acd4bb34b01
bc6a3f90439132c6
4410412c3ed6420d
4188453d3fbe441a
bd614407be054452
4ca24eb94bbb4e91
493e4c3c49e64c6f
42e04d5a47054bac
414846ed44a247eb
cdaaca8dcc1bccf7
cc1fcc6acb2ccc41
c58acc16c73dcacc
c37bc898c104c8b6
47b4c65240c3346b
44c743d145f2408d
c981cbceca5fcae2
c993c85fc986c941
c9d5ca42c989ca11
c877c92ac956c978
3ac3bc483be5221e
3fe0bc1d3ab4b8dd
c2b9c40ec455c60c
c10fc40ac485c45c
c912c86ec990c983
c852c80fca36c927
c431c4b3c487c0fb
c513c3dec73fc4e6
491448064930489c
48894773488b48a1
4d7a4e534dd34dbc
4da54d334dc24dc9
4e2b4fee4e875018
4de54d624e2e4e50
4d8d4d5d4ce44df6
4c414ab24cfb4c26
3f52c2e6bdb1c5e3
becabf313e6cc11a
cdfccef8cdd1ceee
cdc8cccecd43cd43
cc79ce07cc86ccc9
cc0bcad1cc50cbaf
be7ac25dc0bcc04e
3f063e5dc061b9f4
c433485728614412
c4d4424ac26a3f1c
c85a425fc3b3bd57
ca18bd37c73dc0a8
c5cecaa6c72ec974
c14fc858c4bdc890
b64ac631c132c045
4239c770bb16c5e4
46c14e0448a84c02
44e8482c458b491c
482a4c3a490148fb
483249b048864a06
b67fcc17bef7c825
441fc14f411bc2c0
ca6acdf3ca6ccc61
c830ca59c925cb22
c6e5c836c7b9c932
c732c672c814c6e5
4a1e470247b546eb
45774627481447b8
47454624442c46d1
3d04404e444443b4
c78f3af9c64ac293
c7f2c4adc88ac4d7
418347d244c344aa
45e3479741734626
4a9a49e54aef4b79
4b6a4a3c4aa74a34
439cbf5c40204467
3b2bc37f405bbf80
38d2c449b88fba2d
3b16c3573e17c1ad
451248014631462d
46bb492c46e14841
bc083bac1bd6bd7d
c20746b8bbe243bf
c874ca5fc7c8c9a1
c75ac673c6bac74e
c5dab6d4c2383d67
c43bc805c41fc57c
be4e49213c5f4755
c50fbea5bf0b387b
c2f740f7c02ec541
bfe239ccb8a1b1e5
c390be93c530c7cf
3d20c137bfa9c33d
bca8c843c64dc6e1
c19ac747c4c0c699
4270bd33436140e0
3b57400740c94258
45fc479d470048c8
46ed46e945a946a5
bf92c9c1c88ec72d
beb1c80ec6fec921
c4c5cbb3c85ec9cc
c554c805c729c8b4
3e323f6e46033f12
3c46456944d346da
bf75b3a64135bbe2
bd1542493c1e444b
c6b9c6e0c44ec7f2
c41ac16cc5cac3fd
3e7b46af44874517
41fc42d54051417b
48d74bee49a64be6
46e5487548904883
3cdf45cc41844417
389c40c540e540c7
c57e3fe6c1d7bd34
c23ebc32c2d6b11c
48bc48cd46284aa5
46c946bc461d481c
4f004c094b4f4d5d
4d41497d4c9d4a5c
4ab248dc442b43c7
46e13b36473e3fd5
cd7ac88acb27cc84
ce39cb0acc01cae4
cf2fccf4cbedcd03
cd23ca7fcc10cb13
c5f2caf6c284c80e
46093c9a2040c02d
3eecc8f7c1f5c49e
451dbc88b47bc21b
c8c4cc0eca8fca6f
c827cb38c9bacb2d
c5b8c8bac726c7a4
c42dc867c716c83d
491a46e147ff4754
46e6461f4691470c
4ae94a82497d49d2
487b498848de49cc
45a0497c465a4886
432248b644074817
c4103eb5b91bb84c
c5cc3e4ec31633aa
c13b3b013910c165
c3d7b459ba4f3ac9
46a8484948a54907
456a451b479747e9
44d6491c46aa4a9e
40c840ac424643c5
b37c4ab03f1245ef
b8c34169b62840a5
3da7441d406abdd7
449646bf45cf4587
c0afcbb4c4cbc914
3caab8ca33d5c205
ca29cd47cb50cc1e
c8dbcab6cad0cb5b
c90cca32c891c924
c86bca4ec863c941
37f7390f415a3bcf
3aebbca944063c9f
446d485e44cf45fa
4558423b44fa442e
49bb4af747a94ada
4905462046ea46b0
499146c445b04802
47d94737464545a1
c636c9e0c818c9cf
c679c374c676c667
c586c8a3c81bc68a
c6dbc866c815c836
43ca40b93aaf4413
3e3fc0ef351bb852
c64dc4cac2b7c656
c452c02ac0e9c06a
c6bdc63fc41bc720
c7b0ba5bc48ec089
488d46e5478f46ae
44564888463647e0
482748ab48ae4984
47f5482947a147e2
b96549ce46b44a53
44874305418e4493
3cf5498248244798
472744d1479246e0
bf13c531bc78c82b
4045bd114204bd9b
cb96ccf4ccbccd3e
ca49cb52cc0bcc6a
cc34cd53cd57cd1b
cc3ccc50cd61ccef
39b2359db0e53ad7
c4813e88c1cd3e9f
4a374dc34be74cc0
42a64ba5497d4c78
3f2c45fc450e4447
c153414d42854571
c8e5ccc0c822cafa
c450c8c8c584c884
3dd9c017b744b175
4619b46b4038b164
4c874d01492c4c32
4af249174973496e
49da45e844b947d5
466443784492438a
c5aec841c0e5c49a
c428c430c14cc409
4455479b491a46c9
4972469e4a074748
4d224c8f4d434cf0
4f394c1a4e6e4c31
4a55489448c249f9
4c1948184a694778
c002c431c806c585
c7e6c50bc833c6ad
ce24ce20cdbace4c
cfa7cc7ace71ccc4
cf72ce6acd32cde4
cfefcc35ce73cc3f
c8b2c73bc80bc6cb
ca7bc677ca4ac6eb
c133c3c4c588c4a5
bf94c50fc504c67c
c26fc483c4cdc567
4176c2c0b6d5c542
40f4441abfe83d89
449d40e83e46b57d
c0bf475cbebe408a
a9703f03bc933149
c0084aff453f4447
b63344783e804607
49964c0f49f9496b
44b847f946ee4969
4547c6ef3a3139fe
beb3c5eab892c137
4597c6194490351e
4513bde745c640fd
4da44b4e4dcf4c3b
4d674c7e4e164d6f
498c47bb4bca4afd
492848c84b534a74
c5d1c4cdb76db6ae
bea8bca1bca5b3a8
446f4259426541d3
48ef493245c646c3
44624775414b4484
48b9495b4553459c
c996c898caebc904
c8a7c87dc9c1ca8d
cb2ecc31ccc4cabf
cbbdcc3acc4bccee
c8f6c49ec936c699
ca63c8a1c9e1c923
c4d7b769c5e8c664
c8d4c42fc6c2c491
3e91c067c20fc03e
b8f5c369bfdbc246
436447d2422e4618
455f3c8f404c418d
44b94af848614600
465148a346fa4922
41a52d8344a0beb8
42bb41c944ba4450
c65fcb67c5b2c883
c575c9eac5acc8d0
c6edca6cc409c6d0
c85ac932c579c877
c3f5c823b93fc5a0
c568c0b9bdccc0dd
c6a9c6f3c5b8c773
c2efbcaec5c0c13b
3c6847d6375a465a
420046b5b55b4528
4bd14dd64b764d6c
49cb4c0f4afd4c3a
4a4c49ec49ca49fd
485e48234a79494b
3c0bc2113ca4be5e
4119baa5427ab21a
ba88c162b9b3c0cb
3ecf3ab9b9a6bbc5
c768c786c87ec830
c6abc54ec8e2c7fb
c8c1c871ca8ec7cc
c8eac956cab5ca2b
490e429540e9477c
4819b7644430348a
4c4e48da4b0f4a6c
4b2f482a4b884930
3b7a47ae494d46c9
4062488647c34927
c49d476a455043d6
bcac47fc401c4898
b3e547cab5b53a91
bf4d3f63bfc342d6
c5794001c899c842
c451c4f7c741c6d2
caafcb6bcb9acc60
c698c962c8f2cbb4
c8f3cd18c8a9caba
c8cccb0bc5f2cac9
bfe2c9c7be41c41c
c519c731bb68c50e
4353c2dbb5c33df3
3f55438ebae13d41
4463432837234353
38064587bf2243bb
abbf433d43544100
3e673a4b3f4942cb
c207c18441c7bafe
3e6cc206429cbadc
bf1ec522c02fc408
c30fc488bc96c54c
43703e7035883e94
371bbd44baeba8b3
49814cfd48fd4c6c
483648bd45864a22
4c4050084bdf4e20
4ad54d254a334cc5
462f47f44538440b
475448b746614716
cad0ccc9c8a0cb13
c8c8c9fac7f2c93e
c8c0cbcdc791c8fe
c87ec96bc603c91b
c1eec93ac5b5c83d
c30ac5ccc3adc745
c99ec8a3c851c987
c7d5c6f7c841c7aa
ba4f422240ee3cbe
4336479744304678
4c774b2e4ac84b6a
4c414c4f4be84c35
486346ad43e2463d
45a73cde448d40af
c225c586c453c571
c4d9c777c41ec84b
c271c536bee9c283
c5dec173c358c45d
c862bc87c54dbf4e
c9d2c57fc888c421
c81dbdbcc904c5c5
c7f2c817c958c6c5
c085c41bc8cdc86f
c37bc84cc854c87f
bcc93fd43b9e3967
407abc283ec2bc89
43e7495f4bea4b2a
4c824a604cd44afa
4a2d48204b5749f1
4b4049a64c044ab2
44b4c48db25dbe11
c4073d91c2ad3ed1
c804c9b6c88ac8c7
c8b9c201c99fc424
c600c876c7a8c864
c95fc75cc900c6e7
3e5bbf4e3878b945
c864c0cbbf5cc119
438846d046e94685
475347de490645bc
bddabad1bd31bcf2
48a9bde542fdc01f
c105c855c561c3ae
bd4bc633c5b1c5fd
485c4c27481b4b73
4160493744104928
4a924fd949e04c7a
464d49c248574a68
c305b688c4bec764
bc26c75dc108c74e
cb63cdf2cb35cd11
c539cc0ac881cc55
c3e2cac7c4f6c861
ac1bc605c036c629
460fbc0e455941e5
4384479f44b14676
44e040fb46c645f0
410349e9457e48d8
4037469946f14682
406047c4459e4868
be8d405a3f073bac
b47bbd793d513f16
c481c5bdc5d2c266
c5bcc6b9c5d3c592
c45c44fac0744497
c6abbf7ac623b968
c6104815be883da7
c59cbd40c60e2b4c
bc8ac4d7c539c6be
c0f0c404c40bc4cc
4850c1f6390a3e34
44de3ab7436db4cf
bf74c5e4c4f8c4d8
b9ffc51cc27dc6e6
ca18cc1fca14cc0f
c7ddc9d2c91fcb46
4322c3ba4209b3a2
43b23947449537e5
4915484f488348db
4817452048a84737
c45ebea5c383c40a
c519c146c385c0d8
c105beed3ad8c10d
bec43fc52f774153
4a3e4af64bac4b0e
4bf24a8d4b184b32
46424961485248f0
4892490247eb4815
c5e6c58dc4f8c413
c6bac239c59ac411
c3893cf6c442b949
c75dc5c5c61ac222
448f4cb844104933
b50e4524401f4604
47184945454647e7
45ec46d245de45fd
3c56c4b3c07ac469
4147b630392ebc8f
3899bc35b869b0a1
b7e0c52d375fc213
c1dcc535c6c8c40d
c680c7a1c5dfc6f5
c81cc740c8e9c7bf
c64ac513c8bbc6ee
cbf1caf8cc68cbc6
cacac9decc56caff
c643c843c969c747
cacac623ca47c833
4b6b4b0d4a1b4bfc
47194ad248514a24
47684c01498c4a71
47314a1447814a23
c0e034f03a62b9f8
bce73e3b3474402a
479746b248144639
48d7487349574818
44cd4a1d4739471d
48e3472d49154743
3c30c2382b8ec029
41e5c4814195c037
481fc46144204005
460dbfd0446e314f
3af942a03fdf44ab
c07cb868bd0c2c6f
c9e2c803c8eec851
ca21c95dc921c93e
c8fcca2bc8c4c9fb
c4f9c8c9c786c8e5
b8b1b8e83e09ba4a
41154539b8a442f2
4400be243e7a36e2
bb04454eb870440c
2d18c4dbc470c2b0
c476c610c26bc4a7
c8b2c61fc726c623
c5f4c84dc63fc80b
c5c7a12dbfddc0ad
c2a1a5adc2a3bc95
47ab4bc848f648b3
481b4a23490a49fa
459a48d44779481f
4936482149544811
4005bfdebb903993
41c1c1e33c29c1bb
483abdaf3c9d3a93
3a4fc0a4402ebea4
3dbfc5e8c01dc138
c4d8c267bf3ac359
c838c690c644c5e1
c7acc4fbc823c633
c440c491c088c496
bb86bbe1c290bc63
b9f7c3da3b58bdbc
3ede42733c3e428e
445f4aea460648e5
442d4819424f483a
4ae14d3e49144afe
49624863482b48e3
465b2e5544534067
44853c9145e53ef4
c8d5c445c13ec2f5
c810c249c405c21c
c9fb41e8c5b5c042
c853c435c825c3c7
c6e4c836c885c66d
c518c884c6a5c816
3acbc899c0c2c48d
3e10c00c403abf12
46b744c447f043d9
47fa495c487d48a4
3c8cbd443a94b322
bd0c3cacbafeb19a
c86cc9ecc93ec8c7
cae8cb8bca64caed
c852c80ac883c88a
c8c1c9ebc908c951
426cbc56b113b5e8
4557428a3f9e3a44
4a064648478f4848
4a93494748fa4827
46e645d6467146f5
4935446547a3454d
43b738f442603c7e
48873a6145b94062
45424091448c34bd
4451447146354556
c78538872cafbfb8
c9613678c21b3bc2
cc4fc1dcc6bdc51b
cc34c4b0c9f8c4f9
bef648303a86425d
c3ed4160c0f341ff
4b9b4bac492d4a9c
485d47a948d0487f
49ea4172442d47ec
46563939455a38f3
c01fc877c620c4da
c05cc4f5c464c6c3
c757c8c7c6eac861
c074c45bc52dc54b
b6a3c255bc11bcd0
425ebdd6311cb958
42083f2b42ec4255
458e43b2441a4327
c6c7c18ec160c4d2
c2b02f55c170bd1a
ca88c0aac87ac734
cb87c884ca1ac802
c4d03f65c294c0f6
c782c547c5d2c1a0
478fbfc043e9b5e9
48f744aa47f4449d
46dcc6b93eb6b81a
48d041ba472e3b09
c3fdc46ac021bccb
b8d7c12dbe3bc375
c04946003ee040dd
c2583da0be793dc4
48ba476d43304543
bee340ff3e9741cf
46c344f140884677
30ae33373dc63b74
c848430abd2ca48f
bd2b312cc23eb7c8
c7cdc463c352c734
c015bfeac338c2e3
4911be8b4453409d
465333e646904000
4a82458c489948c7
482245d048c34845
bd1e41c3413a4131
bda54697398d4570
c497b60dbd23beb9
b6cb4403b8223e9b
3d0cbb8b3cec358f
47ba3fe244364089
bd38c1323a19beda
3c4abc91acfe3a84
c5dec308befec489
c80ec30ac49bbeb9
c79fc546c5cec5c5
c58dc78cc4edc684
c8b7c857c9b8c812
c670cb16c8cdcb24
c4d9c840c968c716
c903ca6ac91ccb86
492b467b3f8e45e6
3599419240a7b776
49e14c4d48a44a34
48084a3847fb49ae
2fbf454d42ab4223
406f456d3d004620
c465c47d30eec1d8
bd4840b0bc6f40d5
ae4a333c41e7381d
4052464a40ed468a
478e459f453344a5
46c64522469d46dd
43c8400541e94139
4450b40444f03dc1
c5e4c819c56dc522
c4abc6c0c4e0c6f2
c782ca31c875c8dc
c61ec756c808c880
35c83b7a44b73df9
44d245c4459e4488
3ec143f2463b42bb
42e0451945cf44a2
c765c9bcc9a3c990
c90ecb50c968cb0a
c42dc466c73cc4c0
c529c94dc68fc858
49414d284a944bae
49764a90497b4b62
48bb4c4b49d54a18
48f14b1848384ae7
c15bc705c31dc2f5
bedbb413c502c072
3e06c76fc328bd2b
c547c001c4adc310
42d64427405c4467
c508adf43c663a07
c7edc408c07fc362
c530c5dcb865c35d
35bcc44ac070c31d
4005c66e3e3ac462
466742933b34b12d
45a2bcd743d4b0a4
c5fac38dbadfc3ce
4002423a3c9f3e0d
c4a6b6d2b3343caa
3c284410bb763fbd
bd14427bc3852d70
c427c0adc727c2af
c299c562c57bc67a
c49bc0d9c6edc445
43973c8f427740dd
44f9462b438944b9
491f49d248ae49aa
48b0471148e84863
45ff430045c74506
4279410846a14445
c563c885c34ac6ad
c6cfbf09c29dc2c6
cae7ca7bc9d2ca82
cb05c831caccc8c6
cadec841c9f2c9c0
cb49c8e0cb32c8b6
c6cdc34cc5f8c5de
c5c1c45fc514c583
45d93961429b4473
4813b9494670b59a
4be34a704a0d4bbd
4c2041fd4a904772
48c749cf4867484d
48ba40b547d34645
43c136b145fc3b2d
4213437b458a4428
495b467c49ff490e
48614a3349d349fc
42df44c01d0e417d
34454421bdd441ef
c97fc1b5c984c850
ca47c7e7cab7c89d
bc51498f477b487d
45d44629479e4711
4832480349284907
4c20493e4b564970
c67dcc84cac3cb28
c83ac953c95cca56
cc15cdd0cd18cd11
cdd0cc2dcd47ccd5
c902c94dc8adc91d
cad0c13ec956c5e7
35084543420440fe
3c2248373d78462b
448648d246c54757
45e345c944c84617
38b7bcbfbbcab1b1
30dec4febf41c40c
c21cc662c6d2c6a4
c45ac8bac550c886
c520c126c572c4f6
c501c5c2c329c54f
c464ae24c0a231cd
bc07c40cbfefbf80
46b944af480347ab
497e42fc482e464f
4c954a184d004bab
4b644b8f4ca14c73
493b495d4b29494b
421b48a449054a95
3ffb44e242fe40f2
42d63c4042824160
43933742badc34fa
490a3b7d446bba84
c04dc706c7d3c4d6
3ef0c4dec344c6d2
c64cc744c817c5fd
c4d2c1fcc6e2c68b
b40f460a3f4f403b
c2724880187044c6
bd4045f137a1236c
c46e4476c1f242bb
cb4ccc6dcb4ccbed
caf6cb59cbabcb77
ca55cb5cc8fcc8e1
cb6fca1cc94bca33
44d946d545ee4653
410440a745b64466
46363ee5407b3d4a
483c3691440b3fcc
c4dfc0e0c215b8c0
c2e4c372c4b5c216
c6d5442836fa42d6
c68731e6c2b33c27
464d442c4429411f
46104696453b4580
4c46481848884719
4abd49214a2648b5
46a7491747b847d1
45cf479b4759482d
c457b1b534de3974
c0f3a501bf6c36f0
390dc4c8b81ac058
3abcc3fd9ce3c400
3eebc3b7ba30c1a1
423cc4f140e8c48b
c6e5c808c75cc72a
c4e1c7fcc50ec6f1
c12dc306c4afc34e
c2e5c16ec478c0b2
47f544cd42434449
448b4560411a4407
b17035b639283e17
bc23411abd833d45
c973c2ebc048c0a2
c701bc8ec4eeb8f1
c707bc69be18c180
bf7cbeccbf96b8c0
bf28c59bc5cac742
b901c503c2a5c585
c478c9a4c8ffc8cc
c7c8c821c7ebc8e6
3ca031293bce3f89
c075b0103c03b9c3
48134b694aaa4a10
489a49a84a274975
42ae498848a94816
451f486c47164889
3fbd40c9380a4262
c0fabd5fbceb3777
453f4653bb404488
3d44bc51ba92b56f
45a143e634033e13
46c244ac3e0a42e6
3ca3c83dbfafc578
3fb43c24256f2fe0
beb3bed740603645
be78bbe2402b31c2
bf3742b944914223
bbd8bd5f407f3d48
c452c802c119c6da
91c4c494c071c29b
be1bc4d3c2a3c4d0
441db98fa8f8bd2c
41db42f4b2a24222
411e3ffc3c4b3c10
356fbc9dbfda3d2a
bef6c299c051c459
ac4eb1fe34d44097
befcbd2c2648c0b2
3abb42da411c436a
c5264558b0fb4278
bf983b59bd3cbb19
c41840fec36f37fc
c28cb1a8c31ec384
3fd9c13cc1b5c01e
c689c8acc7c7c8e8
c6d8c774c66cc631
ca52cc2dca75cb43
ccaaca66cacac9f4
c5f8b81dc187c2ea
c55ac259c4bcc07d
49dd4c3c4b2f4a7b
4c384aae4b3a4afe
4a1c46cb495548d2
4b4047d84b29483b
c406c8f0c45ec63f
c0cdc585b7aec574
c666c420c49bc5b4
c5b5c0dbc4c5c21d
463948a041dd4775
403c4176351141b3
434e46102a8f468a
b7dbc00fc044bd1e
b32439c9b19a3b72
bf64bb37c058b84e
4b2848964ad649cf
4bf04a264aa04a23
4a1249724b564a81
4c884be14bac4b31
391d433d426a3f87
420b46064182450c
c373c5ccc5e6c6d5
c25cc667c52bc59b
c9aecb55c90dca23
c8e7cac1c7bdca1e
c68ac673c13cc571
c9ffc60abd64c45b
3017c120c1b4c248
c477bed6bbbfbf55
c7f0c865c903c83b
c0ddc4f3c81ac73f
c835c2bbc50ec33d
c314c04cc61cc2cf
40d645093bf34412
374a39b9bc07399f
4514486840d24495
41ea40a13d284188
c56d3c5fc12bc397
c818bb5ec4b1bd27
ca01c900c95fc86c
cc5fc77ecb09c917
b2a7c3f5c4d4bd6f
be52be38c4ecc385
499945b7467644f6
4a93476b48b247ef
446e412545bc4205
4460440545a4457e
444f3dfa4687454d
414f3c6444b041ee
4b3b48134a554992
4ae844d64a844734
47d8442047bb4584
48823f4e486a4318
c50bc2d53ee2c063
3f08bca544c69431
c843c18fb8f8c3bc
41b1bb26419d3a1d
c41841f8c32cbb94
c15ab41cc63c3a10
455048be40254686
c41c4807c1a7469f
40873b0b3c333c19
c23645e33b0f4227
c82dca72c962c9a0
c517c886c735c94d
c663c9f8c9f0c83b
c1bcca13c806ca2a
3d9cb704c0d93d01
3e49c075ba01c206
3ce4465a3c26402a
b9f84266b4783e13
c04745f7b9c63da9
c89f37b1c52cb419
42aa45ea44a84551
c50542f69e664370
455ec355466fb231
478344a347474479
b15bc5fb3ed3c2fa
4806b85c454db0dc
c137481340a04355
3e2e3b773f634157
c51b3dafbd90bed1
c0bdbc36c0bca6fa
c4b4cc87c940ca47
c62cc992c856c9b0
4410c834c50fc279
c46ec727c56ec6b6
389046f13ff34519
c04b41cab3464279
c86e427fbbf63da7
c2764140be7f4060
3825beae32122d7e
41c4398840523b17
49cb3b8947c14088
4af842e84a2743fd
4a16490f4aab4890
4c8d48d44c3148a6
406e487244ca4770
40284648428c456b
c72dbd4ec56cb9bd
ca60c0a6c90dc0a0
c098bf69c4d5becb
c6f9c10ac7ffc095
3e8a4532bfb7350a
c3cc3c16c4593c25
c717b877c2ccc554
c6e3c1c6c4e1c023
c6acc932c17cc6ef
a6fac6a4b8bcc5c4
4299c2b23a743d31
444bc00b41dbc0a2
362d3e18c089b8d1
c04336e1c128bc98
bdd7c188c428c450
c1683adfc3babe21
487c410244304570
4680441446c643ac
4b414a144acd4a5a
4c2547454c6a490b
3769418745fa3e1a
48853cbd485141b7
cac0caf9c876ca14
c916c8b4c87ec8bd
c83dcb54c94ec9c9
caf3c91cca3ac91e
c958ca29cad9c918
cc34c900cca4ca06
c86cba16c7a2bb77
ca63bc5dcafbc476
491a4c754b5f4b21
49394bb24a774bf3
488d4a914c1d4915
4c2e49ed4cc34bbc
4358470747c44730
4949442b493d4652
4953498d460048f1
48b1462147644593
3f373dedc52ec077
b4f234a1c548bfa4
c8d3caa6cb7eca9a
c97fc895cb89c9b7
c29cc9a6c6e2c74d
c69cc834c4d9c81b
3808c2643825bd98
b8abc5cd4292c1ac
c3a0c285bf77c30d
c1fec653baedc421
bc8fc42ebd2cc2e9
c412c035be88c209
3ee5be2534b8b962
bf8f4263b81a394e
c558428fb83e3bba
c20441c3c3c5410b
c33c45d443f4410b
3dc54402b22e4591
4c6f49924c3b4a72
4cfb4b0b4c654b28
4d4d4a314ba54c25
4cbb49f44c9b4990
c3dac2edc738c0c0
c87ac7f7c716c820
cb8ec9e5cbbecaac
cc11c981cc3ec9e6
c7b9be42c52fbf9b
c0b038fcc677bbcc
3e6c451943614552
454b433d4416433a
c6f5c010c0ebbff9
bc6938bec0f4bb56
c359c43dbec7c3be
4300b97e3e06bc8d
c240c546c360c505
2d9bc43ebf5ec3d1
36e6bf94bef4ba44
c331bc63c31fbcca
c2afc6b3c431c593
c860c385c50fc42e
c251c34ec344c47b
c49ac38cc12ac4a6
48454ae6464a4902
45c743974523458e
47cd4c22490f4a95
4057478746ba494e
445a44f8477044e9
3e2e48454709481b
3cc5c529b7d1c2f3
3dc73b1d3cc2b854
4366b50d419b4049
4654ad1b42943c32
4370467a45b14634
485e40b8457843d9
ca37c576c902c828
c928c9b9c95ec93d
c80fc8eec846c823
c803c6ccc75bc7a7
4624c29841923f58
4700481f45a6454a
c751c8f8c8c6c73d
c632c624c8a8c825
c7f1c260c850c588
c7bbc872c916c896
4ade4c284b1e4a59
4a874b6c4b174b6d
4b054aee4adf4a22
4a6e4aea4af14ae1
4256448f3d554398
ba4bb778baceb66f
c72bc1fec414c42e
c911bf0ac74dc200
cc0ecb11c950cadf
cac7c786c9bdc7b4
c456c8aac5c0c6d9
beb7c946c41ac7c5
458c4417447044da
44fec31744c8b84d
3ef1466a46c84588
36ff44ea454b45d4
4531be904375adb8
3e8d478c4404466f
41b1c925c5e2c79b
b920c09dc1e6c382
c609c3b5c719c485
bd2dc5dac282c6a8
c0d73ec2b6b44056
447dbf6842f8bf15
404b3c792e723e93
44edc28b4153c06f
46e34d0049524a8d
491848d14872495d
47e14c9b4a1c4b1e
47cc4b3647f94b20
c723cc39ca08ca1d
c9b3c80aca61c95c
cae9cd12cc8bcc4d
cceeca62ccbccc1d
3cbc475344b845f6
bec047b437454693
496d4b684c204b12
4b9c4ab84aea4bb8
44693f9e461440e6
4596b432457b4191
c557c9dbc67fc8e4
c89ec957c64cc844
c3f3c944c683c815
c685c6bac526c634
4094c154c0bbbeae
35a3bc7bbc4bbe2f
c8a5c839c8a8c8c6
c4b4c933c726c8b2
cb6cc503c69ec818
c43dc93bc2f5c7ab
4cb94e1d4d7a4e01
4c054cb44d754cfe
4fd54e5c4e374efa
4d584f104dd64e49
c6a3c900c8d9c916
c52abfc1c8a0c608
cc03c9e1cc3ccb3d
cbd2cb25cc57cb72
bf47447dc2013c9b
c403c0e6c30ac322
c59cc099c45fc4f4
c375b8d7c422c418
c040c56fc4c8c532
c4e4c440c67cc47f
447541aa439644a3
46213e2a424c42bb
3ec940864560442a
493b456d48014578
3245c3223ade32a5
4081b865408538c3
4216c18340b440de
2c69c15d3cff39e2
a800bf5c40ddb854
b153bdc14103ae5c
c965c808c545c929
c97bc55fc4dec5fc
c69cc68ac4e4c757
c8f7c19cc65fc13d
45284190403c406a
44b143903d8f43b1
46c34657443243cd
485a44ba451a4382
447f46b644a94527
44b1441f44ca43c5
3ed1445b404f448e
3d01bd953c783a8e
c487be97c4ffc138
c651c822c745c5c0
c95ac874c9e7c912
ca6dc942caa2c904
c67dc61fc853c6bf
c4c8c451c630c5a0
466746c3437a4655
465846ea46ba4561
4c8b4c854c314c75
4b3a4c0a4c624b9d
4cc04c264c9f4c46
4c8a4d1b4cab4c0c
44e3460245594785
442b48cf42ca456b
c721407ac575b140
c883c6dec867c490
c9f5ca14caadcba2
c6a5cbfec9a2cb22
cc60ceddcc48cdf1
c747cc11ca81cc64
c992ca28c378c7a6
c924c4efc54fc1dd
458944af494a4813
c25f4859470f48c2
4639c1f440e03c0c
34f344243df63810
c4c2c5ffc61bc73c
bc24c898c557c707
c1173ee440d9bd01
46e9c1d5453c4287
471044bb4515452a
483942d747d44593
44b83f60c1fc3dd1
bd85c3bac167c33e
c804c824c842c843
c88dc451c809c6af
c42e40d7b9983b2b
c38345b8be88419f
496e4ded49314c48
48fe4a75478d4a4b
48c9490446ae4829
492e46c5475f45f3
3f73c3024180b202
3f533a6c43863a0e
437d49d046ea482a
3cfc436041b24648
2ee34669b444422f
b3aba811c162339a
c819ca95c9b9c93e
c7bec7a9c8f9c96c
c807ca18c9deca85
c8a6c8ddc9a0c9ad
c5e1c89cc7b1c93c
c4edc826c6c8c818
40a3c2284306429e
38d64157449f404d
42fe3fac46704809
c46b43e244444490
3030bffb4032b1f9
c7a0c40abbe4c0d7
48e246424a1646a2
49a048b249a6488b
4572466149be45c4
4d854bd14b924b4d
c901c8ccc546c893
4882c48a421bc1ec
bd3ac0cec569c019
37d7ca2fa54cc71b
423d4507c34c4188
c309c479c40ac080
cb44c872cac5ca4a
cc13c585cc3cc878
c87ac664c774c866
c9d4be71c9b6c50f
4ab949a8489c4979
44284922461a48a9
491b4a5848a24a20
41d2497046a248f9
c419bd7ac4aabde6
c53bc1c3c577c427
c743c82ac9a6c851
c7baca0bc96ec9eb
c710c6d5c6c2c818
c4f1c6f6c67cc72e
4929461448d446f8
49a546e349cb4781
4d4f49c44c0a4c22
4cf1496e4cbe4a62
c4a542bf37ca40fd
b0a0322bbf313a74
c97a4665388ebcae
c6923dc3c46f4165
466e32d448914134
44c4466948c047c1
bf6ccb6fbf6cc778
40bfc47b4102c500
ca5bc985c8ebc932
c52ac9acc6e5c997
4108452f39594500
bf9f3cf4aa713d77
497146c7448b4781
4383477c42df45c5
c0c2c368c642c5a6
c007c541c5b8c5f3
c763be4bc803c510
c6b6c72fc7d3c77d
c1a14178c0f930da
c53c401bc2753484
c397c86dc5fac7cf
c6d1ba5ac69ec0a7
c0f0ca25c6b4c8aa
c3b9c42fc666c498
454b463c46984656
458543f2470745ef
47634a414b1b4a47
48b0477d4b444978
3b32bc72452d40f8
45fa2a6246783f19
c17fc568c064c27b
3d8dc4d0bdbac44a
c86bc9cbc934c95c
c893c892c93bc958
c6d1c531c90fc5b5
c8c1c4e0c94fc84e
4c9551064ce44f3b
4c124d954bae4d96
4e2e51834f754fe0
4de94ffa4e54501a
bd7ccb26c4c2c945
c38fc4eac250c68d
caccd03dcd81cdbc
cb78cecacc9ece9b
c51cc9f9c821c6d9
c2e3c8fec6e2c839
c6b1c86ec5f4c848
c4c9c186c53ec2f6
c97cc9f0c7e2c9b7
c8a4c604c796c692
c151c12741e13272
c174404042fa4158
44a94786489f4824
b102459a481f476b
411548ad453745a1
434c405b432043b4
b1b84059bad1b949
47dc3dfe3ceb3115
3d6fb5e4c304b908
b62bbcfac25ec115
3e4fb41abbed39ee
c173c232c2debd6a
41f2be273fa03745
44903a3d40a23e55
4007443c33eb4175
37b44257300f3bea
c4664331c293bdbb
c5bab9c0c43bc034
bfeec113bd5fc4f8
41ffc1293d02c0ac
47bf47bd47c847e3
484047b2481b4744
4ad44d3f4c8b4da2
47b94d824afd4d48
4880460f499148eb
48f049564a0e49b8
c8a7cc94c9bfcc2a
c529cbcbc749caf3
cc53cc2bcc76cc7a
cd23cc4cccc3cc5b
c6fbc47ec81ec237
c927c7bbc983c80d
c2d2c65fc67ac33e
bfa3c70ac5d1c6e6
3445c429c47cc502
b2f8bd37bec5c16d
48ff469644f34437
4873453947dc442f
409c44e1449b449e
46ccb8b2452d3b24
c5fd3ba437663d05
c27bbd1fc0acb0af
360137e73edbb2da
c44c44a8be2a42da
3cfbc1e24106c16b
bd8441d637574185
b4439e22454b3771
42f9413143eb44bc
4392481b480a46b9
46c3452446d947cf
3e28446b3d97424d
3e56b7613cd73d37
c3cac81cc72ec64f
c3c0c70fc4ffc82c
428dc549bbe7bfba
3ea140893f9dbd73
49d048c348624939
49424b7d499c49e9
3db548a332b145d9
408f444040714334
c824b21dc878c159
c85fc9f7c821c8af
c5303506c519b6b6
c590c86ac5e5c700
c31d3eb3c20dbee6
c382c0f9c52ac134
c307c7d7c3bfc7a3
c56ec30dc5a5c1b2
3813ca42b61ec768
bd794131afea3646
45653fc7476d423c
44f44a1b465a4835
471248dd48794840
4762465046b047ec
c122c6b0c147c429
40e5c826bbf8c56f
ca18c9d1c8bfc946
c695c8e2c7b8c973
c669bd3bc425c19b
c717c239c49bc416
c3f9c603c6f6c661
c70ac679c642c5fe
c814c75dc974c7e5
c8c1c8fdc9aac8f0
48624aed48444b2e
45e241fa46da4644
50744f764fb14f99
4f0c4da04ffd4ec9
4f0a4e004e4d4d3c
4eb44e6a4ec74e4d
c70fb913bc8dbf87
b4cc4422bf983c8d
cdcecd74ccf6ccdf
cd21cb94cd47cc79
ca6bcb24cb9acb4b
cb30c900cbf7cac2
bf733b89bc113a96
bc5d3de6bfe5b0c2
bea2c4a33264b966
361ac157384db9ec
c645cb58c6eaca38
be28ca2dc31ac86f
c9d1c9c5c84aca7e
c08fc9c3c4b6c8aa
c63742d2c1af388b
c636a874c422bc30
46eb4c88451749f7
c609490eb4044827
469748d944704641
36cc4593414a456b
47ae3424464045d9
492b43f5484e440e
4bba486c4a8a49e5
4a5b49ce4b3e49ad
416eba3d3aedc11e
be3f3dfc3c173e7e
cc40ccf2cc90cc96
cc0fcc16ccbccc3e
c77dc2edc71cc3e4
c709c46fc963c629
4ad14c464c204c15
4be84bfe4b4c4bf8
49ec451a4a9248ce
4cca463c4c66486e
356dc51dbeb4bff3
4356c7853eacc555
c6a7c41fc848c61c
c8c3c5dac94bc6bb
ca2ac8d5ca3bc9ff
cab6c6a9caafc86e
caecc8c3c9c2ca25
c87ec8d7c845c920
34bc476b424d42d2
45669f654550406f
4d2e4cab4cd74d6d
4b334a864c8f4c02
4abe4870496f4ace
35a748ce482548d6
c8e9c4c0c797c843
c97f38a6c8c1c05d
c967c8aac760c9e7
c1efbc4fc80bc2ea
4247c66c3d41c14f
44dac1373cecc0e9
430cbd6b3db3b506
40dbc46f3ce2c14c
c3913ec0be01b821
c256c010be36bd7d
c339bc1fc2d7b840
c539bb62c08ac0a9
31d3c5d5c2bbc1dc
bce2ba3cbe05c06c
42bd386d4242405b
46d0466c438d4524
3d9f49204360467f
45be45d542b5452b
c34f42a7c4eabc9f
c360c860c432c69b
c4bbc5b4c585c1f4
c7bbc9b6c699c86b
c007bb5b3c2738ca
c5a43939c22e3a2b
3b70394e4350c06a
b8f148623dfe46f4
47e64416475c43a8
488d4926480e48fc
49d64587469e47e8
4a4f433e489b4547
44f6c0d3369f36ed
451fc36c4457c01f
c56ac4f5c17fc4f1
c41ec4d2b422c304
ca57c6c5c5e0c7f2
c858c699c6dcc649
c90ac563c738c470
c84dc648c94ac78b
3f1b468cc0d645ca
bfecbc17c403c0f1
49e94bce45e84916
489345e1482a4532
464ba05044a51f3e
47ff4876483144de
c140cc0cbf1cc82b
b82144c43521b0cd
c0a9c4dcbd0ac241
bd5fc10fbec3b8d6
c474450ac383b8c3
c6e6c5dbc808bfa1
c51940d8c763c047
ca44c48cc9f1c492
45ea44fc43764563
3c4a38cd41bc3f92
477d46e44b0e4956
4a69462f4a9e4919
c0183c26478d4409
441f457a454a469a
bc6bbbf33d76bb34
bbbf3d1e34da39fd
c10ac287c233c5b6
ba21c484bffdc421
c767c96bc949ca03
c661c83ac718c8b4
b10fc8a6c75dc5fb
b912c572bf08c6bf
402bb8d5be7c3e09
40a8c2c438bdc238
41c249c642ae4591
c1c845a8badb4530
49c54a99476f4878
39364a33443549ae
c072c6a5c1b5bd57
4056bd3c3c28c00a
cc73c9a3c998c8c6
b9dbc87dc618c941
c4ec3cfcc497c2dd
be2f3831c4fcc145
45c8433d43194349
bbb0425f35f4401c
4483bf3f44973f08
b359bf4140603c7d
4024c50b3fc2c26c
3ef5c0663c93357a
441a4908476b4904
44564448455845fb
47404ca64a094c3a
46214a1f492c4a0e
44b8be2c436abcd5
464b45db47be4438
441bc82935aec5a4
4580c46b44e8c160
3c77c14a334ebb44
3747c46fb1bcc0f0
c7e1c057c60ec471
c863c329c8b8c40f
c9b43ab0c895c54c
ca3ec554ca4ec4b3
c4e6bb82c633c306
c51ac1ccc6a4c17d
be94c997c550c6c7
37a7c195bfb6c513
3ba3c641c218ba29
ac0fc4a9bbd8c606
45b446cb4164481e
38f73ce538a03cf0
c684c54ec474c78e
c5cfbf5cc677c0a2
cac1ca6ec8b3cbb5
c938c684c8e3c7c3
3c5146b543574452
bfb444a440c64359
47364d3349cf4b6e
457a494348b349fc
485f4b0449ba4958
4ba748204a2c491d
4dcd4d044eb34de9
4dc74c854ee64db7
50524c944f794ed9
503f4d0150614e3d
4c8e49d249534a11
4cdf4a0e4af549bd
ba164860b97b420d
418949eec15646cc
cb32c4cacb16c814
ca99bf5dcc51c6e5
c6ddc56ac995c6f0
c96cc701ca1fc848
bdfcc4dec327c3fe
c46ac27ec3e9c291
cc56cc34ca6bcbf3
cb2fcb0bcb4acac5
ce49cd6ccc6acd9d
ce29cd22cd23ccd5
c6b9ba513571baf9
c9fbc1e8c376beb5
454b4a6d485f495e
45f7480d47004811
481d450d4467430d
4a1f457b48704402
4702c4033899c03b
47513758469cb965
c8e5cc09c9e0cb67
c741c97ac8afc99e
cd05cd5dcc72ccfc
cb66cc05cc81cc08
c79dc19cc33ec2ed
c5f6c445c55cc230
44fd49d8477e47a6
440645d345a147e4
45fa40e744094614
42d63e4e443b4230
4a1046a647694ac8
462741f247c444b6
4e8c4e734d764dde
4dcd4c974d754ce2
4d384c784c544b45
4d784c4d4cb24b7a
c486c5a5c7a8c4f9
c7d5c5d2c614c88b
c90dc4c8c982c60d
caccc62bca16c81e
43cc47d345f246df
45ed49cb415548f1
be47b6624068308e
3d3942e937da43d5
cb39c85fc8ecc9f2
cb2bc8eec962c789
c7b7be0dc33dc4ae
c5b7c17fc431bdac
c031c5e4ba90c413
4121b86f3cd3bbe5
c2b2ca0fc4d6c8c9
bc7ac571c046c5d8
36efc3f6bb12bc89
3c4ac41a34e9c19d
3b40c10abbfe3a67
bce1c578b356c3f3
3ef6c39abd9ec0ef
c180c21bbb0fc2f6
442846a9464a45a8
4496468544d645e5
be6d483045fb4686
448145394463464d
bdec3e5a3c943c6c
3f0a318d3e373dc5
4461427a392c4062
39b43ee83abe3e15
c4dabf88c705c3de
c8dac2a6c826c516
cc20ca85cb8ecb56
cc06c8fbcc00ca49
c79cc5dac73dc80c
c4efc428c6f7c5ad
491b45d544b24576
480a40994620422d
4d8946d5497249f3
4bac447e4a944651
4ab0481948754939
48e946ea482147dc
c4ba486a3e2d417d
b824477bbdfd4652
c1e13ecb28db374e
409245cca68d405a
c15cc769c2d0bfd1
c359c0b2c2c0c554
ca65c94bc897c81e
cc7ec9b0ca0cc937
ca3ec9b1c70bc952
cc0aca88c83bc8c8
40a5c43d461cc0b3
4446c1cf48693d68
4be649ab4c8f49ea
4dd14a4e4dc24c0a
4af84cdf4bd74c5b
4db34c224cbc4c92
b94744f0bc6f410c
45d841f83bbd41b1
c621c587c846c750
c573c416c825c5d6
449a46013b6345dc
bf29436dc2a93f1a
44f63f29c1b941f4
c6bdbf52c7a2c252
c6a2c6cbc947c8ff
cadcc794ca5bc8b8
ca53be42c74fc809
c8ebbfa8c842c49a
ca45ca88c952ca1b
c85ac845c88ec910
c445cc35c61bc935
c193c86fc15dc82d
47b244b0494546d8
48ec47ba499a4884
44fe42394719449b
46d4463a467d46b7
c614c9e6c732c7f3
c4e2c7bbc624c81c
3f0c45a03e9e460b
3c14b59d4006a8ea
4a174ce049a74bac
470a47e648d448d7
33943eccb6c93498
c3cdc2e5c112becf
c80cc785c608c5c5
c709c75fc6aec628
c4c2c728c41dc753
c04fc268c07cc1b3
b8a6be90be89c36c
3e793d2819feaf7c
483b4a094753491b
48e1496f48284839
4a69493149184989
4a4b498849cc4965
42cbb7903e183b2e
42b920273dfc3dd1
be99452e3d2b442f
b2b13995b05d3b17
b967487344e845b1
3cc445db427a45c7
c11dc5cdc245c645
c4c3c33fc406c100
c041cae7c730c82c
c672c8b7c642c860
c66ac684c4dac475
c443c3fcc45fc516
c8dbbdd0c4d6c605
c505bcb5c5fbc195
41cd43ed444f4078
4134463f42a54591
4bad4a3e4ba64bdc
4a334ace4b1c4b49
412239423d1f4317
3c21baa13b8bab97
cbc0cd87cce8cd0f
cba6ccfacc40cd25
c6abcb5fc9fecad1
c770c9f8c8abca59
48bb48a046714743
47f6471646dc465d
466f4831451d45e9
45b943fe45d14425
c4053c06c0aebdd1
c621c59fc325c3b9
c8d631efc36ac3eb
c8d2c312c68cc246
c7acc66fc36ec580
c108bf8fc148c195
b58a34823fa444df
42a0403941514231
468a495c472b48fc
45d7490c459b4921
484c454e45a2424a
487f48ba466e4780
42dd424341064283
42be3fa040403ff4
ba62454135694635
c5ccc306c267bc8b
41cb36083d063f37
338ca0ef37e4305b
3f0ec1384144c13a
45df461f438d42cd
419432ad429d3903
4442423944b14197
49b5c37641bdaff5
484ac2614827bd50
3a72c837be5bc6b5
3f3bc3b43d81c325
cb81c6b1c67cc6f9
ca8cc572c92ac566
ca69c635c85cc5da
c9f7c906c976c8be
c16b42ecc0e1bdc6
b76dbafbbf2ebdce
47534b62485f48b3
47714a7147e44a4a
32693ada35fe3c03
b4db404ebb7e411b
c8e1ca32ca2bc9cd
c8f2c9b4ca38c9d9
4183c365c252bce7
ad56c18dbb5cc2e0
4811425c42b04592
449b44a44510425c
bdd747853bbd44b9
c3144251c0a13ec2
406b4b2a471849ab
437e458544244685
407e3e0043593e08
4565a30f45bd3f63
bfb1c9b6c25bc83c
c516c7f6be9dc651
38fbc898bec4c1e2
c3f4c821c074c622
c354c87ec546c49f
b73ec6bec447c65c
35513fe63995b22e
444846bb3e7e4442
481b4ae649aa4862
47f84cb8492e4bcb
35c0437f43c93ddd
4180483f415d471b
c617c68fc563c60f
c113c48ec6a6c30c
bc583f6fbde42ba3
ba61c05dc07abc4b
bb0744b4b22a3d53
c071b9fd3b09b927
bfa5c4dfc37cc313
c55ac661bed5c63d
485141d543d54500
444ebdb44563b0fb
483d489c480248c6
486844f84816463e
c943c799c5e2c6a4
c710c4d1c7c9c52a
c998c8f6c7e4c8ed
c86bc804c893c83b
44e34492455444ce
487d43ab471a4418
43884425429044ec
46a145c24404453d
3e57c5bcc591c3c7
c4f3bdfcc581c137
47b5c636c24fc1a0
bd52c2a7bceac2c1
c531c35bc182c18e
c693c4e2c3cbc37b
cc4ebf43c56ac57c
cafcc4edc8d4c490
c1d942daba27bb57
39623d59b4ab3695
481b4435410c4444
4852413a45d9416b
44b5ab4541e74118
42693c9c427f3f28
495548b44a5547fd
49b6499249ec496e
4a434d2e4c514ba2
4b454c354bd84c4c
c847b271c161bf2f
c802c115c4c0be96
cc6bcc8ecc39cb80
cc41cb70cc48cc02
c4cfc50ac7a0c387
c407c033c82ac542
b0f6339fbe64b95f
b4434139c1da3661
43dac2123b62bd1f
405ebf3b3cd2bc51
498b38834568433b
45de1a9b4613400c
43ccc48da72cbf3f
b4dcc10f3d7ebdc4
c299c59bc3c6c2ae
b6a2c418b6ebc347
c592bcb0c346c0e6
3f29c20f30dac0e4
c0e1c230b7c9c253
377ec16f40f9bc93
483745af48e048a0
463344b6497346c5
446c4b7446ed4957
41ca4662434c467c
bc7d48a9af303c55
b58c409cc3423d62
bf8139edb622b67c
2b363496bea53832
c937bd04c50bc228
c93bbaa2c822bf69
c8ebc5cdc7b9c6e9
ca59bf2fc974c48b
bfb1c986c4a7c54c
c464c21cc621c493
3ce3b56a3c2936fa
405241422f393ee4
492148ab47f446c5
49b847d4497e47ea
4d1eb91b475645b0
4bdf3d694b604231
4679c4503d01b176
4408c17543d9beea
ca66b880c120c49c
c6ccc406c5f1c1b7
cb4ecb1ec93ecad2
c996cabbc998ca1b
c8d4cb29c967c9a9
c9a5c8c0c8c7c99b
4474499046ac48da
461b49694698485c
49bb4ad748bd498e
4ac049ff48fe49d3
c62fc13ac6a5c67a
c83ec330c817c2e0
ca4f4473c4edc058
cc29c440c96fc14b
49a04bc648aa4b22
446a46a147164776
4c48469c47fc4a6b
4ac845e349ca4550
3b2abb2b3e5041f1
47a4b691445d3c77
3f0ac01d442e3583
486c43db45ce4419
4234b4d34265bac4
43c4477642c7448c
c642c27fc2dac5ce
c653c2ecc4e2c205
c60ec9e2c2a2c7fd
c2f3c98dc19fc788
c30fc8cdc089c742
bcf8c646ba4bc59d
c381c59ec6b7c7fa
c4d5c419c597c63c
38b9c773c70ac657
c030c2b9c48bc58c
c445c49dc62ec4e9
c6b5c181c571c3c8
c8824602c1e7b828
c985b4b8c6ff330a
b455481c43114641
3067429aba3344ef
c136add3bc313bb1
bcb6bf0fc2ecba80
c6c03aa0c4b6c0bf
c87bbfd5c69cc1f3
486d4912456648e7
4446479845e7463a
4d974cb04c124d4d
4d084adc4c894b19
499447f1496148cd
4b8b47da4abe4845
be10c987bc3ec5d1
416ec02b41e5c1c6
3ad3c793bca5c0fe
bf54c15ab9cdc23a
41de44ed460f4267
39e444f842874587
c88ec606c407c8c4
c6d3c4fec503c45a
cb9bcc67cc36cc7e
ca50cc78cbdfcc6b
4884477c44904762
491b459a4617455f
4b824ba74a904b57
4bf84b624b3d4b64
ca43ca46ca04ca63
c9cac9acca5bc961
cc5dcae8cb01cbf3
cc2dca07cc02c9ee
c7d4bf86c274c45c
c5debc62c23bbf1a
20643e4eb4033ff1
bc0ec04c36fbbf36
4c234a984abd4c15
4a9b48f04aa94985
4ba94c814c444cf9
4b864b024ba54bb3
c3aa4296be57b705
c69dc41ec4dac1d4
caaecbe4cadacc93
cc4bc99acac1ca87
cc2ecc6fcb16cc2c
cb61c65dca69c923
c64ac6a6c7b4c473
c464c122c6eac44a
4bd14346467e47d1
4b37452d48aa4644
4c0d49d84aac49de
4cdd49374b114a15
c067479342854433
40a03ef839584207
c41cc583c5b8c35d
c66fc783c52ec71d
4b0946294848486d
4928489349ae475b
44e84b17487648c3
41594a3f46f148e7
ca84c3bac6e8c838
cad1c753c904c6fa
410ec6f8402cc2d5
451ac13042d4b701
45bcb85046bb42d9
48123f6848194351
ca54c60bc8d9c6f5
cb10c9e8c9a4c96e
c745c913ca02c8db
ca07c915c9bdc973
48683e53449d41bb
487c474347ba46c0
47d94c7549d54ac4
49ea4b0b48fa4b6a
c00b47edb4f1435b
c0bc4125c4a84140
c858ca11c89fc8b2
c77ac878c891c8c3
c214c688c17fc226
3381c599b899c52a
311cbd11c116bf59
bbc2bff1bdbdc095
ca8ec9ddca3dcb21
ca2ec84fca18c8fb
c70fc5dac1c9c5e3
c18fc408c050c2c6
48e8451e48b64899
497244c149944644
3f323e633d2541eb
405b3c4640e8363c
457a485a444d4537
445147c945354517
4c6249d34919492c
495c49cc49f4489c
466f3c8742a34186
31ae42df3f774111
c1e5bb4f3c20b96c
c5683f00c47940ea
c37abf32bccfc203
c4ecbda0c57e35f9
c81fc4a5c5d6c3bb
c936c76cc8cdc525
c52e3a34c02e40a7
c670c4dac4e7c07a
40d044a8418b4353
46d6bd1146463906
4407b6193ff2bd84
49f8c16348d2bea9
4a6548c249f748d8
4ccd48944c144901
4afe4b234b0d4b9c
4c404c1e4b414bad
cacbca99ca42c9be
cb2cc62dcae3c8c2
cf93cf27cf0ccf22
d053cd73cfcace2e
c895c899c940c94f
c97ec5abc9c8c81f
47ec48da45ca46f7
48fd484b46e546ca
2fb546aa402e421e
ba20447d3a224394
c58dc2abc3f6c461
c7bdc2a2c54fc280
ade0c751c093c43b
af56c74cb18ac4f0
4764c2e6442d3835
47d6c0a9473a3546
4c4b46d149b348dc
4a94462f4b044819
4bfe4a26499d4a84
494045e14a49486d
c2d7455c3bcb4423
bc03bcc7be2a390c
c81cbb3ec1a6b4fd
c4dcc012c718c1d2
3a7940b43f353f4e
30b243d6bcc13e54
397440f13b9f354c
3c1e4383b41b40e6
380344773b8442ef
3498409d38b74253
b991489144ca45b6
3d7b47e4439d47c2
c652c42bba86c61d
b5574273b7943eeb
ca63cd46caeacc6a
c9f8cac6c9ffcb4d
caa4cb09caffcabd
cc63ca5fcaa9cb5b
be484546bf22b59b
c159421dbe733db2
47074171393541c1
4854407943d240b8
4ae53e08478548a7
4bda42894a3643c0
4c2c4a264b884bd1
4c8248524c6a490a
4826456b449745f8
41d9bf4a440e3ae4
c1d9c471bfa6c2c6
c812c3bbc5c5c084
c961c3c3c167c62e
c8d238b2c83daed7
c070c1c4c43dc3a8
c5a2c2b8c64fc32e
4cbd4a5b4ab84c13
4b5d49504b5f49ad
40d4476845a1476e
45d9460c457945e8
4be841cf44a14868
487b34b547e23945
4bef48ea481049c1
492f45ae48a84571
ca70b29dc448c751
c77b335dc7c4c027
cacec956c86ac91e
c928c69bc9cbc78a
341cbc213d4b4340
b8a6b4e6b8c03b96
488d48f048e248cc
46f9488d484448c1
48a03f744461401e
4742454045d644ab
c63fc4ebc5a3c69e
c5b4c488c5dbc436
c8fe4187bc46c420
c9eabe69c4b43848
485049484a4d4811
4685495b49dd4a5d
4a0449c04b554a98
4cc44b674c3d4b26
c516c24bbf5fbf1a
4342b97f3915c125
cb9fcce6cc87cc32
cb41cc5ecc3bccaf
c9bfca0bcc01c944
cbaecbb5cc65cbc5
403445c4b45444b4
bdb622d8bf1eb197
4bef47cf48a848f7
496e4811499147e2
490a43fc45224644
480343f3467a44da
44744a09473a4863
4791476346784870
46aa48d048494783
46d247b34825489a
c281ca5ec659c825
c761c820c5c2c7b0
cabdcc0acb68cbc0
cbafca58cb87cb6b
c6853cc3c270c427
c4243d0ac460be23
45ef4348485d453e
488b475a491d4729
4304bd8b45af42ad
45893a9b48184092
c0ee3d47bd1eb9be
c306be0cc1babc5f
c7c1c75ac8a4c908
c978c6d0ca50c73e
ca97cb2ac9b1cb00
c8c7c8c1c9c0c926
c25f3d6d41aa386b
47db458e45384426
456e462b468c45c2
490c47394833473a
45d4447440694557
2eafbd75405b3d69
494d4d57496e4cae
4422486b472749e7
42f94cf546c94b66
3713488b3bca489f
c726c279c809c5d7
c905c71bc90bc801
4310ca4dc577c858
bd4ac8b2be1cc855
49baca622c66c3de
46fdc3bf45fec424
3ddfc6bb39e2c0b2
427c3ff4429bb409
c81fbe1b368dc14a
370d4338b5524146
c7dac897c757c7b6
c687c754c80ac715
c0cac87ac82dc5b6
c8c2c853c83fc8da
b7e0472442044401
3ffe463b41e44425
be754898455e4319
46a3485745734773
431740e144a03c95
45954266458a4471
4716471f48d445ef
4910456249744814
b49d44e943c840ef
444740f943364316
b93844ad3203419b
c37c3f3cc1933f25
400b4a2241eb482a
c5644248be724528
bd254447c1fb4222
c783c4edc5aac132
43ffc1cdc0313a44
bebfbec8c1c5c056
4743c1dc42f838e3
45eb45d9431243d0
351bc935c068c4f4
4013c0503013c397
c8cecc3ac9b3c9da
c5e8c993c71fca7d
cc0acc47cb0acc1f
c701ca4dc8b4cae6
c842cab8c8f9ca60
c537c9cbc6ecc99d
3bfec0a7c02bbf50
c4a7c51fc062c48c
3d6b48ec456f45b1
bd8a4532425145d2
402a490444b84522
3da746133e944718
35f948e83e60457b
3d184464bf5e4407
c370486a41d64580
415746633dc344d2
46e646b34829466b
47e9487348a8483c
4d1e49c34c244a64
4b5f4be44c3e4c04
4af248fc4c104a22
4aae4aea4b7d4bbd
bfc9c6dcb8b4c0fc
bfa1c71cbc45c335
c952ccbacc2dcb2f
cae6cda4cb0bcd35
c613c663c9e1c666
c697ca12c83dcab2
332b46a8ae494210
42bd42e13b963c8d
c074b9cab91cbbef
26164563bcf34061
bd7bc61ec21fc2cb
c323401ec4293887
44aa452d42ad4256
3e7544483e20468e
46d44ba049814953
482c499148734a66
35264016415e4267
433b3e97437d3c82
c9a4cd81cbd9cc88
ca39cd34c987cd14
ca24cc51ca94cc27
cbc8cc67ca2dcc21
c4e246143e8844c7
c7a640e9c4ca3d1f
bbc1456c41ea4596
be1344abbbcb4130
471843d746584390
49914894482b4805
46294842461344ea
49e74a4e47914a02
c71bc655c66bc774
c089c5dcc3d0c499
38aac630b450c2b1
3e28c6b74384c472
48b2492e48974842
482446bd48b047a9
c5c7c061c6a8c534
c7c7c4f8c893c559
c73dcadec9fac927
cb98c915cb45c980
4b1d488a490a4a74
474e49c447e54990
4b8d4bb44ae04bc3
4c424a014b5349cf
c714c797c7c7c764
c09aca56c3e5ca65
c95ac909c8d3c89f
c902ca93c7d0c9b7
331c456945ff458c
be1946134036485e
450e4a2148f04932
41e74acc44cf4b10
4a6a4b03490a49f0
4a784b2a49b04a31
48b83bff44a142b7
4b3f4381496c4025
c8dfcacac867c9ed
c4aaca0ac598ca04
cbdcc701c94ac9b0
cb29c977ca31c910
c406c5a0c64fc67e
c873c6ddc76ac6a2
c6f8cc31caa4cae6
c9b2c972ca67ca7c
cbacc792c95ec97a
c904c068ca7dc5c5
47ea4ca24c654b55
4a7d4dbe4ad54d57
4f1f4dc24f654e83
4e3c4e7c4f254ee0
476abb9740504259
40f7c4fd4446c0cb
cce4cc64cd0ccc65
ccf6cdb4cce7cd92
cbadc982cb2ac9c0
cb47cb1bcb91cb16
c38ec5cec7d7c2ce
c37fc8d2c5b7c7b5
bddcc4f0c75bc464
c249c90cc433c7d1
491246ac45d0461e
47d14300474d4497
4db14c744d1e4d10
4dd54cfb4d764cdb
4ba54cbc4c484c5a
4b144d014b934ca0
c1eb498d454143a1
c3b14a60bc144912
cb44c807c671c983
c8383ce0c880bf61
cb96cd24cac8cc7f
c86bca1fc9bfca81
3361c7abc2b0c419
c28ac882c1fac68b
481e472b47ce4819
41253d1a45674414
c94ec715c645c863
c901c890c803c7cc
c905cbdaca27cafa
c8b1ca96c908ca27
4cda499348fe4af8
4cc349f74bf349ad
4bd84d5e4a364c9b
4cb94c0e4c2d4b0c
c1d5459139b742c7
3c7635143dd3b505
4239bd1c435b4158
4437bc124452b364
c039c21ebc14c158
c185c304bfc6c300
cbcbc84cca13ca3e
cc2ec897cb6fc900
caa0cc22cc13cbca
caf3c9bfcbd5ca9b
c483ca63c954c8f3
c6e5c7ebc8b3c912
48134a5b48f4497c
3c664956449d48c6
4b1c4da54d004d3d
48684cc84a9c4cff
3c4f3aaa40af40d1
41ad3f2b40b5426c
c7cfc7ecc818c8a6
c486c6d9c5c2c593
be18c084bc23c442
2196c04db9d4326f
43553caf457b40ba
45c03615451142ae
3c163160433139d0
40f3baf7435b3bd6
c671c8a3c5eac8ae
c517c681c488c692
c6f5c9c9c875c898
c3b8c798c61ac85f
c19ec62ac4b3c047
b4adc4d0bfa7c590
443845d243bb45c0
435e453b444343fc
4bb74db54b884c48
4af84d584ada4ca4
4c5a4dec4b494cbc
4bfe4d3c4b344c72
46cc46713c1b471b
3f153a7f3f85bae6
c3e0c910c8afc68b
c82ccb0fc811cab7
c889cb38c90eca18
c698ca55c85bc97d
c914c8c5c730c8cd
c719c619c7dac5b0
c3d8463d41714192
c4e142d5be3b4350
bc5c482d477a4553
b2de445f43104695
c25eca86c0efc83c
ba31c6bcbb5fc4b6
c46accaac8fcca7a
c4e4c98bc62bc96c
c5e6c4b1c46cc486
c685c2e4c4a4c2d2
b86c46b2478245a5
3c65470144704802
3fff468a47194532
44a346e145844740
42a53a12bb93b61e
41023c683294b885
45b5c42ec438bcb4
43b3c0adbce1c3eb
b8884672c17944f3
3619b441c262b145
3d704c953dc44835
c36d4579bf00454c
48a042fd42cc3c59
414a469f4432445a
c410cba3c48ac8bc
bb01c2b3c116c5c8
caf2ca41c984c93e
c917ca55c95cca8e
49f04a4b489c4a02
492344d8495446d9
4d6b4d464d3b4d2e
4dad4c2c4d8b4cc5
c409bf68377cc0e8
bdd1c050b9c2bcb1
c8b1c924c62dc8e3
c978c806c7e0c6e4
3acabba0443aabbf
3cbe432c42714489
c410c689b915c1b3
3942b8162dcebc85
c79ac955c84ac62d
c569c852c63ec888
c082c0f5c4d0c16b
c421c2ccc385c224
bde4bd82c0f5bea7
c1c33cc0c223351e
bf864548280d441d
b715422fc0643efa
c33a4739b68d3e12
b8303ba2c1523864
b8d0c29fc47ac4fd
c354c4d2c476c433
4a7942f9445945dd
41bd430e44604441
4955485c48ab4840
46974950486e48bb
c880c4afc24bc676
c507c0e3c278c384
c888c88cc689c814
c75ec910c601c86a
44a23f0241fc4357
44b1bbd04482388c
bb003bfcb5c7ba3c
4319b01a3ecebc14
c3473acfbf61c38a
3ad2349cba2abcc8
4811487b474946ca
46bc4893467b482b
447ab8253c7f4064
3b0b400836643f13
c590c8aec77dc4f0
c48dc893c74ac7ca
c169bd3ebe2138ec
3e61c31cbcf2bf71
c34cbd1732d5be7b
b8c02853358e3720
3453c0d640533aed
be983f003d834091
4b6648ef48f54aae
460f495f47ce4995
482248c446014689
42d84879448d4801
c93ec65ec4d0c874
c58ec504c426c53d
ca69c89dc8cfc8d5
c889cb12c87bca07
b343bedcc4a2c24d
c216c838c354c6f8
484f427e44cb43f2
44f9466545bc442a
30a4450841e64389
3a434937388245ac
c5e4c12ac587c4e3
c50a375ec66dc0a3
b892c0ecc1c7c193
b63ec32fad19c0a4
4128496a460346fd
471442ac46b4456b
47e048a348a0481c
4a0546d348ef4801
44f5c58f3ebdb706
417cbd38423735be
ca4dcb56c9cfca28
cb3dc9acca8dc973
caa9c863c877c8b6
c980c5dfc96ec7c2
bd98c00c4086b557
3ee03bd140bd39fa
bd22c82aba4cc30f
4042c7cd3be0c552
b8f6c35ac10dbe5a
2327c7b3c094c5ea
48504c2848014a3c
41d8495f441d4958
4c5c4c2648ef4b3c
46124b6b480f4b16
4a613b63212740b7
44d140f442743bfc
c30b362dc0fdc227
3de03b49b885c024
c14b468943984379
4477465643c14400
3c82bfb3bd474010
bc83bdadbb1bbc8d
cab6cb6eca4fca6c
cb50ca73ca3bc98c
cbabc939c7c2cad7
c8e0c78dc78fc6a0
386548f3475345b5
449b46584554472f
4b464d124c9d4cb3
4b624b564c0a4c1f
499d41e7493546cb
4997462b49ff46ef
ca1ccc6ccab5cb98
cb3ecb7ccae4cb47
cc88cc5eccb6ccab
cd88cc78cd50cc72
ad4ec297bfdfc10d
414f399eba50bcfa
4746451545694621
4a5847fa47024647
3c85be44c15db9e4
3618c2c7be12c306
40473eaeb9ad406f
38b8bc2639e8bf82
48b747c445e9483b
47314789461b4716
46a3b89741584031
41893ce544424215
c40f42ab3f293ca6
bd783d4341cd4103
c62948e441e3445d
bf3345b1382744e6
3e29301d3fbd3d11
b5d33cce35563b2f
4808bdbc41093e64
4074b30041453b45
46fd45ab413e4527
356a409a37aa42a6
c852c675c716c6a0
c96ac653c943c6c6
ccc8ca94ca2ecc17
ca59c945caa4c9f8
c767ba1fc2adc5a2
b584c05cbfbcc1f0
49054774471448b1
49444549485345c5
4c5c4a114a974b61
4c2c4aa04b5c4a98
3c74be0a3bf6ba12
41a5420d401c401b
c8fdc97dc766c816
c890c864c7b6c828
42ba3b523ed43d54
3e72baac417e37f7
b9d3c40ec1efc55c
b683c197b80cc0bb
c7c3c837c473c6ef
c57bc4b8c3c7c41d
427b42db45ac4497
43b0440245a0449a
c830c728c803c7ef
c59fc6f3c6d6c84c
cb83cb86cc4ecb54
cba1cb86cc4acc62
48a447bf422d4898
3c623f103c2b402a
4d124e6c4c524de2
4bf24c284baa4c78
4bd74ddf4c184ca7
4c024d114b654cda
45ed4379444e420a
3fd74708420c46a8
c8e0c9cfc902c96b
cadcc89ac9f1c871
c9b8c554c51dc641
c856c479c806c3bf
c511c5c43e3cc3cd
40dabdac3fbe3936
c4d2c938bf01c829
40e1c5d43f39c46f
b5f0398b405cbccd
3f95b8cd42eb3b8b
440e429144564287
3f973f6e445341e3
c05ac6e0c45bc2eb
c116c236c1aac627
c908c99aca61c8b7
c82cc888c980ca41
c04cc6d4c894c523
c640c802c783c869
4b1a465844a04813
452242cf455b42f3
43c1487542a9463c
42b141953ea34299
c6ab4764328e3d62
2aaf4000bad540a6
49284c994b944afe
4aa44c594bbe4c4d
4865483b49a84860
491d4a41490c4a40
c4a2c97ac6cdc836
c30ac64bc6a4c62b
c5b7c98dc98cc959
c908c9e5c861ca58
c42bc5a4c54ac4f1
c83ec74cc53fc7ec
c370c339bae4bf2f
c116be8ec33fb85e
c47bc1fcb85bc0bb
c228b0b7c3fd3cf0
44a54127479d4482
44fe45e5466c4809
447f452f472d4628
478145f3481147dc
c780c79fc7c0c80d
c41bc782c5a3c737
493d405b44e044a6
44b4414746a14240
cbadcd53cbf4cc8c
c813cc1bca3acc71
ce44cde2ce18cdec
cce9cd5ecdf9cdf0
bcca452bbf784046
c57f3f03c57e34ab
468741bb3fd44345
43ef447a42dd4075
c5fec98ec68ac72f
c0cdc36bc0b4c642
c5e14358bc6b3fb4
c540b421c047309f
3b854951383c444a
c872b0b2c1e74067
487345db46a5451a
302a484645b84890
4968490b4b65497d
4b224c094b5a4c10
bceb436e41513891
4604b8cc407f3bd0
be103622c08dc0e3
c056c6eec407c49e
486c43ed4665462a
4582413a45b144aa
499143fc485747b8
4b09475d499b4750
c15ec821c02dc41b
4385bff934bec342
c5b1c854c2dfc4cb
c681c4b0c495c4f4
418c48a5450945f7
c28d46233a5145ed
c69d428bc3b2bac4
c914b90ec862c015
ca73ca2ecac7c9f8
cb73c95ccbccca1d
c3eec748c797c86e
c2c6c4f1c477c65a
c6d7bfdfc690c686
bccec574bf0bc562
c5a8c003c3d6c33c
3ea3c0519cbebd96
4d6b4bd64c6a4cba
4e024cd14d414cc2
4d104b694baf4cbc
4cdc4a394c4e4a40
c944cb39c94dc99c
c93fcb27c929cae8
c790cacfc623c955
c9f8c7bdc729c700
488848c248ee487d
b58e480945b348f6
c2903f35bd1dbeed
c4f4c132c4cebbce
cb6dcbb2ca30cb62
c5fecae7c989cad4
3a90bd6bba37376d
4363bc8a364ac170
462b497943c94761
4319460b414043ea
c70b3da7c486bb83
c695c2cec551c364
3ec9469b436f47aa
c3ed46803ef346a7
49424b654970492e
45b54c8547f04c1a
c059c417c342c717
3ea6310ac13ebe9f
c1a2caa3c659c79f
be87c86dc28cc865
44c0bfbf45b24138
440b38e645f24208
4180410d47f74230
44fe31c445bf4571
35e5c1393ff4b875
3dc7c31f3e4eb87c
bd85c730c44dc448
349ebfcdbca9c515
3c0747c6b1ab44ea
436f429c406b3c2e
45044cc445124979
435d45d8456f46a3
ba77b79cc1a6c37c
be16bcdcbf7bc16b
ca7dcd91cb79ccb9
c972cacacae7cbd0
cdc2cd8acd09cd77
ccf2cc97cd0accb5
cc00c844c9a1c992
c9a2c783c9c3c832
4b6349b649ae4b1f
4a184ae349a24a93
4f6a4d474d944e80
4d004d4a4d934d76
4b694a414aa44aa0
488548f44a5c498d
345a3fc84294395f
b583bdf240023abc
c3e93261bea1bb25
c6e8c6ebc545c417
adc246a240c34696
bf823e59c1f6400b
1a90bc2a41473d54
46a2480640c745f7
c618cad3c74cc996
bdf5c17bc47bc505
c655b094c656c44f
c807c746c770c75f
37f84a0444654543
45b93f6b45e842d0
bc91c791bde2c4c5
46a8c24f4538c172
c83fcd6ecb76cbe8
c944cb9cc9f2cc27
c675c7fec8ddc8e7
ca2ac81dc9c7c8ad
3f4d474b455541a5
c15e4699407446fc
43fe422145f24445
4330455e456145ec
b594c3bab4bfb48b
43a6c07d3f52be88
3fe8406443d6421b
b56e454941d044a9
462b467e452945a9
b89149eb40ab4855
31913fa6c2813818
3a204128c1ef2e90
c0f1bcd1c27bb79c
4439c5c6b3d7c3f4
489f483948ed48e0
4c21403e4a9d4648
4abe4cf14a8f4bb5
4a41495b4a304a5b
c471482cbc4a4128
c91e3900c5af3cbc
cb07c9adc95ac944
cb61c96eca98c931
c1c7c9dac659c820
c40bc83bc6cdc830
4793c43640a2bdcb
4563ba03427fb83d
4069c3bf4070b8ca
4427bcc0445dbb50
c899c668c731c557
c92cc859c7c5c882
c813c885c979c842
ca37c841ca4ac8c4
c693c666c660c668
c1f3bc29c57ec203
c8b1c36fc084c552
c44c4643b9543afa
48dc4664498b46d1
46034c3a49dd4a42
4eca4cff4d864d47
4e414c5b4df24d25
459245ad455145d4
4a53c00b480e4128
c9e52e9cc596c414
c5b3c5cfc796c514
bb7c4b7f3ff8462a
c5034670c420464e
3ae13dd8c1e9bb2d
c48cc079c39bbce3
bfbeca98c4fbc6cc
bcd5c826bd3fc755
44fbc5d641d1b406
453cb148454d3436
c031c661c1c1c481
c134c66dc235c5a8
ca74c6d4c880c629
ca78c97dca1ac912
c755c073c6d2c2ab
c984c22fc858c418
bf82c69cc6d3c7a6
c3dfc077c4f8c46d
3d5fb4713b33b200
44b1bf523fccbb9b
48dc4b6c4a3f4ac9
4b1046e04a7348f0
4a0d4952494a49aa
4af2486e4a274955
40b334ab3e7c3eb3
3b2544063edb4424
c16440b2bc2abec6
c76546d8c1ef4251
4308456d415f3d1f
34a949e33e63456e
3cfcc63a373bbfd9
42dd39853d67c005
c558c932c54bc5b3
c482ca00c548c8ed
c46142afc1f12a80
c485c587c4ecc364
c8dec058c5b9c419
c503c23bc53cc2e8
c8efca46c98dc92b
c6c7c8e5c810c940
4225341cc0501815
3d0dc2b4be4bc16b
479044e9471e45f0
452645354723468e
47cb3e1648fe4601
46ab45d549654773
47dc439149574746
477d45ac485947d9
ac7544a345473f58
bdcb43b53d5f45df
c3fb47923a9ebcd7
c2ea3fa6bd4c4346
b84043b0beb8b97c
3f43bd47b88db9a5
bec0c7b3c87bc4f0
c392c83bc693c884
c8f9cbabcc25c98f
c9afcb2ccad5cbd3
c601c6d2c82cc523
c0e4c5cfc5d5c7eb
48d0499748ce489b
48a34a5d485c4902
460a48ff480d46af
451049e4462c48de
c0f339bcbba6aefd
ba58bc9fbca3bcf4
41aabc474040410b
3e16bfa84243ba4f
3ff8bd0b45304331
3670435044794468
c58bc30cbd00c152
c6123ee1c3b33964
c40cc77bc6aac83a
c43ac3e1c698c582
44a5b90a3ebb2907
479a4052427440c6
49874877485b4844
4a57476748b84850
414f45393c8b3ceb
3cfebed83ecc3072
c8c838b8c1f9c19b
c848c61ec487c3ee
c628bcb4bf213581
c663c465c4b4c36e
b595c3b0c4c4c080
c301c401c46fc59f
c0063937c386c143
c320ade9c0eac0e5
412f405242fe3e56
3dd83d86432840af
4529c68544d32fc2
4604b6aa478a4040
c6b8c6f2c4dac5e2
c475c2d0c38bc230
caf6c326ca2bc909
cac4c666cbc1c778
b152b87ec022bc38
b89a3877c01c347c
4c21487d4a7f4b63
4c11498e4c08499a
49c2461648a94942
4aa1480f49524656
c482c1efc0cbc2e5
c0aebf4fc31cc22a
c6a8b8ffc39bc44f
c69cc394c5fdc0c9
427246b841b04318
38c0408e14a3431b
455b478c45cd44f0
4640467c44dc45a5
c2cdc7bbc4cac74d
4058c374b953c540
c156c824c588c5dd
c09fc883c0a0c78d
46694852485748dc
4037448e4664478d
b0443f53437c3fad
bd8847c53c92467c
c935cac0c915ca93
c9f0c44fc917c79d
c48ec369c5aac34e
c8efc66bc695c654
46054b7a449349a2
42214368439c4478
49704ca648314b45
4937493d48f248d0
44233cf43c55435e
41f335c5405a38c4
cadfce30cc6cccdb
c9ffcc9acc3accbe
cf1bcfa3cee5cf89
cdc7ce30ced4cee5
cb7bc803c84dc8a9
c99dc88ac8cfc862
4d844cfb4e884d79
4e164cd74e8f4dfe
4fd64ddd50404e36
50414eb250504fd4
4765454349e4444e
4872485f495749a2
c822c92dc6f4c908
c58fc6bac62ec635
c10fc63dc631c483
b892c2a3c393c491
4406480bb3f4470e
b8ad455bbc144204
be4b4531c5f74138
c931c04dc807c503
c3eebedfc6fbc0d7
c823c4e1c728c81b
419c4559401e4394
412b45da3f3541c5
441b46d740a744ac
406b44273d464134
c5ee3ff7c34abe0f
c50cc547c3d6c520
c944bc7ec28ac473
c54ac65dc06fc35b
c50acc00c5fcc8bf
c34fc997c26bc73b
c00ccb36c768c870
c1e4c8f9c66ec817
c0f23ff9b083bd0a
b2443d2ac1443d70
40afbd2d45253d2b
423846b444164636
46c8c637443a390e
455f46a445ef4535
c216c2f9c343c3b4
ba2e2327c1bdbf18
c5c64362c0c3bbe3
c4ad3c16c43db9ba
49da49c949a34941
4655493048e44924
49b745af481a46e0
478e3d10485c4459
c6633de9c349bea2
c38dc91bc447c682
346e47c14130444b
40d0b80b3ecd3c5c
4aa544d2483f46ec
475346b74851474d
bb21b23941373900
4071438244254441
c6c8480e444644f0
497a47874777465d
436941192455433c
42ef3e3d3a64bdf1
c676c99aca9ac8fa
cd5dc95dcc21ca4f
cc62ca9ecc23cbf5
cd4dc9cbccb2ca24
c3d7c9c7c911c942
bc30c772c692c84e
4abf3f45466b46b7
4b5847b1492b462d
499948f54a634a7f
4a924b874a214adc
c8a3c75ac71ec6f3
c8ecc695c8cac6df
ccb5cba1cc78cc16
cd89cd26cd1ecce2
c3f5bfe1c296c1e2
c48ac61dc3fec52d
4584443d464a4331
46ca4531472f45d7
c01c42d540cdb689
b98135e03cd43f8c
4434489748004544
430b444345da4615
4d514c034d6f4c93
4d154c974dbf4d13
4d5a4c6c4d594d56
4dc04c784dff4d24
45fd497c459b487c
469944aa451945d0
c9ecca2cca52ca6c
c9bdc804ca90c92b
c9f6cc01ca0bcadd
c952c71cc9d9c8d9
c479be35c53ec106
c520c166c604c41f
c9c3c8feca97c8ef
caadc92cca57ca28
c901c9ccc9cfc954
c9aac8d7c928c97e
4a0048d54884490b
491947204869480f
49b4491c492a49ac
4a0e483d48ff4918
c912c86fc76cc8c2
c54cc6a6c62ac67c
c68bc68ec325c747
be6cc511bdecc5da
41aa3e4a41544131
453fc042442abb47
c23928c1c567bf41
c4e1c801c65ac579
bac6bf75c12ec22c
c68bba6bc410bc18
2f09c5793ce7c277
c1dc44ac3b6b3ff0
c00f462941534442
c169454bbcf24366
4ab04d9d4b954cc6
488a4bb848f34b9b
4c4648d64aea49a3
4bff4a414b804a6d
c571caf7c7a5c914
b7b1c75ac371c6bb
cb78caddcbc8ca8e
caa5caadcb7dcaee
c4522c75c4f1c19c
c626c2afc520c4cd
43be4689430e448a
414f3f4e4406406e
4a1a485349d349d6
49c944ea4a1a4830
4b3945924b38496d
4c51485c4c6f4978
be3bc0a43bb6c035
44e641f144763f7f
cb5fc81cc9e0c9f6
c9acc6caca84c781
ca0ac8b0c94ac948
ca9ac83dcb15c7ff
c4ffb82ec18abce2
c763c018c573bf65
c5c4c27bc5a1c3fd
c740c48dc5c8c515
c856cc1aca38ca78
c83bca02c907cac3
c32bc913c5e8c75c
c4efc665c555c722
48954c4648c749cd
415c48e244b1495d
4c0e4f874bae4d4a
49514c4c49554c3c
48934663459145b2
4aad448948fb431b
476fc4b245093f9f
4ac138354a0f390c
4771438548a24931
477f481949174763
c8f9c868c715c7dc
c967c58bc8bbc5c6
cc03cc0dcb76ccde
cbddcb05cc43ca37
42bb3e4843f63f4e
43214579430b4655
48024451465c45ae
468945af479e460a
c0fac046c468c4b4
bd40c827c0c9c78a
c60048f3406846b7
350f3ce43bc03c29
c59d44073f0f458d
c572440ac04241dd
466bc848bdcfc450
bbf0b796bf60bc6a
484dc1da3aacb9fb
465441183fb14062
c2d93d60c22b336a
be42385ec40cb1f8
c52d4102c31abfcc
c32dbe9cc26cc08c
c5a4c192c3a4c5c6
c134c4d6b83ac4b3
c27cc5bfc09fc41f
c3a3c484b26cc377
41fcc49e3956bf85
b23dc2223ca9bde7
c46ac9f6c6d5c8ce
c362c92ac5a5c865
c9fac997c95ec93d
c96ec895c9b4c904
481d4b2848fb49da
45894aa5464a49ec
4d7e500f4e244ea7
4cf34ddd4d174e21
45264a21483148a3
486744ae4818465e
c544c968c7ccc6d5
bf00c8e9c4bbc873
c046c6cdc7fdc28d
c593c58ac812c55d
bb71b75cbc7cb685
c42246e2c06043b3
459a421448e744cf
47b94b3549f5493c
46c4439147004762
48043e76484f403c
c778c50ac876c680
c831cab2c903c9e0
ca69c822c9f6cad9
ca12c942cad0c97a
40c73b6bb6753a96
40b53981351d364f
44ebc0fd38053d32
454d3044438c3735
c83dc977c59bc96a
c6afc781c541c6ac
c2d630984162be98
c58cb4b2be313dd0
4214c18b43423493
3c23421440cc4438
c814cb08c7a7c968
c220c68bc4e9c674
c830464ac3323bdc
c478c113c3a6c0e6
411a4c6e3dd1486b
bc7f45e4257844a4
486c447b441a43a8
48504888461645fe
bb13caaec81ac91f
b572c8a3c4a3c8e9
45f9c81fc376c241
4816c88e3548c843
450644c5438145da
4485402c40e53cac
c59fc179c1f5c21f
c456c39fc38ac40b
c836c70ac885c73c
c6e9c8dac6ccc87b
471242a03c744395
abbb435341764035
4bcc4bb84b6a4b74
48a24bb14b1b4b8a
c3fc45143e873ce5
39ecb43034c541ce
bfe64607baa83d87
b9c3c101c3a93945
488049cf45984860
af50442d3f6b458a
cc60ca02ca71cb13
cac0c96bca36c9f0
cd1eccfeca96cc93
c766c925c8e3ca23
48563313481c472a
47304413487e44d4
449b44e04575480c
b6fbbaaf41f33fb0
c5d0c4ccc197c66e
bf25bee1c1c4bed0
4811b9184375bd41
49bb471b46a34599
491e473a453946be
4769460c45f44591
beba393b390b3e87
c48b4261ba993df6
b5a5bf06c03abaf9
c5c2c002c4acbe21
4a1e490045524872
43b842ff413545ef
46df489149414841
48c54b34495d4a4a
cd0fcb90ca5acba6
c95fc771c9b5c9c9
cbb7c848cbccc9c2
ca25cafccc1dcbbb
494d4c1248e74a6d
4852484048bc4893
41cbbcf5bebab290
c4a6c56abb32c51a
c5e7c8fcca1ac8a7
c90ecc02c8b7cbba
4887430049444738
4c94461d4ca24809
4a7a44b14c20495c
4d104a434ceb4b68
382820af41a034be
beba44bcc1c0457a
c832c2c7c49dc4b0
c8f6b9afc8b3b81a
cafdc6aeca5bc89e
ca4fc90dcae0c926
c9f7ca67cc63cb99
c7fbcb5ccb9bcc17
c28ac911c6b8c864
b8ffc3d3c3c9c635
492249ed4ab349ed
44174a4049c34a5f
4a764d114c434c64
469b49504a5c4b26
35b74334407e4367
c08bc2da3864bd07
3bb44013c0ef38f8
c0e6bd09bf9ec056
4039abb8c415c22c
422c3059c17cbacb
c80dc9d4c811c8cc
c676c805c7d1c7e8
b73fae8f45e04168
be104558436544df
499a47a24b2548f3
4c1b4bee4afd4b03
b699c0c3be81c2dd
4635413e3567bbc8
c5a83842c4f3c17a
c6d5b432c52fc1d0
40a12d09ba1644da
c44fc1debf9ebbb0
c7a4cc90cb89ca88
ca14cd23ca4dcc89
c92bca5cc943cb08
c71fca20c507ca1b
48f74cb94c294ca9
4b114c834c6c4ca8
4b8f4e1e4c9a4dc0
4d264cc04c464cfb
4a7b462246cd4175
4c2f437848bc44cf
4442c613bbf0c6b0
b81ec4b7bfb2c03f
cd85cb76cb65cb7a
ce3bcb57cd92ca79
ce5dcb28cc14cc05
ce2fca7ecd3bcae7
ba524652ac423de3
c7604219b2d13aec
482a4b9d44c64914
452344e9461c4277
4458c2a0bfbf389b
48c3c2833b48c3fb
421bca33bdf0c3cb
432ebcd83588beb8
b432c32a3478bec2
c2be3b1539b43957
3580afaab1fbb8ee
33133c76382da9c8
ac21c3e32121c031
409e43f839ab3fb5
b8b63d52480d3c19
45fb48f648e5493c
4424477249f84778
4a98480d4acc4978
4374af9cbd604535
3d39c526c424c4d2
410a401dc6874049
ca4bc708c9bdc76f
46df4bf0432546de
b81e406c407744f9
467a499247104621
4b3f442048ca45ca
3d49c5aa3c13bda2
4170b9a74037c01f
c893c97fc822c895
cbb6c7e3c955c82e
ce2dcb3bcca0cd2c
cc2ccbf8cc2ecbcb
cba2ca40c8b4ca4a
c4f8c577c49ac6f9
4d3d4b0f4d2e4d93
4c414da04d104d3c
50d1514c50555131
4f5e4fe04fa0502f
47df4ca543a04804
bf4f41a8b9954483
d033d10fd099d108
d0a3d025d0b0d064
d002d176cfb7d053
cd46cefeceb4cf81
ca69c9f6c740c932
41e6c5cec0f2c650
c46fc81ec0e9c75b
3edfc1aa33d3c2c9
488d42464860457f
46e2479a4786464a
4ef14ede4e494e3a
4d2c4e7c4d8a4df9
4eec4df24cd14dab
4cd14c834cd64c89
42184108346f44bd
4104c5a93faebf89
cbcbc4a8c82fc614
ca69cb5ec8a6c923
43d94a8948b348c4
bb79459e46554904
4ea14e554e2d4e82
4bff4f444d164f6d
418eb01dbd773dd0
c0aa47ebc109439e
cebecddbce0ace3b
cac0cde3cc8ccdf2
ca6ac0b6c456c35e
413fc880bfcfc714
44624a98466a485f
32b5489f3ba944ae
c848ca3ecb31cc66
cc2cc901cbdacb0b
cd06d033ceaccfa3
cce5cf10cd9ccea9
ca2ace00cbe9cc30
c819cc89c9f0cc50
49df42e44a0f4925
4c3c48eb4b7d48df
4df24d744ebe4e37
4ee44e8c4e9d4e79
48e3497646af48af
428f4966433d4770
c85ac8dccb41c979
ccf0c9f5cb78cade
cc12c8efc974ca57
cc2fc991c95ac868
c451485a432c3f47
3c98455a386c462e
4bca4c694c544bfb
4d044bb34bfe4c18
4c1448f14c234b5f
4c0a497d4c2e4b4e
c4353d3ebf8438e9
c7bcc3eec5a0ba8e
c684c02dc75ac2a4
c937c816c880c6c4
485db80b3e66427b
42a9be94459fbb8b
42ed447442234096
480b3dcc468140e6
be024508413e41e5
48b742d8431a4449
38dcb999bd9c3fb6
b9393c9abd88b860
cb1cc8fdca47cadb
cca5c128ca18c902
c840c774c65bc946
c608422dc5ecc421
4a89b7d5443c4417
4a853e6b45b43d4a
bc8fc8e8c63cc611
c1c9ca0bc489c8ef
cb16c87fc769c89c
cbe4c731c937c62c
c0e2c20e3a54be48
c529bb5bc2713767
b893c5532e80c17d
4146c71838bac46b
48644ae74b0e4a61
4bff49324b714a82
4ded4ef34d934e74
4d9c4dd44d204e2c
484f480e3a97469c
3f6041ba3bd94266
c5c3c5cbc853c620
c812c63bc5fdc6b3
ca82ca50c95dc9ab
c94cc760c8dac8a8
ce88ce80ce4bce85
cdf6cd54ce14ce0c
c86ac409c687c5b8
c835c766c699c73f
4c824fc24e354eb6
4ba74ca34d284d9d
4447428441cd3f9c
391e35653c793dfe
c883ceb3ccb3cda5
c92ecb89cc00cc77
4d364a554c0c4c0e
4d514c234c864c02
4f6850724ff85049
50114f3a50024f96
ca15c764c71cc8de
c81ac493c6dcc5c0
cf82cf9dce51cf82
cec7cd51ce48cd90
ca87c9f1c8a9ca12
c9d7c88ac96fc7f6
3d67463b45144403
41a34445428d4529
491649b047e54994
487c46b3488b469d
498f40843a154643
42cdb05441f7c0fa
b6d6c40cc370bdcb
c52fc154c4efc559
c3a047dd41f44523
ba6940a2b6514352
403245bd44224400
484b3e2144cc43bc
45cac40242f2bd1f
498e3fbc46db40a3
4ac949c14b054abf
49d74a064ad84a92
bc15b96ebdf0b9bd
c741bcd5c0feb727
cd65cf70cee6cf95
cebfcd4dce75cdf5
c6e4c8f7ca86c9db
c8c0c781ca50c8eb
454d493a45fb49df
459e439444824574
c50c44c743f3452d
2f84bd2843473da7
c49344604400b6b9
428d41f54464420f
439cbdad3c22ba73
442341ad3ea03c92
40a3c9a3c5f6c51a
c1d2c60bc4b5c6b8
4842480f466946ee
43bd439045124524
4b0c4ec24d324c97
4b964c4b4ccd4cd8
39f3427f471040ba
481344b44843466b
c853c893c85cc60d
c721c597c956c59c
ca6ec58acb49c7d6
cc9cc6edcc94c901
c713c8f1c85bc8af
c80dc284c6e7c6af
4782c3c444d6b6fa
4aa645bd48ac4485
3db8bf253df1b895
429e36e6408cba20
c8a6c8e3c81ec7d5
cc11c8b9c992c930
a8d2c608c478c0ad
c6ffc5fdc674c508
4816492c44b8496a
486d3b804541437a
44f14c5448244b1d
457a3bd5481e461e
4aa04b5e4adc49ae
4921483e4b254a11
4cae47a64bed4838
4e1a4c5c4cf94bcf
c6bec976c51dc5cf
40302c13c1d4c341
ce3dcc2dcd4bcc94
cdd0cbe9cdaecc86
c66e3817c540c698
c578c2d9c596c38f
bfc0c95bc2d9c873
b0e8c642be0bc58b
cb2bce3ecad7cc74
cd02cc0fcb74cc00
402d4a4a454e492a
c716465335a6462c
4d5e50f74d244f2d
4c744e0d4c414de9
49d74926483647a3
4a944948486248f7
4402c9424440bf87
488b400e473141aa
3506c46041083878
453d3a0c42e63ec7
cceeca4dccb2cb7d
cc5bcbf4ccc8cc26
cb29c6a6cc26c933
cc38cb3ccbe0cb3a
4596464c41364400
41a2312c43dc4032
c22fcc0ec447c9db
beeac732bf87c718
c2bbccd7c4d3c92d
c5a6c6d5c16bc870
48cc4a2c491649eb
484848b448b84876
46304e04491d4b49
48e34b5345354afb
48ae4c8248574b29
44cb4a60422549a9
4a29491d49274af8
44ac47df480f4859
c285bd883dc43b6b
c1c2c29e3eed20f5
c46ec83cc4b1c7ed
c197c504c278c37d
3a5ac6f7bda3c6a6
469f40053da6ad53
c73fc8ddc183c900
46b0c3be441bc4b3
c7a8cba9c644ca24
35fccac43ee8c9f9
c094c326c234c083
c46cc86fc1a6c63d
b8134b24324f473d
c8963eeec6d74307
c0183f1ac6a8bf0e
cad8b47ac96fbe3b
c9c2ce14cc41cc70
cc1cc978cc19cb0e
c7d2c683c546c4dd
c2ceb988c5efc319
4c044f6f4c704e22
4c614d114b884ca4
4ab84c82489d4b51
4843490046d548cc
c02dc4abbcfdc5d8
37bfbd95b8b0bc9f
4747417549fe4501
4bc049004bab492b
416bc08741a63d87
448eab8e43cd368d
cbb1cd39cc07cc7b
cbb9cc72cbbecc7e
c4c0c7d0c5eac4e8
c8a5c8abc544c7db
4ce84cf74b044d5d
4647481f4a064a37
49994adc49784977
487e496448e34a08
c23f45bc449cb905
46de481b43464754
bdbf44a83e514069
aab4a39dbbff4098
c82ccab0c858c8db
c826c905c76fc8c0
cb68cc62c97dcc3f
c21bc483c5e7c8f3
cb51cabccac4cb59
c67dc875c981ca01
c923cb20cbb0c928
cba1cc34cbb5cc00
45e44099387c45b2
c0f1bce9af7dbc01
4cb04ce84c0c4c40
4a794bb74b534bbb
48864a5049bb4849
47fc49d248ef49dd
416d46c4468346df
45c745a744ea465e
441746df42dd4600
43cc405d402c426b
c725c520c71bc882
c695c6d5c630c6ad
c77dca7dc74ec97a
c49dc756c496c765
40d7c6b63688be65
b8372e0c3e683562
badfc22bb435bf15
c1063f4ebb843c68
466d3ff644d5451f
476d457d456f452a
4a474a82483e4a56
4918455748bb4730
caa4442cc926c59a
cb34c95dca6bc8fa
c9f7c475c7fdc5ad
c885c67ec82ac734
4d3748ae4bc64c6c
4d844c104d0b4b8d
4aed47d248e248bf
4c29498d49b848a2
ca65c94cc948ca6e
c944c935cb18c992
cc26cb08cad2cbb2
cd49ca98cc93cae4
cb1dcabfc88fcb1e
cc60c7aac9d7c84b
c532be253d40bfe0
c7283c0bc00c415b
4c844ec84d424dc6
4c164ce34c714dc9
4c954cf74c524c15
4d344c274ce84c6f
c927cd67ca2ecc43
c527cabfc5e3cb71
cde5d033ce5dced5
cb3ecee7ccf4cf0b
3c0fbf21c2e4b754
44f6c453bd21c38f
4e414f224d1c4e8f
4c724d384cdc4d57
479b4d2248d64ba5
3112487e46fe490a
c7d3c5d3c7f6c781
ca4ac91cc867c855
41e4ca17c515c6da
b678c439c2cac5a9
40ccbe81c0373ea7
43903b49befabf5a
c5c6c156c60cbcde
bca2c508c4ecc5b7
c15ec386bad7c09b
3f2a415b38ce3b6b
bc4e45a6474639a8
3c564a13446d48cb
c89a3d844004c47e
c8c1396dbe9c3dcd
c7c3c901c578c899
c8c3c8b3c5e9c768
bf75ca17c6f2c813
bf75c6dac5afc6c4
457abb9343f04273
491b446d45fe43be
4cb34cb24cb74cf7
4cef4ba94cc24c0c
4c004e394b2e4cf7
488a493849664a84
b3ae45f5bd8f448e
c585be7dc497b2ca
c8d8c63dc829c623
c883c501c8fec507
c5a8426fc54ec54d
c798bd1bc66dbad6
c020c672c762c8ac
c672c6cdc43bc6e3
c86dce12ca5ecc00
c5eecbf4c800cc15
c6fdc898c1d0c4cd
ba61c4d4c257c5a0
403f49f748a048aa
47394975477b4896
3cce443b3fff4380
40cb4322427941d0
41f7c838c4e1c309
c0fbc719c062c636
4827c3e9438440a6
47edbde64643b562
4114420846de4565
494d4263487d43e4
ca54c447c845c852
c8cbc46bc799c5e8
c5d43fbfc471c519
c8b544acc68d3e20
4adb4acf4a4249ea
48d44c1e48804b98
4318c76abce2c022
bf50c204c27dbde4
caadcd7fcc06cca0
cbdacc6dcc20cbcd
be4947ee42fe42b5
448041f941824499
4bc9504a4cde4e91
4b704c9b4bfc4cba
ba2fca65c448c705
b99bc0d8c111c42c
491cbf40422d4479
428fb04a4488b8e2
476c46dc436547a5
438ec09b4464bfb7
c3d2c368c11bbf50
bea8c67ec3e5c610
c44bc2f3c0fdc2d4
c4ccc1ccc5fdbeaf
c4e1c84dc6cec807
c6e4c20ac74bc3f2
c930c9c5c874c940
c880c609c724c714
c8afc510c15fc5eb
c2c3c49bb473c187
46cc4433486f44d0
4ae1472c4a804813
4dc04c5d4c094c36
4cbf4cb74c0f4c59
49ca4c9548cf4b1d
44c74ae1447e4a3e
c5393db0b809396f
c0ea3218c1c8b045
c478c821c4e3c718
bbdac7a4c303c768
c7daca6ac86fc9b3
c916ca12c82ac9f0
ca3fc931c8f7c818
cd09c9c1ca33ca14
44f44ba344c349ea
347f45424031450b
4a904dc84a0a4bab
4cd24a324ae04b25
c2fec835c5c8c882
4136c7a2bd69c4cc
c845ccd0ca1acb60
ca3acaa7c9c3c9ed
c91fc5f7c1b5c581
c73eb03cc360b963
c7bfc0c63ddabe38
41a7459441ef42c9
4a5f455345684812
495e481b45374569
4d8e4ab949b64bbe
4b3b49a949444972
448e4172445e43fb
295640c543c942d8
cb11c9e2c94dc9e5
cb3bca18c9caca04
c89cc900c918c91c
c4f9c9acc89dc9a1
456d3cd841944165
4521406c44ac3c3a
3d8e3b20448f427c
bf8c4225456a3f26
c59cc423bc49c410
c560c407bd0bbf97
4505aaa4428f3415
45833a3c40c14345
49924a11488b4919
481148cf46ae48d0
3e104d6146bd49ac
adfa4a0241d94947
c5eb46fbbc74327f
bd264336beba4152
bed7c358c2e2c114
3e25c29cc075c34c
c369c4ccc66ac299
c584c7eec748c7ae
c953cc66c9efca93
c97dc9e4c9eac9e5
bd04c971c277c697
4480bb79b082bfa0
3d45c1abb861beec
45643c16440ab1db
c730c8c2c6f7c74c
caf2c907c4cac890
480c46d447f0482e
3e833fc746e74603
4d3f4e154d0e4d74
4d5b4ca94c654d4d
c19f3b8ec132bade
b7af3d7cc4c7bd05
ca06c9edca26ca3b
c8cac80dca19ca35
437e458345f14388
4584457846f844f8
c401c47a3ab0be4f
c078c31b3d5ebdfe
c823cb10c884c895
c81ec935c87dc93f
48aa477b440b459d
455645fc43b544f4
46cc483045bf4460
3d8e454445594662
bfaac786c101c48f
c6e2c4efc214c346
4a71492f48b04ae3
488046c5473547c2
49634f204b914d4f
4c2a4b8f49f94c0b
cce1bf41c95fc966
c837c45dc989c607
cd52ce52cd3ccddc
cd74cb57cd0ecc55
3eaec8e9b85dc472
3cd2bcec386abda5
4279c0a14440b9ec
490a3eed4736404c
c8dec99fc8f1c92c
c89ac938c78fc92f
c445c784c80dc5e6
c8b1c845c6f2c836
498a4612476047a1
469346df486646cb
4945489d49a1497d
48cc494f4a6f49a9
48ef4a4d48f34a1d
4a49486f497d489b
49d14c0847164a7a
48b345284638456b
be254451c2d13a6a
c718c2d9c6eec15f
c8d5c517c669c7c8
c867bd08c926c1d5
393ebfb22db1bd2b
a9ca4062c08238dd
2955c956c17bc5f1
c32fc7bbc0f7c679
c82bc963c1d0c89a
c54dc6bec22cc4ff
c8ecb91e38c5c0da
c02c3a09bbdb3d88
c945c8d8c7cfc7e3
c738c810c678c7d0
b4c0c7f1c697c4d4
c432c873c3d6c7ea
4b644c734a4a4c32
4ae149cc4a784a4e
488a4cc74abf4bb2
4afb4c084aee4b80
c128c71ec3b5c5ef
be3e38cabcecc1c5
b36fc764c615c515
c17dbfb2c467c478
a9be4922b0da425e
331042aac06441b2
c32740f5c2e5c3d9
c74fc07fc693bf2b
3efcc677c201c450
c72fc481c47cc301
45984235459c453b
47ac444d465c44f6
bee6bfcf41943dc9
479d39d546143c5d
c3aecb29c5cdc7fc
c39fc9c1c0a3c8ee
bc85c76bc3bbc559
c4c5c864c484c681
c324443b30703d7f
c712af5ac55a3c29
bcea471244dc446d
3cce476541cc4679
46a646b34852467e
4c0249ec4a5748d7
46fb461b423a47ab
451244a54414436e
bfaf446ac4394197
c7e0c1f1c5ebc27e
c91dc846c93dc970
c50dc8f3c812c92e
c9eaccb2ca58cc2f
c88ccb80c953cb2e
3da6c4543b7cc14b
c54fbbcdbe46b897
4a7948cc4a554970
48c34a2b495649d4
45784642452c479d
454a4238453c440b
472448c3458f471e
43f942ff4532458d
4a9f4b554ae64a14
49494c4949fd4c34
c09a46e0453445bb
b4f449393f8748a6
cbb4bcefc914c72e
ca47c78aca57c794
c3a8c4fcc91dc890
c2b6c8a4c82dc917
418cca3ec427c6fd
479cc5254085c6a5
c9e9cc62c832ca4d
c5e9c8a2c469c908
caebcb8ec9d8ca73
cbf3c928ca43c9be
b4b0c75ec46ac33f
be18c3c0c35fc4a1
bc073e1bbefc242a
3ee9c44fb9bcbfe2
3c0f4944431e468d
4209bf943e3141be
4c404a674c0b4c32
4bc24a294b504ade
49c9496f4a134a00
43fe4bb648b549d7
c5d2476fc183b325
cb3841b4c804b04f
c088c581c685c665
c54cc704c65ec666
4797c8434324c159
4b41bcfd49603a95
440b3b7848fe443d
4b7247af4b8e4845
b3224a39477a49c4
bbf3446a44bd46c3
b8724741b904458b
c6e0c248c369ba08
44c5c3f9c1acc226
45a53d6a33d8bc9e
487f444942dd4452
484b48bb44b6462e
c43f2a8ec519c3b8
c8c3c0dcc83fc24b
ccb6cd8acce0cde2
cc86ccc2cd2dccc9
ccfdcc36cb42cbd6
c9c4c985cbb0ca21
c29e4bfd4402488b
24114852b5d5477f
4a034a70471346ea
46d5457046a245d5
3940cc3fc3a9c949
c096c929b1eac839
c8a6ccccc55cc87c
c857c92fc4bdc864
c0cbc78fbc29bed0
bd1cbfed275dc1cf
42eb49b147ff4756
481c4979487a48a7
47af4da64a294b41
48d84be249414b86
4ac64858461a4942
48924403478144c5
4a304824474549d4
495d3e5c490e4547
408c4aa2457b4867
4007417e43a04686
c862ca20c9b5ca59
c935c8feca4fc942
c804cd3bca00cc07
c888c845c948c9a8
47a6495649484932
466d4acb49024a34
49b04a5349a749f1
49a44aac49b64a27
c6b1cb29c856c927
c823c839c7c9c8f6
c8e6c6e1c837c4d0
ca9fc91cc9a2c944
b8cd43f1bc6a3d19
4402c0f7bc7bc04b
c3f0c4bdc2d8c85b
4768c1763e8dc225
c53ec936c7b7c9c3
c2bfc835c522c832
c36cca0cc89cc9d3
c7fcca24c8eec955
c72bba76b8abbeb4
c5503e1bc3c93c09
c50549e147e04a0b
c6004b5240a04984
40d34a2a456e48fb
c7c9463c35f446f4
45c1494645a64459
3d4f2ae541064577
48014821492d4818
4a6145f348de4877
4a554745489749ac
4b7748fd499948ac
488fc4102df5b300
48e1417645c8391d
2fc2c9c2c570c72b
3da9c587388cc77c
c44ac198c16aba2a
bc42c4893a47c42a
4227ba5c34fd3c0e
44d2c0ce446abc3b
40acca20c646c947
bf9ec6e4c193c7b5
cca9cc48cc0cccc1
ccadc92eccbdca78
cbf1c419c8e1c60e
cb79c3e8cc02c5c8
43f04664425f47b6
c3043de234234057
433b4bcb496949f3
41bb486d483f48f6
418a4d5d4aee4a3c
4a534b7749244b53
465c44aa451e42ac
482b40df44544337
c13aca10c856c85f
c47cc91dc696c897
c4e8caf2c9a7c95c
c3d0c88dc843c97b
42f244a5422543f7
42a240d041244041
48e04ddb4c4a4c6a
465b4bb54a254c90
4a2840504631453f
3d0843ab44794619
c590ce6dcc33cc74
c90acd09ca0dcce3
cc43ca2fc9a8c9f9
c5aac839c613c910
4118487448c948c2
453e4b8048ea4a3a
4640b9f044634257
b7864091410a409c
c569c40ac2bac5ca
4142c69fbdd8c5b0
c4c6407ebb26be6c
475441313eaf3d9a
c244c184c456c280
c2adb6dfc4cbbf22
404e40d4a4d230e3
c108b8acb95f36e3
47af49304750480d
4141450345ac4675
43804b0b476649fc
b8204722425d46a9
40e5447d425745fc
3e734425410841c3
3d69ca71c4adc651
3954c610bf68c5a3
bc1ec4c4c3eac4e6
2fadc511c382c303
bfb6a2d0c1eec434
bc3ebfacc3c6be0f
c8e6c9ffc852c99d
ca11c835c8e0c8d6
c809b12ac0d7bda5
c7a5bdb7c539c296
4208494640ea45e1
43eb42f33f6b4270
48953c4140274026
4668bca8450f37b2
492dc22f47c444fb
499d3fe649b843e3
be02c49c3dfcb4ee
46bc39f844033d05
c878bdcec6cbc684
c6c63c03c79cbdde
3ce545b540a63f13
c7534896b6b24737
c308c47eb6e1c08e
c74dc078c021b553
c8f6c286c5ebc2c9
c702c924c7c2c7e3
3e72481341554568
44f23ab641de3708
4059c34e212cbdf8
40e9bf133fe9c1ed
3d7c44af44554531
4124452542c44453
49d24c7e4b134c12
4c664ce04b834c56
450dc959c0c8c421
47c9c03940b3c070
b9a1cc98c812c9c8
c437cc1cc489c9dd
481d495e47bc4717
4050411a475d4625
c1a84941bc243d5c
c68f43c4c5dd400f
cb12c306ca84c955
cc69c599cce6c86a
3bb0435534993ddb
c0193baec0a139f5
40fec6a9ac22bf6c
451dc48f42bbc39f
c826ccc0c842ca8a
c56bc8b6c4f8c99e
3a17475b4523450c
3c494917426e4735
41dc49a446704940
434548bd438b486b
c926c9e8c7cfc69c
c773c8a7c6e0c788
2638408d40394074
41e93b1942fa41b8
4a784b244a714a63
4bcf490d4bde49c7
40abc6d4b2fec011
443dc46544bbc47f
c557c960c88fc945
c8e0c8e6c8e2c8d3
bd77392dc33ec53a
c78abf71c834bb8b
45f740a44310425f
46114483432f4216
48cd4a4748324ac3
496647ba48394740
bb4a499d413a4643
c1dd4048ad6f4415
cc0dcc68c99acc0a
ca79c914c894c903
c8d5cc19c826c9b6
c035c6d1c4c1c826
49974c41486b4a36
48cf490546f648e8
4a714c3749ec49c6
462649a2489a4a6a
bcdec7fc386ac4af
b338bd953fadb03d
c669c9bcc7e4c7c2
c48ac6fbc726c85b
c5c2c423c947c47f
c9b8c6b8cb0dc8c5
ca80c8ebc97ac8e5
cb4ac82fcac4c8a1
c8adc824c372c788
c427c38ac05ac511
4b114b5b4a674a49
4aaa49874b4f48e7
4e694e544dac4e58
4d6a4d174dfe4d82
4a01490149614a40
4a3a493c49f84a13
c638c5d7c7cec70d
c440c856c795c776
c85dc989c8c7c8ea
c744cb9ec867ca20
c4d7ca8ec500c84e
c18ac901c272c78b
c212c25fc1eac367
c2ecc111c44cc00e
c48c453138514190
c0604486bcb24179
c529bc673fcdbe2a
404e45c544d74298
c2c6c16bc294c6a0
c1d3bd89c2a9c02b
c568c01dc6fbc7b9
c907c4c8c9c0c58d
bd94c67fc03ac5d1
bdb4ac1fc0a7bdf7
4a7043d447a54945
4a2d4500492445d8
4bdf4c9048b54d0f
4626463b4838476b
ba7d4095c0e22c3f
c7b636bcc3c5bc1c
c260c847c24bc5b2
be5ab21bc22dbc83
38b2441640a3445c
bc503e52b9a740a3
cb2ac005c85ac8a8
cad0c831c972c81f
cc20cb0bc9f7cc08
c629c8f5c78ec96f
47a1469e488f4880
4a6248dc4a2f4870
4bc64a924a2c4aa1
49e048e049e74910
4134c923c45cc64b
bbc5c842c2b2c72a
340cc3de3b0834d4
380fbd033d14a50f
4401480a48824877
48d845a3488a4759
4484c43240deadfe
482cc2a84464bd03
34a438933c9e3a55
be4cbd5cba82370d
c42f4c094502469a
c1364886b0a248ab
2b8745072871bdaf
ba35483bb5c545b1
ad6dcad1c8cac99e
c60fc376c6bbc6ce
c571c9afc891c801
c4b9c88ec709c8f3
c60bc677c67ec4aa
c4d6c83fc517c81f
c82dc3a1c7a6c4e3
cad1c738c8c4c7d1
c807441ec466bca7
c9ffbc19c7f2c0ca
35813e7d35d1b808
4031418d3e8d3fc7
4846c52741ef3ddd
48778cc94651ac12
4a0947c148bf4a78
495642a548e744a1
4a0d4d734c344caa
4c004b234c0e4c05
417b44de46b140d0
473248ee45a54882
c8cfcb4fc884ca78
c9f4c524ca5bc6f9
c61cc0ccc484c02f
c926c6b3c847c374
bd3234c1bb11b6dc
3c88c6e34051c03f
c212cb0fc60fc95d
37a5c7bd38e8c849
c860c9b5c8bec8fc
c6efc7e4c837c984
c4a3460b37993ef8
c32e3fb3c2403e50
cb50c993cb13cb00
c975c8efc961ca0c
cc21c69bc97ec9c4
ca42c546c829c7ea
b14bc41fc377c3da
c3a8c03cc31cc39b
3f9a44363b0840c4
b8c04100be333f92
3cff4c6346f64907
4530482d443448da
c05dc367c4e8c334
b8f5c613c194c4d0
4463c86fb11fbd11
3d3239994192b882
4418452b485046f3
48234961482b4860
cb96c71dc7dec802
c6d6c946c8b2c91a
cc2fca49ca20ca30
cd19cab5cbb1cac1
4ac149224a92499e
45ad4ae2499e4ab3
4d8949c34bc84b26
4d6b4a684c864adf
c85fc8d3c9a1c9f1
c72fcab3c988ca29
cd46cb66cc28cc7a
cd73cc39cd2acbe3
c3bdc3d7be97c2ca
bbfa3385c04ab76a
4a8048b449874817
4d0e4b034bb54a2a
4b8a4a034a3f4af9
4a1249294ae249da
466b495f450d4a51
c5563e933d734438
3e9c3fa9c1bdbc30
c1fbc0fbc270bee9
b96ac59dc0f1c5b5
405fc026b67dbf0b
403a47bc484e48a5
4527497b479548db
bf3c3ce3ae913c14
3d334289b52c36de
c851c9eec9ebc990
c603cae3c8dacb62
c31036dab11b3c81
c480c231b5f5c144
c2903c1d3683b911
c448422dbf6540cb
b60541c3c1b1c325
3cf637efc270b118
4a2d4c0e48d64966
49f2480f493948d2
481b3c71486a4812
471044e44910478c
c991cdf8c95bcad6
c949ca96c88bc9da
c8c6cc8ccb2acc27
cab9cb83caf5cb79
bcf1c722c584c792
c27dc475c483c4d1
c993c5eec698c881
c4c8c3a6c5f3c497
c56042c9b312283a
bbdc3890bcaaaae1
48cb498e48fe4a3d
4858480b4887477a
c7893d24c3a8c3e4
c4f9c15ec53ac40c
cc01c8f1cb22cb3d
ca12c96bcbaaca14
4ad6485248a34b81
48d949b5488d48dd
50505061501950fb
4ef8501650114fdb
4d034ce64cf54d4b
4c714b604d0d4c2b
bd94c6d3c137c552
c032c744c073c46d
ca17cc07cb46cc40
cc12c97ccc00c999
c8d3c969cb09cab6
cb57c82ecc3ec8b0
383447dbb3c931e8
31fbb937c1923a73
3c7a49be48664465
470b44db48ec479c
c3c7c3134483b55c
45a8408b48b142cf
c84fcde5caa5cbb2
c5b0cadac86bcb6a
c746cd24cc13cc62
c9a5cc59cb4acc81
375346d842a744ec
412c40134159418c
c15e463e42bc474e
418344cb41c0430f
be6fc659c17bc3d2
c521b434bdaac159
4907458147b8431d
442c476247c14789
bef23af4b81a34ae
c2a7383ac4403561
c92cc6ccc870c401
c9ccc36ccacfc5f2
3f654863369e45da
39dc4301beb14111
bc05bac4c694c2cc
b69cc864c456c85c
a47bc82cc273c429
3fefc81c3705c6f3
4c3a4de14dc94d3a
4d514d364de84dd4
499a4cc74b674b01
4a4a4b0f4b2e4c0f
baf0c80dc3c0c4c0
c367c5a8c1aac455
3f68401244ca439d
451044b444bd44af
c3d845273cc140f9
be153a33bb863bdf
c5d1c8f9c85bc892
cb60c81cc935c8c4
41e8c649bfbac517
c79e3ed0c3ecba89
ba61bcdc2f52bc19
bff44423bfdd4285
c0aec866c439c4de
403abfccbe53c1eb
4656c47c35efc159
49bdc1634597c013
c863c861c74ac89b
c1aaca81c51ac901
ce60cae6ccdfcbf3
cce3ccb6cce6cc91
c07a4ae0bcbd44e9
c12044d6c261419c
4d2a4e104cb44ced
4ba14cd84c7f4cb4
44b5c82c4530b960
44e7be3448ddbaee
c663c9f9c31cc6a2
312ec86bb5a6c7e3
be7c3c12c04aad8e
bc863979c5103466
c909cb69cbc8caba
cd14c68bcd3fc900
c16a4824bdf24544
c9534188c83d4033
4dc6516a4fd750bd
4ea74e834f224f63
4ad0441e4aee487b
4cf047fb4ce84826
c969cf5bcc4acda8
cb9fcc35cadcccdf
c709c3bcc770c5c0
c9bac413c89bc449
4224495545ab4567
4862468845fb483c
4b4649494a4e48f2
4c9c482d4b4f4992
4c0949434b0e4952
4c5a484b4c3449d5
c274c91cc331c7d7
bfa9c185b784c364
cc71ccc9cc5acbb4
cd2fc962ccbdcad6
cd28c96acd27cb31
ce06cc13ce5bcbba
cc09cbdcccc4cc69
cc1cccf3cd03cce1
c368c90fc39ec6fa
c29ec5e7c075c89d
486149a24a5d49bf
4806494a4a7048fb
49214d794a7d4c53
47cb4b1c48fb4bd3
48084b8e478848f1
48e74a47462c4967
bdcec7dabc4fc609
487cbca744cec121
b3dfc9bdb862c136
44bbc71243b0c582
4c274c934bae4cf6
4ae14a5b4a5d4b0a
45394bd846fb480c
40d549d3447b4984
cce3cd69ccb9cdd5
ceadcb17cd29cbef
c909cc13c9eec9e1
cb85ca0dcb5bca8c
48e248e8467849ff
48493cb846e24225
45154729457b45a1
41f33aa746cc4430
43c240b6489743a4
46e44847482b4907
45433a2846e34560
4918477e478047cc
c8d4c624c99cc7f1
c768c8bdc8bdc8e1
c885c738c9b1c9fb
c66fc8b5c8a2c9cc
4687c03639bebf99
45dfb2ea4236bec8
be00bc0bc0e5bd82
c370c0c2c296beab
c9273c5fc4cfc0fb
c9cf375bc88cb56d
484b4a9247d948e5
45ef494645e24912
4b06487f49c948c0
4c5048454b394949
b909c9543edfc299
45d3b9f944e3b90c
c849c974c760c627
c92ec87fc7d4c8db
c9bfb1c3c905c4e4
cbffc955c9ccc908
c1b53fa5c08ebb33
c50a2d87c07fbd6b
4a28430148404693
4a15490948cb47b9
480044f94830468c
4a5d4713480a47b6
c0ae42643ea93e84
a8773613bc193fa5
c670c056c645c4ab
c98ac5a1c86ec62a
c8cbc41bc844c678
cae4c7fbc924c821
bdc23ec5bd15bd40
bca5c05bbf59b9a6
b61ac83fc6a0c77c
bdd3c799c49bc6c7
c496ccaac699c915
c550c4fcc02fc6d9
499046284c2d4a55
4c224cb74cc94c55
4acc4d3c4b934c6b
4c3f4b254a364c02
c732c3ddc938c80a
c832c9ceca01c906
41f0c1c73930b98d
4154c0134442be29
4d074c8d4cdf4ced
4cd14b564d754c2d
ba8048733de34366
bd6d3c8ebe9e41ce
ca2632eec826c81a
c9e5c10aca20c371
c77ac615c6d5c852
c8d5c068c7b9c4f4
c4eecb11c87cc88f
c580c904c658c9eb
4141c5cfb85437e5
453bc00e40f6c2c6
41b0400b42d8442c
4075450942e74307
c91ac405c852c6e3
c9c1c73dc929c78c
ca1ac4cac9ecc82b
ca2ec9f4cac2c9b1
48f44919483b4921
487746ca47ab47cb
4b2545ab4b1d4966
4c6d49884c0c4aa6
c45bc9edbd04c5d6
b842c3dd3c2dbfdb
c8cec9bfc819c94e
ca25c8d3c88ec89a
c862b855c57fc6e8
c87fc0aec8a1c262
c4d3b9bbc01bc361
c0fe4368c2303cbd
48f3c122430241e4
45213ef4467b3a97
4b2b4c934a3f4b19
499d485f49e349cf
3d324cc8468a483d
45f148e342e049cd
c5eac607c5edc504
c623c3e5c5bfc467
44dc32f1423244c4
adee390343cf3665
4b9b4b0549424b5b
4a1247b1496e474a
44d1c345c278b79e
4117c61eba17c6bb
c8baca92c7a1c900
c198c648c372c788
3b2744f3460c4405
49a649bb485a488e
45d1427d413744a8
428144fb3e4842e3
cae8cc47ca26cac9
cc7bca6ccba1ca50
cc49ca9bc94fcb5f
cb4fca8dc9dbc99d
bf343834c1f3c100
c54ec693c259c467
3bd1c40dc26fc103
c3c0c15dc40cc152
369dc5122ff8bfa4
4418419935b03fc3
44574853480f4757
463f473f47b6484f
2b7148b644ba43bc
c06b41ff3e294510
c0884524393abd20
3c743c6abdb33e2e
42ae4aa745784722
4813472845c54648
469b4a6b464c49a0
45f84816463e4671
4195c675c010bc12
aa33bb46bb3ac179
c32dcca9c936ca2c
c849c961c80bc9e9
c444c921c82cc765
c9bec9ddc815c984
38d5bdb53b8037c7
3c88c0cc4169bdc6
3956bd6540003d89
480a4100464a4118
c5bec208c493bd8c
290ac2f9c170c010
425c40d5435140b6
447f459d439b4626
4ee94cdc4e5a4cfa
4cbd4efc4df94e6a
4c424ca14c864cbf
49494bd44b2e4c01
cc69c8a1cb79c997
c9b7cc9acc35cc02
cd1dcc5ccd1fcd90
cb10cc79cd52cca1
c962c852c926c9ac
ca36c818cb37c87d
c8434009c46bb920
c939c667c83bc598
46094d854a9b4b43
47d84abc4afb4acd
4bb24a964bfc4b1b
4bb34c724d1c4c2c
420fcb5ac523c4e8
3e56c3e8b903c686
c566cbdec97fca55
c52fc92dc81bca14
c6bbca7ec6aec99b
c380c86dc4abc747
c87bc9d1c919c894
c82eca0fc968c8d9
c58a3d65c61ec07c
c5b1c288c7c2c2c2
472448bb494f4831
493d4b154a9349f8
4d374ba94d374cb5
4be64cc04d714ca3
48824bac478c4a15
c0a4424b3e09462f
ca1dc1a9c906c848
cac9ca6dcad9c90f
c45acb9cc731c9b4
b198c8e7c426c8c5
470e40e643e94596
484d420c43ea4283
48b94fe34c104db4
495a4cd048e44ced
48d84c9a4c4e4b2e
4b124cf74b114cdf
c9bfce16c8fdcc39
c688c8f3c71bc946
cec3d04acfd2cf6c
cf9ecf8ccf26cff8
cc0ccd19cdc7cd49
cd41cc88cd26cd8c
3d88b3e72db9b9b6
42d543f63fee3cd0
487d4aaf4a214a8a
494d49244a314978
4851454a47184620
44df416848614447
49353d1b481544f4
4a35442a4a8e4758
49c54b814b3e4b7b
4d9a4a044c634bcd
4365487144234542
46ee464f40cb43c1
3afdc64dc23dc223
c5acbd3ec4d9c554
44273cf83a854485
bd05c4c3b9a4bac7
c83f4334c6d3c44d
c966c843c96dc4e0
cb7028a0c85ac89f
cd993c45cb06c20e
c4543c7bc01cbcb9
c8ee4764c4de423a
c41cc358c585c436
410cc527c515c4a9
c8f2cc3bc94cca3f
c2e0cc0dc899cb01
c363cb8ac2b7c5a6
c492c87dc220c6dc
4a6249644b664a9b
485949e44a704af3
4c7e4b834cd54bae
4bf54c1a4cce4c61
43fabf9c44573a95
47f03cdf481b3bfd
be503deabdc3b5bd
4597c29940cfc15f
3e2d4890426b4673
48af4374460f440f
be02c192c0cdbe5e
4074435c3ee9bd45
af8ac6d7c8c0c75b
c6b7c467c75ac868
b785c285c8c9c722
c835c8afc943c85b
c6d9c7d2c6fac88e
c87ac6f8c810c651
c88ac1a4c22cc29b
c981bde2c78ec02f
b960499c448447f6
bcc146cebb214729
445043b3442f4535
46d644d843114644
c703ca74c7c9c826
c6f7c889c8b2c79e
c82a44bdbb16b83a
c80639c2c6463d8c
4a1e4d314cb64c88
4a4d4cc14c9b4d0c
4cb344bf4b164aa1
4a9347c14ca54920
adf2c945c577c7ad
bcb1c819ba9fc809
c235c830c65ec8bb
4346c542bc6cc724
bf9ec4fac232c351
431dc5c4bb45c627
cb2cc71dc82dc866
c848c950c8a2c95f
bc304299b7b4b9b1
c145bcb5bb79bcbc
4ab4432944a344c7
40df44a4444c4378
40bdc4e0b8742883
bc303e96c037bcc5
c23a3f6b3edd4239
407b41b4b879417a
c5ea4338b9c6bd06
c3bb3c1ec3be4346
bb4b484d3cae41ca
c3f044c5c17845ea
45c1489d44df48b3
4488471b43f7467d
c381c4e8c66ac45e
c234c36dc407c5a6
c8ccc469c845c762
c747c71fc65dc826
441d434f459644e4
460d43b148634438
49fcc64d46013a60
48f543dc499a4381
37e2c8ccc0a4c4b2
bc0ec591bcdbc47a
c0ec4433393c4553
c473c1d5c3f6b990
3f5247663d434522
c25fb0c6c35439f0
c17c39e4b85cc494
bd37b8b4bff63457
c7fbc710283ac810
42fa38db43673c29
3eb1c8dcbc58c563
4203b411400fbf98
3d97c947c84ec8bb
c731c7ecc8d1c8d4
c8f6bb6ac68dc6ae
c48bc4cfc6e0c5a3
3f964d3549ad4b7d
49964b4449ae4a93
49b34bfe49344c0f
48d34a9148e04988
4631c4e4c22f36a2
359cc4c9bdebc485
43d5c6a0c294b9cc
c437c818bfa0c598
c3b043f429074125
c91dc396c339b864
c91649403d8d3491
c8a8bad5c4e943c5
481149bf4a7b487a
49454b8249744c24
4c38be5f4a2b48f0
4cd34c454c3c4a6b
c6abccaeca4bc9e4
c2ddca2ec80fcbdb
cdb8ccdfcdfdcda4
ccc4ce4dcdefce7f
cb98c93dcacfcade
cb3dc8bfcb18c9a1
c209c2aec162c2e4
c6c03fa2c29fb665
452abf323e2f4022
3ab6b9573abebd39
49c14717482046d3
4aed43164a3b45e3
3bab40d7c310bce6
c549c31fc418c3f2
4ae94a5549cf49fd
45d048f5499a495e
47f749d54b4a4ae4
48ec49d94aa24a99
beca438c3b9c3dcb
c28abc27c35e3524
ca0dc933cab3ca2b
cbc4cac6cc64ca10
cd47cc6ccc56cc9e
ca50ca9bcbddcbbf
c88ac86dc685c7af
c3f9bfacc3c0c713
4c0c49984ab94c01
494e4a2d4b4c49b6
4ce44cfd4d274d43
4d434c314df24d2c
c63bc7ddc5c0c881
c0e6c7c8c1e8c5af
cd23cf7ace3aced3
ccc6ce08cda8ce69
cd1ccdfecd12cdba
cb6ccc6bcc6fcca5
cbb4ca18c980cb69
cad3c8ddca4ac8a8
4d474c834c764c4c
4a104bfb4ad14beb
511750174ffe505a
50064f324fe24f67
c22fb7a3c2e92f9f
c526c3bac372c05e
cc36c901cb78c9be
cc60caefcc3ecaaf
4aec4b4d49314add
4c3d46db49de484e
4662441c46ef4746
4b8a40bd4902452b
c7f6c879bd73c5c3
c27241a8bc2ab1fe
466a4da34b684b65
435a4dcd49574c44
ad1e4d28457b495f
c5d74853ba894784
c68dc93cc96cc931
c9e4c9d9cac7c931
bc0dca99c61cc8dd
bb1ac833c4b5c81e
cafecd87ca71cc37
c909cafec8b9cb23
cc38cefbccb8cd54
cb91cc58cb81cc79
435dbfe2b8eb35e0
3fa0c07f3dbbbe07
4dd74db04d9a4dbf
4d704c0e4e074cb9
4a2b48f24892491b
49e24689496f4802
cb7dc78ecbd3ca0a
c9d6c944cb70c9f8
cba5b8afc739c70f
c6a23813c6b0bde5
43bd44ba45a544c1
4454471343e047ae
4956478846644733
44393eff442743c7
46094992484246df
454146b247214624
3a24bd584110b485
3c93410fba1f3339
c3dccba3c837c915
c854c9edc97fc99d
c5eec8adc6bec7d3
c82ec982c4e5c6ec
aec235be4314411f
4449380e47b1433f
4114c7063c9033d9
446e430a43d9b13d
be7fc37ec22e333f
c09e4475c24cbbb9
39c34dc546e04bca
3d6e4977406d49e6
44184de946ce498f
43b7485d40af4923
41efc7c1c50dc850
408ac2e9c1dfc521
c32bcd91c7abc9f0
c5a0c92ec510c952
3f5c471147754819
c0de41f844ad456a
426b4bb946ee464b
454245d546474744
cb9accc5cbd5cd08
c846cc20c98acc42
c41bc956c62ac65c
c5c2c845c4aac8c3
4d144b714b5b4c06
4bff4a374ba64a7d
4863bae944554107
491a410d473d4479
c9d1c8fbc823c79d
c4ddc483c86ec5f6
c989b5cfc427bfae
c1d74222c537baf2
c5632d34283db9f3
c6334276b5b540c9
419644b1411042b2
c7c93b94bedf43e4
46b9484f40254489
3b0732c6bc494183
42faac37b863bdfc
45633cad3faab738
44abc659b7fcbfb5
44923c664128bce5
c851c7efc90cc784
caaeca78c9afc9b4
c9b8a8b4c651c32e
c95fc8e4c74ac828
496b46304a36490e
4cc549e74b8e486a
484fba0848094426
489447b346c645c7
c47a2ef0b155c01b
c924bb42c6023f7d
461b496e48934829
46ae464447ab4948
4951496148574895
4a2145a0498947c1
ca5bc88ec954c9c4
c858c854c708c91d
cbd4cb02cadbcb44
c868ca64c868cb09
49bd489c44064853
47ae401c451f431a
4622484f43b3479b
3e23480939544780
cbe0ca8fc8f3c96c
ca95c1e9c9c7c73b
c5c1cb1ec84bc88e
c95fc86dc809c97f
48e6bba3430442ca
3c9240e240cd421c
bd672075b9d6bb60
3e484423bf704148
c89031a7c786c57d
c2c3c546c683c5f5
464c48e547114804
47ec44d048cd46ad
4c0a49a94c014b18
4c604acd4c334b45
4ad148714a0048fe
4a1446fa48bb484d
3edeb13744d73d54
413630d9442a418e
cb1acbebc7f3ca23
c70ec7c5c5c1c75d
caa9c8b1ca4bca14
cab9ca68caddcace
42574ba83dd5457c
bf20b0c4befcb72b
45cb477b444944de
48f344dd46054472
c276c9ffc463c5d2
c2d7c36dc09bc3d7
40bd49e944ff48e6
c9ea4709b8c34786
3e824a69348e45af
c8104342c407448d
c9bccd98cc54ccb6
c6bbcba9caa3cc1a
caf0cea0cc07cc8b
c6fecbdfca14ccad
cbf6ccd3cacdcbc9
c93fcb20ca08cc0a
47694844499a478f
4ad94a014ac3495a
50c7513450f250f8
50c3510351195104
484e48ef485249db
42dd4522473348a7
cb18ccc1cc16cbc3
cafdccefcc4bcbff
4a7b487848c04820
4c30491e490448c3
495b4b854a7649ce
49cc4a4449d64a45
c9e4c29cc7d9c6bc
cbd1c5d4c92ac637
c7b0c6f7c994c8a8
cb61c438c9a9c7e0
c83fcc66ca80cbe4
c8c5ca6dc91bca9c
cc04cd54cb2acc8d
c951ccdacaa9cc22
c02d45002f053dd1
c24f3822c460ad5a
4a3b4d4a4a5e4b51
47694b6448044a32
418a482b4848480f
483f446a48e2460d
bf963fdf462c46c8
488fac4f4920422b
496c44634747482c
493a444647d24567
4217b8f0c18cbeec
c341be89c43cbe8d
c71ac81dc904c81a
c8e5c4b4c814c737
4438ca01c603c4d5
b97cc1dfc1a2c57e
c7f2cad7c8d1c96b
c9cac85bc89ec861
cd7bb9ebc720c801
cab8c269c83cc349
4bd94e844c664d2a
4bc54d664ba44cb0
4d7849de49cf4a88
4a924a0049c248ee
cb22cbcdc9f0cbaf
c6fccbf0c8baca2c
c17dc1f73813c3fa
4608c55e3a5230e5
49424498486f45da
471346424691471f
3d64400b46e043ba
345b47764559463c
ad179f01436c3a65
44a342ee458f4363
c5d1c738ca5ac883
c88ac9d7ca0aca2f
c0d5bc78c7c6bb63
c87bc2f8c913c544
431e38db42d9456d
b7e14531402144a2
ac10be00c1d0ba1e
c6dcc69ec3cec5d3
becb48f83230439d
3941bbd3b3c6b9bb
c430445040253892
48f2445e460743e3
c550c9fcc632c8d6
c084c85cc165c75b
c6b4ca2fc5e6c8ca
cafec862c6fac760
bfd336c0463d4015
41bd46fe46a545b5
4ca24c9d4c574c74
4ec84b6e4cf44b5e
452741a6ac2d359d
45433c41b7633a00
cd6ccc1acc56cc9b
cda3c840cd24c9e1
4b974dea4a4e4cfb
46494b9147ab4b5c
4df94dca4abb4d74
484f481a48c2498c
cd0ccf76cd62cdf6
ce5bcddccd03cdd6
c8d8cc6cc6aec9c7
c458c445c062c704
4a90477148f44886
4c07485749ee4859
b676bf7dbc2ebf08
442fc4ab3339c035
c06840e845f740a4
4873486546b8481c
be6238fd421ab8c0
4037482834ed466b
c92aca28ca74ca9e
cb51ca9bcb5eca0a
c5a9c7aac739c78e
ca3ec7ebc4f4c79c
3a84458e369c42af
c499b94a40c6353d
460b4d5545b44b01
48953c27456645f2
388c49d34398450e
48374113424842ed
bc72ca29bc4ec817
3c2fbf5abc37c48f
4b5dbee648674633
4abc44b84982454f
46c04794451d48a0
443b45714586455b
c89cc2f5c497c2cc
c88eb9e4c7ddc40d
c628c876be17c602
35b9bd1cc071c0f0
c62ac932c50fc7bd
c940c5e5c503c537
3ca141eabe2640ec
c8473f7bc41b3304
4b144da548f94c8b
4a594c4846f84af8
b70646b0c2993d0c
c5c04006c5623862
c98fc844c8fbca75
cb75c95cc8adc8bb
c495c52f3303c606
4785c1c14525bcc3
c7fecc86c816ca23
417fc975c129c8ab
411dc923bfdec431
b65bc59a2830c340
4c6e4b424c0d4b8b
49dd49fd4b974ad8
402f3c7d3d093b7b
3aa0c3c5336dbca2
c8c7c519c585c5f3
c5f4c773c6c0c543
b5154ae1469c48f1
b727489342bc4885
41324008be1c414c
bd3cb152bf11bc07
4553c3d3b8dcb7c1
49023d5143d2bce7
49fd4beb4b5d4b68
4c724c664be34b5f
3c71408842c44371
bc8f44ef888141bc
cbadcc54cb74cbaf
ccaac9e4cc5dcbaa
c8d6c797ca14c9ba
cc15c93dcadfca2e
c471c024c647c6c3
c5a5c8e1c628c684
c752489740e63e76
4432382b408b457e
44fe49bd487b48ce
44d448ac476449cb
496bc95bb637bc57
40dd374a411dbd41
3a57cad3c5f7c705
40892b89baf0c42e
bd29c0fabda3b4ec
c1b8398bb8fb36a1
41eb454f44fd467a
3770c0e043713feb
b9aa48d446da4563
44d2418245f44361
47bf49ca48794643
466348b7480c478a
48ed3e37439a4293
4701416743cb4127
c97aca15c881c88b
c1bfc917c887c908
c838c855c5bbc791
c628c706c67ac75d
46ad4786484b47a0
40ea48bc479148ec
3c37496143ed462a
400f481a3fbc4870
c84bc80ccb10c983
c8b5c9efcb97ca23
c62fc8cec9dfc8db
ca20c9fac9acca6c
40dd44d845bd4526
405d4679481045d9
49b5480949284968
4aac48704af9491f
46083efbbc654153
40d1c7f2b7f4c299
cc81cce5cb16cc02
c941cc3cca7ecc32
c96ec987bf61c55d
b626462ebcd1bc7b
49e94d7d4b1f4c47
44b84d37482a4c80
3a2648793c5240e4
c81dc0b8c3973eee
45bec41c40a0bf9d
45dbb93844d234ed
4d81492f4b18494a
4d864c3e4c904b0f
c5b6c284c597c687
c150c439c43ec494
cdd9cc7bcc48cc4a
cc8ecc72cc83cbbc
4426454141084558
be75439b9cee44ac
4bd24b7f49e14ae9
49404a1649c84928
c295c4a1b6c7bee9
4111c5583f36c54c
ca59ca92c9cfc98a
c7f8cc26c98bcadd
3d02ac22c0c9b9ff
c246c087c3f2bd0e
45ca440247174464
43d246d846b04786
c8aac9eec3c4c841
b65cc521bcebc411
cbaac9cac9cec98a
cb5ac8fec9ecc945
c6f5475ac41d386c
ca7fb419c81cbc69
4ac74bf649854b50
4b1c4c8b496a4aed
4c3f4565486a4917
4b624aab4a2c4841
c85bcc1dc9b7cb0b
c96ccb83c84dcae0
bd19c2aabc7bbdac
3a25c7d7bec8c44a
4cb84eba4bce4d30
4c37487e4a1d4a47
48494b7945c045bd
4235401d44b1456f
481dc2d447da3d29
443e49c848fc48d7
442cb53748b8457d
48364c0848ef49fe
cac143afc1edbc6b
39c3bfa9c4dabae3
ca13c658c8adc760
c6aec953c9b2c870
cc14cf95cd77cdd2
ce19cd05cd8ccd77
cc47cddbcc89cce7
cda1cbf5cbd4cc60
4b254d8d4bc84c95
49dd4b944bc14bb9
4cbe4daa4cd04cdf
4cf54ca44c254c84
c6a2c96bc432c7eb
40d2c5c6c06ec5ed
c93cc994ca36c917
c5cecc06c84acb0e
c975c904cc0bca78
cb63cc41cb9fcc0e
b97dc486c137c4bc
c799b878c294bf96
4c3c4a8c4bda4b40
47f54ba14ac04bae
47b1483248404844
46584838461f4844
c62dc537c3f4c528
418cbc3bc124c17c
bc2c39b6c0da2c5f
449dbf4a399bbf73
4a884c5a49624bc0
4a7148bc49de4939
45b7486446a3479a
4664457e4673466f
c892c318c550c559
c9aec781c861c579
b6e8b3f7a9e2b988
c889bfa7c403baf1
c445cba7c759c98b
c7f3c646c4fcc73c
c468c862c1d0c543
404bb7d238a5bee9
4c634d714d984d68
4dd74dcc4d1d4da2
48034a1e4a104914
48274a1048304a4e
c92dc749c738c89b
c9b3c6a7c858c591
ad5bbcb4bd03306a
c203b872be40b8bc
410dc30ec2e1b7e3
3819c22bbeabc40e
ca05ccabcc8ecc76
c7d1cca1ca7eccd5
cb1ccc45cc76cc84
c818cc5fca6dccde
cab6c953caf0ca13
c9adc9e7ca64cb40
c3a844acc1c634ca
c7763190c547bd6a
4a834d454a8d4c10
45dd4b3d48d24b5e
48c94a07487149f3
4300445645cf4822
46ab44d4483246e5
45f6406446e746aa
3361c37446e933e7
462544bf469e457a
cd18cc91c9c7cb9b
caa6ca20c9e2caa5
39a7c47db430c081
b9b3c0583f96c0d7
51094de64f924ec1
507b4f2f503b4f3a
4cf64c194c174c16
4d804c914c224c4e
cb05c80ac91bc83d
ca3bc683c9d8c705
c9ebca55c9d5c937
cc19c8d5ca3dc880
c4b12f80c6b7c170
c6f4c68bc7bfc5ef
c6d84943c1a43f6a
bdb1c07bc285bda9
c2b144f0b648b8ca
b7cc3cfab9dd3eed
c0ffc859c4fcc8b6
c462c0b3c41dc20c
c6b9c92fc767c8b1
c75fc4a1c60cc66f
42b243803fc94575
3df6415d35793354
493c4445444a468d
467845ba437c40e1
c608cbc0c948c96f
c692c82fc78dc960
cc83cc7acc4ccadf
cc13cd01cc67ccbf
c8a33dbac313bd69
c625c85cc5f0c6a1
49284a034afb4946
4adc49834c1749d8
ad10c235bf05b8f9
4071c1023455c067
4647459e43c44780
43dd34d945ab3e47
45e541f541704471
ba8bbbc64221b2f1
be8a40bb3bbd36dd
c1633d46bc9e3c47
419d4a3a485946d9
46c6497146ba494f
48d149dc491d486f
4aa348de49e04913
48203f4e445a43f3
48623d5f46df4034
429eb95644b84158
44593c2b44d44130
ca38c90cc3f5c8b5
c5fdc472c52fc2fb
cce9cd5bcbc2ccb8
cc15ca0dcc25ca63
309fc46bc29fb731
c68fba02c49abd32
4cbc4a3b4a374be3
4a6f4a6f4b0649f7
435531e6c095305c
421dbd9b34b6c3d9
ccb8c84dccaccc07
cc22cc34cce3cca3
cc76c529c9aaca23
ca8bc921ca4cc8ad
c359c0c4be1ac286
c194bc43bac6b1ae
480244a0440d45f6
43c1411444e74274
4a6748ea49694a45
491846a649ab4842
4c844c284d0b4ce6
4c724c3a4cbe4ca2
45bf46f347ce469c
4873485146c1484f
cae3ca5dcafbcb1f
c919c99dcaafca6a
3bac4139b2203e7d
c2f12007bc05bbd3
4b56482b4936493d
485547d349614879
c5e9cc93c868ca53
c5e4c904c7b0c8bd
cab2c93ec835c97b
c984c4d3c968c717
bf6e492e44b945d1
3f3f48a140d147f7
3fd1c15eaf0d3968
429a39503f433eaf
c794cb75c9d4c9d9
c937caadc8baca57
cca7c702caefca85
cbfacb66cbb7caff
bcf145ee41093ef4
443140e03dc74233
4dbe4be94c9c4c55
4d2a4c744d124c64
4c0c4ca64a294b87
48f44a7449bd4a18
40f54c1f4670489a
406c487b42594799
c271c039b2debd54
3e91bea03d8fbf56
cbd7cef4ccbdccf6
c9a2ce41cb27cdc1
c6fecc11c8cac8ee
c553c9fcc64cc999
4a464461482a4797
45c54965493848ae
453dbb50391a3c74
c23443a735b43f76
3c8a478d4393450a
3ae6450bae5b4450
39c04931446744c7
42763f7b3e054341
bc9cc85fc65dc602
be27c855c404c7b4
423fca53c56ac578
4404c335bc8cc532
c80ab0f0c11dc3bb
c108b595c4cf33ee
caf34b5c455d4477
c8c5443cc4854865
416047e64a67484e
38864957478f4adc
4718c33d44e03f50
40cd45c14594448e
c44b4218c4ceba01
c530beebc4d5c3da
bfd84341c5d8bec6
c169c311c417c58f
48f13ee53ca83f66
4898424445032eb2
486fc1a43f5a3f3b
481941ba4516a9cd
bd49cb3ac7f8c7ee
c68ac92fc433c965
c990c917c866c925
c59bc9f8c44cc93a
cb52c44fc593c882
43c8c76cc085c593
c7f8cba7c98fca98
c5ddcafbc92cc9f6
451c41fc30404344
c887b84ac411334c
4c8250cb4e1a4f7e
4a5a4f044c574ee0
49b74ce64bc84c39
4c024c634a584c75
4053c68fbbd0bea0
40c7ba61b4fab79c
48a8be3544bd4342
42df45ca46dd4455
439dc7373db8bcb0
361fb74e431eba78
c8fdc984c6c5c84e
c572c8d8c79fc7b0
c837c07ec4ffc4db
c463c232c6cec26a
c7e5c0cbc728c679
ca5dc5c4c8bdc656
c858c3d1c667c72c
cb04c9f7c89ec864
403745d345d94482
41d73de2456f4345
3dc743fe43d2448b
46e747da45674543
c5e7c5ffc84ac571
bf62bdf9c788c5b5
45be4377b9ae41be
431a449f3b323c79
488c4541454044b4
473c473a48714538
c46ac4a8bd76c5bd
3d94c46b3d02c346
c536b74cb7a3c1ec
2d42c5bbbcfcc1df
c72dc973c751c8bd
c772c845c6e3c61a
c4b9cc8bc8f1c9dc
c8c8c81fc87dc6f0
48ff420445554637
416c4393414b44a4
48c04b584ad04ab4
4a6b49224a4149a5
48444b4b4aad4bb3
4b1a49934b224a23
4aca4c03483e4b82
46db47b746d8480c
376846c8c0173906
c3c83536c491b5ef
c8dbc294c233c379
c4ebb788c3eebd1c
c830c726c5a3c43e
c690c40bc579c5ba
c963c953ca56cb1d
c9f2c8b6ca0dc9fb
be83c1f1c1c2c5cb
3884bd6cbbcfc0b7
467d3df23eea4480
447a38cf438a3833
bcacc607c539c3a2
c836c4e4c5aec551
b57dc41d40eabee2
bfc440cd396d40d0
443c410c47c94559
4577447e47064580
c62cbccdc4cec542
c732c67fc5bcc5b0
c51ebd88c216c54b
bb29c044c2a8c002
488145a949a34882
4cb6493a4aff49a2
b475c53abfa7bfaa
4398c22a2ecec00c
ca06cc8fcc22cc0f
cb4fcc2dcbddcc30
3da6c28f395f348c
3de6385743baaed6
47b14a6d4a244a4e
48dd4a7d4a7d4aa2
c0764b324385459d
c0f54557bd1546db
3ccb498c3dac45e6
c1c4407cc1d341e2
4c4c490c48cf4afd
48dc483a48fb47d9
4a1448394806483f
483e45f7483b45ec
c8c2c807c750c8b7
c819c876c883c831
c90cca3ec981ca0d
c94bc92cca1bc97c
c10934a0c44bc0e3
c79fbcdbc5b4c168
c65bbd49c211c231
c7463ba6bf89b849
c59bc9e2c478c7ea
404fc3e63cfac43e
4764c50d3dd536c4
4a85c184466bbe3c
485245ca474747b5
4a9d479648804693
c71cbd40bcc7c077
c2aa42f8c1f83f51
c693c5b2c6cac60c
cac4c6d4c98dc586
39f1bbe9c168b95b
c68dc5d1c58bc4bb
c1edbf583af1bbcc
2b67bf6834a3bdca
b8b5c5883c80c009
378fbe1f3d68afeb
3cc9452e3dec3ab6
b175440a3d2b4273
44364e08490349cb
451b4c8d48114b2c
46ff48ca46e748b3
4562482d476f46c2
c41fcd42c95cc99a
c1eecc65c545cbf6
c608cc0dc888ca06
c211cb73c504ca5f
48f6481e49b24932
4888476f492b492f
4bdc4be74ca54ca0
4cce4c3f4c3e4cc4
456649de444545f4
481146d0426f46bb
c89e4741c89ac51d
caf0c4c3ca55c53d
cc95c742c9e0c902
ccb4c910cb4ec8c9
c53dcc79c80ec8e0
c6c5c964c69ac8e2
49adc6b6b97ebda8
4497b6ed3edebfe5
430147b441d747da
427547d13d9144b1
c637462ab44c434f
c42d430dc138400d
c7d3c99fc868ca2b
c881c70fc76ec81b
c4dfca92c5cec944
c3c2c4ecc274c670
498347fc49ee48e6
49ad486c4a7e48da
4a0b495a499948fa
49ce478d498148c3
c624c402c104c5d2
bed2a724c244bc99
c7c6c455c25dc501
c4b7bea5c2d3c218
bcf8b52cc02d3de8
c239c536c091c452
c58ec614c62ac517
c50fc882c5b0c76b
c615c858c469c8b3
be08c67ec174c4fb
459142d745884484
46f94510461d44e7
49ac4d364a604cbb
48124a8a49944a9f
43e14c8e46bd4a51
419c468c4493484c
b9394023c1593e94
c0b9c479c457bfda
49d5bdce433a444b
4797b97145693ce4
4a61c69f4269b887
4a7f402c486f38c2
c9d4ca61cb10cbac
c607c7c8c9e2ca76
cc0dc5bac9ebca05
cc4bc494cbdcc83f
c81fc65bc390c621
cd48b8e0c919b889
c7f4c8b8c3c7c7a5
c975c023c6e6bc6d
4768461949864683
4d1949ca4ab549c5
4b9b4afc4b524b61
4d254a454c564a9b
bb1e4380ba6e3f32
c4c0c1a938abbd99
c321405db4ba36cf
c308c0fc31c3bd07
4105b8a7b7643f7c
383bc4e5bd1ac3ac
bd19c0dbc67ac16c
c676c89ec7c6c829
c36446edb8ed453e
c3e6bcdcc298b6cb
c71a3e0bbd303ce4
c4973389c150bd1b
bdc7c91cc3cfc8f5
3ac5b9b1b0fac353
4813ca023593c6bd
4a2fb5904669bc40
c3c5c990c4ccc76a
4411c718bdcec661
c8a5b6a2c186c34a
c423b806c2eeb924
40324408458d425f
b7f3486b442c483e
4222bd5aad913b06
bf86bceeba61b68d
454f481a3dab46ca
c0ba36ccbdd33899
4a634d2b4a214c3d
44184b5447664b35
4474495c451a4737
441147b542554821
40ad423bae8a3d92
4337acca33dd34d4
492545ea47934655
46cc44d447524619
c9ffcc40c85fcb28
c8eec910c7bcc8ca
ce55ce97cd35cd8a
cd6ccd51cce1cd95
4607471b44274768
42953fc0451c3ead
4cd64ca04c0c4c12
4cfa4ad94c404b6f
c5c2c8f1c1b0c742
42d9c2d3bcf7c24a
cb60cc33c92bcadd
c5c7c973c7ccc99e
b8234a104358472e
bdc7424c3e4343de
44d74d0048244a86
c0944a8142e149f8
c853cadcc91aca1a
c836c2cdc883c65c
ca3fce3fcc11cd02
c5facbbdca02cbdd
a842c505c385c23d
b218c6e6c287c571
4255a4edbe4b4018
c52fc30bc230c359
48f548434687488b
4405481746d445e2
4b784d364c104bec
4cb94d374ca94c5e
449f46ee430944bd
46193e2945683d33
49064525421d47ae
3b26c50f40fdbe0f
49a2487f47cc47b7
45d2464d46894875
c9aec8ffc331c9d5
c4753844c4823d5f
cb68c942bc85c7fe
c55aba03c4903bd0
c552c5563cecbfcb
c03bbe4bc3ba3686
c428c46dc186c508
c5c9c5b3c6a9c2ef
4513492e4599474c
3ad241d6452d4541
419c44a2be334427
35fbb4533fc1bf6b
c6dec835ca42c6c4
c6c0c870c8d0ca66
444ab61c356e427e
46413a354255bedd
462640d442ea4411
4876446d475a407e
ca27c66bca17ca09
cb12c5a9c9dec85f
cc45c9e0cc3dcc53
cd08c932cca4ca57
41a6bc5d3da42e68
453e4176426e4106
4c594afa4c134c12
4c714a8f4c6c4b5b
313cb9ae36fab938
c089c510be9ac0aa
c8afc954c6cec8bd
c769c97fc84fc82b
462047b648d748e0
485847df488548c6
4848478d47f747ff
48b446e4485f46b1
478e43be44e94387
487842fc461e42b8
4814477a494d4a04
47e6476c48f748c5
c549400936603f24
c7b03d78c1093ecd
c84e40acc78dc861
c86abf29c8abc424
4053c4b9c417c648
3d9cc2a3bbb7c464
bff1ca56c309c681
c48ac241c181c451
c94ec67bc55cc724
c986bcbcc93ac227
3d61bc52bd122cae
307bc1a6c17ebfaa
466dbeb83c9e42b4
45afc482448bbfe1
2f2c41f1388b41df
3ed6bcfa40b7370d
4577490644014762
42a2444f4426454d
39bf42d5384342a6
bf903dcc36de3d1f
c8e8357cc129befa
c63d385ac47bb8c4
b7f9412039a2b69e
b7374568b07f41c5
c479c8ecc92fc976
c62dc6d8c823c8aa
ccbccc33cc81ccdc
c96acc50cbabcc62
bfa8c0fe4376bdb3
47293e85467b40fd
4c69483d4cb54c04
4c454bf84d034bcf
48da45db46ed4916
4810446445b8444c
4301460535373d81
3fc5bc81bae9303e
414b43c1b8d6be4e
c5edbd4ac031b80c
c2efb8ecbc9fb3d0
c754c3d6c2c0c07f
481e488d4b054a69
49ce49b94a544aa2
4a43489648f649ce
499b491748b24932
c4a5c570ca2fc6fd
c94cc939ca8cc918
cb70cc3acc21cc73
cc17cb56cc3ecb5d
cc03cd36ca2acc93
c97fca21c96ccb0e
c1f3bd453f82b86f
3af33f8c419db031
4a254c254bda4bb4
49474c904b6b4c6d
489f4991482c494d
484a49fa488a49c9
b6ad4539c1e742af
4421b8d2bd33bdb7
bb5c3fdbbbfaa8e9
3f8cbd16bcabba47
3a25c8c73324c662
349bc2d43600be52
ae12c6c6bf89c453
bab1c697b9bec493
c70f3888c724c414
c800c877c6c4c7ec
cbd4cab7cc0bcbdc
cbc3ca9acb19cbc6
c530c862c641c616
c51dc082c365c585
49264cf34acf4cb0
47764aaa490a4af4
48174c4c4a394b8a
47284866473849a0
b7fbc44dbe1fc41b
4315c04fbe58be97
40533606b99ec04a
44a7449031d54131
4934482e48b24815
481e4abc487949a2
47d7c00c47874549
433541fa472b44ed
c75dc720c293c3e2
c900c8b0c587c575
ca22c5f0c8b3c8ee
ca61c858c9bdc855
408bca30c810c986
b4b1c7eec25fc8aa
445ac824c26ec514
39f1c570417ec572
bc9547ea46964727
406f47dd455547cc
47704abf4bab4b04
4c754c154adb4c05
436a44bc4500452f
48aa455f45a74435
ca5ec698cabcc83e
cb23c9cfcafbca63
ca42c794ca5dc8cc
caa6ca37ca7ec9fb
424c3e5d37c93da3
bc8eba68b70236ad
481645223f6246db
42e63d8938d4402b
474d490c40d74880
4807439841c44333
44434862449041f3
41fa47c7458946fd
c972ca75c7f1cbe6
ca4bc640c765c732
cc1eca5fc9abcb52
ca8bc972ca56c9ba
c3d042073fcd4021
b7c73f3127183fb6
4895414148e846b9
4880469d495947d1
48d9bb9e48d7456e
49aa462249b84837
423a442444fc44f1
4515481d444d4679
48ae48d249c24935
46614a4e491749a9
beacb850bd46bdeb
c441c160c192c1b3
c2cbc401c5ffc50b
c59ec54bc80cc649
befdbe62c007bf24
c3c8c108c242c02f
c825bfd8c33ac1ad
c563c44fc45bc25d
43fc460143d24653
476d4298458b445b
4dc74d5f4d3b4d59
4e884cc84e4a4d41
4a8c4c4b4b9e4a82
4c2b4bb14c3f4c08
c93fc1c4c617c779
c88cc254c874c34e
ca2ecba4ca14ca4e
cca6c9adcbd0c974
c474cc10c897c8b7
ca2cc984c95ac950
c54dc8ffc689c72e
c0a5c76fc60cc818
4429449044f84499
4900430e46f342c8
4812470a45874581
454943fb473643cd
c943c8ffc9f8ca1f
cb1cc8d2c9cdc9f0
cc2fc989cad3ca61
cb2fc8e2cb4bc9c8
bc14456ba42541e8
be783d0ebcc53ee6
4b3e4b9149964aa7
495f493a4a24497f
48c6462b484d4732
49ee487e4996484a
c3b9c4e4bde2c1a6
b8edb5e9c084b62b
4248477346794855
3f3a44ba3c8b4676
48ac4a6749474a4f
4811480e46e648b9
c497c74fc63fc828
c255c678c3dcc6e8
c788cc4dc9cbcb15
c664ca93c718ca93
43b2c1d93d913cb6
43da35ea420d3135
46814c734a834aea
44fc4bc849014b40
48144b8548e24900
4466494548744907
294ac91cc83bc7e0
c080c8fbc465c8f5
cc0ccc78cba9cbcf
c9accb81cab0cb27
c92fc607c162c69a
ba33beb5c1d2b7d3
c005c458b4adc401
40f82e0ebc9a3763
c67ec862c81fc79f
c9afc81ec94fc876
3c0ec36cc382ba13
c5cec501c429c5b2
4998477a46f64873
48ae4563477945cb
464c4d4f49e94aeb
458d4a5547d44ae6
3f6e4afb462b46d6
2fb1485e443b483b
b577ca2fc506c76f
ba3bc5553300c637
3fd9c1a23da54054
41b6bf344404bb25
47bc4c15497a4a3e
49ce49a948f249af
c562c60ac5b3c849
a34fbd64c4e6c388
c3d3c5e2c5cec4ac
c83ec44ac7d1c514
49954af348a54ba6
356f473344c64851
c048c477bf5bbd6b
bad6c361bd21c286
c928cbcfc8c5cadc
bfbdc936c598c96d
c4d7c7d6c51bc824
bf54c4dfc3afc4bf
c957ca21c890c9ae
c8e5c840c8efc82c
c62bc32bc505c456
c573c44bc572c4f6
49224add48124983
485a48e6486e4856
48ac471245814671
472d464647924605
3e09394ab620b890
4072bdac39e3b8ac
be57411c3c4a3aa2
3b3e3017b5b83b5d
c600bee43cf2be01
c7983e15c0ec4102
bce9c3e0403fbf99
c8103e03b9de41c4
4892bbd944394538
441bb81844cd3bfa
489245f546e349b8
4a12410d47ea4341
413c49dd454945c5
48c048444592472b
43a449f8416842fc
45af46b443394445
41b7403db0a742d3
bd57bec13577bfcf
ca6ccc2aca8acac2
cc51ca45cb0aca38
ca65cabbcaa8cbed
ca99c923cb37c95f
441f484944fa4413
48b945e7463e45ef
44f246ff472f4650
4a0e48c349ad4817
c19cc8f1c598c58d
386cc136bc88c471
c6e1cafec8c3c87e
c4e1c91cc831c8fa
c634c463c077c2d5
c8e7c5a1c671c458
c516451d40d63a9b
cb04b76ac4a13c06
c0ec44743d0b4007
c5183841c1553d42
4807bdf142b54322
48334084452b3e81
4a47c1b845ec4433
4a0e406448e64247
46c743ce443b44f4
4812419845e4448c
bdd645c3bf06b7ac
bd394108c1353d52
c708be63c683c6ab
c596be51c6dac313
bd2b368bbce638cc
441c3b5c3da63268
49f94b0c490e4af0
4a0248d04a2048b0
4a0049d649514999
452146f948a947cd
c1b53e4d3f6f37a2
c62cbdd3c17936ef
c8df2f4dc19ec1b4
c78cbfc6c6a7bb93
3e48c33b385fb917
42f83fd641303c8f
483ac6153e2b3524
487cb6a8460ebc5c
c4abc84cc748c802
c319c822c521c812
ca65c73bc860c83f
c9adc698c8b3c66b
c894c43bc5efc356
c99bc46cc873c48c
c900c5eec91dc92e
cb30c7decae5c89c
c905c8d3c8f4cb0d
c806c66ac8b7c818
c5a7c645c105c5c4
4086c0313cbcc097
452b415a4568452a
47573e4347c6418e
4aae3e0a48c4463c
4a2845ef49e04674
44213eb546c4419e
475547f54648473a
44214a3246124923
42be4787405d4723
4c274aca47da4bac
48a944bf47c74586
49c8450b44dc484d
462d20a346ba40a0
455c472946c547d4
446e437b456046e6
47e94b4b496d4adb
479249ff48274a68
324b49ef425a46f1
c38449ab308347f9
cba9c809ca70cb85
cc45c36ecb0ac7fa
ccc6ce0cccc8cdbd
cb72ccf1cc35cd0e
c87ac999c83fc833
c4c7caf0c798c9eb
c04b3cdbb0f1c319
409abdb83b86ba5c
3fadbc423cf9c3f2
45963a3c455f3a9b
41a8bfc943044252
45a03c1745684034
a6a9c5363e5d3e21
40a8bd1a3a59b2b3
3d5fc4e9c169c190
c3abc43ac288c477
c742c732c90ac84f
cb0fc788c9bcc883
cb65c98aca0ec9c9
caa9c790cabcc874
454644cd43e7450d
44514624438845ce
4c6c4a014a874a25
4ba44b644b6c4af3
4657459647e44625
49ee480248e846bf
46254afb48304a4a
44ad436c45e24521
46a44ac847374917
394f42d243464641
c1a0c516bd8ac4e6
3339be75abb0bc2c
c508c89dc5bdc695
bca0c606c314c692
c01d44bab7ae40ab
c379bd08c378ab18
450f4b1048d4493e
3c58487e457c4955
43c6382e44a5415f
4308462345d3451b
c906cb89c9c7ca5f
c678c723c8dbc8df
c982c466c95ec889
c790c6dbc989c81b
c172c568c6c7c6a5
bc3ec6d2c261c6ed
c18dcc60c72fc91b
c35dc8a4c2b5c89b
3012b0da422c4005
c04941683c12419c
494e49e9489b4906
48f3487248fb48a1
4b10452045cc47ca
4b034022498442e8
4262479d42124646
40702de740a43fa3
ca8d39c5c312c4d9
c9ebbf68c852bdce
ca22c99fc785c902
c977c606c95dc6d6
bd86c7f4c46fc429
c0d6c173c56bc4da
bd61bfc6c12dc3e8
b6b440d3bf51b8cd
3daa43e9403a40c6
403b427941b24139
49254a7f49294b3d
474d44c748864700
450c475b462745ca
391843b5449d4478
3ecfbf843e70c1d7
bef9416e40a0409b
487f441d46d2469b
487f446f4814468e
c41c348fbd13bb12
3d07c161b9feb5cc
c9a9c442c54dc805
c333c3d7c450c2cd
40b739b83e523f95
43983e2f3e473cdb
be4dc90dc82fc5b0
c737c7aec896c86f
c873c9d0ca68c933
c978c895ca3bc95b
413b48d74135476d
468f45e0423144c1
47bc448e44774536
47f7421e46654136
ba6cc8dfc1f0c79d
c3c2c76fbccbc6e4
bb073c573dc53a6a
38d532453a9db1ba
389543504142444c
427843bc420b41ef
c357c11b329ac2f2
c3443c773ddc3d93
4324451347d1413f
41c04896461248ba
477e4852492348a0
45d048fe46444982
c80b4091c0239eea
c763c057c60ab85c
ca3dc0b5c9fdc66c
c9bfc852cb39c893
45dbc8aac8bbc560
bf7cc836c62cc901
475ec78dbf74c327
3870c57142b4c5bf
c1c14846455b44fc
3dd64045450041a1
a890487d45ad45f2
45894404439044a6
36acc5d1be26c358
b6c1c14dc053c08c
4427bed9390339f7
3c13405532df3fef
487f478247e347ab
49ab496948d84941
41b13e0045cb41a9
488144e547d1463a
bd8ec57eba34be15
344ec38fb876c05f
c88fc8edc95ec849
c89bc95dc8bdc9a0
cbc4c84fca2ac9ce
c98ec8e0c910c978
c19bb814b908c04d
c01940a1b1fa3c92
44bf42e24199403e
397944e33d314250
414946803fce4320
388b2890ba783439
48ab4797472d4707
449f4565459245ee
46d9bbdb421b3d28
b44f46e140c944b6
c6ce42aac283419b
c937b40ec899bb22
c22d4cbf44e549c2
c4ba4273c12c45f4
45c04536481e4155
4984432249f74662
bf81ccd1c576c8f0
4867c9884458c8ed
c769cc6ccab0ca1c
c241ca76c8b0cb66
2f7dbf23c0dfc460
3e0d419bc01cae2f
45ac414d44c24215
45ce457b463644ff
bf10c625c02ec1b1
c573c6adae56c549
c6b6c8aac4e2c81c
c8aec75dc31ec62e
3cd043f741ba3f71
3a9d46d13d394664
44be4c1348474a7f
43054a7d42554a2e
42e349744713491e
4257470a420c477c
47fa40e4420442a3
457eb43441d73d5c
42e5c077c069be39
3d4ac69ebccac491
c8c3c443c656c4b4
c617c727c771c717
c8eb380ac6fac393
c9efc054c985c409
c3104412c2f7b8f3
c7ef424ec6123a9b
3e8c3f0d429741c7
4065458444854436
45fdc27b45a83ef3
47fc3d2b48d43ec3
4495c6fb4105c0c1
49f1c1e548cbc0ea
4564c1483f37ba88
4a213d5e481f3b22
3f61b2a8c1b5bdf5
c2a7b495c367aa5d
c53abe4fc4b2c215
ca3ac420c8d5c0ab
3cb1433044284069
41fb434c4212446c
438c457944884219
4872444f454843e2
c9f3c8a5c890c8ea
c82fc7c1c901c882
ccd7cd62cb89ccfb
ccd5c953cba4cb10
c841c819c54dc7ea
c994c452c63bc5ee
4447496b458349e1
4141bd6640713f77
4c554b4049844c91
49ba42ac491b476d
4d1c4d454b5e4cc2
4af24aa94bdb4bc3
45254ce748e04a28
49844a9f48a04acc
c2d7bdf5bc42bd4d
44e13986b64f36fa
4049c9afc150c460
b953c2fabccec2f4
c5b8ca7ec705c8f6
c9b2c4cac7cdc5e3
cb41c9f0c9facb03
cb4dc5a7cb10c857
baa8425c32a729e7
b8214618b9624207
468e4770465345a3
440f484646ae465b
c492c595c4d6c6b6
c358c799c48dc81c
c7f8ca2ac7f3c97c
c0d6cb51c4b1ca25
3d9ec8c7acfec30f
452bc51146ccc1e0
4693440045134575
48584486481c44b2
49084dac48b54bf1
48af481445ce48f3
4a3e4aa147514a12
449c4373443d468c
40adc7fcbe71c220
c527c0bfc027bcab
cc25c86ec74fc9f2
c852c095c82ec322
cd9ec622c8cbc991
c82ec33dc9e6c664
c164307bc00d4186
c4bbb07ac57abdf3
48d343f9447c471c
b73243c241f5442e
3e10c092b403c256
c1bfb9a436e6bbd2
4010b44d3e29bd13
3e923ef441773d28
4b1a49014a184a22
4b5f49aa4b894a0d
49af49a449264a3f
4af048384a4848a7
c4f43bb6c46fc0a7
c159c5e5c536c524
c8fcca42ca0eca0a
c8f6cb26c9e2cac9
c932cd6ecaeccbba
c8dacad7c96bcbb9
cb3ecc4bca8dcb7f
c972c892c9e3c9d2
c87bbc9ec45bc598
c595bdd4c624bd0c
4a984b4949ca49c5
4800496f491849db
4f964eb34e144e6a
4cef4ceb4df54d1f
4ada4d224c0e4c63
49d949c34aab4a77
ca52bea9c400c3f3
c6bcc024c6f8c144
ca26c8e9c8cac893
c86bc474c8b4c6a9
c2f1c7bdc51cc4bf
c07ec361c468c357
c3eac8fac5b5c7d5
c0d3c54ec544c368
45edbd8440fe3cbf
42b039e2434a4071
4c424aa04a834c13
497848154a644925
44e5460a40e94599
41b740fa3ffe42c8
ca3bc956c952ca77
c6b8c626c7f3c7a1
cb20c747c6f5c943
c5e8c5d8c490c71a
c7c4c5c7c63bc694
c6c7c75bc559c848
c527cc00cb01ca00
c8c0ca5ec9dacba5
c780c932ca28c93d
c847c8eac9acc9c0
c7743365beb0c38d
c692b89cc406b893
483e4a454bc04a5f
47c54a754a1b4b42
4ee44e914ec44f16
4e404d384e4a4e18
4bff480e49794915
4a7f47d549c748b7
c8f1c8c6c7c1c93f
c821c2d3c82ac5ab
c95042bbc5bac12b
c673bf4fc85cc294
ba0d472234bc4446
39d4b674bb9eb52e
b010b747413d4061
3d003ea442b43c7e
46c54275459646a8
44f2441646244506
4b084405459a4762
458d44e546e1460d
404fc467bd8fc232
bc57b6213921ba2d
c847c59bc655c78d
bf49c670c53cc580
c4e9c4d4c587c55e
2d51c54ac453c451
c1d9c5fcc316c504
c48dc1e6c13bc275
c3ddc68dc5edc691
c7e8c698c5f2c686
c962cae6cb53cadd
c972ca33cabfcb14
cabbcac0ca3cca87
c9cdc8b9c9d4c9e6
427046a146c44597
3d0e455844894575
47e847e348094759
44b544a0453445ca
c373bc1e35f8aa81
ba74bd23bcecb682
caa2c6a6c927c901
cbadc913cab5c843
c86ec526c672c79a
c8d5c5c6c732c4a3
46d045024115450a
44bd42c8443d41d7
c526368ac6edbf03
c961c1d5c8b6c478
c93cc88dc943c8e2
cb6cc813cad9c895
c928ca97c8d3ca28
c592c921c891c95e
c63bc452c3eac524
27a6c1c5c0fdc440
45173c2a44d341e2
474d452047444473
4853bca94451413c
48c23ccd47c7409e
bfbc45b337db3f42
c0083f4ab8b34011
c712407d3916b45d
c84c45c2c0634417
458dbb26442242e7
3e4d405543e04060
4a05494547584989
49393bc148094268
3d8f44aa43b54646
41923414428540f0
bdf4c33d3b9a3b3d
bc22ba8bb8ea397a
452044403c3f4125
42f33e1a2e6a3c28
44764321bb9c388e
41bb3eacb4e6aeca
c537c485c4b7c61b
bfe2c381c0d2c318
c876bca1c1dcc5b9
c48dbdb8bf9abc70
3d0a428241db2772
351d471440a14481
3af4c7acc1a6c5a9
bf32b718c114c1df
c9accbe5c912ca15
c8dec904c88fc93b
c266c693c187c20c
296bc523bee3c425
48df409341f2452d
483fb98f42d43842
439546123ab74460
bdbb37a4ba493c0c
3c9c49e5444b46ac
c42c45b3349c46d1
c835c145c23dc507
c7dec16ec5b8bd6e
cc66cba4c926ca83
c9c9c940c8b0c930
4537490a47d64a4f
465f472c4723470f
4e0c4e154cc64e15
4cb94c8c4c164c9f
4873b98d4127baec
4643404b43a63f53
c6e1c90cc6cdc984
bfbfc75ac08ec6d4
b8a943ed43a94433
4702426f47184464
44323dee444744f6
489c431847214331
3855b86a35f2bb46
425ab32f4162b927
c52da63bc3a8c499
c8dec075c567c3c6
c7adca52cb1fca4b
cc06c933cbc1cb20
c562caabc9f8c906
c753c6cfc8cfc983
b5ff41743c8e3cd9
bcc6445036474126
4409452441b2440b
38f2b0d4b95c3e2a
c649ca2ac8c8c83e
c3f3cb12c8a5c98f
c803c764c537c845
c536c693c624c450
48564bc04c28491f
44704bc148974c55
47cc4bc24cc44c1e
45cd4b564a124c90
bd4246bd46054880
413c3f4844e945b5
4497447b3ea94169
46713cb24402403a
3d7fa8afb1b4c030
437f3fd3443d3a5d
c3e8c600c537c289
b922b7d43b21c3c7
48c3c39fc2394102
46fb367640edc466
465bbd10c355b949
4623c2b532b7c50f
c998c8b7c953c941
c56dc85bc7aac84c
c6fdc7dbc5eec5dc
c5bbc25cc57ec475
41074be64726480d
b95446ca3c81474f
ad3d4ab8450744b8
c4cc437abf66457a
c5d5cd3ec91ccaf1
c96bc99dc8eec9df
c33ccaf5c828c875
c64dc8fbc7e1c8fa
44ff4c84483e49e9
43304745422e4857
4433452f47bf4523
414244a8458d45da
b91ac7c13cf2c20f
3ddac0c54416bb83
41f1474948154808
4a994957496e48ff
b73cc02f41b8be36
486a477447d744f1
cb0bcc13ca63cc44
c9ebca14c874ca07
c81ac47ec753c42c
c942c831c92fc66f
48e74485455f4796
41a345613efe4596
48c7438244034402
42f342c64445417d
446849b444594800
44b0408143d3411e
44904b1245b7492d
457044a14306453b
4176419cc07b3f1c
c08fb153c365bbba
4515c1e1c4b2ba13
c04fc1c6c370c45f
46234051427e41f7
47173c4546873eae
c18940f743582d31
44ac426b45c0439d
c8b9c8f4c598c8b7
c793c06ac558c3f1
cb45cdaacaaecc7e
cc08c9e7cafcca5e
cbd3ca4bc8d5c986
cab9c9d1ca49c89c
bc104ac1473b48aa
464d4588456847f1
48234b684a3849eb
4bda4a484ab74a22
40a4c6d4be60c4c1
42d2bbd7b6fdc08f
3ec7c893c65ec6ba
c473c54cc59ac614
2bce3b13be683da9
c46f3ce7ba03a283
be023aa0bb613db7
c06b35e69c1fb97a
495e4695460b46b8
479c423f46ba432f
4cd74ca34c114c6b
4b244ac54c014af0
44754802446745d6
381744b142b144c6
cac8cb02cba3cbec
cc11cb17cc5fcac9
cb0acb23c9decb68
cadfca08cb6cc9d7
c6a5bc9d3d18c087
34f03081368cacfe
415d45384853466a
49ed465d49334747
47f943eb4816476c
499b4590490f4796
456945be442745f1
466a444a464644d6
beef446cb7cb440a
3c4a38d4351a393f
c18fc3d2c67dbdf6
c88dc6a2c7fbc63a
42ffc585c606c55c
c648c4f1c4f2c573
4522bd7c303dc0cb
46b343ad43e94025
c59fc0e2be7bc273
36d541cfbd62ae42
cbffc804c868c940
cb56c764ca00c899
ba45c491c168c0d1
c6adc711c477c55d
48cbbc4e403e45a2
43b8c0123f4ba6db
c02d3783bbe738e9
3190414bc1c93c45
411f48bb46784398
447749f044934891
450b493c48214522
461547a746d447b9
c20847d742874123
b8e6b4803a4b3ff5
c08e3cbbb72fb632
c6ffc289a9f3be73
c641c924c7f1c7fb
c91dc8ffc37ec85a
3ce7c1fe40992d0e
4944384146f541a8
4af53f5649434678
4d9f498e4b6a49cf
bef7c6cac4dec418
b8f1b8a0c431c2b8
c93f422ac6073bc8
c932c4a6c98dc587
4688452b41b744cf
332fbcf438e936f6
458cca21c33ec81c
bf6ac6d9b8a5c6ce
c0632e56b4983a56
bac4be25b8a5bea1
44e34b6c477f4a37
4568476a44104836
bdbdc7e9c508c517
c61dbfc3c543c174
c7ebc88fc4c0c5c5
c56abd90c27fc342
bb44499644f446eb
461f477944bc45c1
440a422fba71b8e6
41b3412c34773adf
3e35c5a3c256c63e
be59bba23632c15a
c08147b740db3f4c
bdf03c8e40023eb5
c033483642144445
c42bba2cc10d3f62
c750c937c111c63d
c874c5f6c661c326
c53bc8f3bf27c5b6
c318c2b8c0fabeb4
49de48fc45c64886
470c450345a4463e
483e41a0384d4249
469cbb8b42b0b0d3
c8a9cb9ac87cc974
b5e6c95ac4e4c931
bfd8c4033835b873
4059ba273ffbbb68
38263ff041273fbd
347b45af3ff643ee
c98cc83fc9b6c9a4
c87ec3efca1cc760
bf0838bbc5f4c234
bdfbbe52c4cec45a
45934b1947fb494a
47f6467848dd4674
465f457848774776
47c0446348fe4568
4adbbe9446f244d2
450a436646b04383
485c4b2848c94abc
39c348bc457a4945
b85e4c2345754980
c08645d73f9e47da
c26fc9cbc82ac933
c5a3c86cc731c7ad
c8eacdc3ca93ccf6
c7c6ca09ca2dc9f7
c48abf333cb0be5d
401f41cb2e1f4195
498e4acf4a074aa2
48d24a9b49914a9f
c4c9c447c7a6c649
c909c75ac770c7b5
cc15ca53cb70cb3f
c993cc9cc9aecc84
3c1c417c45794395
49b73ddc48054276
b9a33c4742403eb7
41004285392b4401
c5a7c1d6c66ec4d3
c56dc2dcc6d8c623
486045fa44df4525
4904491348404622
49484565488746f9
46cc49e748db4972
baf8c55cbfb0ab55
c7f3c70cc4b3c46f
c4cdc5fac73cc006
c911cab6c99ec94c
c92d345ec8b5c66d
cb70c6e1cb39c7b6
c7bbc32ac856c895
c956bc22c89fc5f6
4892c02d44064047
492a468a48a74269
4a4b48ef4b3a4a19
4c9c49564cad4a5a
425946a2488244eb
48314262488e47db
447d3f8c47284155
4773413946654656
49944a1e4a984a4e
4af849944b3a4a9c
413e45cd3f7e4426
4155432743574327
c957caefcae2c9b3
c927c82aca39c93d
c4c6c07fc791c086
c565c226c817c4d3
45554b193aa94684
bb3c40a7c04e3cfc
c5ddc842c871c827
c96fc8f9c989c971
cccccea4cc2acced
ccb4cc74cc50cc87
cb69c937c8cfca65
cbfac8a8c9b9c8b2
449248b7481c4792
34ed47f344e84810
4c9a48464c784c3c
4d364c594cb84c44
44333eb144d53cfe
4a804518480544b7
c9594205c531c8b5
c476c658c4fbc4df
c6edc891c4e6c883
c266c7bebfeac6b2
bce1ca31c4adc2cb
b1f4c526be01c65c
429446e0b4da4655
32813f5dc10d3d05
491a497346544900
4564481f451f482f
4b2448674ac74a92
49784a2c4b974a3c
4b694bd04c014c0e
48ce49884b664a8a
4717488d450c472b
40e6401840414416
ca4ac83ec9bec8ae
c854c7dcca57c8c3
cbe9c8a7cb0eca92
ca39c8d8cb36c9c5
b9bdc0fec601c59d
c49fc65ac4e8c565
3cdfc8f0c502c64e
be37c678bc81c672
c037c16bb126bfcd
446e3c684143b4c3
36fb48ac451a4630
485e480b4357475b
c5ccc763c478c657
c726c027c684c1a2
c650c9e1c262c8c0
cb4ac348c44fc3af
3a8740fc457a4487
c03f3d4b43d641bd
c28ab9f0be4f302e
3e3cc559c00bc2ee
b28d3f8931a3bf67
43a63b5139cc3e03
4aa64d404bea4bce
4b2c4cdb4ad54c8f
45ce489b474a481f
47044886457f47da
c80bca26c96bc8e1
c604c9a5c7e3c9b1
b74ec6ddc678bcbd
3532c7a3bfc4c80f
b459c625c3b2b6ec
b219c4babdc7c55a
c852c985c926ca73
c9f0c921c8fcc8d4
454638acb171c03f
bb41bf0532e1b855
4c824bf14c2c4cbd
4a464a114ba44b13
4680495f48db4966
401a46e0468a4888
ca07c808c90aca91
c943c6b0c9dec818
cab8c88cc928c9c0
c7b5c719c9bfc8d6
c18dbcf5c0f431b9
b403c101c14ac17e
445741d943b740f8
47ca480a45e14686
48d449cb4b1948d7
4a714cb54b5b4c51
4463489c48a14919
331047db460248cd
c5d3c2b1c4e5c1b0
c7c9c6e0c76bc4e2
c6bdbe70c70cc5ed
c2ecc739c790c704
bbae4584ba5c4036
ba81c28cbcc4c18a
4357c24c423c4002
41afb27d4529366c
44f2cb47b97ec5d0
4493c01f450bc15d
45d2c8cec47dc667
43fbc44e3d30c567
c530bf64c699c564
c51bc3fbc5edc4f5
c828be71c413c45d
c762c2b5c5b9c388
4475418f42214441
446e3a0b426b3aa1
405d488241934774
4556427740da4376
c48a3e96bd77312d
c2113d18c0583d1f
bdc4c3812f7f333e
c50b3872c028b833
c17b44af3b614215
c48fb075c27eb0d0
c83a3a43c570c70c
c69ec3f7c72dc1a5
3c3bc793c13cc65a
41e2b856bceab767
4b41453d490b49f8
499947c14843484b
47704b8b49824a2f
b9cc47bb44a24971
c2dc40474409bedc
c539440eb0d845d1
c847ca8cc65fc931
c249c5f1c4f7c6eb
c8daca59ca75ca06
c7ffc9b8c727cb02
460442c93065403e
4475419b483fb599
4c59498949554a51
4cc948f54c57485f
451a3e7443e8422d
493340e346564191
c5c9c356bce2c23c
b024b0d2bf3eb6f8
c45dc1f1be56b794
bba3bc9dc202bcc4
c29ec598c5a4c227
c4f8c752c7d1c691
c406c136c646c4b8
c7acc869c8c4c7bd
c49f4834aee63f60
c75ebf30c5b62ecb
37ac4b9547884953
c45b48203f2348f6
4a2947c94835487d
46ae490448c64908
3ffac974c71ac822
b1b2c5b1c127c61f
c964cad7ca16ca16
c88bc889c9bfc92c
b385bdaf40bd3827
45c44526417840ca
c0e5c08e3c5cc348
445e32a240dab8c4
c58bc696c3ecc80e
c634c724c318c567
44efbfcf431c3c83
bf583cec42e43f18
4213c08743753f19
bdee405842073eff
bc0d40fd40e1439a
2a03382c3c3a3fd3
44474a61458d495d
47f1447c44a74640
46e24815441b46be
494745784654443b
bf22c250c235c288
4007b23a3bb7c0fc
c923c724c962c890
c8aec89ac86bc862
44984952410b479f
3b2544d7395e4510
4c094ce94bc04cd1
4a7c4ceb4a5b4c51
c598c8b3c4fdc6e1
c615c5e8c5aac5bb
cc6dcca8cbe7ccd0
cc51ccfdcc2ccc3b
3c2b43c54086ba14
410c3fee395740a5
4053c2004050c15d
407240be3f003a28
caa5cc36c931ca94
cc18ca61c99ec9d7
3c9c45da418d453c
39f13f47403442f0
4e784d584cd34d4e
4ecf4c974d784c71
4b2c3d5846bc44d9
4a9442ec493e4278
ca0cc952c8b9c947
c8e4c876c880c84f
c99bc289c64cc440
c78ec0ccc79cc207
c0fac6a4c4ffc3dd
c47cc202c482c441
c880c853c7cdc7ad
c8bec742c826c7f9
c1e4486a44984661
be9245923db3456b
47894993487348a4
448e48f5482c48c5
44efc587c1cec123
bdb0c5592a5bc479
489e472e45704808
46be41c5464543b9
4aa9481548994970
48ef470048a2479a
3d75c575c0cdba06
3be2c4fcbcbdc4c2
cd80ca4ecc14cc04
cc6ecac9cc69cb33
c607bf6ec51cc4cc
c932bc3dc6f1c14f
444a3d0e3f5c40f5
bccb43e63e6d4120
c539af69be47bc55
c30b3c44c0eeb1ea
c6f6c539c390c559
c3d3c056c2b5c1fb
3efabe273c211d58
4092bcb63fb2336d
4559475e4677468d
45434490442c46cc
45ce474347cd4640
46a8488b456a48a5
3b64be53b8e5bd88
3cae309d39f3b72b
b76ec8b0c809c61a
c15ec9bec473c965
4822b99c3dad4496
471ac1fe41c0c0b6
4a114bc84b8a4c1c
4ab64b124a934ad0
c5cf41003d3ab9b7
c55c40d7b61e405e
cd05cadccc25cc6b
cc9ccb66cc30cb77
c04ec2fcc506c5c6
bf54c2c8c3d9c443
4a9bc011442c3dfa
474243ef474141d6
c22dc68dc558c4b2
c45bc4bec4b8c51d
cb9f4836c418ba91
c800b86dc86fb23e
c582491e43cd3fd9
bdd446eb3c1b46d2
c33ac9d6c454c83c
c424c53dc081c53c
4839b728444146b9
44d6366344f83eb7
50034f834f205061
4e454e2f4eb94e8a
4b494a8e4a6c4b2e
4ab849c54add4a02
cd56ce6dcd14ce2f
cbafcd26cc55cd22
cbe6cd0fcbb1cc41
ca65cbf5cb1ecc13
466a47bf451d47a7
470845fd44fb4540
4108453c3cb0405f
411d432c3caf41ab
38aac0b1c0bac38f
c4f7bdf3c247bdf6
44ec44a3444e40ae
439845aa43514554
c958bf59c602c5f3
c401ba59c652c230
cae9ca4bcabeca2e
cbc9c9decac6ca3b
44fac9b6c30ac3e0
c48ac8f1c1b6c732
4584aee044144374
44a3b830421f39a4
b5ad4c72490a48f4
46934a09478c496b
45dc4946484f4640
48ca48fb48e448b2
bea7c9d7c6f4c7ae
c01ec7dec438c811
c8c4c0bec619c32c
c8f7c7d8c7ffc6ad
b99243fa45db4325
40543f63447f4569
c126c5a9a6bec34a
41cc352e3d563f32
28aa48ae34e444cc
b8454750b7764590
4d4d4d204b804cd6
4b314c574c074c0f
4c6a423a497c48f3
4c0a46d34b3746e7
c99cca73c8cec8fc
c7c2c90dc8fec99d
cd18cb44ccb7cc01
cd45cbfecd71cc6c
471346323f8d456d
3887408037b53f02
4e164ca34cd94c81
4c7d4c984cfe4ca0
c79ac90fc5a6c918
c682c4dfc4c4c5c0
cf0acecece7fce71
ce5ace18ce87ce84
c1d6c53fc6b5c435
c601c791c6c9c7ba
46cb47da479f45da
487a459c489c46b4
c7a8bbbebc56c108
3aafba45b6ffbaa2
3c3e3ee242294313
438d44613ff543b8
4b0f4af84bc74b31
4a404acc4b4d4bd3
44f547b148e6465b
450943df48184851
af7fc58c3efec4db
417fc2f13e9537fb
41eac3eab111c33c
42f8b37e407537a5
c4a84404c550b54d
c78aad72c555bfc8
ca773cafc944c49d
cac1c247ca83c63f
c8c6c9c1c9c8c94d
c863c5b8c9cec8b3
bf3ac741c4f8be86
c3e1c30cc529c58a
47aa487e45cc4994
3f3b4136443b4246
4c2349c349d9498c
4a85470f4b094812
4838446e474143ad
4b73456449c6456c
c540c496c183c184
300bc01cc09ac1fc
c624ca3dc8bec772
c93ec8eec937c96c
3a38c1fbc08ac0c9
b91bc16bbc9fc1e2
48574cca4a8b4aed
49a54b2b4a1d4ba8
4667494447f2487a
43d846e145a84874
c75ccba2c85bca60
c7f8c910c82cc8ab
c8b2c974c547c909
c659c2b6c4b4c42d
bb604596441d4302
c21d43e13f2a456b
443448f8459e45ce
3e9c427d42f245b7
44e13c0340e03bd5
46ac425d432b3fd2
c713ca34c87dc905
c592c686c83cc8a8
ca8bca2dca56cae5
ca61ca3ecabbca6b
c474c6b9c582c68f
c4a2c615c4e2c577
c1d4c60ec3dac06a
c335c232c297c33e
c86abafcc500c1ff
c6dbc271c5ecc488
c52048b741cc4128
3d8743dc3eba43e0
4a514a1c4aaa4b61
4c4a49564bb94aa1
4cbc48cb490e4bbf
4c04483d4a6f48d8
4751493643214828
441644783f3c436a
49b0487e4846489b
468d4489485145a3
4d5543a24a3548a8
4aa946ff4c654810
44dbc02a440d33ac
3fd0452e441643b8
c97ac091c1a9c2b8
c8283e6cc80c9d5d
caf1c4cec8acc7df
c87bc66cc947c715
cd79cd95cd9fcdcb
ccf8cd12ccfecd45
cba5cc3dcc21cc1c
ccabcaebcbe3cbbd
446a4884414c459b
410b43213f674099
46ad46ac4430444d
4904417b4565424d
c787c93ec798c974
c417c6a8c62cc650
ca35c952c84dc9ff
c97cc436c8fec5b0
4543483c497948b0
469148e34740493a
4ca04d864dc74dc8
4c8d4b894c6f4cf5
453e486e487946e8
441e45734475484d
c337c6f1bf80c5ee
c3a2bc51beb6b9e4
41c9c187419b3c65
426b3a8f455a3d5b
427640703f9e44cf
43c5be6a4509bc8f
42fd3fc5c2074020
4011c3424154c466
bd1d291dc864c207
bc45c5aac381c7ae
c971c8f2cb5bc920
c5a4c909c9b4ca95
44adc76ec149c01f
bbbcb5093511c1e9
4e23488a4ba94afa
48de4b644bbe4af9
bc69441b445f416c
411d45bd3a0b4583
cf45ca0fcb48cc17
cc06ca93ccf8ca14
cac1c39dc819c812
cba4c85ccad0c686
437948b7448d44b3
b74c451e3dc2464b
48a24885496a4867
498448a54979490f
4acf4a594b014b90
4a7348de4acd49a9
4428442641284470
41483cac418f3f96
c65bc9a6c801c9d7
c515c48cc638c685
c6ffc9f6c705c97a
c4d8c1e8c686c5ac
c854c875c7e9c83b
c78ac702c743c76d
c083bc27b29bbf29
b9e92cb93e172e0d
48c748ea491b4861
4a72496649c548f6
420c400d385d4157
3fc3c2843d06bdb7
c41fc9fbc85ec575
c8d1cc08c70bca47
459fb664414043db
4589a91644bc2c9e
45d7484246f445fd
48c5495d46d347ef
c58abe63c318c27d
c6e4bca0c631bec1
33ae38a9be7f3cc3
c4d0c1d4c283bd44
45144529b63342ce
4216bba33872add1
c9cebd56c8abc75e
c881c6d3c942c6fa
c971c063c2d8c700
c78920b7c57dbb83
45363b8b463240d6
451747b646944673
4161aa3a40b844d9
2f9841593d8d3cc4
3c9eb8cf3f644366
bfca3e46389f3782
4c3f49ab4b3d4a9e
4b964a5e4c2f4a6b
4915480048a947fa
4c0346244a834768
c9b7c9a0c84ac9ff
c425c939c7e8c880
c68cc407c4fac6d8
c6c6c486c79bc2a2
40c348a1407e4428
c028448db87e44ed
c291b1d0c0e9c1b1
c6cd39afc3373600
c15cc886c366c5d0
c2cec2e7c06cc1d5
c1a1c984c6d1c7d8
b7e6c7d7c305c7da
c8cdcb25c9c8ca70
c54bc9f7c8c7ca83
447b4562446c4730
444d400a44224023
4a7f4cff4a2d4c6e
490749e849924a0e
c54fc589c60ac6c5
c3e8c284c5b4c461
c842c8cfc639c7f5
c844c61cc6b0c6a7
48254ac348ed4ad1
3ea8469446cf4726
46bc46814614486e
449340ed45ac420d
c790c5d2c388c4ba
b4a0c2dcc11bc232
c80d3d9ac456c454
c67f410fc79e3d14
37744029c15cc02f
c31a430ac5493c65
3f35c596c13dc3fb
4501c3b83e38c499
3fd9c435402bbe7f
3f21c3824611bf89
49d245884ac14855
446748784ab9496d
48174414484345b5
483245de48324783
c549c72bc6ffc5e0
b959c889c607c769
3d70bb6cc0df34f3
3b17bc95bd9cbe63
476b49e444ea4818
4537489844e947da
c9063339c749c42b
c5a3c4a8c76ec4c6
cbaccb31cb18cb6a
c8d8ca3bcabeca9a
3947c444bdbac41f
c0e6412ec29434b0
432b481647c346ce
3f26495a42eb48b7
c3af40924002412a
3db2a6c2adc93c24
c6ddc4b7c58bc162
c822c82ec6b6c703
c4133a4dc1feaf25
c9f0c227c421c1bf
448247a44614441f
45a9457548334599
4b554a574b834a40
4cbe4a154c614aa6
489c3d7944ff448a
45c64194456643bb
3867cbf4c952c9f8
c608c9ebc84cc9dd
440cc6cbbf62c09b
43d2bffb3c98c258
482d4770495849a5
4aca48e84a464853
422242ba46cc4586
46f44331472f43f9
c7123e12b495bd80
c435393dc2ac37f3
c9a1c221c999c8b9
ca90c520cb5bc734
cb60cc2ecd6dcd11
cd39ccd6cd4bcd0b
cc43cc67cc71cc5b
ccbdccbfcbf3cc5c
c6243b18bd263935
c1eeadd0bec53bdc
47014cfb4a7b4b84
48cb4b99490b4b86
bb18457d41493853
395942943a62420b
c944cc3ec9abcba7
c86cc9edc8dac9f7
be82c54bbdd0b71f
bf61c406bbeac229
49874a714a564c01
4948486a4945498c
4cb849a84b574b5b
4c564a224ba94b0c
4d4148864ad54a0e
4c304b374c074aaf
4c844c3e4bad4b83
4bcc4cb54ba84be1
4a5e4bb04a504aae
4b2b4b204a264a7c
46513e0e4230440f
45b23f91441040ba
442cbdfa38733b9e
40353ca83d4e3948
c50d346a3954bc1f
355c40f93d3f40bf
cfcfcd48cd47ce5e
ce05cce5cd0acced
d0c1d059d050d0be
d08bd015d026d053
c70bc611c6efc567
c73bc9aac62fc91b
45f4489e473948f5
4531b90d458a4258
c984c71ec963c8cd
cb6ec91acb81c92c
c928c9f4cc07caae
cce7c9dacd1fca95
4724c117bda738e7
b935b865be69287b
4bc9477e4a5d4947
4cff4aaf4c784a8a
445d423f477d4475
4bd5471249b54719
bd3f4385457144ad
41f7433940da453c
47dd4c144a4d4ac4
443f4a7048514ae7
49a14b49477e49f9
4716483947b44818
4b24492148a04af0
4af1493049b4485a
487d48b749d84953
4a764b304aca4a14
c8d5c4e6c560c817
c75dc469c503c518
cad9cce4ccbfcc80
cc97cd40cc85cd36
3de8c997c8e3c811
c4c3c95ec6efc9d4
456a444544cf4160
4722462d45774525
beff457f481343a7
41e6484e442748df
b7fd41f646d13c0f
3c4944bd421a4731
bfd439333d4fc223
31c5bd6f3dbe3765
c7dec5aac637c476
c847c85ac5b1c72f
c9edc9c4c9e9c85e
ca68c9f3ca1bc9c1
c839c8acc91ec8cb
c38cc68ec87ac827
40c53a06b9693dbe
4177401a3c5c390c
493448e046dc4868
44aa468a47264661
48c8454744ce44b1
489541b74571410d
bc89b5dcc04e4067
2fb6c49fc16cc465
c2cb4343bc0244a4
c8e13575c2eab74b
4348c0d230eab7ac
c5854454b96f3efb
b83ec734c23bc5cd
b74ac118c2c7c0d8
444248ce48834750
4a8647ae48ac48f6
4bca4cd34c684c3c
4d3a4ca34ce94ce9
3f69421641374055
43b63ef3427a42f1
ca53cb72c8f7cad1
c887cb3dc8baca68
c7f9c9d6c6a2c97d
c630c843c5fcc8a5
c848c61ec739c7af
c903c5d7c853c6d9
c79fc490c803c5a8
ca5ac6a1c8abc756
46de46b244c84727
3af64601450544e5
496d456647f04824
494d485649484759
3ae9c5f9c038c05f
4534bea23e30c29a
c4c6462cb26240b6
b8d03e71bf6e3b79
c6654bf64009415e
c465452dc43a4626
c834c923c924ca3d
c9b9c95dca31c855
45d5c975be44b40b
4005c4fa3776c395
4db04b3c4c804ca0
4d324c234cde4bfa
4957439d47d8446c
47a145cf48254676
c8c1c9a6c6edc856
c71ac846c6fdc76c
c997c53ac5c6c52b
c545c497c5a7c58b
c985c68ac876c781
c9cfc87ac894c8de
c9cfc9e1ca07c93a
cae8cafdca1eca92
491048ee488248f5
48c9480f48c748de
4c414d924c834c65
4c9b4d2d4caa4d52
c029bc40c175c450
3e273f32be173249
c573cbb2c981c99c
c805c90ec89bca0d
c44fc4e0c4ddc0d7
c8dac4edc4e0c6e0
bf3449cb441544cb
3f8f465e40764516
49894c514ad14aea
4b7b49e349ca4ad5
484c467d47944894
4493445d45df4674
c5b7c886c784c824
c857c678c7a4c69e
c34ec98cc54ec804
bdb6c6e4c28ac6a1
40f5b81c469b4253
46ee3d8a47b341fe
416e417c45a041bf
4100417d44e14423
3c6ac11cc44ac351
bec3b870c428bfa2
cb05c86dcbecca43
ca97c644cc42c928
cb3fc801cafcc98a
cbf5c883cbd7c9ce
47aa3858429f441e
45ceb897463733f5
498f458248ee4848
4aec46394abc47b2
3eca453d448444bd
410f41e043d54498
c41f3d37b47a294f
c5c2c0b4c1fa2ddb
4ba54bc64a7d4c41
4a284a294a8f4a43
4cfe4f3c4dcb4e83
4d8c4d6d4daf4ddf
c2b643bcbd73bd74
c0d1b922c10eb86a
cd08cf23ce29ce35
ce35cdf8ce48ce58
ca26cc9cc9a6caa7
c97fc8e8ca3fc9b7
c1c43ccc3dbcbb3f
38dd44feb7944272
c4c5c515c6fec7a2
c689c57dc6a3c577
4238c424bbcbb60f
3a2ec1af3c46bb8d
49a2482449af4a4f
49b5486b49ff4966
405c48964478458d
41d04612422c4673
c5b23890c573c504
c5bbbc29c633c092
412ec4efbf19c114
3d28c2b03c5ec405
4446bf92444a3e93
4665bd6446edbc18
c4ac435b42413fb7
b55a3d4539833f95
c6df305cbf93bfab
c577bd43c505b9c1
c0d5c0ddbb04c17a
b9eeae0fba24b686
3f7d390740763f3f
40f5439540a441f5
442044cb3d8944de
b5213db9b27a3fd8
4584486f44204615
3e4c3fe3437343db
b5acc24eb7a3c227
3c13b9d24084aca9
c88fcc43c96acae3
c6b2c887c806c90d
c005c7cfc32dc4b0
c0dac49fc204c50a
49da48804895492d
48c1469548a14687
4877456f40b24521
44bf3d9543133711
c5eac5a0c926c72e
c8b1c8a7c8fec919
c88e44cfc3aebc8e
c70237b4c71bb123
308649c547eb4720
46844a5844cd49be
443a40b6460d4497
47d4465545964633
446e41f942e14561
425340d141ba4335
41d0babb3df53fa0
3f173dc740bf4149
c42fc9d5c6c4c857
c35dc757c341c6a3
caaac9f0c9eeca54
c9f6ca1fc98fca58
c907c70ac553c747
c8edc7dfc684c7d4
42e03f5f464d4181
41e44105461b435a
44474648439b44c8
3e8d44024105434e
b63bbef9c669c127
c726c4fac7bdc60e
461fbfb83c87ba95
45e33f2742303e84
4aae4a274c314a53
4d034c874c9a4c7c
48574b7b4b0d4af7
49234a6b4a144adb
be7dbdacb9c0bdfe
c470c57dc00bc100
c6b7c91dc72ac878
c50ec85dc54cc740
c484401ac443b7b9
b7852ea2c246c06f
2c9b4896c19443df
c2b93b2ec3e9be61
3f2a3c57c1e0b8f5
c429c07bc1c7c13e
bdb4c5c4c100c46e
3e98be4c33dec017
c714cb61c7fbc8f9
bcc4c781c46bc8a4
c4cac821c6b6c472
c682c5b8c701c784
418e4a7244b64883
b341481a37df4757
bd643ca9b66bbabb
b5ddab44bd0234ab
c4afcb99c6bdc934
c668c9f7c541c924
445a411a47da4588
40ca442c452e4673
444d482a4a494879
478f498947e64b1d
c472c4823f9ac41d
bdb9c126bc943f57
4436435d451f40ca
41cb3152445d4206
48b8473144a6466b
485b446047fc42c4
c528c5f0c93ac612
c458c550c5dac879
c5c1bceac852c2c3
c7dabd72c742c5ce
bb353a21c188be24
bf853eefbd5fbe87
c823c832c89fc8c3
c6c7c809c66cc8a7
407d486d415b4501
3fa3434141d04313
4c794ddb4c994cc2
4cad4cc84c654cc0
48413ab54585450e
4823429446da43eb
c5a8caf5c7d4c726
c8b2c989c81cc887
c889c935c571c8d8
c810c6a8c850c51f
3c6fc4224177c1d2
42fd3e0a39843f35
46f249a948b049e9
4531482545fd4844
37e94a874646493a
bdbd455f400246dc
4156b8543b52b314
402cbc9440bf3872
3adec637c3b0c545
4258c3cd3b15c44c
ca2cc972ca68c9a6
c7eec969c907ca2a
c96cc980c993c903
c7c2c8dec8cbc96a
c478c653c4fac6b7
c420c255c401c41e
c7d1c5aec50cc749
c88dc42dc641c41c
ba3244e9447d4458
bae3420e3e744426
442b475146594669
44a445b34515456f
4633bbf63d713a32
417a36c5419caf49
4a50459e4810480e
48534779485247da
46da499a47164833
477d493b45d548ab
bab744bac29038eb
31973740c1d0be12
c22fb307c3b0a419
c247c43fc2e8c42f
45194294465e4661
416040f046364493
4bac453249894819
49cb46af4a9f486c
ba9ec3b8bd80c323
384cbfdab617bd34
cd07cb31cb73cc23
cc66ca13cc22ca79
c819c6b2c54ac7bf
c6c0c407c5c8c498
48d948fa495b48f5
4acf494b496f493c
44333d1f407a4417
43a038ed3e6b3b3c
c639c2b9c652c055
c956c6c7c89bc675
c54249313a73442f
c2dd4669c1234503
3ac940bf37d3b8d5
440c4433412b40fe
baa1cc7ec88fca3e
c2a7caf0c308cad2
c5d7c9e0c6b1c864
c60dc9d2c4dfc92d
3888483846cd4569
460d472f45c64817
c6c6c3b5c0a6c55d
be7738b7c1103824
cb2dccb3cb55cc5b
cb9cc9d9cb7fca63
4aa2469a47274806
46e3471046e14687
4e4a4e874d984ed8
4d974c974d5e4cc9
3c0248d342b64855
3dc9399e3d843c93
c80dc003c831c660
ca48c6dcc917c810
3e59bd34bd35bcc0
c3ccbc01bd1ebe51
4597c12d410041be
45aa3a90451a4060
45fd3bb544ba443d
48574493475b45f6
42a9423244c041e4
44604554445745e6
c867c479c5cec749
c787c31ac839c445
cbcbc988c9e7cac8
c9dfc8caca6bc907
c340b9f63cc3bfb4
40783bb3415440c5
49274b1a4af749c6
4b2e4b6f4b8b4b9e
474645d346dc4627
467e4740467545f3
be8fc8afc67dc58f
c5f2c8a6c6a2c8bc
c53fc31dc936c6a2
c8a3c8e6c8e4c933
c5ab3d7bc835c330
c708c5bcc761c7a8
3ecac4f4c1552d79
3c80c4b2b88ec50e
44a0c11a40b1412c
40ec3a703dce3eb4
c76aa0d1c004c27a
c92e340bc8163533
c91bc10fc412c509
c915c0bfc794c308
4279347d456042d7
477b42ec48384114
47adb9d44875435a
49ac44254a5e4568
432f37ab45403da3
44213d93467143a6
34d93d4f3b863978
3fd7bb1a3e1f3c32
3d82399e29823b24
429c3a7f31ad3ec2
435c45a23b164483
41e94608b2dd4528
314fb994c529b994
c074bb9ac529c03f
3acac232c43bc3ee
bd54c2c5c1c0c413
417a491044f343da
4340469c444945c7
3d0e48f345e84754
343544c341ef4570
290fc2c5ba5bb6b0
c5a5c40ec040c211
c7a5c60fc730c822
c86ec4f1c6b2c606
c904408ec457c2c6
c6103050c5a8bbcd
446b4351449344ef
44ee446a4363445c
4abdc0d5469845ca
49a1410248c9409e
44b6c4e036ed3dd6
4508c21e440fc213
c9d7c8ecc897c881
c86fc8bbc87cc8bd
cbf2cb17c9c7cb24
ca35c97eca78c9bc
c2f2c436bde5c489
38e8bec2bd6abec5
446a484f45dd4445
4698472145c54755
407f48d4457444e6
3d7046cd4350473f
444b438e47144647
4435441946ee4647
48d3b92e462a4581
48cf3cbe48ba4314
49192e32368240e8
427eb9874155bda9
3f483671c469bb4a
c71abc30c635c2b7
cb8ac7fdc9c9c981
caadc6dacb11c808
c8d7b82fc516c4d9
c433bffdc68ec188
4c6e4e944c514d53
4b7c4c264b3a4c3d
4b114cec4ae44c0d
48c449b04a0d4ad4
cb53caa6c9f2cae9
c9a1c952c8b3c8dd
cda2ce1bcce6cd06
cc36cc56cc87ccb8
c5a6c9d7c5f4c5b3
c691c7a9c6e3c84e
4aca47af49ea48e0
49f7491b4a7c492b
49d2496049e8490a
4b604a394af14a2b
b858bebcbc11bef2
3d69b5cfb7a6bd5e
43d9c1aaa6febc11
4056b04a3a85bee7
439dc1a93f9e33fd
45323dcc43b4382d
c8dcc9c5c617c891
c587c77cc501c632
c9dfc6a4c664c86b
c98cc823c7aac569
c541465cbedfb8cb
c69fbd39c487a93d
bd3bb5e2c4d5c174
c40bc4ebc5d7c52f
4733bf753a453f5b
41e4c0903a5ebef1
4c734e2a4cea4de0
4c0a4cac4c264ce3
47744d9849a24c1a
47734b9d48694b55
ca2dc931cad6c974
cac4c83bca66c950
cb6acbe2cc25cb70
cc33cad2cc36cbdb
b0a2c3edc15ec42a
bf14c34bc197c318
4a53c2704803427c
4a33424549eb454b
420bc4c343e428b1
478b38ab47da3f46
c5c2afa92d5fbead
35ea27be3c8eb13c
3d9342ca44704287
4200454e450a44e4
443c414944fa41ab
44db461b45864553
470a41c8453142f5
475e425b45c44296
48e047e047ce48ce
48734588476d4608
b7f6469bbeb64317
c3273e99c5013839
cb7bc67bcc59ca9b
ccf1c975cd33ca90
cc36cb84cc51cc1c
cc67cb08cc80cb98
c80ac7b3c686c668
c4e6c79fc6a5c6f2
3eb2464641ee43bb
42494038402d4153
3df43e9c443841ef
28514308435b4348
bd43c7ee423ac09b
bdbcb94d424c3db5
47a64260493645d5
48de451f49674867
484045d7485a46e5
48da44a348cb4698
3cb936cbb17cbae1
b1f9bdb936b7c062
443045ce3993428d
417d3f993fd03aa0
457b40a237db4442
4725418f43a53fcc
be61c317c48dc013
a9a6b05dc15dc03a
3fe04789b8cf4224
c09243abc0813fb9
457547384196455a
3e1242183d6240c4
c5b2c5a9c04ac29e
c1dec310c21ec324
c8baa94bc15bc30f
c717b9c4c525bbd3
bea2c38bc517c4b9
c470c094c3b4c31c
411fc9e2c527c627
3cddc4beb26bc5f7
c487c4dfb922c3f3
ba07c0a2313bbd38
c7cbbd7b38ccc228
c644c1e6c1a4b612
371045b0445643a8
c0e93a1033f341c6
4445464e45ff4554
448a421f447244e3
3cbac6963a3ac192
4779bc944324b85d
3cf5c2d636d0bd4f
46023bef4183b35b
3d7d45563e9941d4
333d41b138394169
bd63bd53c365b927
c4b2c307c515c0b1
40713ee1bcf442b8
be37393fbf7ab257
45684936448347ff
42f6487e442046b3
430b44a23600408c
419443453e9e4089
448a3e862a8e3d6f
4484b38c4273bb98
c2a93d27b95bb379
bbd9bf3e1c93bfec
c933c896c814c899
cabdc898c95fc847
b43bc8a4c24fc615
c6b0c457c434c415
437a31ad448640bd
45b64487459d4417
b2b447fa440d4562
440d43dc4271443d
c0be40dab3243265
c359bffebf67bcc8
c52cc9e3c4c1c825
c315c6ecc23fc6a2
3cc4c4ed392fc106
44d3258241f93726
492946a2483e46c6
485248f148b54926
410039ca40c33fd0
448e43cd42c44395
c5fcc4c2c62cc40c
be83c6c0c5e1c673
c898c631c862c72c
c8fac8cec95bc868
cb53c352c8bbc842
cb9ec863ca8bc824
c0134a6041134495
c06443e9b9d2430d
4c6e4c5f4b3d4bdf
4add4bdc4af94b34
49533e6945b646cc
475445d146d944d0
bc90b5cdb17a3a5a
3a752de83429b4c1
490f458e47ac464e
491e482448d547d5
49f7c4aa3eba3c05
468cb16345c03244
c7d7cb15c903c8e9
c80fca83c773c9f6
ca65c871c501c7cb
c798c572c48fc531
c179c2713c48bdbb
be603cb736c23e94
bf7746ee407843f6
bc563e29bd494294
c66e4689bda5b8d6
c11ea735c3d3a497
c7b8c94ac919c9fe
c62ac680c7eac8c0
c0d9c0bcc61ec486
c4f8bd37c538c472
445447a3419a4561
3ca0428f3e3b4279
46f1bc33423e438e
44c2c309441db410
48943b1f45a84514
48c93cad480c424f
49e34a1d49f9499a
4a704b3e498f4a66
3fff4907467c47fa
3b1b48923729480b
c963ba70c595c364
ca6ac47bc993c3a3
c848c667c85dc8c1
ca03c78fc8dac7ed
c980cc27c977caef
c91fca74c8b1ca1d
c80dcb2fc697c850
c3f7c964c3cec856
48df42134618440a
47ff43ae48e64477
490748fe488346e0
484948c449ed48b6
40b846f645db46b9
486146e8487e46ee
43ec3e1843d74624
4a1f44cc4802441c
afd6c410bf81be64
44023954b81ebcc9
c27ec2bfc5aec533
c551c297c745c4fa
c1a44117c255bcd9
c77ec1dbc678c19b
317942583af63f81
c3ab3a68c04f3d7e
4a324763476f485e
44f74662459b474d
444242803a2d3ede
c039bf77be20b856
c881c27ec4aac5c3
c820c530c6e0c5a6
4195485446ed4706
451f491645ea481d
c411c090c20bc126
bd88b0d6c0bcc04a
ccc9cd04cc2dcc99
cb35cc6bcb77cc68
c72bc0ffc426c433
c3a6c395c2bbc0ea
ba3da83dbd98b7a0
396b3356b7a6378c
c46acb1fc67bc842
c452c93bc550c85b
4b1847834a594998
496346484a0748a1
4ed64df34e0c4e18
4dd14d724e0c4d82
42ccaf543e1b401a
43703a7b423839b3
cd37cadbcc2dcbfe
cb5dcae1cbe7cb1d
401fc0fcc0e9c115
b4083325c036bc67
bff1381fc267af2a
c6c332f8c455b897
c64d4801c1c540f6
c7573c51c566399b
c5bec450c561c6a4
c29cc06ec4b8c34e
3eb8c9a6b904c4e5
3d0ca5cb3f96bf11
4a614bd44b654ad6
4c604b754c064b3a
435a4dcd493d49a0
4a1148b948e449b4
ca3ac875c94bc937
ca73cae4c967c9a5
bfaaca9fc2b3c5db
c3ecc774bf71c5c9
4cec49f14cb94c24
4d074b8c4cba4c07
4a5e495e49d34adf
4901487148fe4891
c53ac606c623c4c1
c62cc628c58fc6ee
c894ca29c874ca1a
c52dc6aec72dc81f
c897ca8ec933c9aa
c847c8a4c9d7c906
c97fc8d2c98ec7a1
cb30c9aacaa2c966
c505bb9fc3e4c17e
c885bb16c314be86
480f476244dd4454
46294866459b4721
485547b445f14803
486f461c44674646
c5d1c324c4adc145
c6fdc3e7c5a6c37b
c89cc050c5fec5a0
c700c504c4bcc4fb
494b4b4549cd4939
4bad48614aa4492a
4def4ade4cfa4bfd
4d934bfe4d564c42
465eac5c45d0421d
43724436461a4459
cbb6c2cbc89ec842
caf3c6f9c9b0c77e
cb25c302c95bc861
cb93c747ca93c85d
c241c5c1c466c1ea
c37fc52cc420c511
b144c589bdcac0b6
416bc3e9b74bc1e8
3c81c2f9bb73c23a
3e95b692bcdcbce1
4378a81a3f4c405d
443c4048400b3f89
c2a5c56bc291bb51
b428c566be42c343
c7fdc8d2c6eec60d
c7eac670c5e4c668
48b0484048664890
46db492948974892
4c3b4ae64a104a23
4b5648ea4b394963
c368bf4dc490c5c7
c444c56ac302c481
c82f3f85c1eec423
c63e36e8c4c2ba0d
45aa47d545a24585
46e54847456d466c
c05bc8d0c6c5c5f4
c401c577c6e9c721
ca40c99bc9b2c8a9
cc17c93dcc05c936
b859445c42eb43fe
c2ab41e8bcd44376
42e1b9f744314017
41983e0b444240bd
abf939783ce2364f
422cbf4641cca9b7
429049bd4765477d
4927464948084743
40e2418943a940c9
415c435c448c4298
46c9ba1f3d313de1
be81ae2d442b339b
47b2462541e846ed
45e43fdb45a341a8
c2424434bc8a3fe8
3f052e57c14d36f4
c7bdc65ac5b4c7f9
c742c361c7e1c32c
c733ca73c824c9c8
c896c65dc804c739
341dc4efc139c19b
ad8cc0e5bdcbc3b0
48c2448f46af45d7
49ad44fa488144b8
41df3d5e439c3c01
483a461e45f844c0
c5bbc720c473c690
c1d6b640c49fc1e9
c68ac8fec5d9c826
c7d0c718c60ec700
c8a7c0b1c287c350
c4c9c635c234c435
c9643d23c706bf38
c78dc803c893c6d5
c2a9bb9ec759c0bd
c89dc753c8e1c6da
48b54a4b47ea4984
428a483f45ca48af
4c294ce84bdd4cdf
4a054b5c4a974bd3
4738b41041724227
bd51a801417e3900
3cb8c0473e02b92f
c5d63dda41103d92
485848af49a848fd
4a5b49e649c649c0
4031c830b9cbc322
4898c05f3e82c15d
c5d0c99fc693c8b8
c01ec5acc381c756
c38148ce418440cf
3d55467f3df8453e
c993c313c827c84a
c7a9c45fc92ac56a
c32bc86fc7aac7cc
c416c445c70fc613
48134450448544d8
47f24491461e44a5
c332c96fc647c819
c0dfc964c1f6c83c
bd27c562c0dec287
be16c6f6b942c4e4
3d7b49e44659484d
c01c4406416f4603
cb62c965c6e4c874
cbc6c771c8efc62a
c65bc9a6c324c6d5
c1c0c225c23dc296
4c1d4eec4ad74cdd
4b204b4749e74b4a
48784d2e44ec495b
46af463443d14602
c420cbadc73fc953
3c9ac664c137c81d
4228c8b53f37388c
35f2b0a041a2bb74
4849487348264a00
c19c462d42e846ae
4660461e45ba4489
458348a545174703
c872c9d1c878ca29
c06fc552c598c7b1
cb01ca67cb0bca25
caaecc15ca9dcba0
434845c0433a4534
435340b044954212
46a9453147b444db
499a4958494648b9
c268c569c41cc532
b02fc1bac33fc13e
c669c78dc859c735
c810c839c8dac723
bc293f2c390c4066
c5a8426cbde0426e
426948d947c0482b
413d465f443e47a4
42c1475d45e444b0
44193964410243b6
bcdc48094235404c
c11440e0bdbf441a
ca0dc4ddc759c902
c801c57cc83cc627
c59acccec922caec
bc26c9f7c463cad1
4b653065479348a9
49c644954a44428a
47744b1648684a9c
4404471948094770
c4023a0bc452c1eb
c548c53ac431c445
481fc683bd6fbd9e
446ba1d14245bc24
4552c62ebdd6c00e
45df4213411fae7f
c848c0c0c4d1c59a
c120be4bc4bfc23b
c4fe4a2d44d94672
c437441fb32445ac
424749ad48074878
a832478642254837
3f92c86cbe44c4a4
42c8ba0f2ccdbdbe
3e29c6e4bc8ac126
4492bf723deebdc2
4124485d450346dc
3f7f429741384511
c50b3cafc16cbcff
c676c388c566c02a
c9d4c995ca35c943
cac6c9f4caa1c9d7
c5b7c783c64dc7d0
c73ec12ac701c48f
4808418f476a415a
487c48fb4883482e
4827494647f948f6
4820448d488245a5
c3d7460ac07f4106
c44bc54ac453c42f
c795c7d3c571c808
c4b1c7c1c4e3c671
c3a7c843c00ac5bd
c174c384387ec30d
b0c23f86b94733ee
bda2414cb278b89b
44fc44803f8640b6
473c459441b94261
499344cb475b46fa
49c9486248524863
45ee3976416a429f
4234448d41894478
b3dec822c462c347
c416c1ebc38ac300
3544c946c320c15a
c074c5d3be0fc514
c6adc308c31cc21a
c003c8c1c095c5fd
c58a47df3a9c3a89
ba7bc59ebcc7bbab
3d71464b4436444b
c1543f4ab4544242
c0f644494079419e
c79b4480c1424248
447b4c6a48ef48e7
44734b3b469b4a7d
475a47a145e24377
488248cd4687473f
c54cca78c77dc8b5
b74fc85bc279c8f2
bb96c523b0c0bc58
462bbd224395bd01
443541b94118418c
45fe46f8425f45a3
c7c7c3f5c9b2c770
cadac808ca9cc8a7
c97ac96dcaa4c933
cbebca42ca90cad2
3e92c48cb81cbc85
44fa3e104158384f
4a8b455248054834
4a7b474c490c480f
480ebe55449b4226
bd58b81a42833c17
c5c0c55dc1bcc419
ca26c59bc776c4dc
c7a74357c37cbfde
c5a6bf97c6f2c021
beb53dd3a7fec0a1
4404ad6440c23831
b79bb787450e3d40
478c3b8c4812432d
29fd43d046cf459f
482a411f472b4566
b747c53ebe89c34b
b3b2c2b3be26c223
c026c467c59bc3d0
c6bac481c739c57c
b9684334c45b401b
c190ba4bc56dbe11
3f9dbd7dc07fbbca
b4623fd4395caddc
484040cd494d45b2
45f749a849f948ba
46d84a974a304a29
450548e247e14940
3dcb4c073ec14716
bbdf3fcdbe54421c
4476445abf8928a9
4625416340e53d0a
442cc78abf59be1f
4859b53a41e0c029
be06c0eabe723228
c06fc5f2c182c482
c7bebfb2c0d2c551
c8a2c410c557c1ca
c868c807c373c8b1
c64f3872c532bdd7
c523c6c0c525c66b
c601c1dbc693c3e3
c68ac6c5c872c789
c9d5c994c939c8b7
c702c8d0c85cc71c
c864c8f4c881c8b7
c0f8c851bfd5bf4b
41a3be5d3345c1b1
c487c6ebb0f0c46a
3fbab1963d6bb5ae
c030435a416fbc0c
c2134521b58543be
4b814d404ae74c5d
480b4b7a49ba4aa1
4de84c0e4bdf4cfb
4c9e474d4cec49af
492b3e21475d45ab
4b80c1504a614437
c482c3a4bea0c22e
4474c0bc3ea8b847
c6bcc443c764c456
c361c1e9c4f6c4dd
c329c483c826c561
c4f2c1c2c6fac5b3
bec94004c46ec050
c6603a90c672c0a7
38454ae64363468a
c37045d6be914457
c46b42f13c99be9f
c51a3e71c3f23dea
c778c972c44bc8e4
c8cec4b0c801c43f
44733afd45c4455a
3f9c41ea41db43eb
45a346a8481547cb
483846cb481746bf
c453c92cc499c821
3aedc324b583c478
c221ca88c76fc85c
2f88c686c2bac6ed
c01a4079be083b9b
bfbf36f1c027b0f4
b7c846603c2c4455
c7ad3bd2bb073cd3
489342e7437c462a
42053d8c44cb40cf
44a6bf6c34ca38ba
487539a4429630f8
c8f3ca9cc8bec934
c0bac8cac564c90f
c7c7c5fbc6b6c5cd
c5abc896c537c822
42f54c47463a4823
35c2471a3df447bf
44f948f045a34491
404d473a3f7147a4
c147cb2cc4ffc8f5
c1c9c80bc281c6d8
c532c617c05bc553
c330c4c5be76c291
3d0647dc43894663
387a445d3e5b44f0
41e9c21bb27e3c29
b92e1fe5afc2bd8f
43d9a09246044058
44e8458347ab4452
410546bf46ff444d
4897471a482247e6
bdb7be9cc47fc26c
b20dc1eec382c27f
443b46d340b146b3
30f544693ccd41de
452f4abd48704a85
46b6494d468b4950
3a7c3e543d68405e
3ed94057bdc74367
4365c01b3b20a368
bd9b34b7bdf23a6a
44fb446641dd4139
3c4d40e143ee3c61
c415c19bc723c55d
c3fec5e8c270c7d9
c9dacc03cc11ca79
c919cb2fca8acc1f
c8e9cbd5c959ca4c
c6f1c9bcc7fbca08
c3d0c740bc9dc765
bd59c1c53b9ec04e
c29a3d4cbafdbcbf
c44cbcc5c2bfbaf9
c52e4512c1363e47
c349c07cc5d8c02e
44f8441d42e043d2
486746b9461f457d
4677c1d73ff2345d
4431445144f842cf
c541c9cdc4a5c6ef
c8d9c8afc745c664
3ecc3cf246244343
c093be8bb7a5427f
49914e3e4cdb4c6f
474d4b0e4a414c89
42ba4c184a9c48b8
482549054a5f4a48
2e13c5c03770c0b1
4888bb7c45a2b4b8
45814049bd403e58
465e40913dcf3c22
44aa467ebb0c43bd
3e6e4768380b4348
b9b2c82cc5e3c0d8
c0e73c0ec316c3f2
c519c97cc903c6ce
c79ac701c885c903
c27bbfb1c52ec0b6
c41dc423c52ac56a
4242416c408e4252
43a040d7410b3a43
c005c463be8dc1a7
c29ec25ec03fc304
c89dc904c53ec6c2
c88dc878c6a2c68c
ad2a402f3d423fc2
32ecbd2faf783ac3
428446ee3cce3dbd
412b42813d704146
c7eec7b1c692c8e8
c306c254c271c530
c754c585c46dc63d
c228c51bc263c51e
45634b3147d34773
433c45134200476a
483f4bc549e04863
457348324761499b
41ab33084269411f
356bbcff43f13d0e
bdc7c8bdc54cc075
bf73c5b0c00cc4c0
3531c3e1c063b4a1
3b3bba6bb842b482
427ec05640d02926
3f0ea8e942473df7
bc08c8ebc1c0c685
c07fc118bfb5c3ce
c688c522c601c433
c5c4be7dc6a5c534
c88233b9c508b9b0
c56ac1fcc655c3ba
c643bf4cbfdec1d5
35d0bd5cc00abd57
4971483749ce4859
4ab049a449c54930
4cf74c694c924cc3
4b8c4c034c204c07
49264b1c48b449c7
45904942482748cc
3d094528befb3935
b5644455b9ea3d3f
c131c862c829c736
c306c5aec66ac6ab
c4f9c9bbc754c864
c3f6c961c5a9c85d
c849c0e4c6ffc696
c805c880c812c6ec
cb1cc5faca3dc992
cc49ca17cbfec963
c9edcb1dc907c9ff
cab5c9e6c987c93b
3ef9c5f23e5cb5ad
3e71a99f4448333c
464144b044894484
4779464f480a44e7
44f34b2048eb48c4
49b6498e49294913
3ad2492f48f648a4
46aa4841467f489b
bcc5c879c410c471
c49fc683c514c5af
4424c67bc4f7c493
c054c7ccc27dc78e
b7c7b045b726ba90
b900b9e3b50cbb86
c2c5c538bc2cbf9e
b969ab4db4eb33a9
4331440243a04544
45a54404444b44af
48884abb49194974
488949e1482f49b8
470646be47804666
468f48a34703481a
3b393c8cb9a2a9db
37ae34bb32f0be63
c356c69ec68dc6e1
c60cc771c620c82d
c24dbe66c02bc0f2
c2f0c26fc265c0ef
3fb04cc2466e492a
413e493f41f548fa
c2febf03c4c6c0eb
c65cb722c561bf76
c92dcef4cbe4cc57
ca3ccc6ec9fecc5b
c29fca1cc5e8c805
bceac905c0e2c7c2
487647ab48d4484c
4a6f45c6495a485b
444a48a548ab48fd
484c466f47e3482f
cb59c69bc896c959
caffc6bcc9b8c72c
ca18cb56cb23cc58
cc60c822cb64c9a3
474e44f5407a42dc
40e343ee40eb4100
49d04c4849e54b26
4a9c47fa4a28493e
c32bc655bfbbc51d
b0d9c471b053c125
c305c5b5c0b0c406
bf3dbc5ebf96c05a
48f2440548ef464b
4a1748de49df4852
4304ba4d441d4299
469543dc44fa43f3
bdf9c84cc0f23bdb
c6b1c5a0c26cc3de
48f4c6aaa8903ccf
b458c41a3a6bc35d
c426c951ca88cab9
c7bacae9ca17cb6b
cac2cbcbcc10cc3f
cbf5cb62cc00cb79
c012c52cc493c2c8
c6dcbd06c580bdb8
48f04c6d48f04b0e
492049f0485649e4
3e724ba7498248a8
4aac49b44a7349f2
cab0c8cbc472ca23
bf24c2e5c031c33c
c8d6c73fc576c87c
c813c622c6fcc5b4
48ab4cc44b8b4c75
46fe4a3249f34af7
4cd04d084c884d36
4be94c4b4c564c77
4823bc4c3c043f44
451c3c9640fd3c39
c9f7ca01ca5ac79a
cb39cb39cb65caf7
cd46cc83ccfecc49
cdd4cce1cdcccd34
c137c9adc711c9e1
b878c2dcc4cfc6ce
47b5415145af4110
4a2047b0480446c7
b8c84454407e3e1d
bc3040aa37fd43cc
482149df491d4871
455c48a148754930
451944a543ba4330
453d410a45a74169
c81acaa5cb49ca2f
c98bcb5dc9eecb69
4aca48b547f54a17
47ca48234851484d
4d574ce44db04e01
4d494d724db34da5
c8b2cbe1c659c9bf
c36bc78bc257c7bb
cd16cde4ccaccdb5
cb64cc94cba4cd11
c66d4648c4f0bad5
c6c3c3b6c697c4c8
3cb64b1e3c4c47fb
b4f73dc5be8b408f
3f4fba8f3d5c4379
449c3b4240cd3c34
392c39153cc43fb3
3654405228563e22
c5bdb5bfc438c5f7
c764c024c809c066
3c7ec1fd42e8bebd
4099402e3ee64285
493639f049514509
4833480d48404890
b69fc69fb2bbc56a
c572be9dc46bb95f
c92aca54c6e8c805
cafec8fac906c766
c3fd400dc0cc4017
c6e1c40dc1e0c068
43cf4d9146b64989
474548f048c34834
47414c0948e348ea
4c7c4aa54c51497f
421cc7c6c3e3c37d
4851c2774387c414
c603cb32ca34c9c5
c5d5c908c845c9ca
48333d93458c4027
470d488847b845f2
49d73f7946d145dc
4915462346b4445d
caffc849ca39c5c8
caf3cb1ccc51cad5
c9d9c41ec812c240
cbd4c8a9caaec7d4
47ecbc7f42f73f49
bf6eb81d3f953f76
3ce5416342983cf8
bf5234d23c2241b0
c694465a3dab3b58
c08441edc16e4415
453abfdb3470b4d8
41553e0aade13af1
45c6430a400c4222
46f5405e452a3b70
c0514a244536427b
48bb47424737457f
361abeae4465bce4
4380446144f64282
3bd6c629405a3bc5
c6d43a233ce93e0a
c195b83ac25bb9c7
c70cbf67c460bbbf
c57fc5b1c896c79d
baaac8a3c770c820
3d0dc1e0bc2935e1
4595c5294017c243
49c0498549854aae
472c480749e148bb
b58945953e1d4096
c1ad444b3c994222
cc39cc90cb1eccaf
c81ec82cca3dc99f
c10bc84ac1f2c6a8
3aeab57ec1c3be4d
46cf4bd345de4864
c16545883a0145e1
c765397ac761c5e9
ca9bc62dc9adc73a
c49dca0cc5f8c6ce
c2f1c5ecc48bc6fc
c08ac768c217be6d
3a68c4dc3859c474
3e79b83938c33474
45dbaf0041b4323f
50d84e5e4ff64fe6
50784eac50114f37
50934eca4fb05036
506a4d8d50194e8f
cc6bc636caa7c9de
c918caa6ca1aca79
d06dcd5dcf32cf4b
d0decd40d01fce30
cde9cd7acd12cd3f
d046cbe7ce32cc94
ca32ca2fc8acc949
c9c6c8b4c938c897
40f944b7437f4133
451544ac409f44f3
4afc4bfd4ac54a6a
4b084b6c4aa14b9d
4b544d094c314b76
4d9e4c444d4d4c85
425945ef459f42bf
48de447448104550
bda5c9bec41bc551
c318c7f7c52dc704
485f41c746804831
4569404545cb440a
45ee4a1d45924992
4179440b449d4524
c351c7e1c995c7c2
c831c867c89bc9cd
c4a3cc54ca92cbb0
c836c7c8c905ca2b
ca43c916c908c91e
ca24c6c6caa4c81b
c6d4404bc0c6328b
c45ac200c691c05d
46b5be7d431cb2c0
462a4343465b4427
c680cb5bc4a4ca66
bd71c2d6371cc117
c885c02f3a9fc33f
4074ba6e412539fd
4a6a4cfa4c774d05
498f4ab84b874c03
4c904e384c824d7b
48c54b544a8e4c6e
471446f34139452b
459d4040416c3d39
c73fc972ca07c5b1
c66ac93fc879cba8
cd0cc6d5cbf1c83e
ccdacb18cc66cc24
ca18c251c891c864
cafac75cc9fac705
4a6dbb5845e93cff
4568457145ee462d
4d3149bf4c2c4a4d
4d484b984c594c26
4567444e4713431e
4b994919489048f9
c9edcb66c89ec9aa
c774c63cc813c666
ca05ca0bc876c9b5
ca75c905c948c85f
c4c0c926c71ec923
c849c830c68ec84a
c480c836c7ebc655
c8c8c76fc53cc875
47d44adf484b49ac
474348ca48cc4850
4d0a4dcd4cd84d01
4d8b4cdb4ccb4cd8
46fc4a98475949d3
486145f545204798
c2064847b56044cb
c234c3bdc3e5ba61
c854c99dc6c8c93e
c756c9c6c628c8f5
ccb8ce2ccb91cd05
caaecc16caf2cc43
ba6e3dfec36b441f
c7d3c0b0c809c15f
4a3b46ec456b496f
b813460f44c645db
c81eccd1c4a9cbc3
b18cbc3a4222c423
c568c2dc381cc74c
483b45b344534068
450f4b7b4581479b
45b2472240b246c8
bec8c459c503c0ce
c808c602c6c3c570
498343fb421b46a0
41ff4119439a4044
48aa4afe47094873
482646b946e64794
caebc872c5a0c7d1
c3fbc7a1c553c50a
449748ec48f9495b
47a5482447a54945
4ca64e3b4c874c7b
49b44d094ad34cfc
c8b3ccb3c9f9cc07
c932c8adc902c9e4
ccdcd009ce05cdf4
cbb5ce02ccdace6f
c950c771c973c78e
c94dca6cc9e2c9ef
c08946db3cb942b5
c7d3c357bf7c2f05
4a3e48ec48934957
4635445b4908471c
4d3a48254b1b4a64
4ddb4b6e4ca34a39
4b6b48374b824a28
4d564c464c794b2e
39e04bae486c4912
3f1748a345714967
c8ff466bc492c157
c9cdc237c8f9becd
cb01cbd5cbabcc06
ca27ca92cb88cb4a
c978ca15c937c9b6
c631c75dc7ffc8b9
bd52c40c28d4c146
3edf40493bc1343c
b5baca4ec093c643
bc3dc137bd27c45d
c83eca1bc8cdc914
ca53c8a0c906c8d0
c2ba449cbf022fbf
c5d9b98ac49a39af
48ef499448d048c5
4908484d47ae48fe
46cd3c2d44724391
4407412b463a41e3
b60134cec3f0b74e
c6fbc4dbbd8ec41b
bdff4454c5ddb413
c6aac6c0c749c522
3d4d43173eba42b3
4254b9c0b20d371c
48ec49ec4bab4c1a
4b6d4aa04b994a67
48a3495249c74a93
498948f3499f48c7
3c3dc843bf71c692
45b3c3793d4ac2c5
c480c8fdc5e9c98a
4389c354bc3cc46b
c7f9b6ccc6d2c708
c5bcc19dc5eec15c
ba68423335ad3f5a
c328b8c6bd4c3f6e
49b346ac49c94a6e
483a490e49654930
48f6447c49324756
46ca49e648c948f1
c600c3bfbfb5c7af
c769bc8cc59dbc46
cd3dcb9dcc53cce9
cd39cb7fcd15cc0c
cc98cd43cd51cce8
ccd4cc77cd04cd59
c24dc926c835c4af
c241c78ac5b1c8be
3d64449635d54465
42573f113d773cb2
49f64d724a224c0f
49214b0349664b0f
4eb450764e8b502d
4d2a4dd64db54e54
45334adb46f2496d
417441bc44244573
ce6bd02fce8ed03c
cd83cf02cdd8ceda
cce4d0cdce1bcfd9
cc60ce77cca6ced2
3fb0c1e73e4ab65e
44063da844443646
4ab54bab4c7c4bd4
4c7d4c0a4c684c8b
4b4b4a554c6a4ccd
4bb64a9d4bc54c30
484449f849474a71
477b493248334a44
42ba477842dd3bd8
4114453242234694
c441c3c3c506c7b8
c542c587c4e0c4ee
c812c5e6c840c808
c824c52ac875c736
3da542f2bd963ed9
343f4469beba3c44
4473457d41b845bc
444c44b542024052
b9c2c359bbbfc13b
a839b88436d1c150
c532c8c5c464c6a7
c63cc2a9c296c4f1
cc10c99fc8f2c819
ca48c8ebc94ac93b
c83a43d4c5dc3483
c76ac669c842c547
4caa4ca148914b47
4832480646d148fd
4c4842d3490545fe
4b7347b549c34854
c3e8cadac00dc8e8
4445c4a03db7c4a7
c723c8c7c56ec59e
c7c5c6f2c457c779
c806350bc5f4bb97
c994c5e3c779c583
c9723caec88bc705
c85bc86ec8a1c6ea
4789467e469f4506
45ab447e473546a0
4afd44024b9f493a
4b364aa74b964af8
ca91cc68c82ccba1
c2eac6d2c72dc6e8
cd36ccd7cc65cd29
cbebcaadcc47cb33
bb7bba34bd7938b4
c2514106c192b2d0
4a014978488e4abe
4842484147ba480f
4baf4be0497f4afe
46ae484f48cc48f8
49c14c7149cd49b5
450a49c648c14989
48094e0a4b344c92
491f4c1649884bce
46244b9c471a4aba
46a347ba45ba481d
c0f1cb62c8c5c992
bdf9ca01c497c9db
c291cc73c823c9be
439ec942bc58c975
b919c41fbf25c030
429cbfe940cbc01d
c4f1c6cfc4aac534
c6aec496c53dc49d
c957c7d1c7e2c692
c9efc75bc9fcc6f1
cb4fc4c6ca52ca2f
cbe8c92bcc0ac8ea
c96ac96ec9f2cbb1
ca89c947ca8fc9eb
bd4fca2ac01cc5eb
c16fc2b4c025c4ed
455ac0a5442043eb
44d041b7448b400c
422c448f40664462
3df1414a410f4079
c19f41a9bb78b8c6
c7923d0bbcf04036
3f50419e44083dd3
43fc459b463a46ca
4c014d3c4d554d20
4f9d4cba4e254d4f
4c1a4f0f4dd94e81
4e7a4ced4da34ddd
44ef4182432b42c3
b9183feb3e654342
c3fbca67c888c992
cab6c904c996c94d
c956c938c9c0ca13
cb51c9d2cb34ca09
c4b7c824c545c73b
c6c9c2b0c5c3c505
4496476d464d4843
417b483c44e8453d
3d1b4c46443d4acd
4290444d33e140e3
b021b4d2c652bac5
39b9c63ac524c77c
c188cae9c92acb18
c489c749c3dac89d
c974cc20ca7fcc9a
c828c934c74cc95d
c787cc7dc9c7ca41
c1e5caddc6c2c9fc
4124c85aa6709fa7
453cc20c42fcbebc
48cd4a134a984af7
49364b164a214b14
47dc4e5e4ae94c49
45684bff48034c30
c6f34656c01fc127
c8edba78c70f31e4
c9f1ccb2c952cc0e
ca78c8fec9afc94d
b52dc967bf8fc140
c5cac52dc433c4e2
460849d647ef4a5a
b74f3ffa410344de
422d4c104907492e
471947ff475d4952
40df3f5b4576b8b6
48d545d346e74610
48ce3c14462d40c2
49d84560491c450a
49dc4bab49f74aba
4c324b6e4c194ad7
423f45f2411c44e4
479e477e44c644cf
cb23cdcacce6cd19
cb6ccc7bcc91cd2e
cc8ccd96cca8ccf2
cc66cc06cc75cca2
40e4b65abf813eec
c193be64c082bea6
3e12c72cc671c311
c63ac9dcc479c8eb
cc6aca42ca4bca5f
cc2ccb13c9e8ca8f
a3fe4add3eaa464e
c2f94278c1ab445c
4e6d4d8f4b004cc7
4c474a3d4a6f4b06
4c1648784c084ae7
4d324c1f4cd54c0a
444447744b9a4999
4a2a4c5f4a994bd4
bd50bfee4011bd53
c3bd3bb0c0cd38b2
cd5ecd9acc76ce23
cd8bcc7bcc99cc5e
cd3ecaf4cac3ccb1
caddc9cdca33ca01
47e64be3494a4b64
49b5493548984957
4c674cfb4aa24dc2
4b0d4a2149a64abf
473e48063d2844c4
45d6baf941783b20
c675c4e4c58fc8d8
c0edc969c0bcc80b
cc83cd69cbbbccf2
cb48cc4eca59cc5e
c5fecbabc871c9cf
c7a4c332c828c7cb
4a57408248f647af
467d4b47476e4a60
3e8c3d1443ba4474
c4f245ef39df4688
c77c3c23c6adc1a0
c9a1c5acc72dc60f
48c645bc3d3145e3
4904bbdc4671bbf8
4a413f38432a4734
4cbcad5b49c53a74
c4a3bb20c4f9c272
b55ac353c3d9c448
c5aa42bdbea1c1bd
c6cc3d43c71735ff
44a7477b49a54770
4a40481348eb493b
4389423648a9460e
47d4459748774772
41f9423a4123425a
caa1433cc2193f60
c22eb31cc2ddc203
cad2be83c776c31d
cbc9cb6aca7fcbe3
c8ffc9c8ca74ca4b
c5b4c638c5b7c781
c082c47bc5a8c4ba
4be84db04c0c4c2b
4c834c3c4c384c62
48fe4bd14b174bdd
4c3a4bba4c324c11
c6e7cbfcc73fc6fa
c2dbc87ac2f2c6d1
c7aecb9bca00ca56
c80acc1ec8e1cb08
c7dac89ac990c96a
c8eeca4aca1fc9fa
c636ca59c8afc891
c810c86cc8f4c858
3d9047fa455f45be
3ff845dc46174650
45304c7a492049ea
40c34afb48d3496c
457f448e462d4440
49dd465647714715
c888c866c8e2c5de
c75cca57ca51c966
c4e741abc07843ad
c915c6eec598c4e5
4ab44c3c4a0d4ae2
472149964a0c493c
40dfc63ec5c8c6c9
c000c480c42ec62b
bfb9c85dc5d1c568
c337c6cbc56fc617
c993c8a2c5dcc561
c56bc4ecc66cc5a2
cd3ccbefca88cb54
cb94c5c0caf8c8d2
4a134d4d4b294b5f
46554cad494a4c8f
4dc14e224d104cde
4d264cfc4c974d14
c49ccc88c70bca6b
b971c73cc4bbc918
4008c999371ec287
bde3c52f3f62c440
44314106447945cf
41a1c34444d33dd0
cc79cc55cc85cc60
cb88ccd8cc25cc4c
c464be9bc485c43a
c6e6c0b7c2b8bf35
4bbd50044cfa4e07
4ba64d3c4c534dbc
435b4c36449047ca
438048853046483c
c67fcb53c9c5cb58
c82ec648c8e9c8de
cb83cf23cc28cd36
c87ccc4dc92cccf1
ccf6cceecb98cad7
c989ccc0cb3accf2
4a034edb4caa4dfb
493e4ae64acf4c3d
50e7512e508c50b4
4efc5021505a5075
44bcca24c435c81c
3c65c062b95bc4e8
cf47cfeacf36cf84
cd1fcda6cedece7f
c530411cc1d6371d
c00a3ce7c49c3952
47e747f946ec463a
480147b248434779
c2a94034380236c9
3c90371f405f3454
4b3d4ce54b7e4d08
47234957498b4b32
49ffbb3f44f33edd
3caebca7444d42d8
c9a9ce13caefcd37
c8e9cc3cc994cbd0
c2fec573b952be68
b446b95fbc2ac106
3dcb3f9a44d441e2
44c6488b45c8446a
c6db40ebc262be4f
c22e3f8bc30eb8f5
c82d45c7c7b4b056
c938c759ca48c533
c4b0b124c5fac451
c6dac72fc7fbc5d5
3ef4c13938ddbc18
3f2a3dfd417b376e
44a0c0ca42644300
42e8456944bf4418
458c384b454a41da
474347a446394648
464b451d45844582
45a3447c44e04528
c3073c12c1323963
c86cc849c52bc52d
c997c65fc60bc8bf
c639c9bfc48ac87e
3d86c21f3d10c4c7
48a93be846812eda
455ab932c120c244
433c3c9fb509be38
c15b4472c39fad34
c6613b8bc7f9b9a8
45684c554b084cdb
45b44b5e48be4ba8
45bbaa814735474d
4809444948ec4511
c2cacb92c97bca79
c74cca12c855c9ae
468848a143944551
2cfa4222381f4566
4615497f49e04840
49a24897495149a9
c551c875bb83c656
3e05bc553ea0bdb0
3dcfbefec1b73985
c017bec6bc2ac0a6
c2319c84c771b762
c5f6c864c743c822
cd0acc19cc22cc7e
cc61ca94cc1bcc12
ca85cc4fc9accbb1
ca90c290c97ec945
4923a9fd3e6843e0
44bb42ad4052b44c
48b240774007420d
47a13bf1445a3eb4
c526b61338a9bfad
415e410d3df5430e
3ec04aae4a074a59
454d490845ec4acc
48d74b9d4b874a93
442e47f247f04b3f
445a478d47e441d6
423f40b6465446b8
45424937444447d9
463f3ea9454240b3
40454944c10046fb
bf90c1eec0ecc16b
c409be57c77ac45e
c811c274c745c4e4
41c1c89ac25dc63f
41a53d463c7cc181
c04ccb42c56dc941
4574c6324074c7d1
ca4acb7ec83ec9a2
c486c926c55dc89b
408d420444ae4590
b99e417c3d4743e2
4836442546564433
420f445745244405
c9a1cc2cc92bcb72
c740c41ac779c87b
cc98cdc9cb66cc81
ca58c48bcb4cc96d
c82ec6b3c68ac64b
c9c4c881c940c719
48ac4c5047c04a35
3efb364144ec4603
4e444f434df14eec
4efb4de04e724e4c
4b2c4d0f4c304cb3
4dbf4c004c884c9a
c84b328fc8c0c597
caf3c9dfcac2c850
c952c853cae1c973
cd71c9cacc5acabe
44a0412f45314475
3e5f4815443e4423
440343d244014437
46f743c944104188
c3e0c0b7c424bffa
bb14c5a6c2b3c4e9
40a2c0cd42d53acb
40b64117451541b1
251ec8fabe08c746
3bcdc01c3c0ac01a
cb9ecc1ccad3cb83
c8b2cc0cc9b9cb7c
c8f8c6e7c5f9c541
c816c688c50ec63c
4c974b4f4b274a25
4a9e4c824b234c1c
4c9a4b0f4a384919
4c804b204a414af1
c8e1c8e8c865c8cd
c7e8c90dc8d4c890
c916c8f6c887c868
caf8c947c97ac8a8
3d41457c3c6341d2
215ebc32334f3c35
c4a743c93e2b372d
3f9b3ce942ca3baf
44b246a2491946a7
47244a834a4648ad
4c2349d349fc4b0f
49e64ad249ab4a16
c992c972ca9fc8d0
c4a5ca88ca6dca1a
cdf5cdbbcd3fcd41
cb79cd9acc78cd61
45e642a1423c484c
c5a9433235d84343
4c174d8c4b404e07
46944cd948084c41
c5ffbfb0c4b0c4df
408ac297c3c3c4f0
cb4dce79ccf4ce74
cb7fcd6ccc27cd2a
4328c641bf2bc46d
c819bf65c3b6bb78
49924c884c814b57
49f54c074afa4c75
43574d734bb44a51
486949a4496e4b9a
2ae945ef444540ca
b487409e420c42e7
48a3c65844143b28
48cd35c948f43524
49c1c4a640783d36
4a02c21e4901bb42
c1ebc793c889c78c
b5aac851c332c892
c001433dc15f39c9
3a803e55ba9bbade
403f49cc4344473a
40a0462b42244617
cc0fcb5dcae0ca92
ca90c8a0cb59ca69
cd55ccb1cba8cb44
cc85c4f9cd0fcaa1
b6ee491242a54672
c5344882c460475d
4b584a6f495d499f
4806466c48c0492d
480fc67043aab35a
4889bc1f483038b5
c997cbbfc824ca9a
c4e1c97bc640c8e8
c8b1afb2c339c406
c8b7c7bcc6e4c49a
49024c3049044a92
42b7486347384981
46033f6a3c9741bf
423d440041f04338
c689ca5dc8cbc863
c723c990c75fc97f
3ee1b6613e7c3ca1
40a8c33a4215c037
44604137443e3c82
46f3449045ea43f4
441843e73cff3fc7
41ee443e3a434198
4c374d934c004d1c
4c9f4b5c4ba34c0b
448448e94ac648bc
4c294a584c014aaf
cd76cc6ec939cc69
cbc9c81dc93bc8cc
cb6ecb55cc65cbf7
cdc1cbc5cd46cc0c
4a5442ddbb0444d7
43513373bce3bd12
49d1471045764866
4822467c45d243c9
c861c588c648c4ae
c94bc6dfc81dc718
c412c06fc325c023
c5efc4f5c47dc1f2
bdbfc40cc1c6c5c4
3a56b8373617bc99
c81ac88fc406c828
c30cbd4db5cec361
43ab45c048914776
44fb479448224855
476246d4472d45e5
46e94430444e47b9
c4284402c2c0bbac
c48bc481c62fc05c
c0194729389f4574
c4973c56bf173d0e
2e53c99dc0c6c213
3c47b29eb82ac315
c172cc48c6efc928
42a8c7f1c1d1c908
48b24a81473e4862
48ad3f31466444d6
474a4b2946904836
452a466845754714
c962cc55ca16cbe9
c857c582c674c92f
2a68b59db759c161
3a1a3e60433d3c74
4cb64f914df34e37
4ca34cbb4d014e17
46da487f4a3d4a29
42034869465a4a1a
cad7cb45c9abc967
cc6ec8adcbd4c91e
caeacbc3cc27cc0d
c927cabacbbacc0d
c8acccf7cc30cc5f
c7b3cc3bc9e8cccc
c84bc698c815c793
c97dc7d2c7bdc84b
481c4da64bbe4c73
48ef4c4a4a654c6b
4dbe4d114d434dcf
4d474ce34d4c4d09
4872bff740a64088
4434bb3842a9b855
c8a3c9cbc90bc970
c651ca67c8d3c963
c9ffc927c940c99c
c6f2c992c887c899
c44b430dbf2ac01c
c38a42ccc0543cf1
484949d24887499d
451f4b90475e49a1
41d4c4b8c153380e
c027bccbbd88c2be
c80dc837c90fc97d
c834c979c869c983
c71ec551c01ac6c9
c162c383c108c1c8
c81dcbb7c67fc987
c593c84ac5bec7a6
438dc2eb3fc6bbff
456535ea43373f6c
4d9c4d7f4e374e3e
4df14d694e014e18
4a624de24d124d55
4b264b674c1e4cae
c91b420ec614c7b8
c880c815c8d8c5fd
c0debf76c6b1c616
c77cc5adc7f3c5d5
44954370414446da
3f2544be456e40b9
c35b3649c2fd3c36
bb263c93aecfc349
c36ec470c89cc4e7
c622c346c919c714
ca89cbbccbd5cb6e
cb6fc896cc46c9ac
c28bc943c424c5ff
b9fdc0babae8c2a9
4e0c4b444cc24d01
4d9d4a5c4d584bde
4854469347ab46b5
43664216442d46ab
ce1dce31cd19ce5e
cddbccffcd87ccf8
c9bac9c6c964c96e
c732c963c81cca22
49bf4a5d49064a24
4b1d482b4a374815
bda9c0e0b713c224
42e6c1f03f74bd73
c842c81dc4d2c92b
c716c594c492c48c
c95fc8fec38bc98e
cb26c058c754c2b3
ca56cad3c8aac9d9
cc6dc9d7cacfc8ff
4c574f794c184e77
495349f84a2a4c0b
50f552a850f3523d
50f8512d50f750ee
4c7c4b724bbd4caa
4df34d404ce84be6
c80cc831c8ccc93f
c126c56fc801c671
cb67cc0bcb55cca0
c96fc990cb6bc9c3
c4fbca92c874c915
c6adc80bc8a5c820
465033bcba18b3fb
bc9cc052bcfdb528
c218c83fc6c8c7b0
c8b2c865c608c7ab
c9aac8e0c754c642
c8cbc967c697c951
c54c3fe53a6637db
366fc0133ac7bc5e
c833c824c4e0c8fd
c23cc1cac34bc375
c889cb6ec8c7ca1b
c7ffc48cc867c74b
39fac218c00138ad
c01fc132c004c080
45d83fa143b64548
43f3bfe044d43a05
48aa4a5e487948f6
46cb476f46f6484d
44184c86462548f7
bfc248483546483c
c581bc13c08ebff2
c6d6b942c1e9c1bc
4681c15a465b4164
4b1a462d4a35434d
4a9045434895488a
4c8345604a4d4776
c7cbc8c3c830c861
c4c2ca43c805c8b2
cc5ecc79cb9acc8c
cb73cb01cb8fcb2a
c0a44725369943dc
c9ac458ac4864427
4d0551004db74f6b
48af4ef54c034ec4
4d234d7d4c3b4b9e
4d6a4d454c804cbc
c67dcd32c91acbe0
bde0c81cc659c91e
ccb8ced3cc33cca6
cbd9cd3acc19ccc7
c908cc5ac969ca1a
c68ecc30c86bcb38
3677c0a1c05ec083
42bcc434abb4c3d2
4b824d214c504c88
4c294c544c1c4c84
4c9d4cda4cf64c86
4c294d304cd34d48
c7bcc695c8c1c84d
c913c8f3c866c8c6
cdc5caf9cd52cb26
ce0ace66cd73cdac
c119c28cbd9e3d02
c747bfd8c101bf5d
432fc76d3953c4cd
3f00478b3dde4127
cb51c8f9cb3aca9e
c9e2c93acb99ca65
c6c43fa8c6bab978
c905c533c895c645
4a4047374906488d
4921499f499f48e9
484343d048f744a7
4b6c461b4a5d4855
485a4595497445da
496346f2493b48dd
4598427e478045b7
442945e1459646f4
c71e435ec4acbcd6
c56ec63dc5e9c4a1
41864b933bcb43b4
42453e1e35b13edd
4634c38b3d7ebf1c
46eb415b447d3bd7
c02ccc38c430c5a8
c090c2b2bc67c496
456849c0465f4a46
bd1348d440d9483b
c5e23b95c476bff4
c725c099c70bc33c
ce5ad024cdf8cfb7
cc0fce6accddce54
42f9409b462e4051
465c45ef466946ee
500e517b508350e7
4f4850b54fea50b8
4116467b42c54705
41e23b0243583e68
cb51cd05cc83cbe4
cc16cdd7cc3ecd63
c2d9c805c7f6c8e8
c59ac8fec80fc8c7
ca3acc7fcc4accf8
c9f8cc1fcb8acc58
c88ec9bcc949c83a
c97fc873c90ac891
49cc4adf4b094b6b
49674c6a4a894c60
422f40d644ce3f9e
441e4812471746ec
cc6ac869c9dbc905
cc79c8dec911c991
c46749e4405846ca
c45341eabd584392
4cd24aa54a2d4a13
4c0e49eb48cf4a6a
4dc545e44a0b49ad
4c4049024a3048b4
4af34b8c4b7c4bf6
4b1b4a644b2b4a71
c7f2c437c00ac5c0
40adc178ba18c1a5
cd9acffbcd77ceaa
cb78cde5ccb5ce1b
c9d0c850c97cc857
c9fccaffca04ca73
46394c5648614860
48c04773480f488f
4786bcfc48c12dc3
4bbc498a4b154911
c197cb71bac6c60b
c4783a103c1c324e
428e48493fb0490e
ca4dafaac1d840d8
457f4e1a43b24c22
c79d4340c09d4521
cb97c0a6cbb8c903
cb8fc8aacca4c992
c8e3cc51cb8fcc1c
c5bfc8bdca91ca18
4c6248b24b2e4aa4
4cda4bde4c604a9f
4aa44a684bcc4a88
4bd64b484c704ac3
c297c9b6c575c8f8
bc3fc917c15dc79a
c8d1cbe3c9d0ca36
c833cc40c9accaad
c4d23e553549389d
bd9cbaf5bfd73a31
487149bd4a4a4960
49084aa649a34a2e
41c228743ad62d04
bfde3fdd3a47bb5a
cb3ec92bca5dca3d
cbf4c896ca1dc9f8
ca6bc752c856c722
c8dfc4f0c804c629
4481413f420240cb
47963f93444c4305
3d60441e447641d8
4184453044fd452e
451f4333453b41cb
41b746a5446c459d
c593c8a4c77dc809
c668c6c7c7ccc7d7
c87dc7bbc962c722
c74ac874c996c8c9
c711c8cfc9e0c897
c82fc8c0ca17c97c
ca4ecaa2caa5cb38
cc05c8d4cae0c9e5
c4d2437db9693d61
c8514093c4633f88
4bc24c424c384c85
4a8a4bb94a914c5b
4c054a6a4c4a4a70
4bee4af14c604c21
c0783c3d3cd4bef6
3899bd7a43ce3b9c
ca1aca75c992ca28
c758ca28c864c9de
be1bc501bafcc082
b8133209b738bebc
49e24a0a4a444aea
49474b504a724a1a
41f3419d3a8540dd
43983ef13d3d372c
c0e0b98fc2d1c0ff
bfbac354c4b1c425
491a4a6f4a0f4b1b
499a497d49a049ad
42dac15739763e4e
4416bcb640e8b6e1
c22ec9b4c93fc94e
c8adcab6c8beca16
44e849dd445a465f
b322414040a944d1
c965463dc31fbfad
c5c8bc47c5c9b423
ccf5ccb8cc84ccf9
ccaacb26cc7ecc21
3d72c8b5c31dc2c3
c412c13ac0b7c469
451d403d39134227
4474adad3dbb36d4
c8ddca6ec9f8cafa
c6bbc9cec993ca0e
36f0c662421bc1aa
447140bf4285404c
483f45b14b1b4879
4bbb4a9a4b634b3c
c775c5e9c49cc694
c635c26fc48ec20b
3dbe47dc42ac444a
c5bd443b390844cc
4de050124f314f82
4e8b4ec44f344f60
47af47da48ce4908
4c28482c4acc486c
ca44cc33cc58cb6b
cbb8cc24cc24ccda
c47ac409c8d6c4ce
c924c7f5c8fbc97d
40e632d7c28f3f67
c0bbc18bbe0bc458
c335c8dfc85dc5d6
c956c8b4c854c8ec
3a6d459a422d43e5
bc0545f1b6a44551
46424e034a844aff
47e14c2f46ef4c25
c685c038c4e0c783
c836c856c865c607
c8d2cd36c8a4cb5b
c732cc42c786ca5c
47f431f849d045e2
4c5547d04b4d4909
4a65450e4920452a
4aa14917496d4925
bd24c5d9c60ac627
c3f5c265c518c350
c3b03d5fc3a334e5
3285adadc09fba89
c887c225c8ebc6a6
c75ac792c877c840
cddccde5cdf9cdfe
ce0dcda3cd75cdf7
4042bc9a442a43de
3fd74089453d3e96
50dd50d050e05117
5056509a50a95085
48c549c949434987
44e84a2e490f49a8
cee7ce4fcd8bcdfd
ce0ecd44cd0ecd2a
c974c9afc8d6c990
c66ac93ec838c932
3b71bf31c2f6c23c
387fb7aac43ac154
c34ec18fc654c504
c31ec31ac7f1c513
49e14ade49a149c9
4969481d492948ba
4c014aab4bea4ae8
4b434b084c1a4b42
c668c587c4e4c52d
c563c4c1c618c505
ca3045aac83bbc15
cbfbcaa6cb8fc87c
474c4ba74274497b
c305ab88bbd14421
4af0c6f344053b82
4971480a48b1455c
3f2dc9e345a9c330
4b5847b149ab4541
bf234574493b4540
4920473148a14963
c5983f6ac07ac027
c540bf89c3c0ad56
cc1dcce1cd3fcd2c
ccfacbe1cc8fccec
c824cc34cb9ccb30
c9b0c9e3c9eecbb2
478444d1408e465d
4479420841fd3cd6
431f48aa44824812
41504388425041ab
47774a07490c48fb
471647d148424885
4b71497c4af0497b
4ab3497e4af74a7c
c98ecba3c904cae4
c990ca98c91bc9f7
cd41ccdacbfcccaf
ccf4cc62ccabcc2c
44b94514481e45fe
48ba48a748014905
473846f0481e4804
4a9a4839495f48a0
c18b418bc3c73fda
c5bdc4bac541c434
481c4c8b449b4ac3
c50f45b733c645d4
3efb47a6b48040b0
c6933d5abc103cdd
c976c9f8c8c9ca38
c4f6c81ec651c8aa
48064731477746fb
4c094a0b48d14886
4b0d4a0f4acb49e8
4d594c684bc14b3e
3232c76f41e3c133
42f7bf35414bb50b
c90fcce9c838cac2
cbdfcb03ca45c97a
ca9dcc3acb3fcb75
cc60ca76cc30caab
c0d6c3eac815c4b1
c145c619c5a3c6f0
44edb2adb7e437cb
45edbdec452bbb13
41df3ed243514105
45bb419046b64237
41ea4831460b4649
459245804489457c
c4ca46fc3675413e
c4533408c0ab3809
c4814876be1f44e6
c971b92ec4a332cf
481445d840a24637
a9953bcf3dbf40c6
481ac10045f83d0f
4941414847ac42bc
44ac46ee4a32480f
490f4a51498e49da
24ef46614503437d
38a3480041da46a6
c8b7ca7ac96dcb2c
c6d8c931c80cc986
c6c1cae4c91ec997
c47dc975c7f0c97e
bacbc63ec5f8bdec
c46ec3b2c722c46f
bcb0bae5c514b38c
c214bcbec510c1c0
45db486b44eb446b
459f465f4676456f
458b46f048f14387
4196473548444846
c95dc234baa2c4bb
c879c353c5e8be76
c9e5c92ec98ac8eb
c805c912ca71c8f1
39a7c6cdc7d0c40c
a66fc763c521c71b
481348d046bb4946
455d422d480b454f
4afb4ad94b274b7a
4a9a49a04bf049df
4c2f488a49ce4971
4c5749794b18488a
3a6f421e38254230
389341c12f493db0
cccec936ca6cc9a3
caf7c6fdca65c80e
c93aca6bc93fcaa9
c645c75cc8abc80e
44f91ff542bab09c
34d93dd23d4c3caa
c29a4670458640a3
c2e8404d435a42a3
c953c302c3e1c696
c6a6c616c341c44c
44c3c816bf9fc067
426dc1b230bec387
4c79485447d9497b
4aec4707492645e7
466b4a13421046c0
41953ff340b2444f
c22dc78bc443c374
c70bc493c5c2c07a
bb9ac8fbc2fec500
c427befcc321c12b
c86c167bc59bc5cb
c74ac17cc65cc473
c84443983dd43a2d
bf0b4447bc864269
4284465247e647e9
45b148b043a44872
c572c0e0c71fc4cc
c648c679c853c732
c4a2c515c61fc4be
be27c647c24cc751
49793fc947a64814
4a4446c64968464f
4478c4242f5fbc45
43c637f140493068
c274c48dc40ac5b5
c2c4c462c0e7c2a8
c286c224bf66c29c
c1e9c3df341bbe9b
38a44661435842a6
402a3f67444a4368
49a24de94bb84c4d
48d1496b4a014ad8
4c2a4d304c6c4c5c
4a18497f4b104a90
c3f8c4d7c13ac4ac
c653b91cc50ac353
ced8cf61ceb6ce5d
d006cc8ccf6bcdce
c7e7ccffccc9cb68
cc39cc7ecc8dcc9f
4cf8470446ce47f3
4d2043f94aa14505
498d4a9e4ab749c7
4e014c064c944b23
c840c0963b2fbf49
40f042224054419e
c67ac8aabd2fc589
bdb3bc81357635b6
c2bfc71cb958c3e2
c4f83aeebde33a99
c971bc8fc4cec471
cba3c418c9b8c2ef
35ef48763d1143cb
c2c63d70c4313f19
48f6444d4012456d
45663e463deb2f31
4159ba02ba593e0c
3673c5fdae2ec4c4
308c40103ea03ec2
2e65c39b4427bce1
4056490444ed4541
4655473947c4466d
48b44c1b48f149a1
4af84ac449294a89
4433385c3d5441f3
422d3da740284021
c8b8c87fc936c83e
cac2c94cc956c92a
c496c519c6f4c754
c8c9c8c1c8c4c762
3270cacbc4b4c800
c42bc876c595c77f
c7decb4bc601c876
c819c35fc66bc695
bf80c152aca2be58
bd1147e6bc0540db
49bf46a647fe462e
49ca4a984862484d
c163469043eb40e1
423040de44764294
c677412f430a2f0c
4656bfdc47ae41cb
4c4b48f64acf49ab
4ddb48a64cf44a1f
440548233d7f47ae
3dad3fd9b5b93eae
cd46ca35cc45c9c9
cd82caaccd82cb67
c962caaac9bec9c3
cc84c985cbf1c8f4
460f491e447d4608
c5a8421910f244f5
49ca4b1d49044998
4960493b49a9489e
49e5429a469745cf
4c21467d4a24455c
35e1bdd0c058be7d
407bc2283baebf16
c7b5c7edc81bc77d
c627c8f7c78ec863
b46ac9d7c4cdc591
c0e3c83dc500c80c
bd22c808c252c314
c688c5e2c417c52a
c6274415412b3dda
c09a4816404e4573
3dd948c148cc45c7
46604c7947934a62
4160beb7419dbb64
b8e44184be5a3f39
c691c8c6c732c832
c7cdc940c854c7f5
c709c2f3c81fc68a
c680c7e6c65ac660
c310ab9dc691c399
c485c67fc44ec5fa
c035c4a8c314c34b
3dc1c73c3abbc5a9
49834a704ada4ab2
4cc249314c474a53
4de34f4a4db84e7e
4e824d614dad4dde
48ae450244014571
44e645f841b144db
ca30cb02c865c924
cc0ebee4cae4c681
c98c4104c14cb5c5
cb563cbdc94ebae4
45d84c2f44d44896
3b2f3caa3ec042ec
42d2c771bd02c5b6
42e9c2754365c3d6
c98ccf06ca30cca4
c8b8c939c6b6caa1
c09aca20c712c4c0
c413c826c47ec751
4481b928be544090
4521c4d8385ec1ab
cb32ca4ccac3caf0
c7facb75c9c9cb49
c719c59bc3b5c6c3
ba56c5f6baabc4d2
4b684ca04cdf4c53
4b594c0d4cbb4cae
3bb749b14701469c
c51d464abb144866
c5fcbf08c49bc4e0
c9c0be2ac9abbc93
4884441f467e44e0
492449db47eb481e
b213403736273839
46d7448f43c93c46
c9164407c4d832db
c369c486c5f5c42f
4642490044a24853
456b3e0344b342b1
4880c3b8c084c0e5
c12ebf08253fc160
c0fdc8e1c8d4c8b0
caecbdafc8c9c609
4433484144f645e7
44f8485a44954694
49364a324c034a51
4c77486c4bda49de
bd5cc651456630f5
415db94245153cd9
c71dca27c727c6c8
c689c90ec6eac88e
c4b7c45dc77cc2e8
bfb4ca20c7e2c88e
c835c70fc722c66c
c70cc751c732c673
a88bc0943c18bf9b
388d429f444d4065
4ade4795499147f6
4c2048a74bf548bb
4256bda8b84a38c5
3f26c296372dc129
caa4bf41ca35c697
cc76c88dcc35c8a0
cb2a4430c83ac6b7
cbbd3e3fcb2eba9f
c6d8c415c1e0c5d2
c5c04203c5953c3c
c090c6a3bab8c2c8
c006c2ceb142bfdc
454cc42f413dbca2
41c1add244cf3942
4b4a386b46b74714
48c5464747e14470
4561499f449a4925
459e422d43594236
c03148c73caf3f27
44153e8f422a3d0c
470cc3a63c7abcb7
47c2407f4663b15d
49ed474548f04a10
48ea48304911487f
47154cfb4ae04bc5
477549f6480d4b5d
b4a5421c3e53390d
c39fc03fc30339fe
c591c63fc391c4bf
c7efc833c5dfc5c2
cb2dc9efc864c9fc
c727c997c710c8ed
cab8cc69ca90cc14
c833ca76c895ca7c
4253c48cbc24be98
3c384583425f3e6c
40dbc2c5b82c3339
467e470f44623a2a
c92ec8cfcac5c8a5
c817cac5ca64cbaa
3e5e4613c2de3c08
c75cc3dac5eec19c
4a85499748d9488d
48944aa249354a40
c64bc6dac430c4df
c036c199c54fc08e
c8d9c379c5fbc35f
ca93c746ca7bc43c
49054b5a4aab4b13
4518491647e24a69
42a345b148024513
48354338479f4574
c84cc67cc458c85c
c5ffc61bc407c553
481547bc48624589
447c46b348dd47ca
4cf14c6a4cb74c99
4cdd4a434d4e4be1
c348c45abc86bc30
bc76bcd7244cc12d
cd4fce83cd53cdd1
cc86cacdcc9cccd6
480e4045b92d414f
48683f1844013a2f
4db14d824ae64d5d
4d284a7a4b7f4aaa
bdf6c113c4acbdbf
c413c135c64ec4c9
cbe5cc18cbbbcc29
cc20ca13cbe4cabb
cd3ccd4acc90cd77
cc5acb8fcc46cc21
c8c7ca4bc711c926
c627c781c68ac864
4cc74dcc4d984d99
4c794c254d094cfb
4d4e4fff4eb74f11
4c714e074d4f4ee5
af49443b40a54112
b6bb44ffbece4486
ca9eca89cb7ccc2c
c8eacabecae3cae1
cb23cc54cb81ccd5
c9b5cb52c9c0cb52
c845c8c0c541c6d9
c920c673c58ec5ea
c24741593e1e43a0
c775bf0ec07eaa22
3eebb54238ee4046
3b42bea33db1ba93
494846c3439b48c4
48df445d46cc4365
481c495841a6484d
4480466642c24489
4996452c482c44b5
4a5448ce498e48af
4fdf4c014ea24d70
50714d564fc14de9
4656441e44c745f2
45f0306a453d4053
d06bce7acf54cf65
d0a4ceabcfafcef9
cc90cb65cb2ccc03
ccc2c801cbc0ca1e
4431449842f145d6
449e47283d1544dd
c719c82cc70ec67d
c495c654c7d7c606
c404c4a2b924c4f3
3ca136a7b8c93586
49674c3e4ac94b1c
4a154af949b04aec
aee342fbbf08415e
bfa6c387c223c2cb
ca0bcc7ecbe5cc66
cab0ccddcb9bcc7a
41774620441a3a65
bcd23d9d4022429b
49664ee84ca44ccb
47d54cff4bcd4cdf
485c479d490e4940
48064931498248a1
4562ca21bf78c27f
475fc6b04120c4d7
c22c3a6036c036fd
c299c3c5c06cbc2a
3c4448e2443b4662
40c8af7d3ac140e6
3fbb4a4d47294644
477b477746fa46d1
be394349411340a6
4415403f42f13e37
4393c0c2bf1a40a9
37b5c2cdbd2ac33a
478ac546bffe3d56
c371bfa4c078c145
c67dc9c8c933c893
cb69c505c9d8c767
cbe1c9d7cafcca6f
cbdec846cae3c937
359444d340ec40c4
44be439743b9442c
481a4d054a6449e9
4a5a4b1c496e4ba7
bdc4482244b24165
454d45ff4380461a
b70bcb20c03cc6e1
44cbc65c3f5cc596
431bcae9c069c56d
4266c84e381ac603
c0bdc035c094be0e
c507c359c32bc142
44173c063ab8405a
c30a3c71a848b0d9
48d93d263e3940fa
3c503d3940412dce
be7b492c3f674587
c0f6421fb1d141e0
c83d49a735594496
c34c41e8c04d413e
c456c337c55dc5f1
bd42bff7c421c3a1
3c85c8f2c303c606
3dabc15db875c3d6
c809cb6bc705c8aa
c4c9c8fac5abc8a0
cb97cc2fc972cb39
caa6cbe1ca87ca98
493b4c594bc54ab4
460a4a7448b84c17
4e94511f5019503d
4e6d503c4f025072
3bba3dcdb8573ded
4481406640bbb301
c4f9cc0dcaf0c9ed
c477c917c820cb03
4614be373b6e405e
463f42e2448b3dca
c023c463c122c023
c18ec326b707c309
c18d4198bdb52e18
c2e7c37abab6bea0
be0640ccbdd8399b
bf3bc124bfe4bbdb
c75eca0ac8a7c84c
c95fc89dc9a1c910
402ac14db96fbeba
acd03beebff1b9ae
46c7443e44514206
472d44b644fd4466
c807c468c5ecc657
c69ac6ddc70bc663
cc58bf09c8abc8e4
ca39c71cca44c689
cb50cb49ca3bcc08
ca2ec9ebc996c976
3e5bcc8ac19cc7d9
bd7fc8103e08c747
4cc44bad4d404ccc
4c454c9d4cf34cc2
49ad4dae4c604c8f
490b4d1e49fa4d55
3ce8482b44644377
405147403f39476f
458345ea44e54573
484543ea46c042c5
46f644bd3daa4802
4651c0f643cdc110
3e1f4328c2df41a5
b258c20fc08ec443
c532c503c588c4a3
c57ac0c4c420c42c
c02bc5aec187c081
c2f7c05bc2aac145
43ef48704568461f
44ea450a40914621
c140bddebbe1c198
b974c23fb239babb
ca7fcd94cc12cc91
cb02cc1cca2fcc52
c726c946c96aca15
c819c5c3c87bc8b0
45c643da420a3a0a
44e845db439044d5
3a6ec5b63944bc6b
3d09be353d74b85c
c870c90ec313c4bc
c7cac6adc535c58c
b8ef422a44f94066
ba84374f407b41f7
4c2a4d3c4c5c4bf0
4bc04b4a4bb64c37
49fd4b92497d49a9
4a4a4ad2494a4ab6
c865c886c80dc856
c458c646c65cc64b
ca85c8fac95fc7db
ca63c9f4ca02c975
c7cb481bc16e4425
c9acb440c6fdbe55
bb584a9a36bf41b2
bb454656ad3141fe
48d139c53fb33c1d
4905441745883f93
4b10c33447154844
4a9c426a49314262
44c0be30414543cf
4415bd8843ecb6cb
c7eec8e5c8d6c88f
c94ec844c8dcc84e
c1cac952c5f5c777
c5bac0f9c59ac3c5
447c3fa346693c63
484e44b846ca45ab
b40d48ac49244670
47d54398486a4823
3c2148cd478d4811
441e45d945894839
c012c216c68fc51d
c62dc154c7afc2a9
cd10cf19ce68cec7
cdaecd89ce0ace35
c96bcbe2c964cb28
c7cfc7adc7deca0e
4c4d4e844d354d4b
4af64d4c4ca54d33
46124c75492f4b43
bbf545d6452548e8
c272c8d3c7c2c575
c6eac9f5c6a6c942
4b70472146a34842
499b447d48f04529
460b4ce749984a75
49e1495d49994a2c
c84fb7d0c146c1fc
427cbe4bbbfdc114
c38bcb76c8aac916
c363c7a3c78bc8ab
c6bacc32c8f9ca86
ca25c4f3c9b3c67f
c4d2c8eec1a4c6d5
c3a63f18c3c4b9b0
45334061445544d9
46d14577444d41d4
3a034291bb1a4166
bb5eba31bafdbb4d
42dc487e442046e8
3e7c3e8443f84536
4ac84b5f4b274b7a
4aba493a4af04a66
3d91402f44d442eb
474b4049461e4006
cac2c262c5acc651
c97ec746c6e0c5f6
ca4cc5d8c925c91a
cc9bc8b9cb15c830
c4f4c80dc946c878
c85bc87eca0ec89c
40f94713b9ef3df5
3ed7b13fbe382c18
4550453d467a4073
47ac477e48574635
4518cb944160c4bb
482b3d7148e3ba2b
316dcb36c3c4c52e
2eafc76535d9c6d3
3567409ebc5c41ca
c1a3bb9ec2082820
470049c7444f48b6
401047943a9d4675
471d482e450847e1
478046b5443445aa
bcce3dae40e13f5c
4550405d43dd40ba
c46544c339f8a619
c58e3c8fb76f3d3a
c21f3849be59c4b3
c55b3c06c229b79d
c95dcc8cc9b4cc24
c4d5c8ffc8f3c9c8
c889c7f2c68ac785
c812c797c820c72d
48094c7e4b024bfc
448a4ae5490a4b52
4c404c264c374cda
4c174a5b4c094bc7
472e481c42f2484e
4743c42641b23ac1
ca51c327c904c6d4
c87cc88fc874c808
cad9cc87cb72cba0
ca58c7ddc8c5c9a9
3d3fcb6bc884c8e2
c34bc71dc50bc873
434fc3f7ba91c35d
4070b810b9ecb06f
3ed5446143cf41ba
bdf4451c3d0f448d
3af6485a43544562
c1c63d0e39433cd9
bd01b5a9b1b5bfeb
4042bef4b7a5bfbb
3e3dc862b856c2bc
454737d23c39bbac
483044a948854836
4988486c48b647cc
44eb48c4489d46cf
46e047b247f6478b
c5e8bb10bfa1c50e
c7ddc0e7c2d8c08f
c065456f3c08409c
c2cf3c6634e13ec7
bfa44506aa1f4105
3d913a1837cb3dc1
c79eca36c989c8ea
c4c7c8dcc842c8dc
42e9c1b1c2103b80
3cccc316bc5fc248
49c849f6480149af
46e9465a47cd4796
be7dbdb1b80ab9b1
c2b6b4adbc14387c
c881c877c7c9c817
c8ddc442c803c55c
3d153685bcc03a43
be60b67cbfbabcdb
3c74406935c940bc
3b84c20cbfc8bd7a
c30cbb3bbc3ac290
befead61c2e8af0f
3c67bce640c8bf7d
3d4e45db41994374
c5b4c776c1f4c5dd
38aec325a828c3f8
c942c9e0c6ddc920
c248c836c3eac849
46b3b4a1450b3f6e
44d8446446ba4225
48ef4a2048514920
462047cf472847b8
c29e48453c3b41d1
c2b9b0e6c1c04177
4454429244994365
3e8641cf421a4664
4c1046cb481b490d
4906483049024824
4635490540f84688
4829454b44b040a8
bc8746c9343644c4
3db13a24b823ac7b
c4f5c8f1c609c41b
c82bc80bc763c71a
cd93cf1fcd09ce54
cc57ccf8cc74cd2b
cc77c9ccc9e5cb13
cb47c97ec9f8ca25
4a1d4d784b4d4cf3
457e4acc49714ac8
4dd34c404cb94cd6
4d484ca14d004c85
486ec5c14056c097
49223dd545a03e8f
c5a5c8e2c8b1c902
c96dc917c904c835
cb22c397c9acc8b8
cc51c93ecb98c7f5
ccd9c872c88aca08
c91bc6c5c953c55a
c65bc9f4bccec72c
431d43b23e96388e
48eac2ae3ee0413d
499e442646592cf1
48fa4a05430b48db
46bc3a7745733c11
45cc4dc349774a41
4306489848584957
398b451544424187
ac93428e401e42ae
b981c780c3e1b91a
c15ec635c5b7c5fe
4892449c46cc48e6
4832439345d34585
49aa48694a524851
494849094a724a1c
c415c086bcacc755
c5113c86bc523993
cb1dca28c988caa8
c96bc5e4c8a1c873
c836c8b4c7f2c59a
c670c7d0c5bdc84b
42d53e08c2d1b869
c1f0c5ebc429c42d
3fcbc181c337c2ba
c047c1c8c539c1a3
c529c8fbc1ebc054
c274c08bc3dec208
c6ebc445c231c02b
c662c568c46cc45e
41ac467d440340ee
44db40a444484334
4cda4cf64d074cae
4dde4d764d5b4d45
4a204c604a0f4b58
49504b2b493b4ab7
c80c3e16c864c48e
c950c7fec947c774
c879c269c716c5e5
c457c5b9c4fec620
bffcc894c44bc6e0
bf5ac439bdf5c538
c993ce2fcc44cd12
cc67cc76cba2ccb4
c99fcc68cab9cb1b
c9fdca7cc997cb4d
46e248f7482c48de
496545a348584712
4a4c4da74cbe4ce3
4c064bd94bd64cdd
4428483d495d4821
455d494a482949b2
3448c62834edb9ad
c1b7bd2abcbdbdf1
c10cc800c12fc445
bc12bb81c30bbeae
c96dcbacc952cbf3
c560c4b2c776c783
c26dc931c8a1c92d
c4c2c885c577c8fb
4b174bfe48e34b00
498b4658489747ae
49984dab4a3b4c5b
473d4a51487a4a58
3bb549c140774689
c3dd42dda86f4277
be4645a03c1642fc
38353c1739653f58
3947c22638fbb90c
b129393c31c73b8d
bef9c9c9c83ec85f
c83ac89cc892c880
cb5cca60cb09cb69
c839ca1cc9f1ca5c
c88bb521b20fc348
2e804591405141f5
482f489a4899499e
45b04961481048dd
352ac915c50abfdd
b616c92fc48cc80f
c688ccb7c909ca87
c712cb45c86fca66
3cfac40d3710c48b
c050aeb0bb1cb72c
44a843ae45d6450e
445c4089446442e6
457848ec48834986
4769417b487045b4
41d44a52472c459a
47c24757485f4827
396642c7a790c0bf
43c945e14147441f
b71ec11fc250bfaa
c0ad2d2dbd0abe81
c72bc24ac62fc4df
c861c597c6a1c664
c121418cbcfebe1b
c4443d0cc45aaa94
45ef48c745ee46e9
42b449354118480a
40a6439a4014454b
40ce45143d2b40d1
4334c4e8ae7f40ce
443fbe1f401cbfb7
bdc3c9fdc454c161
c428c908c222c6f4
c565be03c0c5c041
c6f2c6bcc4aac2a2
48e6483a493244c2
4b0849b3498849d3
4555c7c03bc5c35b
482a44ee461f41b7
cb1bc86fcb70c93a
ccb9c9a9cbcac9fc
c8894850c595b977
c9cec6e7c935c4c0
3e5540b84177af59
44abc1c24169bcc8
44d1c5004466b76f
4418b58f457fab50
4a00495549f84a14
490e491d496c4966
42e04924462b4825
47ea47e045dc476f
cae4c558c73fc750
c702c450c7f4c4ea
cb01cb39c9acca54
ca59c887c9e1c883
c223c99dc6f2c713
c8a8c756c551c727
47f2b71a40163f7b
41c53f1c44503c55
48aa42bb4473454b
483d4867465445d6
393642dac19c40e1
bf73357ec22bc08c
bbdf4175c1ebb979
bb96c42cc33ec4ce
44eb438746dd4163
49e0458848204596
b2c643b044f24045
46d240c945a84433
c8463ad3c3d6c425
c844c745c67bc457
441848ce47af4773
bc084811447e488d
4caa4c234c8c4cb7
4a7c4ce94c5a4d08
4543c5a338d73c53
44b8b4343ed23afd
cbd0ce30cc63cc97
c99fcc43cbeacc64
ca2bbc8fc88ec831
c98fc654c8e1c7f4
48414bd247874862
46fd47fd475d469c
4875c719414f4078
4718ba024611bcb7
c85ccc89c952c9f3
ca48cb8ec8afca7a
cc15c7dec9a4ca95
cc1bc9a0cb61c887
ca8cbe9ec50cc4d8
c823bb8fc8f7bc57
c05b4157a4604118
bd4f3dbcc0f43e6f
4c4f49cb49cc4a1f
4ba049124ad54913
4e764b6a4caf4c70
4e844c9c4dfc4bd3
418847213efb421a
4557446c44683ad0
cbb1c369ca70c8ec
cad9c965cafec9ca
ca3bc953c985c910
ca99c924c9fcc8e5
c6a2c5d5c1bfc540
c679bf6cc34cc0d1
4956443149d94744
48fe4965498e4990
4b803f794a12489c
4ae5481d4a5d49b6
c003c4d9c103b9ca
c21fc593c24ec26f
b87448a23f294592
c5ed4209bf704138
47804cf2498a49a8
477d4abe48d04af7
c488c1b9c5eec743
43a5c55fbbaec4f9
c657cc83ca71cafb
c173cae3c664cb9f
39a1c87db8a4c469
3509c0093df5c1a2
c9a9ca02c8c1ca09
c97ec92cc98cc916
c92ec98bcb14c91b
cbdecae7cc5ecad5
49824a0948424ae5
4426474a453548b1
4cff4eb24ec64ed3
4df84e154ec54eb2
49334bdb4be84b47
4c024c034c1f4b47
c80bc6d4ca55c8a9
c961c8f1cb8fca90
cc98ca32cd43cbab
ce04cc5dce47ccc5
ca95c6c2c900c966
cbf4c71ac9c5c7d4
c19fc568bf24c70f
c195c197bb8dbfc0
4436bc8845d94245
478545d747b04601
46e4390848be47a7
4bd84a154b3f48e1
44e2c151b21ebc79
482ac33441e2c1f0
bfe0c4c9c69dc74f
c66ec988c81cc84b
c85ec838c638c7b3
cab2c404c784c41a
c415bd40bb56bd9f
c4bd3220b896388e
4d674f7f4dd04e5e
4df44d3e4d924de9
4ef74e604e544e44
4f014eab4e7d4eb4
b5269d5c399630c1
b70fbd0738dbb449
4c394b724af74b62
4aac4abd4afe4b0d
4d964bca4b3a4c58
4b864a944b224a9b
bc024145baa73f9b
c30b408ec2b9b4bf
cc4dc328c88bc87b
cabec15fca05c4f5
cb1ac624c8dec909
c99ac87ec9cac6ad
c1c5c851c685c65f
c2a1c67bc5c9c5b6
46104030433b4354
44e4474745b843f3
42694a5346b9474f
4446481d469a471c
c5b0c69fc635c624
bf3ec889c460c781
c70acd72c972ca88
c18fcc06c66ccb1f
44804693481c471a
44ab440a46f94606
49544e114c374c61
489f4bf44a4e4c68
38ffc1852486bf30
3e383a8a29df3c98
c58ccbf7c882c974
c650c7dec838c898
b85bc26dc25dc21a
c641c15cc3d6c421
4465b14838b43cfa
c0a73fac3ea9b60a
4234b938bc2f3d61
3c1e40542fe4b87d
be4e44fcc0f23c3e
373bb779c291b7bb
c505463dbe10aa35
c151c238c22fb8aa
c079c09d3445c198
bdacc1de394fbb86
48e541f348704699
49d6476b49ac4811
4a114c014b314bf3
4cb74b474c044b8f
c32841483f333a49
405d400d3d884121
c6f7c949c72dc967
c915c6dac898c67d
c3f6c86bc75dc67d
c980c7cac8b3c81d
c862bb50c78fbc00
cb4fc6c7c923c844
c84e3b2fc5c2c0b2
c860c093c804c306
c04ec96cc33ec7b9
41289b2bbfcbbb73
4412c956b26dc4ce
45ae3041434abbc0
47ef46574551456b
4970403b483c4129
45d548854583466d
499a41fd483742ea
c051c44bc292c186
c833c426c27dc489
c217bb72c479c023
c9b4c62ec7cac513
3d41420c3f144057
45cab55c3dfe3da2
463f43ee48944752
481a48d7497948e7
3fe749bb46f446d3
c1b04834442f488f
ca27c325c9d5ca29
c9d2c8b9cb85c873
c4efc9c8c84fc8d2
c165c42fc859c684
49c847e14af84b01
4a4b4b294a6c4a6f
4a464cf74cef4c81
4b284b684c514c4d
473d49b448a147a7
484d44ed48c4484e
bfecc81ec5bdc4a3
c1ddc803c2e0c6a9
c595cc5eca12c917
c952ca70c932cb65
c87ccbfecaaeca0b
c911ca30c977cb33
ca4fc9b8c9bcc984
c684c87ec83bc8df
40234681401643d5
2892469d382344dc
466b4a1145924655
3e31496d411f4852
c862c853c83ec963
c119c5dcc4ddc6c7
c5d2cabcc8e0c901
3654c917c2afc8fe
43de39d219fc401e
43a8c0d84027bfab
40844afe467b481d
bbfa4514407344d6
44264c4149314905
3d174a6a44c04982
45a7428945a844b5
473c470145474585
3665c2803b934065
3727c12e3cb1bd31
ba1b466645c64738
c682bab3b18d4431
3c2645fa46aa423e
c0f83c92313e46f1
4607c4f64590bdcf
463239da456b4477
47e2c87343ef2841
4664bf28463d3d4c
b9abc86ec5e4c65c
3926c603c215c5f9
be293db5c531be24
417a4044bfc9c17b
bef24445c3d73794
c2a34720c0a63733
cbe7ccd3cca7ccf3
cc64c7eccb99cb1b
cbd0cb9bca5ecb7b
c719c86ac7e1c9df
3f584be646ff4911
48bf42e4475945b3
46b54c3244f34958
449e3de83fb5440b
42ae3ec9b37b3e0f
3d5fc094b967bdbe
4866b55f45f7443e
48493eb6482642b5
471940a446f2478e
443b43f1469644dd
c501bc9fae953885
c8753be2c2c0b79d
c61bc400c1a0c5c1
c75cc21dc471c207
45b8447144e441d4
44a441fa42fc4548
483e480e484f4744
45ff48da464a4961
bdf8bd73b577b963
b46e31e6b07f353d
c495c6f6c596c2bd
bbb1c739c1efc6ba
3afec123b6cc30b8
b91fb4c3be39ba93
bfb3c81bc241c74a
c45cc3e3c61fc468
ca72c992c8b6caaa
c748c9f5c8e9c920
c16549d441f34554
40eb45da42ad4588
4b5b4ca44a194be7
49fb4ce14af64b92
3c56c78ec50dc55b
c424c0e9c1f4c4ac
c9c5cba4cac7cbae
ca68cbf3ca58cb4d
41a949a344454832
4590383a44bc413f
46314b85476d4af6
47734436486d4612
be64c973c50cc677
c432c528c0cbc533
43a3cb24c106c56f
bf61bd06c188c126
387b2d55416f40c4
b8714326bf04418c
cb8fc856c68aca0f
c5fac5c8c7e3c631
c988cc0ec713cba4
c450c702c4adc6bf
478349e64907483f
46ba49c8488c4a25
4c484fa24c324d58
4b854cd94b854ce7
49d04a50449c49a7
4663441245be44d5
33e9bbafc4df3d1f
bed0c6bec2a6c602
c467c2bdc532c2d9
c087c3f0c471c614
33d7b9243e493c60
c3283caebb46b7f4
ba814128476244d1
bd543e37444a4405
ba312ddc4446ab7e
45d8baf946083f03
400bace7bcfa3746
455cc0383628bf90
c655c9f8c89fc68b
c709c6aec92ac7dc
c4c0ccf4c896cb42
c795c719c7b9c7f6
b571c4c6bde1c6a4
b713c02a3962be4c
c5593f7ac257b0f2
c0d7c0a5c20fc14d
c9f3c917ca86c871
c999c88bc9fcc9b4
c90dc5a0c946c998
cb89c541c97dc6c5
48764bc748ee4867
b9a44a2045ef4a99
48bd495049fb4944
484e49ca49084a1b
c351c441c1b1c4a5
43c5befbbe69c287
3cf343b0c19f3bfa
aacfbeb4c4ccc1d3
41fc469640314498
b4dd444fb7ae4248
4736445448d7468c
49ee498b4a9348b2
4fc24dea4eb34faa
4f7c4c1f4fa74d13
4ba54b414ad24cd8
4b95bf3c4b45461d
cd49cc1aca59cc73
ca57cc16ca12cad7
c433c574afe5c49b
c0f23806bd273b80
483443d746a24774
475344f345e84685
cb86ccc9cc0eccab
ca44c908cb15cab8
cc33cc67ccc6ccdb
ccdcc908ccbbcb53
cb38c981cb78ca85
cc2dc90dcc27c9e3
cc93ccf4cbd6ccbb
cc02c9d7cbf2cb44
45c347ed4675452c
42d1495744ab474e
49814ca2487349e3
46ee4a2d4712491d
c84ec6e9c83cc6c0
c828c8dfc73ec8ae
494a4b954adc4c15
49ac47454a8549a2
50b8507850285053
506f4e8d50164f74
4ad83e5545314447
494a336f48633ebe
cc26cc18cb92cb37
cbbccc03cac7cb7d
c803c57ec415c47e
c461bf0dc4ffbf30
40b5c46a31a1bac1
3e78409638143d8c
c055be3bc404c11c
c7ddc2b3c4b6c1df
c8804136c460c35d
c901c3cbc716c233
ca75c811c6e3c8a1
c5d2c584c7f9c690
412ac8063c40bfd0
461d38a641d9b131
4d2948f44bfd4b9b
4c8649a34c574adc
436d4999479a4906
43204623452b4761
cc1ac324c8f4c8f4
caebc475ca9dc817
c84bc8bac84dcaca
c58ac5ffc6d5c892
3daab1693ce6abb3
44e43cc1446c38a4
b17e4145b8bf412e
26683fbdbb4d3cdd
bf9ac5ffc718c512
c94ac5e6c818c5af
44fa38c53e6b41ea
b46fb56840b33f1c
48364742486c4892
4c0d464d49c1481d
3e40c1d6bdd6c12b
441ac2cf3d7fc2a6
483845d6433045f8
4013395b443d3e4c
4c374c154aa84cab
49eb4a0249eb4ad0
c851c843c615c7d0
c887c3f5c666c439
ce36cdaecc3ccdd4
cd27cc30cc06cc3d
c631c259c233bfb3
c26dc21dc580c40b
42bd487f442d46d8
3de048b7bb4345b4
a86d453c40ddbc45
b90547193a324481
3da94313346d3713
4317b7f23e8db729
44514417b7d245a1
4349c3dab532c1bf
46e4404940cc427a
41f3bb82435b38b6
40f1c73d402fc489
3f62378845b43e47
c670cadb2ceec701
ba28c0f43bd636a6
c738c2883c9eba30
c347beb4c1f94098
c3514827b84c4066
c5f63dbdc53c3fff
48694aa0461e485f
477e48db45f047e9
4a54494c49274a06
4bab4a104aac4902
c618c2bfc483c314
c073c2e7c04ac527
c7c5c87ec930c93e
c688c9b6c770c9f1
38e9c1e4c598c366
c0fbc5c8c2f1c6ae
c447c42bc646c4a3
c7cac19cc69fc4cc
bc00c867c5e5c6da
c792c461c658c577
466cc458bf00bad9
c468c236c22fc233
ae7d427f3f20444d
3b29406bb70040e8
c1ff437840e542bd
4725410741984172
464b45ab45ee4694
48a741fa48a8430c
460e47ef48d2487c
4917472949f14851
37a2423746284151
451e46fc43924807
44f7468445c543de
bd6e45a031bc4708
c044b7e034cbb718
c64dc4dac0dbc0ca
cc07cd69cab1cc5e
c903cc6fc8cecc58
c5f0c5f1c583c7d4
c2fdc25ac1b6c480
47384d5449314aa9
414f4c4f45e74c06
48bb4c06490749d8
47004bcd46394b0c
4602c1c4b7e3bea6
480a30e74112b974
cb85cda7cca2cc9f
c97ecd0fcb0bccfe
cd48cdaeccd5ccdb
cc95cd1bcc75ccf2
40f73c2341044138
3df03c5b414440b1
4a564ace499b4b87
476048ab489f490b
485f495246b24910
433d46ee44dd454f
439ec1eabce5c164
35e8b0bb3b95c08e
c644cc58c9a6ca88
c74dcaa9c866cacd
c473c6f2c4a0c4ba
b646c600c491c670
4cbb4ea64d304d9c
4d454d684cde4d76
4c614fbe4d1f4d81
4c264dba4cbd4e00
cce6c8f9caedcc13
cc42c807caf0c8ec
ce19cdeccca2ccfd
ccf0cc56cca6cc73
4877468248e64afb
477d3f63464d4664
4b2d49e8493c4a85
494645b3482f4780
c62dc835c6a6c942
c2efc350c3a6c66a
ae543cd641a5b2aa
3e50451b443044bc
43be46264440456d
be73454840bb470c
c763cad3c9b0c9da
ca4cc8eec8f9c8dc
ad05c9bdc46cc780
402ec7583995c763
bcb3c69e3241c43c
47a6c212434bc2b6
c840c7ccc316c767
3f97c32bc136c409
44a2471e45d84654
449145b841714681
45984a6f4379487b
c45b46a8c11045d6
c3e348ffc41d3e19
c8b7acefc7ebc022
424d457e3d1141bf
3d4438be3d6f23c0
bcf9c98fc471c4f4
c456c5bac147c69d
cc49cc6fcbeacb2e
cc16cb22cb24cbd2
b2ac3728bbec3def
415037733a81265c
4e2a4c2a4c9f4ce5
4e6d4cb54d694cb0
4b2449224ab049ff
4c7649f94c164ad6
c59fc1d03ddec1a0
c0eac0be38de3e27
c6afbaa7bc02c298
c882c3efc634bef2
c4ca4457c402c04b
c82bc25fc7dec3fa
bfa1bc3ec569c4ef
c52dc4e8c48ec506
489c45b9453e465a
44cf408446004447
452b49c1490649ff
4662496748124923
c478c1d03ebab8fd
412f46cb3b874372
c2adcba2c82bc9d5
c09fc79ec659c85a
caabce82ccbfcd82
cafacd5ccb13cd72
cccecd50cbb2ccc2
ca01caa2c97fcba0
4556491c489b4840
48814a35478a49ea
4cfc4d4d4c554d0e
4b634c0e4a6e4c61
447547134324473d
3e373c433fea3dd9
c3403f4dc073b200
c35bc30abe6bc2d2
3819c1f1c3dac42c
c1d7c05dc0aac1cb
472ec073b8024082
380d3d9b3d10340b
3cab42bf3fa64604
37a1380740f83d8c
ca3a44fec42fc49d
c3d5c527c481c23c
c50f46f4c104c236
bfa8c157c454b8a5
c11ec03dc104c15b
c540c390c68ac059
c22ac329c0e9c19b
c5a1c2a9c610c231
4afe43ac488a47a2
490c48934996485d
4c4abe1e4bb848cb
4cd64c404d5b4bd4
c2b6c74d3e4bbc79
384042fc3cfc3ea9
cc30c80ecb14c954
cc4dcb79cc97cbc5
c83fc7cdc8b5c8d0
c5edca89c714ca80
46bb29a745333b26
48a742ff495f40c7
4ac54a4d49c849b8
4a4b4b244a714a5e
47ce4a6e459a49e9
455f4868406b4810
c850c398c88cc452
cba5c850cb23c7db
cd23cd61ccbcce19
cdcccd22ccfbcc96
c2aec4e3b72dc594
4474baa9415bb5ad
4b704e804d204ec7
4c814d5c4ca74d55
48744e764a8d4d11
42f44b0447404bdf
c30bc4a5c69ac8f5
ba59c501c415c4ca
c767cec4cc27cd6e
c021cc43c80fcc7a
bd28ca9ec847c898
c460c979c542c95c
462946df469f4682
40a14446453544e8
48ab4a8b4ac74baa
44fc491948c849e2
462745a745f546c7
3de34550427c45bf
c779cb3dc971cac6
c44ac6fdc773c8a7
cda9ce90cdbbcdc7
cbe6ccf9ccd3cdb7
c8efc483c765c4c8
c862c6b7c894c848
49ad4d904b8b4c48
4a144c3c4a0e4c11
45434b134886488a
4876497048694950
41673af4464e427a
434c43c247664515
48f744b54ae849b2
47a649854a454a86
3dc1487544354677
b95a4457ba94461b
c18046b8bce9bd86
bdedc406c2d7b7cb
c84dc914c865ca28
c407c904c632c890
3e25c675c0cac430
c398c52abd8fc45f
bceac57ec127c4f8
c14fad49bf96b6c6
c868c3d2c4f2c54b
b9e0bfd3c4f4bf03
c53ec372c23ac142
bb1dc50cc103c36f
402444323c404253
c68d3d6fbc073c68
40cf46d63f914477
c6d645c5c0374415
b9433a9838693dca
425e4560afc341f2
3ace42053cc14299
43bb42652b25408d
40b547f4444d45e7
b31d40d6247e43cb
40eb408d453a4070
438240734507434b
41363e6d43c83e82
450d405945e44181
bac1c3bac0cbc1b4
2eccc453ba58c394
b818cb0dc5eac7e0
3ec8c83eb974c856
471638e043b5444f
459d429c475e4046
44fb4c0d489d4a41
405549614669491b
c18446f53b9a4005
be314045c01140d7
c5fec899c8ffc921
c6efc925c8f8c906
caaacd23cc9ccc88
cbcfcc8dcc75cc91
c9a7cba3c9facadf
c9c6c8f1c9e3c92c
3938445b4354415e
3b2844f2414244ec
47394afa491c49bb
479d492148794925
4b024ae24b8f4b14
4c174adb4c094af8
4a9f4a4c4b134b1d
4b8549194b8e4a2a
c090bc1dc225b828
c5e3c524c382c436
c951caa0cac0caa6
cb31c903cabeca47
c4a7c1e0c56fc67f
c3a5beaec54fc1d2
beac367bba9dc00f
3f7c3007b8b6379a
c59fc928c534c6d3
3045c42dc3acc517
bf39c746c2e9c32f
3eb5c245bf5ac2fe
4513458b451944ea
40de447244924504
42104b3f49544901
389248c447414942
461249ce49844a58
464d4790491748e8
4a382d58478c4772
4a0842e549c14539
b80fc871c2fac6f8
b92dc35fbf22c442
cc39ca02cbc1cb93
cc7dc9facc94cb05
ca1cca27cc1eca22
cc36cb1bcc7acc0d
4484c01ac28db5be
bbccc358c1e6c498
4c604d5d4c2f4c78
4c1e4c854b5a4c86
49144d4b4c124c37
4ac14c754a994ca7
c9dac2b4c447c477
c764c80fc531c5a2
cae5c8fec8dac9a4
c8b4cb48c83bc9e9
403ec6ebc4adc629
4189c4dbbc05c523
462dc7a1c4c7c47c
b240be1eb890c4ae
bf253445ba0030f9
c53344df23393f4d
c1b5461c44ff42b2
41c048c343954847
c085c4d338c5c3a2
3d0d2d24b52d38d7
c41cc909c295c6c2
c431c602c3ffc51c
bfa8c47dada4bdd6
4057c0a93a73be9e
46fb46df4818485c
48be453b489f4634
4c894de24bcb4d00
4abb49f94b504b0d
478a4bdb4309493c
403c3dce3cf94282
cb4ac954cafec948
cc58ca4bcc3cca97
c998cc08c962cac2
ca70c68ac9e9c88f
450cc3204091bfd7
46694606445842c4
43ec35e640bb3f9a
46ab40e844423e7e
c669c6c5c837c4d4
c566c91fc780c885
c7afc5d5c906c608
c887c89ac896c780
3d16462042c240a0
c0d244b242f845fa
4038434c48133faf
43b045a948334623
c551c4d037bfc2f0
425cbfb63c7cc0c2
442c464244634544
445444f3423644bf
4a3d493a4901488b
47484984481949a6
359ab82743d13d71
44c744e4418a44e2
aed03a7a3e22409b
45d83c6f3e903c08
4ac34a4e47e14908
48d6426248a643f3
470745a640b2440f
bd3ac0a14127bee9
cad4cbb8cbb3cae8
cc3cca6ecbf2cb77
cab8cc0ccb57caee
ca7dc80bcad6c996
be2abf88c0c2b886
bf6d3e52bbd039a3
c38cb4b0c58cc11f
c5ebc585c5e4c491
c540c1a2c4d4c4c9
c628c597c680c56c
452f48514a2c497a
49324b29491b4abf
45cf475049194909
49254a13487d4a47
c418c6ddc735c72a
c593c857c6c5c685
c4bcc3a8c6d3c5d4
c66dc854c64dc763
baff416e36f93d05
bb4db87f2d42b991
bd06c779bb26c56e
3a73c5ad3d06c46a
4539c1274453bf16
498fc0a548942d25
49b84c374a6049e1
4c4a49fe4b7a4a05
42dd47414531457a
4261488544834653
af28c74bc110c2bb
c521b66cc1b4c01e
464341af4037429d
bf20410f39f34270
c2054020bf613852
c8a6ba6ac63db0ab
c80bc6d6c4f8c4af
c80fc4a7c834c49f
47a245a4480347e1
497346ee481c4790
44614442437b4455
47bd4453457c4431
ca54cabfcadcc9d7
ca94c9dcca96cac0
ca74c95aca64c876
cbedc94ccb35ca3b
c2fa43aac054b418
c0fe3ef6c29831eb
3e90449238f23099
453f417041103fef
411cb2a63ab73b66
4487bf814435bbd4
42b140ea421f426c
413b38ff448d3f64
411544d742184113
257643103c774438
4484461a45114446
44e14465445445cc
4528431045ce4308
490f416248654437
be12c36235e2bfbb
b4ecc2153a9cc0e6
c407c663c17fc49e
c67cc4adc4e1c39a
bf68c625c117c53b
bc9bb58ec1f5bab1
b96dc367c1c1c249
c16b3bb0c440bda6
442bbce9bcb0129a
c223c029c051c151
458fbe2c40a33a39
4072bd87447fb4e2
c1fdad4e3cf44021
bdf1b2933cd9392c
c0a1455e3d944692
b9973ed8baba4111
437f483344024709
46ef466b442745bc
42e84a00455b466c
4695489c4567473b
3a844845411140f6
4190449b411342fa
c845ca12c86bca81
c4eac843c698c89d
ca85cd00cab0cc7b
c9bdca36ca19caaf
c8c4c90ec81fc86d
c8f7c79cc8adc74e
c3bf3f98bb784014
c49dc0dac2c8b414
48754aab48784b30
43db473546524885
4be4494049764abd
49c048e849f248db
48aa9ae944d5405a
4878422b481441bc
b2a6c260b8ddc15b
3591c1af3d52bda7
c4dec577c4c5c503
c049c613c02bc57e
46a9c0c93bdd3917
44f7b3bb435bbe31
4973446f4504451c
4148441a421a42fc
c8363f0bc26bc4c0
c7e43855c79cb3be
c86642dc33f6bfa2
2efd4562bf0f4418
4459486946cd4865
462147ad45804828
c850c1a2c608c2f8
c89cc65cc818c4be
cbf5cad9ca9bcb60
cafaca65cabfca5e
41d8c2bbb91dc0dc
3d1c39973a62bc14
48723ca04133439b
4776458d452740e3
bd6fc532c624bfae
bc69c476c3d0c728
c50dc155c516c2bf
c4c9c671c543c632
ba3e3a984337b4ae
b700ba1d40e23df9
3ec839874847440c
3d4f3ecb472144c1
b6dc3f914731426d
40462b6b465544d5
47bd48d649504831
499244e349a648dc
494346c346a74807
498c473d48444748
bd9abb62c61dbf6a
b6bc41cdc562bec7
3f7145d9c2fc4093
bcd2437fc44034de
48633ea3bf234017
c15bb87fb7ddbd52
c50cca50c994c96a
c9efc82bc897c8a2
c929c5a5c681c646
c66bc27dc6cdc495
b8d8461c43aa43c6
433b437f412c41e7
c41ec2fcc040c560
bcadc11fc1eec188
c2d9c418be42c3f4
b336c32ec149c08f
454d45ee4742475a
465e42ac46824514
b4f82ed3402e3c7f
b396b8243d703301
ba76bd2a40fdbc05
32d3ac2c3ded3ac4
475744cd491f45f5
4870483449a54858
2c91c151bb37bb3f
bc323b7639cebbbd
c842c860ca6cc81c
c98dc8d2caa5c9fe
c0174619b9bc44d5
c361397cc3013511
3ca248b14579474f
ba95461142dd4722
c836cb33ca04cb10
c806c934c8b3c8e3
c54fc96ac8d9c927
befbc82ec6f0c797
4a604c9b4aea4b19
4c064a454aba4b34
48514806481c4549
49254559489045fc
c84acc1dc8eac9df
c955ca86c86fcab8
bbddc12abceb3cda
c758c43bc210c15b
4ae64b6149a74a15
486249cb49584a42
449f440242834149
44094753444f448f
c7b1c921c817c745
c5fdc52cc6f0c815
3527c296bd9bb316
4291c0563853bf74
484c4874492e48d2
4aee488b49d9495d
c0c33e41414db323
43d44312412b4438
c9ccc83cc830c8ef
c992c5ffc965c6ea
bb30b9ee39b7b0b5
c71f3c70c2aabb67
41af446a4638441d
3b5541b8449e4097
c4d33faac2163da0
c301c5a4c28fc496
c15246a7c633441e
c6c1c425c81dc3b4
c67ec198c909c840
c857c5e8c955c60a
c827cbd6c8b8cb7c
c553c7ecc76ec770
4375c5ee3f17bd5d
46ba3cc6441a3c54
479e4408459342f9
496945844829451a
4b684b2f4a9f4a0b
4a5d4aa74b6b4aec
4c3a4aaa4bbe4bb4
485b4a674b1c4b26
c463c795bcecc324
c6fdc761c2b6c4f4
c962ca15c71dc883
c803ca9ec704c986
c29bc41ec51ac10b
c07cc626c2a2c6c5
cb20c5dccae6c94e
ca1bc716caf6c94d
c8293c93c6a9c48c
c5c0400bc731be65
4bb64ace4a894bd1
4c394bfa4b404b5f
49fa4552498b4921
4c0848934a484911
b1f9bf503d32bdd7
411cbe073d4926ef
c576c54ac5a2c67d
c84fc7bfc6c3c663
c64dc85ec547c681
c947c6b9c788c5d4
c269b3294197b30c
c4bf40f1b95941b8
c6f4bbd3c1ebc592
c4862e87c43cbc75
3a014649bf8d3d47
43c140c6b2703511
4ad44c8c48774bf8
4a6248c2494b4893
41dc381bbe513d5a
bd9ec4afba20c31e
c459c8b8c742c884
c841c9a1c6bdc8c3
46cfbf46413d3db7
43fb349d44633d0e
461ebfdd3f9642e5
43fd432d40bf4096
c0c436dd3fea3d5f
c0cc43b2bcf54299
c25d30c2456c361c
aed34149432644dd
c4c8c814bce3c68e
bc68c337344bc1ec
c2462c4ac0b1bdec
bd41bd70c04dc1d1
c34942dec402b2ef
bfa0b67ac48ac09a
c6d7c93dc97bc98f
c4cac571c847c7f0
46ce44b0459f4532
485e4741480a470d
4b594d734cc64d0a
4c744b964cd64c80
c3a4c4abc40ec40e
c206c712c272c619
cc67cd69cd20cca2
cdc1ccf5cd68cd52
c9b4c3a8c813c471
cc5ac680cb09c606
b75345e143f04017
bd1945b8b93f4740
48ad437648a44410
4a0f47fb495b4852
4c0848a24a0949d0
4ca046ee4c29477e
46b3467e40c044d4
47573abc45433093
c6a0c72ec850c7f8
c5bdc654c74dc7e3
b817c3ddc10cc0a5
bfd6c04cc017c014
499b4798469a4829
43d446db45614794
488b47cb46b94850
40f0476e448346f1
bc6e41c6451743ff
40714143430741da
c51ac4693a45c12a
40babca43efeb845
c6bbc996c7d5c8da
c5d4c4a6c68ac662
cab4c8b0cb0ecab3
cbb2c768cb92c920
cb20c4afca7dc939
ca9cc79dcad1c865
bf24c134c0a0ba52
b467c390b6b2c173
4646434b4826466f
487a3e52489944ac
46de4908490f47cc
4980469a489748c5
46fc49824785489c
44134851458e488e
b66b41953dae4127
c8083c74bd4f3667
c0c2c757bf05c553
bf12c486b4a5c4ea
4121c61c2973bf3c
482ebccf442dbe73
3e293e21365f42a5
41603e242d023a49
bbc74458bf2c3ec7
c16937f2c4efb943
c2aec0bbc587c4e7
c468c109c645c434
c401c909c6d9c8c1
c4cbc687c4bbc644
447dc60eb5f6c3ec
4498c1774120b7c1
44d83c5740a53fd6
45a5411a42f94346
c17d44bc38fd440f
c18e3f78bc3e3f50
45f049fd48ba49ff
443d47ca47c8477b
49e24a2f4a644a14
45ed49fb4a1b499f
bf2cc336be84c40c
c5703b67bdeab874
cc69cc77cc4dcc5d
ca8fcb75cc42cc18
caa4c6e1ca99c824
c93ecacecb64caa9
48444902463e485f
4849458a470945d0
4a9a46944a28483a
4c8c4a2a4c0249be
3c0f454344e8443c
4324434b43ad44ae
c64f4861b93b41ce
c98dc160c68732cd
c960c589c619c750
ca05c813c835c624
c514cbf8c56ec9b7
b9f9c7c7bd9fc6e9
4172c7bcb9dec4a2
448fba874083bd44
4033b85e3784b9de
bcea440abcf13f00
48864344468b4584
4538486b460047b6
4cf94a764b7e4bdc
4ce34afd4c714b53
490147d445104833
494244db4806449c
c773c3f2c8d9c3f6
c78ac71cc88ec822
ca33c519c9e2c64f
c8b4c851ca7ac8b9
cadbc63bc8e6c8cb
c91cc90ac9e9c8bd
c8a4c6a1c29bc801
c975c5f8c57cc4f8
bc86c06d40c3bbd4
c4993dfd3c313b4c
bd573ac3bf2132c5
c423bdabc30fc0e4
c45d32acc625c139
c659c5dcc71ec6b4
4421b8f7344ab8e7
45661afc43efba93
4b7144004a12481a
4c8e48fe4c3c4974
488248ff4ad74a69
4a2d49294a914a50
bc9546a8432044a8
3e3443ca37bb447f
c531c3f9c649c75b
c820c0a5c854c24b
c8d9c8c6c826c94c
cbd8c625ca23c608
42f7bc0244723fe0
43913e91446c42e5
424347a3423c448f
456144b1420244c8
45be48ea44d34774
47a945e5458945f7
3c4141e543be42a1
42b843974550439a
c4173f75409bbc1d
b6b143d3438f44cd
bf4cc137c414c53e
c2e6c393c28cc184
453ac5bec405c306
3e09c864c19dc748
c7a2c985c7a6c6f0
c6bcc9b5c82bc914
cc05c712c843c728
cb9cc735ca3cc748
c20a322eb8da3014
c545aedbc0e129cf
4ab845cc495c48ee
49b348874a1148b4
4e4c4cb64d7b4cea
4d154d154d6b4d27
4b944be04bd64af1
498b4aa04b054b47
c8a6c6bac50dc5c6
c4f4c69dc37fc5f3
ca13c903c97ec97f
c6dbc847c876c92d
3ac73abfbf88bd44
b9233c79c194b943
c1074170b91d3d1c
c361b631c4ae9d0c
c7dd37c7c4e7c2be
c4f8c40bc7a0c44e
3dc1c0b0c050c0af
43adbdf93573c0c2
bb42c8e9c57bc43b
3f41c71cbdbbc63a
c599c81fc82fc57e
c442c8a2c633c85c
466d47d1464c459c
428046c146e245e4
45ba481249434672
4462490749db492c
c66fc4e8c193c2b4
c7bbbcb1bdd0befc
c1aac1c8c4efbfff
c7ca3b46c690c0d4
413a4048b89e2889
3c773d8bc15a3c52
c07ec4e9c290c509
3ac1c710c154c44a
3d7ec1103f38b898
44c3b97b413c34e1
48e6488d495d483b
49a0499448e949c8
b2ff3f983d753d09
bde43f72bbe54258
c46d3f29be513d39
c806c2f1c5e0c05d
4af24cfa4b554c75
492849724a2f49e2
4c0d4a7c4b6f4ac9
4c904a254ca24a1b
c824cb46c87cc9b7
bf5ac884c471c923
ccd5cc65ccefcc4d
cc53ccd3ccfbcceb
c752c1c6c753c58e
c801c62bc8a0c5b3
c2f7c412c19ac644
bfc73881c22dbb4b
c9e4cc1fcad6cbfd
caf1c932caa5ca98
ca46cc60cc04cc04
cc5fcad7cb65cbb9
385c381440db361f
416d440d448743e4
4ceb4d434dba4e01
4d5f4cca4dde4d68
4df04e2a4d634f35
4c8f4b484d284c64
433846a9420d44d1
4119427f41ed417f
c67ac4bfc365c7ae
c4b0380bc4e9b9ca
3e5e44084139416a
3cc24176ac0e43e7
c200c049c33ec066
a815c3b4c2bfc37d
c660cab2c884c91d
c341c7eac674c8af
405539b63c4c3819
3c93409a3e173fa0
bd5547e540b840b1
b90343963b9243ad
c634c6fcc49cc7d6
c41ac6efc34fc63e
4356c71234c7c20d
40eac4124119c129
437143923f6743f9
36693f63b4554096
c440428fc4aab5f8
c730c118c886c28e
30e8b240becbc008
b93bba3bbe64c07a
467f44aa47ee479c
471e482d487d475f
42fb458c451a4856
40b9454b442e458d
c884c7abc909c8ed
c899c825c8adc83d
c930c87bc7f0c8c8
c71bc63ec704c648
408e45ec476047fc
4577461c4745471b
4504454546ea4501
4641439a484c452e
3ebcc6d1bca4c4a6
3d98c4e83e6ac324
3e18c852c1cac35d
336dc4a7bf0ec521
4417bc6233e5b3a2
423d402a3ad032b1
40a64754420c41a5
436c457640c8451e
c4a1483c3c5d3f15
c0e04122c0dc41a3
c274bdaac14ac1ee
c419c200c4b9c30a
c2c8ca3dc856c804
c5a1c826c71bc874
c91ccab3ca30c950
c98cc895c94fc902
43144903456a48fb
3c1f442843fc4590
4cf84f3a4d5b4e66
4c624c054cea4cdd
441343b341d33b3a
44c73fce44184005
c82fc930c757c8ae
c6cbc417c73fc644
c09b430842924116
3c2e47b33d254613
c36bbd3abac0c3b7
b8d14159bd3c3b2e
be2ec949c4dec6f8
c286c68fc275c654
42f9c6b6bc93bcbe
2487c4e12dfac145
b598be04bef1c0d2
bbcfbf86c09fbcb9
44294842461f45ce
4354451c44184545
47c848a9495c48e5
4811478c48f64862
c2f4c775c3f3c578
b877c636bc36c548
c774c8feca9cc84f
c83fcaecc91bcb20
c308c473c8c4c368
c672c559c876c828
c885c8bcc801c866
c555c1abc7b6c5ce
c57637feb5cfbbf1
c401bf17bf25b952
4a184bd849e34ae3
459f481948ec4963
48204874482047ca
4812490f4833490e
c6aa41093d23ad21
2de74515b1a842b3
3ced4288457041c9
4315431344b64366
4af84395490846b4
4a4842b44a7b4693
436040b2416c3d7b
422a3892420a4001
c999c8bdc8a5c9ae
c950c54dc9d0c6fe
c501c5dfc450c4d4
c563bfcec5ebc037
408645043b1c44a5
b84c3c9fb8103f19
c0bec5ebc7d5c53d
c547c729c724c830
c174c839c6cfc6cc
bff6c46bc39fc685
c3f0c0e6c321c2c1
bf0b301bbef0c073
c507c4b3c42ec41f
c53cc732c377c692
45ce460347b54806
44f72aca481643ae
49f0499f49994a13
493948ab4a014987
3e50c4d3c303c026
bb0ac261c25dc217
c439c413c228c1b3
c0bac057c4d0c177
c1a6446a45373f8e
4435499b42d14812
c0e743193efa33a8
b81145c3b5154422
41f348de393a44f7
c2203ce0c16d3f33
3b3540a5c337a9f4
c323c03cc386c14b
b428c6aac246c49e
b940c7253490c589
47f13fbc48714408
492f3d1649d244b8
4472b4cf45e83f87
478b425645f34339
c831c5c1c507c5fc
c5fdc530c5cdc588
c6d8c093c108c32a
c519bf69b811bf47
b98ec114bef4bcdb
b8e64132b7b59f73
c46cb988c532bdae
c4ce33a4c827c06e
3efe42ff3b834373
b1853d0dbcc24146
4877c0ab403142e0
40babd5e42dd3882
c744cbdcc9d9ca61
c986c9dac8afcaa3
c8dec503c6c6c857
c41bc47cc4f3c654
48014c0f49934a9b
4b0d49ca493c4a4a
442646e8445a4803
410e42bc3e704475
c30a3e2ac255bbe1
c906c4c1c61dc4a8
46734b83479046a8
426845c145fa46d8
4525408a4522b3f8
485f4423473e4599
c434cb33c4a3c899
3e76c517bdc1c4e5
4191be92405d3dfb
46434001428f3ee3
42afafe640ff4370
428340b54154404c
c502c675c0d5c012
c659bfe9c33fc137
43fc47a34851466f
4243491b464348d0
477145e747314644
44ab475b464a4754
c647c8adc927c6b0
c87cc96ac8e0c988
c8553371c875c477
c754c638c8a2c743
c5513c8ec5aec467
c55cbfefc53cc386
c8beccb1cb55cc0e
ca84cb80c999cbfe
c387ca4cc72cc8bd
c0b4c936c350c8a8
474d49f747a64830
4946460f475f479a
3d1849f845f047d1
406c470441f54775
be0e418844c743fd
380d462f420a45fc
49d149ef49ec4a3f
498549f949994a28
458646bd4315459f
40823ec9406b416b
c6b4c5edc58dc5e2
c6c3c7bdc65fc6ec
4049318e41e440b1
45783f99437d406b
478634b545984476
481f44c546bf44c8
409cc61dbb16c474
beb5bb172b9ebc16
bc94c17ec08ac41e
c488b782c189bd85
ba153f153b7e3f29
bd0e3d92be5c3712
3db5b5b53ef33b93
39d539ad39a93bd3
448f3c5040013add
423c43c1434242dc
c148bd28c426c279
bbb4c0fbc221c3a5
cb74c917ca69caa9
c8a6cb44c9bccb1d
c9d5c4b8c5dec6ed
c475c66cc338c551
35f5467842b04671
423f441b40e644a7
b877b937c2deb6a3
c31bc270c54fc12d
c448c4a0c487c3c3
c6c9c0eac457c10d
354eb6953cb7403b
bccd40ed41353e7d
48d33b7d44f84497
473c40d34805400a
4be849774afe4a72
4c2849df4bf949e2
457a4a1748754901
471d485146e54872
c4e5be62c758c510
c90dc758c95ec731
c335c538c762c73c
c71fc3bac88ec5e8
3e04411d3fd340e2
420a46ab3d84440d
3f91c014b1a238f1
b974b1bbb8af240c
40d9c2db3957c055
af53be98b8953588
3da145cc473f414e
43ca4410453d4777
c8f0c3e1bdbdc5de
c7a4c649c0e8c0f7
c87fca07c692c8fa
c7bcc992c65dc8b2
38ceb46b3e413c52
44e02cb24049b240
b4ce41c0b6aa3fa8
42f140313fa63779
3803c14fc592bc5d
b0fabd5cbed4c4bd
43a6427cb40244c6
427743213dd4b09d
bb3b45d43cb8425e
3e47441a394040bd
c352c250c2d9c244
c478c156c3acc131
3da8c283c269c1dc
c4b5c224c1a3c04c
41a33ec0b7abc086
3f943d5a3cfe3df7
478544dc47ba4805
49a3465d490e45bb
497f4399496d49d9
486a454f49ed4616
c4fcc8d4c2c7c86d
c661c697c51ec4ab
ca65c879c7f3c9fd
c8d2c7e4ca00c65c
31e9491741cd4606
bddf4120bc2344df
46654bf3477d490c
3e6a478645064954
341942ca43503fb9
3ff746fd42074704
c010c275b98cc06b
4282446e9f063c5a
469f3ec22e8b41b4
41dc3cdeafffb7e4
33e1c4eec3b3bf52
c5c2c68ec4c9c6ef
cb9acb01c865c9b0
c942c941c7f3ca36
c727c6b3c285c482
389fc523b3ddc653
3da1c2e1c33fc236
433cc5a03819c60b
4133c088c25dc1c0
b653c42b300cc4d3
39f8c2cdbfaab9a0
c4bec34db88dc025
38993c6b38994078
bf8336e5b00e4204
4bf44dea4be74c7a
4c764ce44b034cff
4a7a4ce349204a64
4b4c4b19488d4ae0
c92fca0aca6fca90
ca3dc966cad9c9d3
ca4bcaa7c832c9ac
cc06c67eca0bc84e
c6bec2ac3cdabfd3
c80a3e41c3ae3922
c88cc892c50dc80c
c737c69dc639c558
466f488848974910
49b24609497c4847
4c4a4d064ca44d4a
4e004af64dc24c2d
48423e3744ab4092
4a54407449654214
45acc2174193c13a
44eb404f44b14076
c331bccdb909be73
c5dcbba3c3cbada7
cd68cb8fcd2bcbe4
ceafcc16ce5dcca6
cca5cdacce1bcd50
cea3ccb0ce98cde3
46f83338419f4281
44ba409643323a73
4c0b4c404c534c8f
4d034b7b4c674be0
4312439042f742c1
454742be44cf4235
c052c1d7c42bc438
bcacc2e0bd3cc3d4
bc1642d4be98b814
41f2b45d319d3737
3b8e451e39643cb6
3d24b3443abf4080
48ec49e0484f48fd
4344456847144822
49364b3e49ff4a6a
45e748d9488d49a6
c40cbe8b34a9bd36
c155b962bbe6bd8e
c9f3c935c863c7ed
c8a1c749c8bec917
ca55ca2ec930c906
c9cac765ca6ec8e6
c8c6cc7cc889cb69
c831c792c836c815
bfd9ca98c52dc8b3
3a83c419b7d5c417
473d44a342de4437
4928441647124546
4a5c4c1c4a684a42
4b31498e4aad4aa6
43494601477b4767
42984564453545f1
c5d3c69ac3f1bd0d
c824c400c629c481
c495c00ac578c15a
c554c436c628c466
c3104024c5edc3f8
c304c495c643c5b4
431a38a3be4abd19
bc3cc25fb926c39c
48bd479c48eb474a
45e8480649184837
37a948cc47c0469a
42a848a845ee489b
389c45d041f044c6
415342c040d043e5
4863397943c442d1
47404009464941e0
382fc88cc2fdc47d
3d0ec46bbcf9c464
c1203661bf9cb136
bf68bbf3c390b699
4315483c42d34537
bc214438b474452c
c474c7fdc761c77b
c7c6c752c779c81a
c984ca95c972c9cd
c828c96ac8a4ca77
c55cbc29b71c2e66
b867b193b9e8bdd5
bd703b823f183b4f
42d9406d41b0408d
c32bc89ac4a5c868
af7ac538b7a6c539
c72cc938c605c87e
c57cc710c3f0c7af
2842459540a145ba
bc684038ad104248
49504a7646b849d1
4475479e44b448db
43773aa63559bf42
c051440cb4e74387
c18dc1343a9ac31d
be7c44ebb85b425f
46034802481f482e
482c4828478c4822
44324130400e4359
41c5c0884035adfd
c11ec41ec387c1ca
c159c7b6c469c627
445e46c9435c4542
44d4411b43b6404e
48a449714821490a
489d458e49224613
47f24537481547fb
48fa44f14916464e
bbe9c73ec028c278
3c82c0e6b821c109
caa6ca46caf3cb02
caafca27cb81caed
ca56c612c9adc9aa
caa8c6a8cb23c8fb
c4fbc509c7dec5f7
c8d9ba10c87bc4c5
c5d7c432c762c4fc
ca00c13ec86ec428
c841bf79b607c454
c3fdb5f1be9f383f
3ca140ac48c4441a
488a466248c64807
4bec49964b564bab
4a6a494f4b464ac1
4cdb4b144ab84b8d
4af748dc4bb74a84
48b148cc473c48a9
49d9448a490746b5
bdb5b8fec246af11
4365c3cdb90fc262
c5bdca65c9c8c9e6
c1d4c9a0c817ca2a
c8dfca7dc9f0c9d0
c9c5c98eca0cca84
cd70cc36cbb2cc93
cdc5ca96cc67cb76
be99411fb300abee
c08fb9d7c0afba3d
4abc4a304a544b63
4a1748214a2a497e
48b4472147994941
482544064894454e
c881c4a2c84fc801
c99fc83ac8c0c8e8
c1e8c5b3c498c666
c451c51cc48cc5a8
4c0147514ac34991
4c4849b84bf84a6b
4bb749a84c044ac9
4c2e4a2f4c7e4bdb
4259414e45fd410c
4366388945b6447e
c2c5c5acbe38c4e3
c09dc4e2c0dcc21b
cad5caffc9d0ca4d
c9e1c98cc9f4c9ab
cabbc874c969c878
c9b9c817c992c863
41c54507351043fa
3f1a44cfb07b4116
45ff44883c3f421e
4397467e3f584042
c1694014bd6ab813
c1484302bdb1afd8
c45a43b6c2093d4a
c54f3c50c53bbcdb
3eb44242bf7f36b8
b611b8e1c1b0b884
44a5c1d442b7c2b5
466940b445d9448b
4013c812418bc2c7
46723dae468541a3
c6bec8dbc642c594
c3e1c845c450c7ed
c4634047b5fd3e2f
c318c147bee4be5d
483b4c264a944c03
46af496349324a06
47cd45f344c34809
4393389a45143e4e
45f6c3ecc122c1ed
3e64c53fb985c59f
beb0ab2ac16fc3aa
c52fbae9c5a5c14d
ca9b373bc6a4c500
cb41c4fcca61c53e
c71fc267c3bfc202
c4e0c4a6c696c264
c466c76fc453c4a8
b43fc3c3c41dc33d
c49ec718c586c6f3
bfcbc4bac200c4d6
48dd32df46953fe8
4812461a49ab4704
48bd448a49b746ec
46c749d74a8d4a0e
414046fb46a545b2
46a5468b473f46da
45e33eaf35b73eac
49e9b8bb44dbb669
3688c852c7f4c4fc
bbdec556c4d0c81f
c5f43c01c6fab05a
c984c02bc8fdc56a
c0d649acba754434
c5423d7ec58a3ea4
421743b244da3c8c
41cf4449410f4529
c6fbc699360fc42e
c49ebdffb96fbe1d
c98ec089c0b1bb8a
c79bc50ac1dac210
43bd464446694662
457344e445d94721
4c3a45944a4a47e7
4b67490b4a8b4952
46c1c58c3e5dbdf7
452ec0d64458be12
ca94cb9fcb33caf8
ca4dcac6cab2cadd
c581c5a9c863c6ad
c906c4e9c95cc6a2
470b40ae3d17431b
33a1402a3fb03dcb
c6933537c0afb889
b7c738a034b2b982
c88c471dc2bc354b
b76e412ec52fb4e3
464d471dbe634276
4000a3acc381bde3
412bc439c39ec521
bdf7c437c001c4ce
c1a1c4654382c33d
406d3cb045803e7e
48b9487b4c194a87
495847074b6a49c1
4c374c5c4c0f4cd1
491647354a964a15
45433c5a3dd940a6
441d35e041233c07
cc00cd20cc03cc87
c9bac9b8cabdca8a
cd80ccf9ccffccfa
cde0cb9bcd53cc15
c5c63ba1c0ccbe57
c496384cc27dae35
47684aa44a7549eb
4c4b4b5b4bfc4af4
47ea40e346824425
48254629487845e1
46df376542c53eee
b80c44043c8143a7
c4994057bd9cbda4
c60f4336c66c40fb
c8a0c7f1c8f8c8ea
c949c712c9cec827
4548c0fa39af42e0
456dc0a3437bc106
484b4b8a487c4b89
4aa446b1495c4720
420e47e4be5e365c
b65cc0c8be71c043
3d66c637c79bc850
c80ec9d9c72ac909
c071310f36803a1a
c055c08ab884ba05
409943bd482d4878
4827483b4822481b
468fc188435b4322
47aa43eb457c41e8
c840cb4fca4ecb69
c900c8dac9dcc9e3
cca5cc37cb74cc72
cbb7ca16cb73caba
4199480e49124870
46cc486b48c448e2
4afa4bb34c204b05
496f4a7c4bfa4b47
bfcdc4bcbfd2c52d
c544c4cec241c1d9
c1ed421a3d7e407d
3fdd3f04be924350
40fc49fe4697482f
4895489b469748bf
36a6bcc0c3bcbe32
c09ac29cbb06c42b
bf04c6a0c8dbc57a
c816c8dec881c95d
c85fc48dc94ac87c
c9b4c699ca59c875
c7e4b667c49dc5ea
c885bb07c64ec11f
44823a72459e429f
466c4622469e463d
457cc59f426c3be8
47da429545db4196
c48cc9e1c7f8c89e
c512c8c8c55bc906
bf52c706c38fc5be
bddbc6d4c0dec612
496d4a9b4b2f4bb9
4aa849a34a5b4ab5
4d784f424e174fd0
4d5d4d064d724da9
4cc74c714b8b4ce2
4be94a304baf4a97
c4efc60ec6b9c89c
c7cdc4cfc652c534
cdfecd41cdaaceb0
cf1dcc25ce26ccad
ccc4cd0acc88ccd9
ccdbca58cce3cbed
c3e3c402bdafbbb7
4079bfe4beefbeae
47a74b20497c498d
493646ea493448dc
45e74a42485b4731
4810473248b14829
c5bdc4ebc648c6ee
bb1dc43dc3e4c55d
c314c88ac883c765
c376c8b8c5ffc92a
4509b6bf3fa33d76
420ec1ba44dabe1f
c1383d3742383e0a
bdd93e6140b241b3
c5f7b159af713f1b
c7d043b0c51340e6
2ba4c0c0bf802a3f
c4d3382ec4ebb8ad
4067c50ec2d8c4f5
c2cec07ec27dc0a8
439cc185bd56bfe3
b1c43ef4a80134aa
3dedbea1bee43932
45d8271e3f22bfb2
3b343c153b68404e
458f38bd3fafa9d8
49cc4b5b4b544b1f
489a49f349004b1c
4afd4d2b4c864ca5
4a4a4a954b454c46
3e614520445f4201
432835f445de3f70
39eec4fb3806c3d7
4558c0444654c220
c1ddc859c5ecc86f
409fc5df3435c6cd
cde2cd3cce45ce08
cde1cd5fce47cdab
cc3cc9f9cbd6c957
ccddcb32ccffcb2b
499f4c0b4aab4bd7
493e4b5748fa4b9c
421648f346fc42dd
2cb24a7f41904996
c9a3c8dec884c950
cb5fc633ca06c763
46ac3822447446a6
48013c30467a4162
4549405545144659
479040f946f343e9
c816c660c5c7c63e
c8fec5fac6efc618
444945073cc740bd
357c3bfd3e1b3c74
45823c62c1a2bc70
4476be2a3a01c06c
bcd2c993c7c4c74d
b6a4c774c283c8ae
4a6e474e4a264a70
4be948914b864874
4a9d4c674c3e4c90
4ca44b994be14c10
c44635f0c003c22a
c51a3922c5ba3063
c4f4bd3ec072c682
c8d7b486c591b389
c55c2d8530b7bf47
c3e4bfa4be95a957
ca84ca07c900c9a1
c8f3c9dac8d4c9c7
bceac4b1c0d2c4ef
c193c35eb79dc40f
4875441346924652
481d4455486b4547
c607c740c572c419
c0a2c52ac505c554
cbeec88dca5dc99c
ca3dc880caeac90c
c59ac4d8c70fc67c
c52ac1cdc658c39b
4624c2e6bf9d331e
bd89bde6c031beed
482c4baf47534a31
c26f46c63be846f1
490b4dee4c964c37
4aab4ca74bab4ce0
4c5947f44ca249de
4f334bcd4e604c61
492e3e3545fd47f6
4929426f490242a9
c95cc91fca8bc84b
ca7eca08ca8bcb14
c8a6c9e7c9a8ca3a
c6d0c919c8f2c985
3cbf45ab42b44110
370342703bbf43ca
c825c569c5f2c662
c93bc36dc825c4fa
c52eca65c94fc90e
c82bc824c7f1c8f3
47be48da45464859
3e674423447245fa
b5534bd746a448ca
b9cd44c7360f481e
c6ffbe10c2f6c3dc
c0c0c408c691c1b0
c286cb0ac570c863
3cfec61ac149c7b5
4010c7a33072c32e
4652bd3844fdc255
41343e523f46bc83
4479419d441f3b03
c91fc8d7c823c995
c912c57cc814c7b1
c173bf873434b947
c2a3b89a3434a00c
4c7d4c274c024c4d
4c104a564c274b9a
449cc46125e1b508
34afbe3138dab5c6
c89dc804c6e0c590
cb3fc812c8b2c666
32b04c8f49074a47
41c148b6465449f7
42fc491146df4725
497247e6474e483a
4624c60fc1b5bc5e
44ffbcd82d55c1f2
4b5b47304776484e
493049aa48614823
b168489b3a6140fb
bc8544ecbce642db
cc81c82dcc81ca27
cd67cc12cd6ecc1d
cae1cc17cb15ca6e
cad1ca69cb1acb5b
c4f7c940c13fc780
4092c2313fd1c3cb
47ae43d344e84263
47ee3bb748374358
48bf45af44a74518
46ff3e1345354402
c41ac81fc17bc543
bedac502c432c44e
c211c2024221bb3b
c387b99dbc76a884
443147c548cd44d6
41f8488d46f6482a
bc9e3ac12cebb5ad
3eda410b3c7839a7
ba7142d9c1be44f7
c2c6bea9c1f7bf95
3f6046e0365f440a
bdfe4486394e4296
3cc5bbdf3c2ec01e
4512449942ea4203
48eb43184813481e
49c2424f48c945bd
481648024845485a
472041754847465c
c9f0c82fc870ca19
c9d4c83dc891c7fd
ca26c9d3c9efca74
cbb1c8e5ca75c96f
41ae405d3930432c
bcc041acbc8f3ba3
3bb742652cae4273
3e3542f1be583c1f
c262c462c488c470
3784c103c2fec35d
3670c91ec22fc6ba
467fc32a3e56c216
4287bcb7426a4101
47da394045b34198
417d487741f647d0
bc5638353c85415f
ba394293c49cbddb
c8e1c45dc6e4c407
c880bb84c5c8c6dc
ca83c3d1c81fc42a
c8c1c10fbd9ec4e2
c586bca9bf21bd71
49c440a849a346f1
4c0447fe4b6947c3
4cb84a0b4c344bd7
4cb34b654c814b5a
9e9545c0407d44bd
bc0945c7bb314428
c48cc459c4c2c1d8
c441bd74c6bfc3fe
bc54c771c4b9c351
c313c5d6c468c67a
c1bec345c313c212
c41dc657c306c456
41224694471045dc
4899449d46fd47a1
4486455744ea442e
48df451846b945f8
c4d1c75aca33c99c
c86dc7e4c93fc909
c651c8dbc8f8c97d
caaec763c9cec84f
c323c7e4b93bc2ea
c812c328c1bcc1ec
c42f3ab4bb9a32a5
c52ac428ba4dc2a5
41164b4245de4652
46d944a2474a4668
426845964445428c
47fa4535462b45c7
c32cc68bc561c102
c192c038c474c48c
c402c831c59dc463
c0f3c232c509c5fd
c0d0c836c019c58c
288bc25cbe82c2f0
bf063e0641f33a78
be4b3ec83ae54237
40694844450c4821
398c45db40f446b0
44de3f4fb8c94186
4097ba12ae5bac39
48714555438d423c
47e840ef44f14307
4b5d49b94ab84a5a
4bd149604b874a11
49b63a0d4624471b
480c427048c843e0
c3f8c5a3c779c6f4
c8dbc660c809c716
cb5ac3b3c85cc8fc
cb99c614cac4c6f0
c8293ce137f1334e
c474395bc26139fc
429449e946e24897
45604827443747c8
445c44d24040416d
44f8458540d24142
c74bca55c583c8d8
c428c4acc154c6d7
c9d5cbaec83dca70
c986c936c789c8ad
bb74c6dbc4b7c58d
c439c730c3dcc52f
425c412a3f6e4020
44163bdf42dc408c
a2ab4107b89e37da
42553e943edb3db3
3a63c600c6f3c54c
2c46c514c12dc65b
4607af7b38c73d51
43c9bc05408ebae1
3d464609457e4514
42b044a940fe456f
cb21c784c80fc82f
c9e0c748c9a2c773
c50a4054c2be3867
c90fc58dc6d3c4d7
4aa04d6c4bd34cc5
48ba4b3249c54b8f
487248074a5e494c
4a924b5749d34ae5
3fa0c8cdb9bcc021
41ebbec53d4fc001
b8abc952c695c700
c30bc877c34dc823
42ba3b053f44b979
43b33f9744f63fff
4b094c304a944b8b
4b8c4a1b4bc84ac3
48464aa246334903
4879445c474c46ff
c883c8ecc90cca1e
c811c860c8aec8a9
caafcc79cad7cbe4
cc1fc9a3cb24cb2a
c930b668c504c1da
caebbf7bc919c43e
c8d74235c23cc1ce
c8ae4148c88734d1
c64ec926c72dc8e2
c441c2bec7b3c4d3
bd3ebbf0384bbc52
4218b3793ca23caf
4827495749c048d8
48b8486249eb4993
4a5c3bb147b84574
4a0045864a2d468d
4212c62fbd17be9e
472cc4f242c4c2f5
c554c572c37cc11c
c14ec89ec3c1c70f
c778c561c6d1c49b
c91ec84dc831c863
a216bccdc4fac13e
c5cec3efc39cc63b
4452bd8fbfc5b808
ac6bbca53c28c239
3de13f81376c42b8
beff4035bcba3a2f
460c4b5c48be4a40
4314498c423349a8
45d94afe49b94921
48f34a3a48154b61
41ff494848714658
490d48c6490549a6
44d1470345b24454
481b44a348144497
c2e9c8fac56cc74a
346fc7f9c0e5c7f6
c9f0c9c5c884c9b5
c909c83fc86dc815
c6e6c5a2c52ec774
cb06be06c72ec098
be11c8fec584c582
c7e8c416c6bec53d
439fc247b7434083
4035be7ec045c0ee
3dba414c38d53f09
4085408033773551
c5a4c5a1c7f4c7bb
c435c4d1c5acc5e9
45ffb881c0954058
3e7fc484368ac162
488b489446de4900
479742634837450d
c4e93f9b4331b9c4
40a7421143564385
c2503d02450a3c2c
4487444c44c844f6
b34b3ee53c7b40a6
415fb22f4026b547
c779c5fdc8d7c896
c87fc876c8a6c92c
c38b426ebec5c2ea
c58b3e21c4ef3658
4056bcc647dc4313
4457c30247a3423a
4a3546ba4b734a37
49fd468e4b3e4968
470b469745744552
4384437f43cc44b5
40f8b0c6c086c154
be1b3cf6c16cb4e9
44403c45c2653ef5
bdc2460bc1073aa9
b7e836b7c5e63cf9
c2b73d2bc4b0c1c8
c960c91fc9bcc956
c61ec6dbc82bc8d7
ccafcc90cbe5cd00
caa6c9ffca17cb8d
c457c31cc375c557
c2b1b2ecbbafc411
4d364cdb4cd34cd5
4dd84d114d654ccd
4aa84a804b0b4a62
4c1649774ad84b05
c68dc612c482c695
c67fc87ac720c62e
c921c958c870c944
c87ccabfc8efc9df
c912c80cc7f9c797
c873c9eec86ec8c5
c585bd28c229b56c
c84fbbbbc5f6bcf0
4a5b49c748cd49ec
48e34ab3489849cd
4b7a466647194748
4a27459348c445b2
c61fcb1fc845c8f1
c823c985c68ac911
c61740c130e43853
c4eb2a48be493fc7
43c24e0b4a244b19
41074a2e46874b70
45cd43cc46394492
38e344c942e34546
4957c5bf4532421f
492a4220479d416f
407bc276b953b5b8
4672b9b54184bdf2
cb8ecb67cbe7cbb1
cbadcad3cbf5cbf9
c99fc7ddc966c907
ca66c6cccae0c8a8
adce463e3e8143b9
419845b13ccb4480
b1bd3de3bf473493
4139b12e3f0bbc22
43ecc115bc82c111
468ac08e448fc2c3
3521c4013dbbc09d
46d6c06345fcbc45
c974c1ebc291c4bb
c71bc4e6c51cc07c
b58e489e45384521
c2ce4663babf483d
487545c949024813
46b3488b486448a8
c432c827c489c4cc
c44dc528c23cc76b
bcc04770be0242bf
c6243cecc49d9ddb
4c1e4b6149044ad5
47b24882483c4975
49b4c5a740793a39
4817c2d74589c013
c404c8e9c59ec715
b97ec671c399c721
c4edc0a2c50bc401
c371aadec524bcc9
bf98391dbd28bb19
c25e4083c0e23cd9
37b046ca48374582
419f46e7459b47ff
453c49da4a0a48e5
48844879491f49d5
b9a7c019c1bfc0b5
b800c059bfebc1ca
cab1ccb2cc1ccbdd
cafacb24cbeacc21
cb85cc22cb70cba2
ca93cbe5cb44cbc9
41b1b93cbc0ab9b5
41a9c29a3f76c33a
4c1b4a6649e34b49
4b0c492c4b4048c2
c4843b50aa28382a
b16037f93d573d86
ccbec95fc9c9cb23
ca62c87ec9ccc83f
47d74acf48a9486f
427549c245c04996
4d4b4f494e094df6
4c784e824d5d4e85
c545c03ebc2cc1d3
358eb991b420b0c1
c9f6cdafcc06cbaf
cb0acd1ecc2dccc5
46bebf4435dd41b6
bc99c0adbdffbecf
495b485e46954838
49cd48d6480047de
30bdc622c47fc178
44bebde0bc9ac3a6
c297c6f1c65dc4a9
c76ac661c5bac6fb
c410bc46c567c419
cae5c58fc7d3c4dc
ca6ec8bfca04ca1a
cc3ac991cbc0c94e
c236c493bc50c414
c07bc0dac1b4c0a8
4ced4c134d174c54
4dcb4c054da24c0e
4dd64efd4ed24ec1
503e4d9150144ded
48004c564b754b32
4cee49de4cce4ae5
cc5fcd24cc39ccea
cb5ecc4bcbdecc27
ce5ed01fcf05cf80
cebcce4ecf2ace95
bac445653dba3b16
c17d45ffbc5544d9
43284b1f48814846
b89b49fb441b4a32
ccb2cb52cb91cb20
cde4c9e3cd15c9bf
c1ccc887c568c60e
c7b0bbfcc680c1f0
4a03403547154574
4931483748e64661
c975c865c9a1c63b
c6decab8c8edcac2
44a649b042254a38
45903a36417039b4
50524e994e0a4ed8
4ef14da14e914d7e
47cdc60dc013c2ff
4286c7043d49c459
ccd6cc7fcc5fcc45
cb9dce05cc1fccd2
bad94a3246c0472d
44f746da45a14807
4c1c4e2b4d8c4c92
4c8d4ee74ced4e6e
44dabcbe484e2f9c
47874a7847f748c4
c9d5cd25c9b4cc19
c7c1c9bbc84ccaf7
cb01ca4dcc21ca93
cb0eccb5cb6acca6
ba3a4727c1114067
c52eb3d3c548bcb9
43f246eb43f64312
bc7648153d934665
c667ca2ec458c81e
c82bc655c309c527
bf2bc723b471aec4
bffbc5eeb78cc17c
440f45e4448c46cd
446d4034426244a9
c5b0bd44c2fbc44d
b8a0c16dc004bc03
c5d4c62bc784c5ee
c412c5c1c5f8c670
456447cc40414766
3c12439138013e35
48e24c794afa4b83
49684abb4a4d4ac3
46a9449048604542
48fd4699493f47a1
bd56c9c2c649c7ff
bff9c5a6c422c6c6
c461c8a2c722c79e
c504c102c664c4b9
3e5035b2345ea9ca
325e44062f2e4252
c36536c7c354c119
c4adc3fec503c246
c8b7bafac6b3c697
c7c8c8abc815c7c8
45d544034531428e
4526408a457f40e0
4b2047d04a604a3e
4b1c48c44aef4899
bc0239beb1643cf8
3fd3b6973547b60e
c2f8c6d7c626c66f
c1bac184c4c5c4e2
b553c173bf76b207
bdecc17ebeb3c2ff
c82b41fcc35b3c26
c9d2c82ec7ccc470
3dd5430244674104
c5aa44f73b8f4790
494a417049cc455c
48544c2649db4b4c
c4a5b903c339c186
3aadbe4ec19dc22c
cbcfc860cc27caff
c94acba0cb97cc03
c0bac7e0c32cc5a8
a0eec228b473c500
46e7c42a461441f6
4822405848f3401d
44eec3ee40f4ac3e
45c2bc8444bb3918
49bc4aa348fa49c8
48ba4968480449a5
466c4eb049e74ccb
44784bda45724b95
c91b40c9c4ddbea3
c839c17bc833bfdb
c880cda1cbaccc7d
ca37cc5bcb28cc16
c7c7cc85cb41cc0e
cb63cc38cadbcc15
cc82c924caa8cb5f
cc0bc9e3ca59c9bf
3d3047c544d24532
46e444b545d14563
5066508b502b5097
50864f9050434fa8
4c7d4a774c544be0
4c734cb04ce64c2b
c88acee3cb50ccdc
c8b0caa6c932cbc1
c989cd96cc2ecc70
c9ddcc7fcb6ecca5
c92142d8bee2b84d
c867b8f0c5a09d6f
490b4f824cfd4dd7
48e54ceb4a884d66
4c524e124c194c98
4c3e4b044af24bca
c3c7ca08c87ec986
c27fc7ffc5e0c870
ca1dce1bcc80cc99
cc07cb7ecbcecc40
cc7dcd56ccecccca
cca9cc44ccaaccd1
cd20cc8fcc91ccb7
cbf5cc01cc58cc80
4a7c4c464b074c30
4b0b4a394add4ab5
4eb74f864eaa4f52
4e3c4dc84eb74e56
c399c41eb687c506
bebfb9da2deb2df6
c860c66ab4f0c739
c442bc78c1e23456
b807b52141ee388a
c437b652baa53d24
c8ffcc4bcb5fcaab
cd6dcc93cc1fcc25
39563e72c12536f4
c281c55cc08cc130
4d294f964d5b4dc1
4f7b4d6a4e1d4db0
490547844683478c
4c3e493b4911482f
c3f7caaaca6ac8a4
c85ac69ac9e8c937
3d883494c41dbca8
c1d13de8c21cc110
34893fe8afad401c
435d433f3e2734fb
c92bc8c8c7ebc710
c5a1c5e1c7a7c816
c854c6bdc208c749
c4cec568c1d5c4f3
418f468d48854634
43d144ba46a747d5
478b495248ac49ec
343c46aa442248da
3201c157b9f1c1f6
c810c5f8c08cc290
cb41ccc5c93ecc5f
c859cbe6c832cb11
c9abc77cc49fc5fd
bc2ec2a7c48ac400
48304a4a483f4953
4770497847e4492f
4c0d45d646b947d2
471e448448074597
489743cd384e41b6
3b213922ac15388d
c58a471bc440bd54
c5df3ec7c624bae9
c8f1c8e3c9b8c8a5
c7f2c8c1c8adc930
c042cad1c707c7bb
3a4bc85bc122c709
434945eb48b0455d
4a3149f849c249c2
4039486c485c471f
45a449db474c488d
c780c81fc834c823
c94ac8f5c8e0c904
c8fac79ac769c813
c803c9cdc802c885
441a45ed46e447ae
460045d0453a462a
4c7c490749b24aec
4a7b4b34499f4a20
4b4a4ae8487d4b03
485c48bf48a64886
3828491841914709
bd623c273d633e7e
c98bc87ac771c93d
c668c634c74bc68b
c837cb77c678ca78
c1d1c525c487c513
4463c38e401cbe73
2c20c0ce3ff3b9d5
c33dc676c54ec6b4
c954c946c7dbc822
ccdbca19cb29cad7
cd26cad7cc74ca3c
c86b3c22c501bf6e
c7d6b699c6c4bd11
48a44aae472448fe
499d494148d04815
45853fcb3cc03d1d
4857b1454647bccf
434dbb9d36a736ee
46ebb3de43c5b875
4f094e8f4e864efd
4f984f964ead4f0d
4c334ae94b5f4bd7
4c554c884aed4bf3
cc13ccc4cbffcc2c
cd1fcca1ccafcc53
cbb3cbbcc8f0ca1d
cd6acc05cab3ca0c
cbd6cb60c8b0ca41
cb98cb42c911c97f
c83bc8f4c892c99a
c06ec994c566c8e9
4b41482f47504673
4cd6484b4a674709
43b0c375bcb6c16a
44f5423d3fd2b1de
cb5cc8dbc921ca19
cba3c49fca2ec676
48134e6a4b634c38
46654ceb48ae4cd7
4c9f4fa34c814e8a
4b544c974b6b4c97
c2d33ae9c48c4429
c72dc95ac69fc833
c81fc990c6fdc80c
c8bfcaacc8a3c90d
c56eca68c476c9c9
c573c483c5d0c47c
c88dc88dc5c1c71c
c90ac131c7e4c489
bc06bf2ab197b6c7
bb713edc398d3431
4a33400844aa4126
4a634581497343ed
4b18450b46f847e5
4c3f46934ab94534
3edcbeae3d264078
4846397244c6322e
c75ac59fc6c3c687
c628c5bac755c5ae
c6bbbe8dc779c5bc
c9fdc5c4c941c57c
474a4371446f4408
3ac142584145442d
4ce04a214cce4b34
4bf14b0e4cb44c2e
c008449746f44219
4023405a45d745c5
cdacc5f0c9afca25
cbffc8f9caddc83f
ca69bf13c8f4c891
c96ac04cca06c4bc
c19bc2fcc71ac25c
c138bd2cc701c4de
c4ffc713c809c0e3
be5bc827c54bc8ed
ba97c1ddc246bbaf
401ec7e83d92c714
47173a2543df4171
44a3bb7845b23c0f
43a5410b44e74456
b66345dc36a34603
41b042fb44ab4422
b3054779ac594641
4ba8462848b548cf
464e47e0489347c9
4972426c44e745ed
42a74148463441c5
c6e7c6f4c5e1c7e1
bc9fc6d1c3aec678
c16cc730c2bfc718
44a6c3c934aec3b0
406b43dc40073975
43f4447342da427a
c7cc4180c0ddc2e1
c5514117c4283c38
c7333f04bb24b474
c4074219c3ef4198
bec54955443b4895
c40d43cab813463c
c566bf52c27cc242
c827c819c447c582
b99dca18c36ec8ab
4426c8313c59c808
494740ae47a9472f
4c3145bb49d945df
491e468f470c49cd
4948477b482747a3
c3efc81fc889c721
c862c3d3c868c6f2
ca78c8fccb40cad4
cd52c847cc25ca27
c4213d56b24ab5a3
c852363fc203b56f
474a3c6546b7425f
46fb400c473d43d3
482bbc4c3983b893
4222c6734078c219
470c499147194883
48784262475f45c5
44a64c6c4b144c04
4c924b6e4b2f4bd8
c9792e4dc531c13c
c73bc12dc804c1ed
cc69cb00cca1cc33
ce28cb11cdcccc31
c441c8bdc6b1c8bf
c6e5c202c77fc63b
46c7c16945d436af
48df464f486d4526
48ac3d8047e745ee
4b1246ac4a2c4766
450e32b4394b411c
47fc3a0244a63f18
c2a3c3dcc5dec50e
c490c0a6c4b1c11a
c2412c7438c5bc0d
c4ae3fd9be064086
bd5b45ec476b45b4
c022403e412944f5
c452444b3f703df4
c6b5c0cbc0c5b60c
47294226b4ed4099
412eb5ba3d9bbe74
4cbe482945bb49b0
4a3f451248d84345
3e86458c38494461
b7873fee38cf3c28
ccbcca71ca2bcb1c
ca5fc889c9f1c91e
c909caa5c65ec8a8
c42ac84bc46fc737
3e9d416a3e1b41aa
3dfcbec23a10349f
3c5346a7b4c63f2c
36f94030c0493a4f
4611424d47254403
484448a446ba4785
40a0c81d43d7c291
42e541cb432442ad
c588c745c530c82a
c6c4c604c74ec551
404d4b5e427147f9
38b541ba37484246
3f36457c3bec451a
bad8b0383dbc37e9
c1ceca98c4edc716
c29ec5c7bdaac5a0
4483407b44554325
48b746cf47f64521
44b7462a3a7b43ea
47e7440244c74246
bcf1c086c4b5c292
c25ac51cc385c303
bcde40aa41cf3dfb
c1a8400abd1c415f
c684c499c021c4e3
c65db8acc602bde7
ca02c89dc804c884
cb0cc5afc965c61f
385b47c041a345bf
c30d44bf3d55447f
4af3480b455b481f
495d45f2482f449f
4608c74dc0dbbfe2
44ffc3003c59c4b2
c7a5c5a0c0f4c3c3
bf5cc466bff1c3a4
c934c1aac361c5f9
c50dc7bdc488c57e
c8d6c88bc862c8a9
c9fbcc21c939ca3e
4304352a40f1443a
4139c2da3f9fba98
50f650035034503f
510e502950865003
4e164dda4d7e4d0a
4e0f4edf4dc54e19
4aa74c7b4aaf4c5d
483b49ee48d74a18
4a384e124b844ccf
4bfc4a2f4a944b09
ca5ac934c8a9c938
384fc9c8c2aac902
bbdec4dfc450bf62
c448c450c0cac4dd
c40ec90fc9e6c8a8
cc7bc6d0cb6ac91e
c820ca29c985c988
cb82c473ca6ac818
4c424d494c6a4cac
4c794d0a4c354cbb
4c4e4b614bfb4b11
4d374c794c354c1d
3b80c80f4060bd05
44f540fa449a4070
c5144453446d43b5
4033c1ba44e2403f
cddbc891cb64cc8c
cb15ccf0cba2cc09
ccc7ce0bcd39ce50
ccf0ccd3cd39cd10
4e354c694d314d42
4bd54d2e4cc64d3f
4fa74f784f2f4fbf
4e744f2f4e854f44
c74bc8aec82ac6ca
c712c723c894c817
ce23ce66cd91cdd2
cd79cdf8cd65cdf3
cdb9cdc9cddccded
cdd2ce03cdfbce33
c80dbdebc91dc65f
ca37c42eca63c7ba
4c2d4f1a4d6d4dd1
4d3a4ebc4d724e5d
4cc04c054cb24c66
4e074be04dae4cb9
449ec6d5c228c0d5
b852c84abab8c5c1
3c87c2613963b027
c0e7c0954063c0fb
43e9b6853fd13dd9
3e40342344dbb910
3f103e4dc53f2449
c559c40dc6f2c4f3
32f2495641544709
2f1046a5bda845a3
3d84482347cf4644
49284836487a48cc
ba15be7bb875c0e5
43d8c0513baeab50
c87dc903c708c90a
c679c647c818c5b8
cb0ecc7fc9c9cc0a
c9bec8f7ca0ac961
c8ecca9cc9c2c9c8
ca11c97bca4aca49
c5c2c548c596c4df
c681c573c5d7c6cc
48c84682492147a3
49c148994a424899
4c4348b44b474a24
4bd64aa54bbe4a88
c2f1c807c3e1c461
c601c1cdc545c447
375348d5447f4769
bd8c436e4182457f
4b034e1d4bcd4c8b
49c04b274af74c1c
ba38c148bc38c0d9
bce639d7c03bbc10
c82cbfb7c2d6c109
c4e5becdc4b1bf74
b7f34b933c91459d
35a1343eaa594233
459740d6bde9b17e
4464c45d3decc2b7
3c82cc32c356c64d
4305c73f3fc6c768
c499cc6ac7bec8ac
c539c831c547c84c
c16bc5cec76ac5ba
c776c2d4c865c588
c1a34455c056b772
c37b3f03c4b3af94
c818bc81c3dcc5ae
c603c383c4c4c339
bab940a443e64173
3e67408e447b40de
4a274a9c4b7b4c3d
49a34c1c4af44bbf
b5e9c561c1edc30a
c3053238c487b530
cb8eccb3cc27ccec
ca0fcc65cc33cc14
c822c824c64ec804
c1bec829c4e8c71f
480945194732477a
489b46db492546f7
4b994a0a4a524aea
4b3049104b434953
45ac47684741463a
42a142bf45a64315
406e47d3419e435d
c3c13c40323e288f
3f784bb13fd7482c
c28241dbbdd341b2
c8393a7dc6aec2ca
c930c421c935c1ad
cb20cddfcbeaccf2
c98bcb19caf8ca94
c148c96dbd70c5fa
45a73a5a425f3809
4c4a4ae94d564c8e
4d2e4d9a4d974d66
4c444a254c8e4bc6
4ca14b254cce4bb1
4802489845684685
48d4418e46274422
c8a3c796ca87c97f
c7f3c8cbcabcc99f
ceb1cf2ece64cee4
cd4acd62cdf0ce23
c49f2e5a290abc33
c791375eb7b6b2fc
4c964eb24c654d6d
44b84c064a754c61
c425c907ca1fc765
c906ca8aca8eca8d
cd3bcf44cee5cd9e
cd74cea1cebbceea
c690325bc84ec125
ca8ec5f1c9b2c65c
457d466b404e417c
3107434f407b42a2
4a0d418f49fd45f1
4cb449064c3c48c6
3fe43ffa498d43c3
4bed487a4ae3483a
c544377e45ba3930
431e443f44b9452c
49bc49d64c8f4b08
4ae14b784c4d4c4d
48fd4b694b084a10
484d49234a0a4a53
c20a45ecc2d2be46
c6c6c4b6c47ac12c
ba82c6ecc783c645
bf5fc73fc4c0c6a1
47fec1dd3d474167
481033b241d43090
48bc489d44244851
45da445842804445
c811c812c9f1c8c7
c8eec733c9a7c86a
cb08cbe5ca4aca91
cb45c71fcadac8d1
460b4a32481e49c9
4292490e444a48af
bf33470fba26428d
42e6c1b52c18bd0d
cce3cd1bccd5cd14
cb21cd30cc21cd33
38c8c85cbb9dc429
c8f840d6c208bd7c
48b6442248954700
ad564a05479148e9
c799c039c40dc650
c39fc2dfc193c1c8
c3ef2c78c394c4a0
b935c20bc194c2d6
44c23ca53bbf4145
466eb2733f5ab966
405241a5451645eb
4824411c45724424
458248574a374864
49de48e04a254a4f
411b3b53453536ef
465f3e1145b1433f
c70ac673c820c70f
c878c95dc895c8f3
b9294568c0a94167
c82ac2a8c44ec0e9
4ae34a4048ea49e7
489e486649df4894
48e1398a448a432f
48fb44ac477e4379
c1ebc875c4b3c511
c2d4c6fbc4cdc58d
b135c463b9b533f5
c1b3c16bbf15bacf
3f4ebdd8b9ed3cce
b5d745cdc0ca4048
c886bcdec833c62e
c6e0bfa6c94fc547
cbd5c2b9c882c954
c78ec838c857c84c
b821383942bfb523
43d444e0450a4364
4b704a8e4b704bdb
48c44c684b0b4c2b
ab8243303c25437e
c57741ddbb9f4161
cacec9d7ca46cb3d
c993c9deca43ca2f
bc37c2f5b2f6c429
4376c4a741aec213
4926452f48054744
49bc410549ca450d
3802c51ac4fdc447
344dc6cdc4c3c5eb
c7f4c780c8a5c824
c95aca0fca05c93b
47d74bec49074a6f
bdb5486e46574921
4b3c4c9a4bc84c11
49634c7f4b024c61
c49fc77ec0d9c4ad
42b5c254b8dac201
cb90cc6ecbd5cb31
c811cc91cacecc74
c749cadbcaafc958
c6a4c9d5c996ca9f
3d8dc908bbc5c21e
be5e449c3d9b3655
4531453f474246ea
41f24a4e4649487f
48fa4ca948f94a66
492849ef46da49a4
48494738489d4627
481746c2480e4827
c8e8ca23c605c9af
c9c0c828c6dfc653
ccaec87bca56ca6e
cc5dc9e8cb4dc91a
463c4c3748c049c4
47ac481c488b492e
4da04dde4cba4d28
4d564b434d494c0e
47d7489c451e47fd
49403fb647cb41e9
c835c805c875c80e
c430c89fc75bc8a9
ca63cd73cb89cc39
cb30cac1cb3fcb9d
c893cc51c9e2c9f3
cafcc8f8ca76c9b5
c499c58bc58dc54b
c7bcc449c7fbc518
c024bb74b862beb4
c387b06bbebeb918
44664849479b4785
456e481c47f44814
49304a4549ae4a7f
4ae649ec496949fc
483a458246474801
48f4466c45f9468a
47c546f643de44c5
46e4452845e6452c
4197349db67bbc76
45542a724109b7a0
c332c869c09ac510
b48dc51cb9f3c4bc
c64dc277bd5ac3cd
c86bc2fec0a4bf03
ca96c4dcc80ec889
cc50c66cc9bac67c
c8bcc947c88fc90a
cb46c7ccca3ec8a8
432fbf26b843b883
3d772fb9b713badd
3d4c42243f474121
48bb446344c842d4
c3d53f53b9e235a7
3c14b9b2b78213f2
435148e24123457b
350cbc1c316f3eb3
4b8b4c584b634c71
4bcd4aab4b894b13
48e944aa49094944
495548ce4a744867
c535cb6fc96dca14
c86fc9d3c851ca3a
c605ca82c97aca89
c761c80fc95ac909
c0b9bd9eb9cdbfe8
c25432fcc12e340d
3ede48d845c04853
b7dd3a6e4207445f
477e4b9f49c74aa5
4955497e496749f0
437240ae441d3dcf
487747fb45cf4579
c85bcc2bca1ecb2e
c779cacac90fcae1
ca64cc47ca90cb3a
c948cbf9c9aacb32
c74cc5a6c555c5cc
c700c421c639c2ff
c391b448c2e1c2fd
c93d3857c76bb951
312043c841823ee8
be9648233ba9449a
422141a3445344ea
4640466345c34420
426db8a0c144b19f
c33dc818bc6bc51c
4694498e44844716
b5b83353443442b0
496b4d444c114c84
4c0a4cfc4b2c4c9f
4c244b894be54bb4
4d654c8b4bdc4c66
49943dbe44d24371
49f540114779443a
c607c8cac65ac636
c069c874c3b3c826
c9e0c954c7cdc868
c848c8f1c70ac970
c9a1cb53c9accaae
caedcbb5c9f5cbbb
c97ecbf3c9dac991
caa1cae0ca93caf4
bd1222e540fd41e8
bdaa47bf3a914587
41ea4536438b403f
ac8d4882411347c7
c6ddc7a3c8b7c948
c839c88dc8c0c81f
c7e0c2ffc500c5f4
c353c194c383c1d9
3bdd46be429e4139
4476464c44134613
38dc4158c211bae0
404cc484c1f1c241
42da461438f1443f
435ac1223bc1bb42
4d334ca34ce84ce7
4c214c0a4cf74c70
4c9f4c6f4d3f4cbf
4c764c4a4d0a4caa
c679c54ac3afc478
c589c478c550c4aa
c95ccd56cba7cbb8
cc94ca6acb6fcbe6
4098c222c0fd3ede
c48cad79bd44c305
30244958b7c7458e
3fdc3d50bd273cb3
c835bfd7c545c7c9
baf1c475c588c090
c67fca92c19fc8f3
bc9cc30cbc19c19a
c428c89ac0c5c4c1
c731c519c391c3eb
c0f738d041a73dff
bc5ab5a0b6434175
4708484049b2491a
4a834b4f49b84a28
492c479444d347c9
480849b0466b453e
38bfc39dc695c50e
bbdac6a5c1a3c7b2
c89cca53c8d4ca0d
c68ecac9c4c9c9f1
c5c33dbac3c4c139
c562c4fac44ac3a5
b9b549d33630443b
3a3e36b7c29a40f0
3d693cfdbc3bb864
bfb2b83bbfa73bc1
4a244798480348a4
418c491c46c6491b
4a6d4af74a8e4bb9
46e149f6482d4a3b
3a62c6933e58bfdc
bf81c2093125c154
c312cad3c0e9c7bf
40b5c4303e91c556
c37bbc45bd84b8ff
44ce3d541e85b80b
c963bd41c8fac5e4
ca11c628caa9c706
c8abb7c2c6a8c482
c7f1c5a2c6f6c482
429b42a9476243e3
4ad744ba4a6a4615
44a1c86b41a5c348
474fbcc047b3b8f1
c647cc38c97aca9d
c96eca11c8e3ca59
c8bb355fc6f4c41d
ca15c2fac970c489
c22c4879b1ca42d4
c93e448fc6284468
484c464d42fd473f
3468445b3fb1445b
4d094dd64c754d44
4cfe4b6f4c694bef
48e04ceb4b164b09
49e549e649da4adc
c5cec9d8c544c6c8
c479c57fc4d0c63b
c994cda7caeccb19
c58fca56c876cb81
bf91c403c209c3a7
4230c0403c6ec0d1
494446ed48df45e2
4a65492849d248d4
c1f8c6aec03ac5bc
b66bbd73c0dec29d
c9f5c9f2ca0dc9dd
cadac9f0caeaca25
c0a9c73fc795c6ce
c8a4c752c7b5c70d
c0f0c500c2e5c2d1
c605c505c1d3c34d
45af4970488e4a37
460644eb48334858
4aa24ce84ad84c1b
4a084a9a49d54ba5
bffb41c5b597be9f
bf2941d3be873edd
3b8e328d3e2340c9
423c426040d83ea6
46b34a0e47b349cc
48584844467847f7
c8f44838c138c06a
c849c31cc696c0c8
c9f7c28cc7aac98a
cb65c8ccc8abc823
c58acd00c906cb01
c688c822c78bc91b
444ec9612c40b814
48443eee4130bbcc
4c4d4c284bda4c84
4c5f49b14c164a51
c2afc58cc266c600
c471c72bc064c55f
cac7cd2cc8c9cbd4
c92fc5a9c867c808
496349ca49654a15
49544b8d495c4b09
457c45f7c0fb4364
3c38c174bcefbc2a
ca2bcc81cc84cbd8
ca78cc73cc15cc95
c8e1c82dc777c83d
c80ac7e3c815c7d0
c75fc402c44ac4bd
c837c6b7c568c539
a4c83916bfe539f9
c120c1f0bfd3c1ed
4cb54db34c5b4cd3
4c7a4c934c854c6b
4d4d4dac4daf4da0
4d3a4d864dab4d8c
41e0400f422742d2
3f57418d3de04131
c83dc67ec7c0c94d
c51cc63fc7adc6b9
c3d3c4663526c4a1
446f380d418a3c1b
3e2a44b9450e4572
42ac46174464468a
c3a447dcbc4034cf
c8573f83c61b3cfd
c4ffc054bd22c428
c632c0f2c568c050
c44fc40930bbaff9
c43ec363c22cc0b5
bd54c24bc296b721
c808c44ac4eac4e4
284ccbc6c928c83e
c65bca1ac665ca54
c82dcc08ca4cca16
ba95ca60c5e3ca72
c623c5c7c67fc753
3e05bd9dc025c405
48e94821469e470c
43ed481146e84828
4c934d444caa4cc9
4c2e4bb24ccf4cc4
3ed0406e42233dd1
481f41d8455b42d9
c9e7ca9bcad7cafd
c90ac8e1cafbc9dd
3e6d40f3b3933539
35123e52bd763ff5
44e345b746254651
416540f3455b44ba
c798bc77c2ca3946
caa9c7d8c7a1c71e
c8c2be9dc524bfcd
c98bc454c8b0c73f
c496c892c567c853
ae38c154c407c6d0
48503af5443b3fbb
4886418046614177
4bdc4cdb4c1a4c53
4b624aba4b6d4bf5
410c47a1464d4615
464446f34491471d
c73fc8f8c517c6b3
c56cbabbc4c8c004
c472c837bde2c5f2
c5103233b58d39c2
b2ae41ff3d21c101
3e8db4c542c63dc3
c80fccbec870ca4b
c7ddc830c7bec83d
c9e3c2bebbb1c408
c90fa860c7f1b51b
460950514c394dd1
45314c4748394c4e
44953f2440943eb6
46c83dc6473b3f36
c6facf25c9f5cd3b
be03ca73c0a6ca78
c24cc444366dc55e
3ae835223cfc3435
429cb7fe4120b818
424740cf41bb41b4
4210c575b1cbc023
3fccb5ac3e70b57b
3d224a34477547b4
40ca47f543484773
459f461945fe45af
43044617448a461c
4c3c442e46b548bd
48624699485246bb
489c4cca494f4b96
4786497a47c1496b
c46a481f440345af
392843d73f0a4403
39013cc1bdc84466
c0d1bdabbe6cbe1d
44d44a41b0394898
bd57377dc0d02fe7
bc0dc21bc4dac485
3c31c4e6c0d2c4a0
c519ccd0c92fcc0f
bf57c97dc4d6c931
ca1ec93bc86fca98
c96ec862c93dc877
cd53cb5ec8bbcc03
cb59c85fcab7c8a7
cc16cc0fc771cba5
c8a6c6e7c8b0c705
43c5426342584022
405a418e414c4219
4d3f488947e44b30
4b0346944b1146fe
46d2bc8032c34133
474ba883463aaccb
cb96c614c5f7c925
c865c561c7f4c5c0
c50cc1c9c2b6c043
c5b1c339c40bc348
4807426b404446d8
42c0400c432e406f
46e94a464837497d
43ac487244cc4868
495e4c6549024baf
439c4920455148f1
460b395cbc154057
2f5cbd3cb9bfbd4d
b959c751c291c52d
39aec38cbc2fc2ee
be7943f844df310a
44eb456644364559
ca383c27b5f8c786
c5403a2ec48e3857
c919ca69c921ca0d
c9f3c931c96cc903
4877c786bcf33d69
4483c05043b0be6e
4b214c244d124c24
4d214d004d2c4d04
49974e824d1a4cd4
4b594d0d4c214d12
4b894c5446494c10
459745ee457245d2
c563c988c8d8c752
c701c89ac885c8e5
cee7d031cd72cf66
cc3fcd4cccc8cd4c
405dc710c75cc487
bcb1c77fc1c7c74c
4c2e4bb8439e4acb
455742de456941e5
cdb0cbb4cadecc91
cb3fcacfcac6cb01
d020cfe3ccc0cf99
cd14cc91ccdecc91
c12cc679c122c475
c4ccc058c40ac010
b552c358c18ac119
c07ac1eac081c126
c6a6c745c59bc6b6
c4edc5c8c4ecc593
4c034d7e49da4cd0
485349c448ed49a8
4e594fcb4caa4f2c
4b3b4c894c0e4c90
45e94a02497848cd
44f2492846bb4966
b1c3497549414504
465d491d46d54925
4b83489d48f248d8
4bf948d04ab948cb
4abcb8074205450b
482e425e45ee4280
c370c0acba1fbe0c
c29135f2c3539c8a
c343c1b9410cbc3b
3bd142633ef54162
c039c88ac2dfc3e3
bd0bc3e0b46fc3a5
c913cb6dcaf7c9d3
c87bcb3dc8b9caf9
ca09cbbac991cb4c
c5c9c98ac6f8c964
c7f2c8d0c693c924
c5c2c681c600c672
422844bac115409c
c420c179c4a8c1db
3ef346c1b10740a6
bf5f2e7ac205b6f9
c9a6c1b9c3abc6f8
c7cdc1eac7cfc2e6
c6c144dcb531b67a
c54fa44ac26fa99c
484a4a72460948ae
463c455e47da45d5
4782309a44b74440
477044a246f444ba
c651c4a84163c165
c01d42b3badc4189
c0c03ec33c4c3e3c
c0523b8db62639ff
48b9b9a2319b44cb
45fcb98044c8acd0
3d13c80ec328c3de
4032c42c3732c378
c0aec710c50ec43d
c041c548c173c54b
48ec45ae45104885
451a45054508454e
45764a2948874783
43c348c8441e48db
c8ecc0cfc0eec83e
c61bbfafc68fc0a4
bd35ca33c5cac817
bd1cc643c08dc62e
4b0a477846b048be
498845f749704678
488c4d9c49114c29
46ba490247d148f6
c58048bf39e74319
c4db3c9dc3a738a8
c833c4a4c08cc775
c0c9bd80c290bfb9
b41ec6f0b759c3bc
40ce364e3bbc31e3
c632c91dc712c715
c710c694c666c65d
cc35cc72caa4cc50
caf9ca7fca39ca6d
c58cc9a2c684c839
c5afc6aec57cc6db
495d487b40e7495a
43703f1841823e1a
488247b444d74958
46fa43e346974428
3722c5c74142b37b
44583d75459d4058
4133423c409b3ec7
40423db542a03f46
3f84480a43d63d0f
3e34444f3fbc4419
c816c776c0f5c8de
c3d2bfccc4afbf99
c580b523c17ec164
c5d0c0bec63bc124
bb234cbe45a448b1
c269466dbf3945ee
37d3484044254428
3b38449d39154492
49b9c3bd3c0940c4
480b3d1f45a03c4a
4600c731bcaebddb
447eb85f42e4bb22
c663ca5bc669c883
c0c8c682c1f2c61e
c438c967c56ac661
b3ddc639be53c594
412ea92531464415
37b9ad863dae90e2
447c484b3afa48ce
bc553b1e381839a9
378b46fdbc114452
ba8dbe07bb84bd80
3ffe43d93eef3f1b
3dab3d3540073d90
3671c2a34127c065
38a041a83fb340f0
c710c5d23c5dc60a
c0893d32bc9e3c8e
ad12497b48324464
42f0485043a14836
482c4a6b477c4701
453447e04421476b
c08dc8cec6d9c866
c393c702c5f9c6b8
c4cac585c1c7c54c
be54c29cc047c160
403c45f744c145c2
446344b945a044aa
c8c4cb58c864c905
c326c851c48bc84f
cb32cce1cae4cc05
c880cb15c938cacf
4a254b23435c4a80
3436425540bc4285
4c6f4c9847e84cad
43ba480a45ee4770
c627c7aac44bc512
c1dcc396c3e1c40d
c7e2c48fc2e2c4cf
c533c202c4c6c1cb
bd58b07540d6bb31
c2954266bbd8411b
3cd3bd634168c04b
402d41be40be4161
47794993440e465b
46f342a8457f4430
40024406404f4042
4407403040154091
c56ec7bc3555c42b
2c7439cebcb83764
b9cfac0f401b3d0f
3c6e3fd23e1b406f
3def42103fce3c57
43b63f0044023f14
c03bc15fbba1c27c
41c4bc313e37bcf5
326cc8c6c71fc549
be77c747c3ffc73d
4710c112c458af72
bed6c499c0f2c4b6
3bbd476c41594402
bcd4400c3e9b403a
befcb4f334963de1
3b40b64b4095b364
4493be5bbff74277
3ffac0333a5fc034
c49d4809383643d4
c6fb3c36c45a3d33
c9afbf0b33c1c57e
c8e43b5dc62a3c6a
bd0bc5c34033c4b4
bb7640bdb8704066
b965482d46484101
3aec472e3c60467c
c605327eb3e9c379
bea93be6c21d32ef
4850c0c6bffc4096
46c6c17342e9c0f7
4b65467540b748ae
497f39fc48b23e24
42f7c826c5bdc250
40acc63d3d40c5f1
bc03c82ac567c494
be9cc52bc078c544
c26e48494523420a
b6474578391b455e
bc484735459142d6
373b45cc3da1458f
c410c105bca1c05c
c1e4bc59c098bcee
ca86c7d8c56bc840
c7e5c50ec735c4f8
bc71c14f2d5fb92c
ba433a74bccf39e9
4a01459e457b489e
455d4580454b454e
3ccb45b63fa84248
b85e3cb7385b3d74
c713c7f8c563c890
c28fc649c2e5c598
c39ecd38c9d9cb31
c161ca56c405ca1a
4297bddec408b8ac
bfc5c417bd8bc41c
40904c4b46b748b4
38dd47ae3e414750
bb01488045c14416
42b3461441744595
47cf4790476c474a
445c476d456d4745
48c6468a484648d4
4579487a463a4881
2887c04d38b54002
44a636ef410336b3
c50cc2d7c446c457
c002c46dc171c47a
c290c2fdc3f8c4a0
c651c2b5c53ec323
bc7ec349c550b0f3
c0e7c521c317c52f
30ef3d7fbe253f37
430dbec93f10be03
c89ec6e4c043c904
c3b6bf05c1f7c003
c82fcac6c742c969
c7f0c7dec750c7af
48fc407eb5ee4563
4278be1a4079b8fc
409e41ad434bbd18
432d436f43744393
ca32c6143b66c953
c3733d6cbd723b41
44d74a44483348ed
40224857448d484d
4c524d70496d4d00
45ea49c6467e4992
410bbdf6bf4b4018
b05ebfe4bcfac078
c736c8a6c61dc588
bc95c742c11ec6bb
376db48abbad32cd
4123bd0f3cffba5d
42e7c4abb9c4c104
3c70b6c839c5b6d7
c439c90bc189c7f6
bec2c0d0bd6ec1c0
c680c0e2c18dc2d2
bc4ac03bbfe4c148
c5663d16c3deb8a4
c664c2b9c6c2c2c2
bf35c340c3d7beb5
c7a5c418c6adc35c
4822403040e545a4
45bb3ecf45114095
47634bdb48364942
485b481a486f4830
b39a4a5444824352
b959448b3f7b441b
b5dac6aec3ccc597
bdc7c466bd96c48d
c28fc80cc10ec52f
be1dc0d5c17ec07f
c0a1bb2c4064b972
bcd74284be4c41c8
412cc3a63dcdbcdc
42423f3c42533e1c
3daf457545f9432d
424b4584455545b5
4334483b46a8463d
41ae467e430d465e
bd8ac730c4bbc515
bc87c4b2c334c4b5
c7f9c758c801c645
c73ac81ec79fc7d8
38e33e2fc245438f
bc8dc344be2cc348
3a0b3d0fc4873e3b
42c2c4d3b04ac502
c6e0c5c4c7ccc624
c40fc7ecc4fbc78c
3d34c67a25c4be8f
bcb5b4fb3e7b2ceb
489d3cb748d9441b
47424903487b48f5
b8ae377a43e3c43d
a761455d38374506
c33abb9ac127c5e9
c604bea2c474c007
4439461a3e0c4628
3c5d3c2f3f993c7c
bf2c444e365944f7
3a16b6f8b0da2e25
caecc42bc4ebc648
c8a6c549c838c50f
373d446d40ca4114
bf77401cb49d3ff4
4c3f496247b049f4
4944477d487a4762
44e3421b3bcb42b2
44453cc840b03ad8
b85f452838b84373
39c23b11372e36e1
403242cb3cff41b4
41e13f633f223def
96aac81fbe0fc4f7
407fbb613970bc9a
40d2c56d4137bc0e
4212413942474134
c422c039426bc28e
be40424fb6a442c5
c987c84bc3adc9d1
c713c3ecc635c337
c7d3cae9c8d9ca4d
c49bc939c5c1c901
c5a0ca18c96fc8ba
c052c9cbc489c992
40ed443fc11644e4
b118c16d2c47c158
48e249bc42c149c6
407942aa43ac4264
360dc09cbfc5be0f
c01bc074bd12bff8
c445463d416f416f
c4d041d6bf6f41de
42484c8048d04ab6
3c98491943ad48f0
46e23e62443f449a
44ee44684458443f
498c3fd847414546
478747c246a74779
49924cd649bc4b94
47ed49fd480349ee
c26745b0c1d03b51
bf9ec28fc0cdc1e8
cd25ce38cbdace06
ca50cbe3cae9cbc7
cc5ece89c8e1cd88
c919c8a2c94dc8b2
3242c796bde8c404
3c91be7d38afbff8
48f742bd3ed044c3
488b3b79476f392f
480148c846234713
488245fe481845f1
b8e642b941453d88
375b41f038d14210
c59fc44bc49dc2c4
c54fc512c5c8c4c4
3438453cba67449e
b32ebd5eb706bb4c
4026bf44bd613da7
bd89bb6fbc80bba6
c2bdcaaec63dc73c
c75fc59ac80dc5fa
bda64aeb45f54645
c29746c3bf0c4671
45074eb44a344bb2
3d8d4a75461f4a58
4908bc643676456b
47bbb9cb47a8b7e2
49f4c5bfbcb5423e
4a39c099486fbec5
4068354fb4adc012
400fb1d93fb03589
cb2fcacfc67acbd2
c943c65ec823c66f
cc77ca1dc207ca7a
c82ec1cec70fc29d
3bd544b144dc43db
446844e6436e450f
47104669406d4693
44e0404543e940b4
c58dbd7cc3b9c401
c3fcc28cc526c378
45b9c29fc142bcd4
3f89c101ba55c153
4877c24ebce93dd0
3f55be7b3c15bd97
c2753c643fceb4f1
c3154049bde73fe9
c1f0443f421a3e74
b54042f53ccf4280
c81ac205c569c2e1
c633c513c552c54e
c4b3437cbd5a3c8f
c5b4bd8bc455be0a
47d74b12479b49a3
444f46d14591471b
3e61c2cfbaf33a80
31a4bf3e3c2fbdd4
bda0c965c305c49a
32edc2e6c01ac2ef
42d9c56b3081c0b9
46e13c663e7d3b6a
c2efca24c4e2c91f
3a9dc458bc8ac46b
b4f8c1a2c2ebc2f3
3909c31c394bc39f
4b094d0d47404b80
48b34741482f4750
47084c1348724953
447a484946764896
c111bccd434dbcc0
be9041794063424f
bc2ebdad4014b53d
c0673f8eb08f3f26
c8cf445c360ac0cb
c8393d2ac73939ee
ca8bbc23bd09c698
c753b95ec704bb40
41b6c79abb2ab6ca
4204bc553f10b9c5
49ee3c08bb644788
3e9bbc5d3e91bbda
c38a31a8c4d1c0c9
c61cc467c51ec4c4
c812cae5c8e4ca2d
ba8fc8cac1f5c8e1
3d91ccd5cadbc977
3f58cb56c026cb3e
3b91c847c59bc3d6
be6dc683c045c681
2e68456e468a4413
3dbe4699420e467f
30c9491b48134715
40d3481742fe4845
bf6348a3453b4589
2bea44cc39644583
c42946d840fd3eb6
be1e423abfff423b
bd4cbe683038bcd1
bc1935b9bc1aae42
c83ec81fbfd6c8e8
c386bed8c28ec027
c6f3c936c368c8ad
c1e6c3f8bf16c36c
40f240dab29e450a
331bbb354050b65c
4083493940734820
b00b40a83de74152
c1793732c256be32
c2cfbfd8c414c06d
c5b6c55ac6f7c63c
c599c65ec6dcc6df
c547be98be67c59c
c45bbe31c346be4a
3c29c5434058c45a
3b5540a43c844190
4811c41441e6410d
47d13fec461b4106
47c34873468a48ba
475b45804758459b
459c498947c54838
44e4480d460f47e6
45f1451c42e5461c
44e842ff44f9430b
4869483741df48ff
469d408c45e34081
48054bc247b04ae8
45e4479b45f94730
c40949c64455440b
c42a4509c1fe4477
c9e9cbd8c847cc19
c871c834c8dbc843
c8e1d029caebcd8d
c477cb3cc68acaf3
c86dcb4fc806c91a
c50bc7e0c559c771
c653bda8c53ec53c
c580c47cc59ac489
3fa4c662c394c4bf
3f4cc36f3b35c331
45dec3233baf35d4
44de389a45143ba3
b2c1471c41d34002
bfcb41fdba3341e1
c1374b8944dd4656
c5fb4584c41d450a
43954d7448cf4c67
bd57491e3d144903
3c3b4c9445844a2e
bd8a459a31c1458a
c24ac970c7b5c834
c25cc827c4bfc855
4196ce74c913c952
4193c981b978c991
4408bddd4026418e
451a3db144e13ed0
3e2c48524796438e
44b54755466e4753
40adc2843e25bec1
46973e77451b3ed3
3876c1e8bdb6c13c
441abcb63ff5b892
c0a1c557c063c6f4
b488be24b914bdb4
440d3d65422042cc
416e42f942804242
48fa4fe24c0b4df2
46694c0448c54c04
43a94dbf4a144a3b
3f0e4a3344ed4a11
bf5acce4c6f3ca67
c12cc6e5c446c749
b958ccf6c86ec8c1
bd6dc8cbc41dc89d
c6adc565c641c401
c73ec6b3c6e0c62b
cc5bcb63cc22cbbb
cca5cc0ccc9dcc06
cae6c86bcb39c9f3
cbe6cafdcc26cb19
c5863e86c17ac0df
c598c12fc514c18d
c399c8e7b7e5c69a
b5c4b859a35bb87b
3f7dc55f3fa3b82c
45a53f5d44df3ec7
4a6e4d1a492c4c67
4a6849114a944913
4b664cde4a3f4bf5
4b2f4a174bd44a48
464c42c347c342d5
491a47b648e547ef
3a1746824451432b
418944933e76446f
3fd747f23ea744cf
bfc93f3dc0723dde
451bbe643e813eaf
3f6a3def3da13cdb
4535c5fa3cbbb8fd
43d23ca541d33c3c
403a418031f73e8d
bf8b358abdb83407
c8473ee5bf30c3ba
c907be25c77ebe30
cb5fcc1ac806cb8c
c9a7c7e3c88ec79e
c206cb8fc747c761
bccdc789bd68c748
484941783411484e
477cb8e645d6b582
49714ba6474a4b32
484546b9480d46fa
40b648d64559426d
3f86461c41ba45b8
cae7ca6bc88ecc2d
c85dc82dc86fc870
cc20cc47cb7bcc7b
ca1ecb76ca95cb7a
c774c16bc725c4a7
c7a3c6dec89bc6cc
c63cc1ebc048c2ae
c49bbedec68cbf24
bfebc19a406dbba9
bc2b3f33b5b43f8f
496c486a47e3490c
46534715481c4783
49f548fd472449d8
472d471447944778
46f048be469a49d2
4532468f45fd468f
476041104612466a
48bd456548fa456d
47bec07b4500bafc
4a3844c3495f44eb
46884ab246cd457c
4558477144eb4701
45e04ab641e74865
b900426a9a2a4168
b485c67cc3f7c1ac
bfd4c42cc0c8c3e8
c929c867c447c9b5
c6bcc389c5acc337
ca7fc0fac2c2c831
c8d9c120c76ec216
c8bac8dcc7fdc740
c75fc7b6c7e6c809
c828cc80ca4ac9cd
c692ca60c8a0ca4f
c81bca64c878c901
c6ecc882c816c87e
3f9543043f1244da
35b03ea638183f67
489c4879453649b6
46bc448146fc44ff
419043d640764247
42093e8f439f3e7b
c214c277b7c2c4ac
bff4b5f3bd69b93a
3c65c15db851bcf4
3187ba39a54cba12
4a194cbd49aa4bea
47bc497848744977
488f4cb24a694abc
44fe4aa846ca4aba
c23ec616c2e5c5a2
c39ec187c463c0b7
41efc56cc155c146
4401c1ea40afc191
491e464c47904683
4a6c47184a2446de
b866c2723951c1fe
44163b8b41d939e5
c988c9d6c81cc977
c740c7ddc885c7ce
ca68c5c1c7adc726
c9d9c735c9a8c722
c9e4c62fc86dc70e
c9d9c840c915c84f
c250c2fdc2dfc375
c417c392c13fc404
43aa41b5449342c5
3d72442c4274440d
3e5842783eae42d8
b2bd3eb6319b3e58
44a446613ec444c1
44f23e3b43153e46
491a4af448e349cc
48dc48bc48d348cc
48b74848481048e5
4670480a463f4818
44d9c27dbdb62ebd
3e8bbb25b91ebc7e
c664c970c81cc8f1
c5e8c799c746c80d
c91ecc15c83bca80
c603c867c5f6c858
c4c6c729c11bc646
b9a6c2482ce7c15b
c52b42d9b82bbf78
c18bb8a1bd58b35b
bf37be17bb45bd35
c0b3bc76c09bb909
478c4411454f4739
4490454f4337453c
486d4aa947b74a8c
466e47da473e4788
46ff471b44d547fa
458c444c47aa449f
44b142c74415412a
439f444444c34413
c6ba3d80bf01c39f
c570b6c7c5aabd52
cbe5c891c934c9d0
ca36c8f7ca9dc8f8
c859ca3cc8acc907
c84dc8f7c8b1c8ad
4415beebbcec2b40
b751be80bba2be31
46ff463f425b454d
440942a24267423d
45584900464047f3
46544629462e45fe
409a40ce444141df
45ea433546be4335
c108c817b9dcc632
4084bc614115bace
37a1b9aa41c9b586
419341ff42634289
452a41344439445c
4513443645034465
c215c892c6c0c67d
c4c8c68dc729c69e
c976c42cc94fc78c
cb35c8f1cc22c934
c3954566c1683cda
c545c0c5c499c19e
4429c921c03ac307
453cc0fc45c9c0ad
4575c52a3d9ba7e2
45393c5d45713dbf
461f4ec44b244c64
44fd4b2b483a4b39
455d4bc5492b49d2
44d6494847804927
3c63cb3bc470c5f9
b948c456bf8bc487
c295c52ac522c37d
c31bc541c4c7c4d9
c53141f0ba6c2282
c0fbb9a6c06db5ec
b9a1c0c93cf5bcc2
b7823dc4b16f3daf
3c1740123b94a7c9
1f2b3a07b75b3976
c853412bc421c4d2
c5f1c41dc708c482
c97ac67dc71ac90e
c6a0c6fec837c74c
316dc7dbc39dc480
3809c448b9d0c3d7
4427c435a7acba6c
426ab63241c32a19
42aec26b3f49be6e
445a3ee6449e3ee6
4756bb493ffc4349
44d43e9946543df3
41a3bfecbea24158
c01bbe80b818bf18
c20e3919be50b144
c4ffbca9c4c0bc69
475349544637498a
45dc46174528463f
4c424c994a5c4d45
4aaa4a314b074a25
45884c2449064956
44f24954471c4936
c9d5c206c1fec90d
c6dcbfb2c708c06c
cabacc31c8dfcc0b
c8e8c8a4c9bbc8b4
c655becebc30c5d7
c4aaba9ac4beba72
b3b1454f41532dc0
41a2410540b54107
bde8ca59c644c622
3b72c6fcb73ec6da
c8eeccbbca2dca0e
c8a9ca57c8ceca57
c790c4e3c702c5dd
c6bbc6f0c6afc71f
45b4454a3f934488
45333d3a45683e65
49c6486846b848ea
482045e7484446af
46c949804692491f
442d46b3435e4710
c4a3c617c293c2f2
c41dc21fc456c226
c5ccc8d2c4c8c5d9
c6c4c4cdc58dc4aa
47a34c5147aa4a12
3af7481d415447cb
483149f5454b47d2
429f45b0440844e9
3c10c7a7b463c2ab
443fb9784386ba5b
46b5c02745cf3f91
4a1745764916458c
4741bd5143f1b4e5
488d4438470543e9
c40fc4a4bf0ac60b
c19dbcd6c0efbe25
c86840d9ba2cc081
c66db093c530b6c2
c992bf17c668c4ec
c914c67cc8fec63f
ca22c725c8d7c83a
ca5bc91dca02c8c9
c0a148243e3c4235
c3f53e03c07c3ef5
48124890458347b2
464d454b46834595
48a0c13e3cff43f0
48023a04473b3ca1
391dc2bac0e93815
33ccc08a1f11c117
c6edc782c825c634
c6b6c7ecc812c837
bfb2c747c646c318
c0fdc664c4b9c65a
42d4bc383d833d88
42683d9841e53eb6
c118c8bd311bc80a
34c634fb3fa93172
c5eec99bbde5c907
bf3bbe06aea2bf80
46aa4df64ad34c1c
46174aeb48244af0
4c0150c94daf4ec5
4a674dab4b614dc1
4732bc19445339c5
486f4387463d437b
c352cc30c919c9a9
c087c911c6a7c93c
c908c53bc921c862
ca55c8e8caa9c8f7
c9d5ca61ca0ecab6
ca88c9f1ca67c9f6
c59ec9b4c81fc71b
c517c7fcc561c809
3913c457bfefb2ec
3d49c0b73ff5c040
47febdd0417e4513
474e3f2547af4087
4c494d4f4af94dda
49af4acc4a6c4acd
48c04f064b234d4a
40a24b4146774b1a
c5e9459840f9bf56
c57d41b1c1dc41c3
c48ac552be88c720
23c4bd02bbedbccf
c4a1c8c2c59ec891
35bfc536c07ac561
cbabce59cb75cdd3
c696cb3fc95bcb41
c92fcc94c89ccc2c
c50ec88dc77ac8a0
45024804452b465c
3c6f44fc419d44cc
45eb4693444547b1
3f4943ed431f4458
3cc7c9c7c3d6c2be
3983c4cc3bf1c428
413444903f884578
3f713d2c41153d8f
ba2a4e1747344a1d
b93d4806b6f04792
c51139e1c154c074
c33bbee7c4a0c0a7
454ec59fbcd03df3
445bbe2c4261be4c
49914826453c49bc
45fb44a845bf4525
43a7bfe9b277389a
bc53ac0dbcfbae26
3ed4c1833c97c1e1
389e3d9435a93cc1
41e74beb49a646ca
43cf49d9463c49e0
bae646ac46fe4042
3cd2475144644717
c6ffcc6dc802c9e4
c204c865c0e0c85f
c7f0cc1bc955ca67
c437c9a8c52dc96f
c4f0c876c7eac83c
c1dbc7b3c53bc7c6
c2dbc58ac804c412
c00fc83dc4f9c841
2ce94498bef24449
af52c0b3b78dc002
3d56468544a3453e
b44445023ea94508
c44cc0944106c1b6
c55142efc39d423c
c078444f402e3f01
c4d041edc49e4122
48334ab144b34a4d
42fa44b9404f44cb
488745c44447482d
472c43ac458c4421
45af4741457445db
4629458446c24576
47f54a124684483e
47e6469a48954691
443dc50c3d4fc14a
46413d4545ba3d21
c427ccb4c50bcac6
34cfc531b136c55a
c842cb3dc825ca02
c4f8c88dc379c868
ca6dca29c91ac9b1
c9a2c954c933c923
ca76c541c640c82d
ca2fc5d5ca59c5f8
c0c6475341ba3fd4
c2d6426bc17041f0
468948c145d34848
445845e24566458f
469f44863f7e4714
43633f9c41ea3e88
4665438b410344f5
43d341b43feb4264
4402485e44f94755
43d2458c426945cb
c2fc4502af604265
bea7af36ba07b560
b1d63aa2bfd1bbb3
b260c117bc03c13d
49a6459b435a4551
4626424f4466427e
4722bdc140c34174
42bb402643e9403c
c84fca73c3c3c8c2
c392c41fbf90c3e8
c9bac927c17cc9ab
c4d4c1cec1e2c15f
c23dc89abe94c6c2
bdd5be40b78dbe32
bec8c4e8c517c2a3
b93ec491c13ec488
c48943a6c60aba10
c179c55dc61fc553
3a502facc1c23233
b462c121bec4c18c
482646e944754761
44de4464457d4445
40f1490944ae45ef
39e344794004446d
c575c64abd2dc5b6
c5d6bdbbc494bdc3
be703850441e3bf6
c31b4431bc1b4462
451e4bb848d549fa
418448dc456f48d2
456e470e454a46ed
445a452b454944ba
401b44c841e0453f
3d9a41fd3f2a4162
421b3a5db83a443a
4376b92c3fb7b7ec
3e73ccd1c839c904
463ec8984064c869
c598cd01c89fcc75
3dabc8e0bd52c8ce
c0e9c517c15bc812
42c5c1593ac1c12f
458a478341c34637
4406424f4115425a
3f524d2d45f34a2b
c73b46d4c4784681
c72548503edc3ac2
c9d340e9c81740c7
c98dcc1fc782ca32
c86ec7cdc727c775
c3b2c680c433c1d0
c512c47ec1b9c48e
40c848a4420445ae
373c42903c88425e
c054c741c3b8c564
3871c402c10fc378
435dc94ac425bed3
3ff0c4abb5aec484
496e4ab1477f4a8a
468f4797473e479f
332547fe447e437b
42fb449e439544a0
c4eac8e0c2bec7a7
9b63c37bb110c3aa
c1deba9dbebbc1e3
be35bf322c16bf40
c5e03c93c09fc176
c28ac072c070c06a
c45ec935c462c69a
c32bc435c3d7c47c
43f5bf1143233fc3
a95b43a73d7742d9
4a484a94496e4a6d
48be495948b04977
c7d3c969c809c81f
c63bc866c5d7c853
ca17cf81cc37cd15
c790cc69c7a2cc4c
c919ccbdc9b6cbaf
c628c9acc643c973
c891c906c5ccc99b
c4dec576c664c5a2
c478c521bf83c649
c038bee8c24ebf0b
3db5415aa7e53eaa
bc2db003b98434a3
406c43dc3807433c
bbd53925bbf0371c
3eaf445744f042b8
4158455e406744ae
494e4d8f4c0a4bcc
49b34c3449fe4c0c
49874da44ad64b8e
492b4b2049744aec
3ba8c0bbbaaebe3f
3f95b8eb3876b981
bf8ec933c6ccc51e
c058c6e5c457c6b5
b58ac894c705c0ff
c2e9c7e8c486c747
c3e4cb13c6bcc646
c4eec7e0c406c724
c9adc989c611c8a8
c85cc62ec6cdc61d
c82d41bebf65c2c3
c53dbdf4c42fbe6f
47744c1c483548d4
47c7482e48184837
49bc4b86496349fb
4828494f493f4941
319ec10da645bc1e
c01a34bfb06d3407
c1e0c767c53fc4f7
c1d0c493c530c4c3
3ea7a4febf0b382c
40d4beb5bc91c045
439232393c0738b8
44f738bd42b5390f
b96ec68ec0fec5c5
32e1c111b99ec087
c5adc9cec657c865
c573c626c563c638
c1b9c717c0b4c2d7
c2c6c0bdbfb4c0d9
bed440a33b713c82
c0e23a83b98f3c1e
394c4a89444147c3
bbc144313a1b4460
46a24af1476a4a21
4387473d44af4729
46684888472948d6
456d46f6457046c1
bab744ac420c410a
3e7c42db3e274289
c6fcc391c499c690
c3e0c381c466c3e8
c59cc846c685c8fc
c26cc650c44cc68d
be18c6d3c1cec675
a06ac27fbc3cc226
bf3bc971c51bc613
bff9c563c16bc509
c315cc9fc83cc922
c074c8a7c0e7c88c
440bc1de3bff380a
44bfaa0b454f35f7
49614b6948a44a54
46ec48be472948d4
45d84afd46a6491a
4144475b40174730
b83b493f4402458d
be11447bbdfb4432
c61fc416c359c3e9
c78dc23dc72dc2c9
c229c83dc6d7c445
c5c3c6aec60ec68d
4453493c441c4791
418f43e9411f4408
381d4a3e486444e2
43144883442d483e
c021b71140fdc2b2
3ec7414a41f8402c
3b6ac72fc226c336
402cc40542a7c33b
c3c7cc12c769c8ce
bb0cc82eb863c7ad
c72dcbf8c7fac9f6
c1bfc7bec400c7c9
bdf4abf4c356b686
bfc7c1bdc2f5c23b
45694b0f44ab495d
4044455340044556
49344966484049b2
486f47f7487c4823
3cd8cbb7c4b6c625
3fbfc61d3407c58d
ca1ccb1fc88ccaaf
ca21c865ca71c867
c4e84df0479d4857
c85348b6c674483d
460e4d5e48e04b44
4204492944c548d5
4590c707baa23936
44b4be254509bcf7
2f48c887c1a4c508
bc30c1efb7e5c109
c509c3e5bf8dc60f
c2efbef2c1d2be37
2b96c2b13578c202
43a1b4ad41bab30d
4858c2973c1c3e06
496231a248042e9b
4699469240e34627
46d3407145b14040
c4294431ba683859
c542b88fc496b8a1
c8fec983c801c8cf
c97bc78dc9f4c793
c791c4e7c588c65d
c64dc52cc62dc52a
bfcf49e242b34423
ba764294402d431b
447e479045b3460a
445645a1443745e4
45a7c7a23a74b686
45e23c35425739d6
43b1c75db7b2b87b
426eb9df4316b9d1
41b841cd4281443c
3ffc4210448342f9
409b443341de444d
403a42f04220426b
441341e23ea64545
42253e773ec93c93
be6446c13e4d42bf
c1663dbfc2d83c68
c9b5429dc120c63c
c9debed5c8f4c075
c813c91cc6dec9bf
c7f2c6b2c666c659
b0e9ca5fc611c761
3b88c709312ac619
40c03f4630083d0e
432bb62d4113b616
4360484a447e4618
42f34481423f4411
b514c3a4bcf7bfc9
3595bdd1b7acbdb8
c1dfca96c5ecc891
b87fc622bf07c5cd
4273c33a3223bd44
442e34eb428e3725
43c5436842954434
42464389408942f7
b8ef48ff423f4694
c1f9440dc1394324
3d364e36485e4bd4
c2ec4899b8244871
41ae4ad945bf48df
b550456e3dc0459c
ba80cc23c595c899
3e48c61cb461c559
b69bcbf6c4c6c883
40bfc54d3d6dc4f1
44cc353d3db7405d
44343d2644fc3b93
446a44314123422c
458041c145a441e5
c58ec344c009c63f
bd93c022bdcbbe9f
c9bbc947c7bec967
c891c7f4c8d0c81d
c743c807c689c639
c6afc665c74bc6e7
3921b42b3f103912
34143d923ea33ddf
475e48e448344779
42fd481145674813
44cb492f43b047a5
387c44a132c24430
c1a93a56c3cd3a56
c1f5c2e6c459c379
b00dbf99c024b8ba
39a8c15a35edc123
466e427642484462
4484426a44d142e4
41dc466943e944a0
40a7450e3fe44540
c11f2d9240efbf3c
3aa1418635c3418a
3fffc04a41b9ac52
42534044437440b1
449041f83f224459
41f83c3742a03e97
c788c82cc75ec8e5
c438c7b6c5afc7be
ca7ecc0fca19cc38
c804ca1cc8fcca55
bf6fc400c4bcc02e
c23ec49dc411c48c
430247c0435746ee
b82343b3388c436c
3c5b4630440644b2
ba19442a3fd94361
3eabc425bd222ca7
3f5cbd64419cbdf8
401ac499c02dbeb7
3de8c0ce3ba4c0a5
3e6e48ae43c543c9
bde14434b8974435
3cce485a4473441b
34fc45233bef4566
3c03b83c3fde3cc7
410d404640104122
40993d9941e4421c
407e424f3efe4214
416fc01d3d4e3acf
43bf3d2b42703c9f
4115b99c41a03d79
4481403d455e410f
aad2411c413d19c4
40623f5542503fe7
c611cb36c80fc9e2
b636c861c1f3c88e
be88c88dc5ecc3a6
b515c621c08dc633
46804d3b47c94bac
b92848583c094857
c3354869b0cc3cb1
c7753c7cc76c3a15
c9e5cc29c9a6cbf0
c923c9a6c9dfc9b8
379fb8cd3cffbd50
34d33a9a3ccf3b83
45d949f447aa46ec
44c6480a45e5480b
c71bc863c805c7a2
c604c7efc6bec7d3
c7d9cc04c9d6c86a
c5e0ca40c6b2ca2f
496d46cc459e4a25
47ef44ec48704510
4cc74c644aa24cf8
49fd4aab4adc4aa5
461b441d44db4459
44ce4518454044b8
c82ebf41b6ecc521
c174b273c1d7b117
c93d3ea3b00dc44a
c5db3678c5843a3d
c7ddc920c56fc9ee
c5b5c4f8c64ac4fd
c12acc06c5f2ca7c
bdddc5e8c148c638
41c3b93440b6a916
44cf3f86447b3f80
40fe48f1456645dc
46af449746e144fa
42e34463400f4339
447f3d9644943e26
44cfc1cdbd443e18
4018bd293ca0be01
c0c5c732c5aac384
c4b2c555c5e3c527
c3d3bd57c41da49b
c893c375c80fc30e
458e4a7745c44a8a
c21e468bb71b45ee
47224c3d47f84ba0
3d9b484240e847f4
b9714728bd314410
bca7be20c06abd07
c660c973c8fec923
c2e1c94bc517c907
c40ac85fc244c85c
3c63c35d3cf9c2e2
2c06465e480829a6
4645480047454802
c349c6e03ab9c84c
3f0b3c013a243c97
c573ccf7c735cb2b
c028c6fdc360c71b
4211c28f38acbcfa
44843c2042b834c6
477d4094401f4465
47233fe545343f12
4297bc4cbec342ed
a84ec00bb134bdbe
ba58474d421a46ea
c5b0421cbf3e424e
be85473045b64521
c516455cb5c0450d
3867476c451e451f
bf1645003bc944ce
b719494539434545
c1f03d56c2b33cd1
b427463ec42541f5
be98c3aac4edc3a4
41dc4020c15040ad
4466c1543d3dc143
b4ddc7e7c1e4c4f8
43f3c1cf4118c194
c348ca53bf7bc929
3dbbc0d73da4c00a
c476c8e9b561c8ee
3608bb6c3e41b8b0
c093c6c9be81c4c6
ba0bbe2f3214bdf7
3ce6264fb7813d06
c0132aa7c09ca7f7
b0c440e7245b341d
c44835b3c4f62f3c
3f5034cfbafd4095
c03dbd61c076bcbc
4309be5ac24044c4
3883c2e9b341c255
ba5d3dd5c20e3c77
ba22c100c14bc1db
30c646f03f293eb6
3f163f973cd33e5f
48654a29488148f5
48be484c49944878
46a54b3249c14929
47c349b7491e49c0
c5d7421e4243bde8
c1f6425bbd294193
c601c994c532c837
c54fc516c505c563
b93dcb8cc5bcc80d
c177c576c265c5b7
c351c72fc014c598
c4a6bed4c46abf6a
c46b3a1c3897be88
c0c13887bddb3b4d
c13dc1a6bd7ac1a5
3e88bef93f6fbcec
c41dc44cc4b4c4a8
bf08c47ec24ec462
40654618c0f944ea
bdacbfe4c3bac010
47da461bb7b24805
41d5b9b1378cb950
458c2ca03c444101
4488385c42b5392b
47c64ab5492848e8
476a491448974918
46174a3a4914481c
46524909486f4901
bf05c7fcc14ec4d6
bde8c1edbd0ac212
c56bc5aac6f6c435
c860c72dc862c758
c81bc610c796c68b
c8b1c795c847c796
c9c7ccb5c98ecb8e
c70dc98cc684c963
c819c83bc620c88b
c400c609c404c5c8
3cce46c143ce3ffc
433d445f4074441a
45c644a3476f4480
4806481246de4781
44cf4219473644d7
44c447d54545473d
406d3ecb429b4058
35f34335b70342fb
3b6840823f103fac
bc173d04bdcd3faa
48024a3f48904a1a
4402481f4701487c
4a93484c470749bd
486946cf48cf46c4
42f3b86ac1fc35b5
40fdc1d0395fc275
c6ef337ac6f3c1ca
c5b3c78cc57ec72d
c4e2c3fcc80ac2ca
c24cc854c29ec80b
c039b4b4c3f8bbe4
bb6fc302bf18c37b
c5d9387fba43c1e3
c5b0b563c4e5ba01
c524c91bc030c84c
c32fc094c29ac0e1
c3c6cafbc3c9c974
b3e4c351bca0c3fc
c7becbbdc6facac8
c5c4c687c5bcc6a8
bfcb3bcc3e49ac7e
c40a3e9ac1453f67
46f74ca149714b26
4451499d44b049a4
4608472544864746
44f2450841b644f7
3f34c646bfe0bed1
4148c05e38eec057
411d3b2a3cf03f85
44473848449d38d1
460949ec457c47e3
45ec451547314530
3eda46924020438d
415140434172401c
c440bd2bc3dbc23c
c034c34ec16fc3c3
32e5bd35c2dcbfd7
c1aec375c031c361
3d53bc60b0d13cfe
c612b90ec25bb8c1
c3d3c0ee37ed31ac
c8513bedc6173992
b441be713d8b3d12
b1f43e53b2d63ee6
3c14c632bec3c110
457bc14b43cebf7a
2f84c6e5bdbcc4ea
4658be314437bcaf
441944f345f441d9
481846fd46bd46e2
bada438a40053993
3f1840d83d8940b9
c882c48bc81ec7e1
c850c82ac8b5c842
c579bf1cc76ac482
c83cc726c8dcc77a
443fbe4a30733d5c
40c424ee3db930a9
44123dbf435b40ec
41ef421743fa424f
c1bf49e9457044f0
c55045b8c06d4524
c8b6c151be2bc5b3
c811baa4c672bd2e
c75fcc66c8beca09
c61dc901c594c8e2
4ba548ca45ba4bc1
484c44bf48de4504
4e1a4e004b864e7b
4c514b7e4c404b6c
456ab7a7382cb716
46d4385b4436395a
c6a4ca9dc6fbca40
af2cc726c0e4c6d0
c71bc681c20ec61a
c00ec116c0eac14b
c76134733bbfc16a
c4fb3eebc43a3d9f
c64341f540fbbd46
c4d341b0c30e4204
c04eb7cf3c25b485
bc4c3c06b7a33d84
bda2c5ecc06fc449
3974c12a340fc164
c843c684c892c89d
c67ac8e5c6b6c8f3
c73ec496c8bcc680
c7c3c8dfc824c8c4
486e487c44974872
42d645534162454f
4b074b8c485f4bd7
454548ac459148a9
468830f73d3e44f6
3e4a3ab340bb3c04
a6e2c8a9c0f8c49f
b815c1f331a4c266
c307bf94bd29c224
c1a0bde0bea9beea
3a20498446c64674
4133469b430e46d3
4239c15c42f9335a
45a6435144724360
3381cbbdc285c85d
442ec1ee4207c265
c790c444c0fac686
bfabc0e0ba68c0cf
c78244d7b689bcfc
c51db24ac450a97e
453c47ab4592459c
442a4605422e45b9
40ce47d24385440a
42c44390405242a9
3f564b6e438c4858
3f9b43183c66435e
47bb41d93b75467c
43ec3b76419f3cfe
bd2ccc02c903c80b
c47bc930c4ebc917
c131c401c49bc155
c466c511c350c4e0
c43fc1c2c023c150
c564c053c427c03d
c57cc8bdc151c79f
c62fc1b3c422c1a4
4169423f40b84173
3dcf40ae41f140c0
c4c4a690c677c02c
c3b9c63fc4e7c643
c515c6e4c49dc6a7
bf85c4d4c422c478
b4f5c4a331e3c412
3f1a32f0311d3713
bf843964bc86bc82
be88b542bf2bbb0d
b4c53e4d41d13cf6
384242ee402b41ed
c580c23cbbb8c462
c42eb92cc299bc0a
3fad4432460241ff
3d27462e41154627
48bf4a0b4ab04a17
47da4a7c48cf4a8a
468a48f6489248b2
4661484e46eb4861
4262447c443e4346
41e14467422c443a
475a44eb45e844f8
44ba46b245064692
49f84cd749c34af0
479c4a5347e24a42
48d54c39447249e0
45c244b944464455
c2cacb9acae2c910
c2bacb54c649cb73
cb36ce1ccc21ccee
c901cc3dc9d2cc40
c98ac9f6c8b5ca06
c8dcc873c90fc866
c65eca04c88ac8cc
c855c86ec899c84e
c9f4cb9cc959ca24
c936c982c921c987
cab9c8c4c7eec8bd
c87ec836c6fac831
c7e8bad4b8f5c32c
c386bb7bba1eb8cb
3e55499347dc479c
3ebe47e1433a47e8
4a3a4a8948714b3e
46e9486b45c94868
46c2b1773f184117
4592402f41be4093
c29db32c36f6c2ed
40363dce3d6d3d2a
47dd489146dd4812
4846473a482946d2
4dd34af34aa74c6e
4c844a534c1e4a4d
4c1f4c524bb94b84
4bef4b8b4bc94b9d
4b594c764c194bf0
4afe4c0a4bcc4c10
4d494c344b6a4d01
4a8c4b234b744b2d
c22fbdf7bbc2bf6f
c4ccbaaac2fabb78
ce19cc1fca2eccf5
cc37c9bdcbf0c9ee
cc21ca6ec9eecb2a
ca05c9d8c9dac9ec
caefcc9acc5ecc28
ca54cc8dcb05cc76
cafccd25ccddcbe6
cbeeccfbcc58ccd8
c925cab2cb78c8e4
cb9ccb8ecba9cb3c
cb61cb65cab4cc12
cb14cabccb1dcaa0
cc84ccddca67cd3a
c97eca35c9d6ca83
c916c727c5efc867
c63bc524c648c5bb
3f764889415c4437
be3642d8bef941cb
45ad48d044e5469f
3dae452c3d43447c
46a2476d470a4838
465346c9480446f3
4ba049124a994ac3
4c374a664c624acc
4df44c754c7b4d24
4dce4c5b4d774c6c
4dce4e084ce94e2b
4d364cc04d374cc2
4d3c4e144dd84e17
4d454dd44d834de1
4c714ce54d4d4cc0
4d154d794cd74d7f
44b2440843e44427
4589446b42964466
c335c5a8c4ffc4a7
c4d1c518c5acc54b
ac9d39cf38e6bc38
c06f35febd372e72
446044ec3e9841cc
bc963ce4391b3cb5
c819c96bc834c8de
c814c86cc621c870
cec4cf30cd8fcf00
ccbbcda7cc7bcd9b
cda7ce13cdfbce30
ccd1ce1accf7cdec
cb8ecc07cc61cb95
cc0ccc5bcc5ccc4f
cdc7ccd8cc83cc92
cda5cc34cde0cc69
ccd2cc20cb9dcbd8
cd01cb27cd04cb56
31eb363bb6eb37a1
c2ffbc10c09eb833
4751473044c34542
441d447b44854496
b84dbe63c16ec37b
b854be5cbd5fbf7f
c309becdbafbc100
bdc1b5adbbb2b5f6
4a48494849f34a73
4ae549894a97498b
4f104d804d654e17
4f3f4d524e8a4d38
4df04f494dcb4e87
4e834dd04e3d4dc0
4b864d374c1a4d0d
4c2c4bc14c464bef
495a410d463b480a
4834458d485545e6
41b140793f444082
c0d44001b1d83fe2
c7793c0cb585c36c
c82ab684c531b4d1
c73cc47d3b20c7c9
c27b3c50c0843d6e
bc83352b3f0dc175
bd694179becb4197
ca25ca89ca5ccaa0
caccc9d7cb55ca11
cd2bcdf0cd65cd82
ccd8cd3dcd6fcd64
c85ac81ac8e6c829
c806c8ecc8f5c902
c3b2c58bc214c1a9
383bc4253dd7c3b7
c11dc7dfc25dbc4c
420dc56f4607c4a1
49ce463541f24986
48b23d9f4921408a
4cc94a0447bf4a96
4a3a486648c8484c
48b9443d447d42da
433346663b474595
3f133dd53f873c15
c39240ecc2b54093
c40546a540e040af
c63d41e4c415418a
ca1847592801c0ea
c8e13a17c7bc34fb
c952c754c734c868
c73dc80ac6d7c7cd
c6f4cb74c925c932
bb8bc9cfc1d4c999
c616c356c2edc627
3f4fc2edba3dc334
352442a144f83158
41dd452a41914555
478e306d46bd43cc
463a4694477a470f
4760b9304396440c
46f64422470a4400
45db4681463e4760
457246a445bf465b
45a6483547c048aa
4386478e44cf47b2
400eb4adb9bd4019
c2d0b9c4c1dfbc0a
454a41a2bef64280
c48abd4ec417c004
445d485d41d14605
bb134205393041d5
c842c07ac373c5f9
c498c407c251c347
c80abdabc573c6ea
c14ac5c3c198c561
bc062c01c1b5bfc5
42b8c2083dc6c1e4
c30cca72c647c7fa
3707c649be2ac661
3d52c85ab8e2c2e1
416ebba03f81b985
472f447046f5464e
46eb46ea467a46f4
c7b5c16cc31bc4a2
c802c113c830c1f2
ca0fc97ac8aec99b
ca5ac874ca94c86c
42f7b3903e8c4239
40e63c2e41ab3e0a
48f849a046cc49ca
4704466347f246a3
457548b0430b4753
41864318412442b4
bd98c159b861b956
bb5eb79abc8bbc0b
0ac5c3293c15c09d
3a403b803bb6392a
46dc4771456743e0
470c451e4730456d
4528498c44af4792
46a1441c47cc448b
c56d446e345f34c1
c233a6e0bdc4afd1
ca42c7c9c5efc99b
c98bc53dc942c58e
c874ca71c8a8c9ac
c8e9c82fc92bc84a
c798ca51c844c867
c786c828c815c853
c255c088b514bf22
c1d8b4fcc200b4b6
49f64afe48f24a7a
47a84919476a4963
4c1847cf47aa4a00
4a97477b49c747eb
465ebdad42763efa
48b441a5483741b3
40ab410e427b3d44
437042ea445c4232
3cef3c75beff3ca5
be04bea6bf18bfaa
c813c44ac795c526
c82ac801c843c7ad
ca39c5a0c5fbc77f
c930c664c817c62b
c430c59fbea9c41e
c07bc028b7a1c061
4810c3063c793ce7
486337e546fe3995
49c046a2464447fb
48da4635479d4628
2e0948d1443b45e0
be224536bd1f4473
c93e3a28c3e1c436
c813c242c7b8c2f2
c552bfc5bf78c464
be2ebfd5be10bf0e
46963f534514433b
466a44e1468b44c2
447a41d04071415c
4030407f40d2406e
c87bc522c852c73a
c8f9c870c892c81b
c906c96ac8abc8a6
c8c0c8e0c87ec87d
3c7ec4243d0abc48
3e733c293eeb3d55
4997488048c44908
481f48da482348ce
48f1486f459a4880
45d9466e445245e7
c53cc866c5e2c771
c4f2c50dc69fc5d3
c94fc832c476c863
c840c48fc757c4c8
407546ce45204458
4263447944984486
46a544bf44be4492
4908442c48aa442e
404340ea3cd34143
457d3b2b44dd3d65
42e74976417a4814
3c4742693f6442b6
b90a4500b2ce4137
c2c635a9c062a8fb
c8bcc936c6c6c91c
c776c70ec724c719
c830cbc8c790ca73
c5aac81dc63cc7cf
4081c600be85bdac
3987c07e39ebbf3f
45a0446940d545f2
4144414f4139413f
41f0416ab7c53e45
3f6333fdac3fad11
46c0bb16c1574178
4306c1df3d0ac233
484c452544704806
4445443844754416
41804820490b44b8
4364495445294942
c435b024406dbfae
3813407a3c7740ab
c97cc5cac621c7af
c64cc65fc5d5c61a
c8e13c83bc14c54f
c790b872c663b8da
bfe94823459b4292
c01d4622b88845c6
b0f0304b3d4d2e6a
3bee3d813d883d69
c295c9b4c542c81a
bcf8c548bf92c4ee
c329c829c5f4c5cf
c378c5fcc4b7c5ff
425ebdb2c4263de6
313dc4e8beedc4fe
46b0c2e3c4ae405d
4471c5ee41f5c55f
452244b63f324558
44d83e4a465e3f25
49064a1f49004961
459d4935482d490e
48c9465f471f47cb
419d473643d6471f
bfff4636406742f0
c0264115c12440bc
c04e457b2f4640f4
38d03880be68352e
423fb571b435bc52
442d340a3e953301
c6c5c923c2b6c9be
bdf3c1cfc162c1dc
cb8fcc0bc80ecbe6
c7f8c817c81ac837
c6dcc53ec519c531
c685c52bc63bc569
c459c47bc340c3ab
c5b8c2f9c508c2d9
c7f2c9c9c539c808
c652c560c456c50c
451f465c442a47ad
4173432d454043b9
4c2f4c7349e64c5e
49d149874a42499c
4407a2ea431a3cee
444342b2448242b8
c665bcc4bcb3c4a4
c26fb974c1b6ba56
43114af2446c483f
427b4483409544e6
48d046d241084870
44f1401742ed40d8
454f426ab71b439a
306eb8a0b689bab6
3a184424383e3bfb
3cf83a6238e536fd
c38ec9aac105c79f
391bbfd13116c067
c6c3cc44c668c94c
c472c606c478c604
c71cc5efc4fbc590
c43bc4e6c457c4f5
c4ff400eb22cc076
bf2c3284bf29b616
b6a3391cbc85bffd
c38ebb60c4b7bc47
3a703bf3c05e26ba
c1ecc10ac3ffbfc2
3bf144b6423344a8
41fd411c43f74182
452445a346f5469a
45d3467447eb465b
43514488453f417b
410f452d44254590
3ce742033f694073
30f73fd4370640d2
44c3b1a5bf944463
3501c020b8bec079
41f8c212c2f8356d
b60ec317bbb4c3e7
c387c45dc16ac465
bde6c13ebd5ec124
c6fac9bdc635c876
c0ffc679c23fc643
c93acca8c8b6cc05
c41fc8bfc563c8e6
ca1fc934c353cab2
c472c26ec497c32e
40ab49ff487847f8
42d848b5439548c0
4b734e9e4b574d67
48804bb4487d4ba4
485f4d2c483d4b7c
41be4869445f4843
449446174118463e
3b543f88425e408e
441ec4dcc3f3be64
3bf4c464afddc3d7
c5d6c98cc9dcc949
c724c9c9c8f9c9d8
ca3bcac0c8d6ca5a
c875c8f9c8a7c8f9
c279c5223114c151
b41fb4363bd132b6
4892433344d84791
46f644b3473644eb
4456bfd5b0433c1d
43ee30b541a3b609
c48ac532bec6c5c3
c0a2baaac272be58
40de45c646b04611
a57246b83d8e46b3
46cf4acd49364a43
440248d946be48f0
4208461c43964197
43c743954468434e
c37dc7aec438c737
b543c433bda8c3a3
c9fcc76bc562c8e9
c57bc592c560c552
c793c177c581c730
c48cc572c4c9c5c9
40a8c722c7bfc437
bc0ac825c1d5c7f0
453cbbd6ba8641b2
41afbd513d44baca
40a8484945cd470d
440b468943674650
bcd53f3535eb3b8b
bba73c49baa23c0c
3099c271be8fbd1b
c2b5be94c155beeb
3da8436b428942a9
c045430abbcc4261
c18e406d3d0e3530
c41f3f0cc2153ea0
c5ecc3e6c248c473
c568c26bc433c26b
3f0e40263ac640fb
40c936ea418e375f
49f646bb454f47df
4a04452a49254516
4753c12232a63080
47fface94621b4d6
c251c77bc3d5c561
bee4c44dbf5bc43d
c3e5c0d9c0b3c15b
c44ac068c3bdc030
c4eec446c168c41a
c3abc0f2c2d0c10b
bd56420244ba3d8a
4132447142b344cb
449b4a07486d46e9
45244865454d48a8
c2f9bed2c228c3b1
c4dbc1acc4d4c178
c7adc586c54dc4c6
c7f2c503c6a8c571
c0cb45233c884382
c4303eb0c23e3caa
444f46aa408746f8
35f54023a8683f64
49dc3ebd3a2346b7
4622abe244d8affe
4693be84bfa03ad4
4522bfb2431dbe6d
c45abb7faeecc1a6
4123aa5640883874
c0b2c61e39edc463
425f2983438a3654
446cc45d3e00c126
43493e6c43153e21
c062bcbbb834c391
bff934d5c1ec313c
ca99ca8cc8fbcac0
c953c8f4ca36c908
c952c94fc786c925
c89ec74fc89ac7d2
c2d84387396a3e5a
c1e83d75b8463b37
482f4bd0482b4b32
4619482847a4482f
4a684ba948be4be0
47ff488d4815489a
c023c69fc4e6c4e9
c257c547c2e2c54a
3097c57cc339c0fc
af07c469b888c408
476c49a0450b49dc
44e64495446144fd
bd4c4099b0b33b2e
bd9134c8bfbb3153
3d28b6d3418abf53
3eb142f63ff24296
43544884472c4490
3fdf47d3442447d7
c05c3d854253c09b
b64943123e6a42d9
c2d0c8c0bfc4c84e
3ddfc0a63c49c0a5
c419c850c6d6c696
be7ec779c277c737
c487c6fac6a3c4b0
c41ac693c549c69e
c2adc787c513c41e
c40dc4ecc503c541
40f0c05fbf553e7d
3fecc1403709c0be
3e1f401b38914108
3fe330543c18381f
c63bb9a4c09ac2d7
c79ebf11c6e9bf6a
c46bc37ec27dc3dd
c5e4c259c52cc1e8
3838405b3884404a
2cd434703ae23683
49a54c294aab4b4e
48c34ada49724a8d
4aaf49ab4a7c49e7
4ac64ac94a864a8a
37f34242bbb539da
431cb8bb4070b7f3
47804ccd46ac49e8
466546ef476146d0
4574b8f831573c75
3fabb5ab40c6b85d
ca48d006cc8ecd74
c9e4ccceca90ccb1
cc55cd0aca9ecc49
ca9dcac1ca42ca7c
ccdac844c8c7ca2b
cc3ec896cb8ec8ac
c8963a0ec101c344
c803c175c607c087
c47d474c3e5a3f66
c4443915be063c20
c4afc214bc98c233
c0cac01229a8bff0
c991cc5fc7cfcbc7
c392c804c1abc7c3
3aacc992c286c6af
4479c28741bac261
49e648c246804989
48a146ad46814678
48574b5a47c349c4
466e481644004818
495348d247434879
47f0476846a8475a
49f34a2647df498c
471c481946b84778
bce545013c7b3dbf
c1d73f4cc1983dad
c679c873c4f1c723
c725c474c6b4c481
c33bc42cc4dcc374
c794c4b5c6e4c530
c4a3447fbf3cbd97
c690bf5fc535bf2d
c3e2c3b3bdacc20d
b96ebe9633c3bc1f
3db8ca2bc47abf0a
43e3c50c41a9c4b3
4488c6b3bfd531ea
44d5c1454438c07f
c08b3f6a42ddb4a7
3c644257430a4332
c90c40493e5ac148
c4b03f7abf583e18
c735c32bc220c5ae
c42dc169c4afc2b6
42a0c3c4bc3dc08f
422bbcc0b303bc61
44e440fa42653fb4
44e1421941214302
406f48fc43644512
39b243a73c1a4404
4582491440964782
3baf40b53ec0406f
4125c313bf4ebf53
4009becc3f6bbfbf
be68c5d9c35ec51f
bce9c319b898c3b7
3ec646b0b2364463
c235b460c0a3b8ce
3c7bbb1cbea34017
c242bf9dc4a6bfcc
bdcec5d0baeeb700
c057b938c2e8b8eb
c46e3b1040dab8ef
be7b4217af4f421a
c6c1c520bf06c712
c085bf09bb5bbdaf
42d2bab830713e7a
413eb647418e24a4
446e3d133fc242b5
445f3dab45403e6c
c49bc42bb593c5e9
3f11b9bd40dfb781
3e5d4831444744b8
431144174167442d
41a644a6400444e9
3c8840b12bd44020
bcbec620bba2c4b0
33ceb096b46cb7bb
4a274ad3482c48f2
47fe4876474b4847
4a844bcd46794a2a
456146d644d44668
c762ca25c879c843
c79bc895c762c8a8
ca97ccf8cb0ccaf6
c9d8cb70ca01cb61
c6acc506c7b2c398
c83bc812c884c7e3
ca89bb4cc476c55b
c976c44bc874c3b6
cbdbc9d7c53fcab0
c88dc56cc63dc4e4
4138c8463894c2f0
458caea0462832eb
4c1a489648fe4a12
4bf248fa4baa48de
48e94a73498748ba
4a0c49b3499d4965
466849b5488046e0
46ee48b145364872
4ace4c7848a94bce
46684904449348f7
43104139302b429b
9cd43957bd943aff
c8a8c981c658c95a
c55ec668c5cbc61c
c4cf363bbd71c18e
c413bd93c1bfbd94
b5fcbd71c31eb964
c576c37fc387c359
41b2c786c64abcbb
c3a3c725c10cc6b9
3fb7c21fc21e3e79
38d0c35f3cbec30e
c604c074c2cebf77
bcdac29cc066c2fa
c8d2c475c3cdc6cd
c3eec324c57ec373
c5cfc449becdc4e1
c08fbefbbfaebe94
bc31c046384fbc98
334737223d9c35bf
c461c4113c89c624
b89c3f41b8873b95
c4ea3a9d440cc510
bc5044d2b251444d
48184b42481f4847
42ea481f44f04861
4ac8497c45d649ce
460b454a45cb4598
bec2c8edc4f7c3b2
bd0ec591bfa1c58f
c1bcc8e9c7efc556
c0d1c817c1dbc7e8
49a149a9435849c5
465c440c45344390
418143603d784531
3e083df62e4e3d85
c80bcab9c7f0c89c
c56cc82dc724c791
446647ee4509463f
4522450844a04542
48904da04b2d4c15
48124b37490e4b23
c501be4b3850c320
c3f63851c1133a83
c3d9c988c181c7ee
b943c136ba68c137
4758422b474444c5
487e475148bb4714
c467c550c216c7f7
c39ec15cc2efc20a
ccb2cc85cc27cd5d
cc19cbf1cc3dcc2f
ca70ca76caf6ca52
ca39cae2caaacb14
b56a3180c41440c8
c2edc4b6c3ebc40e
47e8482544304926
45f042bd463a43b7
49a741b9450645da
490f4494492c4468
4435444144dd4060
441e451d451644fe
c426485c42154466
c410421abf6042a9
405542a03dd4469b
bf6f3bdfb1e13c39
4631423b4458468c
424144a4421a444e
bd9c445c42a03de0
34414425bc594445
c354c148bdcbc502
bcc3bc13c252b8f5
428c3dad4172398c
44cf415943a541b9
4067444a452b41ac
44fa4530452d454e
c5acc941c4f3c954
bdb3c4b6c101c51d
c08ac7aac472c856
3eddc472b1cec53d
444c4550433b4403
45164240447941ae
4298b05c3aab425c
bc5f377eb0e33994
b891c6e8c4f6bef3
c5fcc4c4c4bdc471
c189c6bcc67fc2a5
c4e9c682c524c643
3cb3c403c426bd45
303cc4a9bba6c46f
3bee45da35fc440f
ac8d2d993cda3810
c5794ac641954702
c54d41cbc108426c
c5343c91becc2e26
c460bedcc494bfcf
c175cc2dc63fc92e
be55c658c13bc6f8
c242c6cd28a2c51c
bf3bac963f30b566
41594d13493949ec
4050493e46e1495e
46ab4c78485c48bf
464848a3458e48bd
4077c6a1b19ec5ba
43ab3716b6cd3452
3c1ac90bc073c5da
3eb6c00bc01bc0d5
b81dc093bc6ec034
39d2b99bbf85bcb8
c2fcbf1a3504c0e1
b45a3a7abd9139b9
459d385142644443
448a41a244324308
491c462c419748ba
45483f8f45834097
b759463039ff437a
b37337053e6232ee
c4b5c7fec23bc69c
3846c2ac3ff5c22b
c150c8fcc6afc632
c130c70bc0c0c6ce
3c2d490cb41e4815
c576b1e8c4e3b729
44ff4763425d4803
b7674220316b420f
c41fcc34c66fca17
c3a5c6c3c342c670
ca8dc98ec725cadb
c891c6bec83ec6da
c9b2454abd7cc46e
c766b44cc72fbaac
c31544993ad2bc41
be253e1ac05e3d4e
47834716471147e5
46ea46b347a646f7
494cbdde44ac45a5
48fa438d490943fa
45c4c796c265b8a1
4526c31f4200c362
c2524580bb24405e
c0f1b8e4c0d2b98f
c77f40e33468bdb0
c5b034ddc3383770
4454c07140b53569
4129409440b84097
4bcc481c48b14911
49e648d6490148a3
45a4469c455f454a
454645da43924575
c55cc1e1c3ebc35f
c2c9c40bc4dbc395
c1e8430bbf9b3d6a
c07cc0afbe13bece
ba6a481f3e434571
c0b83f5f388d3fe5
28d6c846c46fc136
c273c46fc15ac473
c064cbc4c791c8c8
c2f0c82ac44ac7e4
c74ec0eec10dc7e3
c47ac189c306c165
c8fdc2bac214c85f
c50ec172c506c28d
c96dc954c6efc8fb
c679c677c7e7c6e8
c4583c05b8bb3398
c106b387c0b0b5a0
4a6e4941489149a4
4833487348ab4877
4c993f4345a247d9
496e453948f9456b
4293b5cab7423d18
4160b8054003b3c3
c35f49514555449f
363e45513f984557
429f495f473c4812
4431470644984713
469740a63c4946d0
44b73c2842a53c71
b912c2eac2bfb8e2
b506c1a2bdf8c258
c8ccc579c4d1c880
c649c385c6aec465
c538bc95bd3ac561
c49cbcfac32abd42
454c415d418b4353
3dcd3f0e41884085
b70dc8c6c553c55e
c00ac5bdc0b7c589
c9a4cb81c9fccb05
c866c9fec87ac9f1
c5c4b523c13bc083
c3bac185c1afc0ce
3da83ed343a040c7
403844113f324434
431343a644c84330
40f445653e3c44f3
480f4b41475749e6
44b247a544f24733
443843ab401944cc
40943e8f40f23fbb
c420c872c1fbc5eb
c2aac2d3c206c1ed
c346c160bd46c159
bf2bbcdcbf2cbd07
b9b8c03dc200c09c
3d41c219b5aec276
3d9ec44dbd72c233
4046be6f3f28bec0
48c84b98493a4a43
4703490d48d24912
48f74d974a074c2a
481d49c9491d49e4
bf82c59bbfc8c4ab
3daebebe3249bee3
c746ce29c9a6cc2b
c3a0c950c665c987
c2bdc570c52dc3cb
c4a6c506c505c543
c2434afd3f5f4647
c4e13fa9c3273fed
c64cc48dc547c5e1
c47fc54fc58dc545
c450cc9fc88dca18
c1acc8aac51ec89e
bc21c0ecb420bee5
bd883576be703866
4038499e46c84615
b48b47bc3c2d47be
3a8643b941414087
c0d541b6bc914134
44963f5a3da24564
34fc3bbd3bc23b70
49ec4af447fa4b34
4748473847fc476b
34ce459b44a24148
428f443c44cf443d
c7efc864bf8dc772
beebbf70acf9c02c
3f93c560bee1b169
4139c05d40fec020
3bb7c592c419c17c
41d5c4b33a4ec432
c20bc1c3c355c533
3a34c33dbf12c319
46be459d2ece443a
43e229073e1fa9a0
3eb8bfd4c2e4baa8
b8fdc364bd94c2df
cb14c82fc3aec9f7
c8a1c25ac6cfc282
c92c40de4455c482
c6dd456ac3a84523
44b6499547e94887
397f480f3ed04802
48bc4578441c47ed
40be443041364387
b3e2c6a5c03cc4f4
bed4be54bf7cc04c
c58fc989c718c7ed
bef6c74ec32ec74e
46a54693bc684884
45c7bf444382bd80
4afc4c4345b54c4b
48234536482145cf
3c5ec1beb452b09b
3db6ba1d414bb4c8
c98fc88ac36bc940
c355c300c1cac347
c516bdf6b97ec560
ba95afbabdc3b6ee
4353c3c13446be27
40e8311f3d7127f9
401db8203c9e3e65
b31f3c03bc4f394b
c3f4bd42bf11bc3e
c5bcbeadc6aec022
c81dc88ec4fbc7d4
c80ec4ecc73bc4ab
419140ce437d3cb4
401b43c042584478
47004893468145b1
46a246ba458d46a7
c76ebf85c20ac4ca
c404c171c2bec1fb
c4cb434cc09c3983
c495c0e5bd14c04f
47af46f739d047ad
40c3adb844282f8f
4594c6d6bf27b5ec
4410c155430bc166
4286c258429e3b19
45dc41f145604226
420f4a25480a4821
42de485d44354861
c2974a9345c7447c
c1f5470fc03846d4
c8f0c688c2f9c892
c669c19cc7b2c2a7
c78bcd06c997cb1b
c46cc9adc763c9cc
478bbcb6c12b410a
439dc1e33e63c172
4a4d45963b434844
4608387f441737c5
c1abc633c52ec332
bdcdc514c095c580
c83b39b8bc90c0fa
c2dfbb97bfb0ba0f
a44641df41313f61
3e75405440f041e5
3dd4c5e23798c038
3fbb2cd83f403811
4032c3b53c61be58
b7903b723ad63c0f
476845f84611454d
3fb145f2443c4600
40ae4982470947a9
3936473840d2473a
c68948ef410241b0
c39f41c4c1eb4128
c6883515c00bc45e
c0e0be8cc1bcc06d
c57bca84c7a0c955
be0ec799c35bc7ce
b666c468c4aec11f
3bcec522bc0ac4d2
481545263e1646c4
46363c7b45253c9b
44e7c7a3c174bbb9
3d68c1d53634c29c
c213bc4aadaebc0e
c5aab2c1c335b29b
c78f44c53ff0b9dc
c83940a0c3e44107
c79cca2cc68cc900
c7a8c5d7c71ac5f0
bdc9c8dbc537c5c4
ba9fc4a1c3a1c4bf
445f49e046134834
4532469043a046a4
48e54e404b294cb0
490c4b1f494b4b4b
4bd24c4f49984c4d
4ac5491e4ac54955
4aebbe2841e344ce
49e540a949584136
bafcc9f7c3b4c7be
3e41c2f636bbc355
cad1ca89c893ca83
c8bbc888c8b4c8b4
ca50c7dcc75fc8fc
c942c7e8c872c7fa
c976c122c597c876
c931c5b4c85dc5d6
c7bfc5b6c69dc8bb
c76dc692c825c6ce
3f0fc79fc22fc118
3d2ec290bcd5c275
420abf78397a40fd
40493a903dee3be0
3674b82a3ce03a31
3d793dee3f8d3ddc
420c467744fc44a0
4423455344b94548
48554dc34a814c04
451a4ac747704abf
49204d484b044c43
465f4b2448984b1d
3a9231e53a724033
3b9139a53e5039c9
3d0bc695c5edc03b
c1b5c61ec300c633
4233c76dc3fbc1e0
c12ac46fc24ac448
c930cbbfc867caf3
c65ec8a8c7e0c857
c807c6c0c673c64c
bf8cc6a0c3d1c669
c081c302c3f7be42
3a40c3f9bbf1c481
c497c9e6c4c9c94a
b981c492c06ac4f5
469e395e42553731
450a428344f942b2
479a4af846264948
424a45d5450845ea
c1bc490544d7450f
b88844ab3e3044b7
c650b9103993c0cf
c0793b47bfa93c7a
c4ecc59ac30ac5b5
c4ecc202c5ebc213
bd093936394cbd38
bfb13e27bfdf3cdb
42c6492b438547b9
3ab9441940494401
495f4b5547ae4af8
45e9474a46ff4762
435dc20f3f6db533
41de400842353f4e
c2becbbec5b8c866
be91c5e6be56c5f9
46e73a6a40c34506
46153e6b460b3f29
40ef416f35e6335e
3de736e536ef35de
c4b9c7efc34ec8a4
c1ddc326c45ac2f0
b7fac3b6b531be83
3840bb322f93b827
40e547d03a044693
3c5c39033cab391b
3f9843bd301a4338
44bb140c4334a989
c616c83cc3b3c7a9
be01c494bf9ac3f6
caaeccfcc827cc2d
c583c861c63fc857
c19bc025bfafc08a
b82dbeadb92dbfbb
b0e9442ec272b6fc
3a36c23cb871c2e3
c474c68cc80ac73d
c31dc795c4e9c805
2dd1c961c5ffc2f4
b8a1c556bd45c530
3f78c862c463c127
30ddc49fbad1c418
be19c76cbe30c53f
b8f0c129ba94c074
b4d4c1ef428abfd7
428140db440a414f
3dd84733445640cb
3a84442b3f5f4434
42744d1948b148e3
bf6648ec2eed48bd
428549a3470b4894
3a3f47423ea24729
42ecc964c29abc79
424fc3883cedc2bf
39b6c529c020be56
3e0fbf7a2a12bfab
c14b4d70471f49d2
c0c54822b2b24796
bb754bed46c848e1
bf4647013e4946c8
b158c9b5bd51c694
3d8fc00540bebeba
bcdbcb5ec605c944
3da2c609b11dc62e
2ebac965c73dc716
b1e9c6dec240c6ec
3ccfc2f6c2cac15f
b985c209c11bc154
c5c5428ac00ec12b
c594bee0c493c025
c725c7a3c60bc728
c657c626c57dc6e1
48c9c0ec405a445f
47a93f3146983fc9
49664c0b48e54b6a
485a488748a748e1
c63c436138d636bd
c365b4d4bf8f34c3
c326ca12c5a4c769
bc67c64fc030c5d2
4675bd89be0540e6
4438bebe3f12be98
3e784bda452f4874
3636461cb00345a8
c16b4a7d4607450b
c005475dbc294727
c559cabac448c917
c459c403c37bc401
ca2bcda2c88dcccc
c70bc89bc6c9c8be
c4f837ac3c25c412
b85b3cdab0a03c42
4ad44b29481a4b45
480647c5481447f4
4a8c442f43fd4975
45e5439946114385
bf27c5b4bda3c1f4
bd12bcbdb570bd61
c55aaf73342fc341
c128b419bcf9b444
b4054938442243d2
358544523b1043ca
28e24420be883f22
badcbaa2bfb0bd8b
c3a1c7bdc831c427
c538c843c66ec839
c50bc402c451c0cc
c58ac4abc581c41e
c28ac5e1c477c398
c10ec4bec2ecc42f
438dc7a6c4c0c08f
408ec53132e5c4f2
458445e844814558
43f944b5444e44c5
3d81460c46254140
4430466445a946c3
42d5c04d43fcc000
47c042c147ae4364
45384054474d411a
470646ce471046b6
40623f6240f940e6
3c8a418c3d6b412a
c32f3bc7c3f0bf98
c444c25ac478c377
c2614658b3e2401b
c3062661c23db81b
436a4625420246e6
3c4b412b3ea2412c
400d46c342a644a2
b8514356380742ce
c7afbf85bc98c629
c5c8b16dc515b983
c91accd9c92ecb3f
c76ec924c803c91e
c108cc4fc7b6c6b9
c294c849c25bc7db
46deb1b83f4d4636
42963c8742fc3fa3
42a03a41c3123d46
39dfc3bbbe02c2f7
c4aa43e4c41ac0f4
c3ddc446c57ac44e
c20e496a44f74267
2f95452f3c3c44ba
3912463f45353f0c
445d45e244754565
437046ac44ef4188
4426459f431e4578
4111be173ce0382f
2f7e3cb039873ca0
c61cca26c5fcc76f
c553c666c426c657
c54ac9a3c60cc75a
c24dc616c257c5d7
480032c441814338
463c41b245b84201
48fa4b8a48f649e1
487948e148bd48ce
c0123f043bdcbaad
3d6f3a9a3cc43752
3df7c793c1f3c131
3f71c2753b15c306
4b894b3948144c50
4884477848dd47d9
471f4a50452949de
41a0448143754566
c834c790c684c81b
c812c678c86ac5fb
c9bac43dc4b2c86c
c9dec30cc99ac3c2
c6763fa6400ac282
c7804276c5784144
c616c5c93542c6ab
c0bd3305beee33dc
c897c8e8c4f8c925
bf3cc4f8c306c4fe
bbe8c1b1c44ec083
3d0ec355bcb3c457
44c4c3f6c5bf3999
402ec6303861c663
be00c981c813c66d
be32c88ec031c84c
979fc581bf01c0bf
33e3c0b63d41bf78
46cb481346d5487a
445a46a3468d46c3
4101494047e84601
42d2484344034821
39d546fa448041dc
3de044ab3c21449d
45b944b03aac46c9
3647349a38ed3551
442f4168385444f4
b45a3a24b04e3350
428348bf460e45ad
42094688429f4657
4341484745cd44b7
44e645cc4556461f
c5a2c328c081c54e
bf4cc042c01ac08c
c7a1c5eec3f4c6d4
c4a2c324c571c33e
413fc745bff3c1d4
3cbbbfbfba89be2e
41caca9bc50fc657
4066c58eb8dbc56c
c812c8c7c6c2c867
c4dbc6f1c510c713
caa3bbb5c220c65e
c896c12ac623c0e8
c739400b3c56bcb3
c42f3c05bcbd3d96
45a8428e42fa45ff
4436409e456b41bc
4afe4109429147e2
47b34126474441f6
46fabf9cabf441d6
4360319741a1b040
42c14774430246bb
40cb43cc40a04256
4bd64ee44aa44d29
489a4ad848d24aa1
457549a0448a46ca
428744df42d244c5
cccacd5aca36cd29
c9f8ca05ca68ca1e
cb83cc84c965cc70
ca3bc915cb27c94b
c5d5c170c412c61a
c75fc2f2c811c3c2
c7dec62fc62cc6a9
c412c669c3b5c640
3e97c860c56ebcfe
44c5c6c542afc5ee
46323cc23b0a453e
46ada3844591373a
beea47c644934027
2fd6450d405b44da
b07445dd460d3c31
3832468242794682
46b84839497b47a1
4539497f46b54983
440f444e484f45da
431e48664415485d
42c0c42e38b43c39
40f439573cc23a5d
4ba7489244964a5d
475d448b45d84465
4c2a4c58469e4c75
45d246b7467c4648
c5b3bdf9c5d0c25b
c508c5e5c474c5b5
cca0ca57c946cc8b
c8e9c959c94cc914
c694ca1ac671ca16
c15dc6a8c3e9c646
c3d3cbafc877c87c
3ad5c8dab959c88d
c719c2bfc242c472
bd20c268bc93c267
bbd94a2947434452
c3ce4855bd264788
3162bab9bab5bd6e
c6a1b760c530bd8d
3c3aca51c7f3c49f
bd06c8a0c1abc8a1
3a7b41ce38d2427d
4424329041473487
c3b447383e973f9e
328e409db92c40a3
c26fc796c44bc4c6
c1c5c435c312c367
3dfcc01c3d603932
b8563b5c3c623e87
45a54c0d491849bd
40a04917456e493c
49cd4c6a4a784bc9
46ef4ac7484d4a95
4b41492b49834a4e
49d549c349ae4988
b938c462b9f5c326
41deba23409cb9fe
cb59cc89c94ecc35
c7eec953c877c950
c446c64ac50cc650
c18bc4b8c554c51c
4371453bbb2c3afb
3fe4b318bb5eba86
be4fc403c448c5e3
b7c6c43bbd55c46b
4353c3c1b8fe3b16
4221c055443dbea3
48064489443948ec
44ef41b946684368
c656c107c28bc1d4
c50ec1dcc3d7c06b
ca9ac63dc85bc8fa
ca47c834c97dc815
c6f3405abffcb4ff
c8f9c047c7b7c102
3b32403642b344ce
bec54325bcf04274
49d145c946de486f
48254743468c4734
48604a28488f47e0
488848e3476748b2
c15db843401dc304
4094410c3b283fef
c544cab2c5a7c95d
be0ac5bbc013c5d6
c803c95dc6a8ca07
c495c6ccc368c689
c66dc79dc7a4c7ce
c479c82dc408c7e0
4209c1d5c58c4106
3c2cc6863c5dc630
40f846813ddc4541
3fc43e8a41e83d34
befc483144774122
3b0444cb3f484493
436943b144b44644
43ad4460444b44ad
4c4b4a2149ec4c30
48f84a10492a4a0f
4c284bc94a404b21
480c4abb47414a8a
c3e5c677c07dc609
c419beecc663bfb7
c991c91dc5cec8dc
c801c5c4c893c5a1
c41846163b833e23
c3d83c7dc27e3ca8
bdc7bbccc483bb43
c07fc4b1c04fc4a7
c034cab8c80dc83f
bc42c85dbe87c842
c54ac1d5b32cc5fc
ba61b439b55eb12d
c7f046f236adc009
c168381bbea539aa
c5a9c643c849c5ff
bfeec8a6c153c86d
b975cbc0c83ec6a0
3bd7c897b2b2c888
3b62c70abe9ebfd5
3497be753831c012
414440ae41143f5c
355d41103c8b4050
48ba475a47504801
43884717455a46e9
47a34a87492a491c
4086497f4491494e
c5a045a742ffbc7a
c3064491c1ff443c
c42bc878c4fec613
c113c4d9c4a8c4a3
482e405138e64814
4203353c3fef3987
461c4ce848a94b58
43e248a0457a48aa
3fcd471943c24435
4382430444684387
4206c6f1c16fbf2f
41d1c2353fd9c169
c1a040b23d74b74e
b8133f49b9ce3eac
c8afc884c4a7c9a9
c2e3c43fc3b5c479
c99bd04dcc94ce23
c5faccb3c82ecc9c
c23cc64fc65ac58f
c3adc658c569c622
456d4f5e49284beb
389b49bc38fb497f
c4b9bef0c0dac4c1
c0d0bff9c438c0c5
c4e9caf2c276c8aa
a5fec3afb9a5c3c7
4b084dbe4ba64d52
48494b704a444b51
4a214cee49cd4cef
4667499148f44997
3a00c746b90dbf30
3ffebdfd4153bc39
475ac596b4293f6a
442fbadd450dbb54
48ff41ce294e475d
40a52a2b40d2a538
c8e1c78ec798c8f7
c815c759c903c702
cfbccda8cbc7ceef
ccbfcb7ccceacb87
cdcacb9fc9edcd0b
cc10c975cbb4c98e
46fbb27fb89ab31b
421bb1b63d6d9e86
4be0442c457e46a4
4aac4569494a4564
484c4bd548c74980
488f48d9487d48d0
48dc4c9d47e44b2e
467747a246a247ae
3dabbd62b59440b6
3e71bc6f4012bc96
c83ec7da33b2c557
c20f2e5fb9a83005
bc6840bb44e341ef
aa8c45263d7e4531
455346be425448b5
3eb242973c9d42e6
b0ebb17ec04b40bc
c1bfbfacc3d7bf21
367bc60bc567c235
c3d0c56dc4b2c602
467a46d93db44479
3de53d5040fd39df
46e04c18483f4822
46704845482d486d
c1fbc7e2bfacc8b9
41fcc00f4178be8e
c836cd49c824cc79
bdddc83cc100c825
bfeac12db3f2c17e
b5eeb892b896b2bc
c5324355ba8e388f
c4e7baefc567b9ce
c888c3a8c631c442
c910c5b5c938c5fb
c20ac407c4cbbb40
c61ec466c734c4dd
4245459e41b7460a
42cf424e3e514199
48044729472c485f
480b4736481f4749
4326c90ebf49c1d8
3dccc1b04158c11f
c8a0cc21c7f8cb4c
c59ec845c4f5c847
c71eb3c62dafc4d8
bf5339beba673939
48b649d545ec49ee
4489460745d74670
4cac4d1a48764d03
4832486448934897
45c34b864703486b
44d247454510472e
c992c5f7c2fdc944
c55dc248c5b6c322
c423c507c490c601
c2b9c442c45bc4ad
44e1b38ab6883d9f
45d0ba4b434cb888
402dc4473dc0bd8c
460f3aa2443d3ce0
bfe6bd4f40b93297
be0640ffb85f4077
c9f2c50dc35ac567
c957c302c838c3ab
ca61ca86c899c9ec
c95cc89dc8f9c88f
3d00c400c3b7bfd8
bc06c33ebe61c2c5
45213a97b8da4371
407ebb203f67b99f
3e313c18b1983fdd
be4fb619bb83b787
47d64c14484349d0
40de489643db487b
4a924b7249404b03
48f8497f490f4977
458cc3f53e0cb141
473b3d51454b3cac
c6c4c7d7c3c4c86c
c13ec48fc37cc490
c555400d2461be7f
c237b5fdc0b2a999
2d3b4483434e3e76
418b43c5423c43d4
c945c9b0c6c7ca79
c27cc6eac434c6d2
c804cc2bca5dca3f
c5fbcaa8c7efca59
48d9bc33be314552
4426bdb53e9abd23
b89f41c640473ce1
3a7142083b61409e
cb51b920c019c802
c8b2be01c5a8bfbb
3fa1433f3ce64197
c1503c6fb75f3ccc
4c914884474f4ba0
4773470f474846fe
4ab14b1448f34c07
480548e7488b48dd
440d492246de483d
4604467b474946c6
3c803e0e410141c3
3e4d3fc93f71406e
c4a73757b9adbf44
c5ebb4e5c5f4b900
cc0dc854c834cb78
c986c73fc9bcc7b9
ca71cc6fc96bcc48
c665c947c75cc953
4331c4d9be80c018
4459c03e41eebf67
410ac177c002beb2
42c6c0893e4fbfcd
c567c96dc7eec823
c477c81ac627c800
3867c507c1aec075
c251c25cc453c225
40784308449c4272
332444ed39b344a8
440f4c2b492a49c4
4263494a45e24934
49c04c0348964b09
483a484148f6486b
44aac4882a402eae
46b1b32145a8ad9d
c527c74bc2efc4da
3821c20fba20c28d
3c8a491043b74767
3d3843a73eee43d6
465e4876462b47da
40b845b344144657
446ebf4b385ab4f1
3d6339b03e15396e
bc1344452947b6fd
b16d3bbcb7912eb7
cc00c570c5ddc996
c8ffc592c83fc5ca
c860cb76c88ec907
c83dc8ddc75bc8bc
4a82bc9cbb6d4778
4580be5e4447be3d
3a88c02bbfaec071
3d6fbee52c76be70
cc13caeec870cc27
c924c816c974c813
3f763bcbbc603d06
29e5bcc2adfcbc4e
c4e2c28dc3fcc422
c4d7c359c428c39d
c36d38f22882c118
c3be370ac0cc369c
442647f546764551
405e467f42fb4684
aa1f424644963f5e
3ff344e741514489
c142c55dbec3c458
b28ebb5ab9eebd17
45a946eb41484739
3ffe41ef3fe941e6
444c4bd245dc49fc
b5e345da3c3c45c2
c632c596c4e4c659
c606c4f3c61ac564
c4e9cc0cc86ec9c7
c189c8a4c4f4c8b5
ba1bc43dc061c002
407fc0e3369cc014
44a2406f3c454275
44ee3c3c42b43dbb
4689bce839bc3fdd
4422387041ed3902
c1e7c612bd27c4f9
bb66be07bc6ebdbb
c72cc88bc69cc847
c37ac716c434c6c4
46094574436246fa
45e142a946bf4300
4c7e4ecf4df64e1a
4c754dfb4d664dfb
420048f447bc46d6
4169479244fc47f7
ca75c9ffcac5ca4d
cb71cad9cb85cac2
c8b2c12fc3dcc66b
c8d5c269c861c3c1
c288c11dbb11c324
c02bb4d4c03cb8bb
45d3c5e4c346b71c
428bc36e3b3bc329
47cf4516421645cf
44ab4288427241b9
c6033ff3be0fc160
c3ebbca0c430be9f
c89fc6a1c7e2c84e
c847c764c849c7c4
c58dc633c487c6c8
c6c3c3f4c67cc428
c818ca8ec6dcc92d
c582c750c60bc6ac
be09c64bc438bea3
30dac505b6c3c443
46c14ca548504afb
443c487045f44869
45a34a4d48154818
433d482b45054814
46e3c927bde6c053
4695c0a144aec08b
4874c1a23e734433
48753a5647d03a46
41c7484347b445f5
454b47594720478a
bc0034e2447fbfd2
42fc44194429448f
3f0e304e40b2358a
44d03fa0441540dd
442f4812444146e7
435f44c442c944da
326a417d37953c14
bed63fa1c1fd3c40
c2b6bf08c471c2f8
c613c344c76cc4a8
c4b2c372c592c2fe
c84ec5bcc79ac5d2
c6fac833c5dfc4d5
c8e9c60fc7a9c5ac
c02d47f53c294651
c45e3d9ac0083d7e
3ef64c58457148dc
3a2245ba418e459c
c199c895c4a8c884
b619c522bd3dc4d8
c521cda9c96ccc26
bd52c9a8c4a0c979
c753cb42c82eca74
c1a0c821c591c824
c656c4b4c0adc730
c002c071c1d8c0e7
4519476e463945de
4542463d45854616
4a3848a448084977
484047f948a94805
487a44ec451347c7
455144aa470544e5
4554447a436e46e2
44ff427345674336
bb6ec04db805b805
406fb82d3709b66d
c229be33bce4bfc1
c020ba81c14ebcec
45d64c9e480c4b0c
3c17483c421f4808
42104b0a4659495d
ba88466f3b99463f
c702c91dc50dc85a
c6f7c518c712c52f
c57dc9cdc636c89a
c47cc638c56fc60d
c4a8c099c0b1c38e
bdfdc111bf6bc02d
c42f44713efdbd6f
bbac3ef734583ff7
ba6cc5a9c073c54d
2fd8c02e38a8c0b8
3c24cb32c7ffc813
3239c81fbe92c839
3ff035d4c0beb58d
b80fc0debdc5c05e
c04042bc339c2dfb
c0bd3a76bc9c3aa3
c0cac4a1bf00c107
2c8fbd4337b9be08
45e240ff426c4586
461d41df4505424e
48d3488b4731492d
477a46ad469d46cd
4414425443b543a7
428b433f428042ca
c115c1af3504c019
bc69ad58b63830be
c27f2c1820803879
c13bb675bedfb018
421149d9420c483e
b90a42f5b87c421a
ac9944feb6013e90
c14c38c0c3052570
cad2cb4ec88bcb13
c922c853c926c874
c72ac53ac4cdc6a7
c5e4c4d7c552c4c0
4562474140aa4458
446b40e343de412f
b834c51ebdcbc483
410fbe0b3fe4bdfa
c240c8bdc0f6c6f8
bd58c198bb62c105
442b298142b53f8c
40de4259416542f6
469a44ba462a45fd
464245ac467445a6
465247de461d483f
46de455d47b54571
4891495347334937
4849470648574722
44c243d540644220
44e1414544124122
c21fc684c745c595
c3d0c718c4d2c6d7
c67cc5b0c812c507
c917c7dfc959c7c8
c82d41a5c05eb505
ca0bbccec953bef5
c80bc01bc1f1c16a
c822c1e4c660c227
c51bc9dac607c7ff
bf19c72ec05bc6fa
babdc603beb8c56d
40f7bf003bf6c009
bd6fc244b834c4d8
3f4237713b1ea671
bcedc383bc45c27f
382bbb763953bc76
44aa48ae468947c6
431045f644c94660
48ae4bab49864a3c
4857495648aa49b1
44c5413e443f42dd
45c0445b4532446d
3ae1bf3ebabfb768
3113b44bba29b996
484a46ce3f1c4781
42b63f49400d3f5a
46173ac6b6a24297
3ec4ba523a7bb8e5
c8c9c8fac566c8c6
c71bc523c684c53d
c8c3c2a5c2a7c545
c6c8c266c5b5c27e
3b764565389b4493
ba8830b118b52e63
b9d644343d733d66
b3a33c6536703c0f
c850c887c4a4c8b7
c2f2c517c2bcc4e9
c73bcc2cc80aca33
c1d6c857c268c827
3de4c194365ec0d5
400a39643fa03a1d
492f4a6b48304975
46ec48984711487d
4a974add469f4b5c
45e44710460546dc
42b2417d32c343e6
b9cc3704bd02a83c
c71dc71dc29bc729
c296c285c383c361
c793c55ec057c5d8
c2e9c121c077c083
c0ed3658312fb954
c126aef8be833640
c0bcc47bc12bc4bd
bbe7bf3dc08ec000
bebcc571c40cc464
b412c301bf14c37f
46c04962423d48fc
3b78415c3d01420e
40a2484a4083468b
be5a406cbd484109
c693c718c40ac700
c02dc3f5c2dac414
341fc30e2f4cb7ae
4064ba9d405eba52
47ed46dc479f4804
468446ad482f4720
4663483d482b44cc
47e74829486a484d
4458407842f83bd1
44e0436e451042cb
435dc4281c6dbc7d
3faa312b3f57b549
c307c53fc190c4a2
be4dc13dc1c7c17e
c898c123c4a6c4bb
c4dbc482c617c473
c643c6a4c6abc596
c670c64fc65bc68b
c7b9c928c8e1c89d
c8b9c88ec84ec8cb
c97ec01cc62dc57f
c885c596c7cfc5e8
408c44e9416946ab
24844139382a41d4
4c9448a747fd4c0e
4817477a47cb481a
46d3456b428b4559
4337430242664330
c71ec460c103c7df
be32c0f1c15bc17e
3e1b40d641f93c21
43443f8e41ad4083
4553488d46b2463f
459945ee468d465c
c419bf10b863c523
ba66b12dae4db45f
c8a3c96cc6b0c9ba
c4b4c667c53cc682
be18c570c3d5c2e1
a982c3eebb33c421
472dbe3232034043
43db390841333294
3ec7c0793f98af42
b0d0402ca45b4035
c3ba44f0454b4233
bf9c44f23c574559
40e048ff46c84881
3e8046cd44bb4708
45e548564465488b
3e9344ae42484473
42b545ee36234570
b99a386eb991ae16
43373da7c07c4176
b149bffdc007c08e
34e9c5f2c4d8c402
ba27c4bbc38cc46f
c4d3c91ec6b4c8b9
c076c6f7c4c9c6f1
c17ac47dbde0c387
3fa4bf51381ec058
be02bce43d11c08b
44ea3be5440c3d2d
c6fac695c5dbc8f1
c1f8c5e1c23fc513
c4c8c414c5c9c615
c758c59fc5fbc577
350040d43e544011
bce43e3b27e63d81
c6fcc39d2322c4da
bf3e3337be533363
c844c5d6b831c623
c5982e71c443b26d
450d4865470748c7
33db46c6422d4691
4bac4c0848c94c6c
483b482149174863
4975462d43f7487c
47884265479c4351
4514b875bdff3fc3
3db4bcf63afabdca
47043a97be0e417b
3c18b9e9b8c1bd1d
4819473f44bf4725
459c45b1442b4521
c3d94492429b3c8c
345443e838ce4333
cd09cb13c837cc52
c915c825c938c838
cc7dccb4c979ccee
c867c97cc954c972
c3ebbad1c03dc1ca
bcb8c052c04abf84
4615469b41bf45c4
443b4113433041e1
4720c07d353a3c3e
451fb48443db3266
3e86c686c1c2c025
3db4c3113e83c23b
342bb9dfb5ad4042
bdeeb9f03b9bb877
44cb498546ad4889
b1d946ba4164468b
3f504909455544a9
352645963c5f455c
c3abc492c31bc599
bfcec275c33bc2e9
3ce6c0babd8a35f7
be4cbd14c018bead
465849f9473949ed
40154715436946f0
b39542e13f2a4080
3c913fe939064005
c81ccb46c883ca79
c547c82fc71bc85c
b6fdc711c49dc4bd
c04ec488befdc49a
46c3457043634585
45c3423246f5434b
c3e93aed3b89c0ef
3eaf3aeb3faf3ccf
c772c1b9bf31c632
c065bd68c294bd30
b1abbd99b8f3bd0a
b873aea4bfe2b47a
c29ac662c2dbc51b
c118c1e9c1a0c2cf
c14bc083b99ec0ba
b87bbb5436e4bbfb
490c49da48324a2e
45d74752474247be
4776431a441146f9
429142a2427a4377
c427c698c3e3c44c
bd63c444c17ec3cb
3d9548f641f0480b
3d7141513ded412e
4c0f4ce248d64d04
46f348c347fa4894
4825c403beaa3a95
4267bf2b4191bf1a
cb53cd24ca3dcced
c863ca22c860ca28
cad2c86dc710c9e6
c8bfc60bc898c691
c6d1c500c25bc87b
c3d4c002c603c12b
c806c1b4b9f2c8e4
be82b58ec2b8b512
3b534994465b4563
392646a8408d46e2
45994638424047ea
b805436d3e194315
3ccec5b6bf02b466
3d3cc0643df4c00b
4450beb4411b4260
48363ae647e13ef3
4663456a44bd4722
477a4411470f447d
43e848b642a846e8
3c34441a3cdc4364
44ee44af31ad44e3
bd352ff8b81caf80
3e39c1fac0d737e8
c403c29bc15fc245
c5a1c583c364c3d8
c6f3c395c63cc399
c878c8c6c6f2c8e2
c5ffc680c6d1c6bd
c7a6c8adc589c984
c1cdc53fc2f6c549
bbe03cd94280be13
413f42c0416242f6
482c496c4886486e
485a487847c34868
47da4786450745e4
472345244561450f
35c9c160c03dbffe
3f3bbfa834a9be4d
c230c7b2c566c3f6
bc50c57cbf04c55a
c2a83964bc7c3649
c17dbd1abb75be74
35bc4882455945b7
b554450f41864514
425e4286444d435d
40b74436423b444f
c137c6c4c157c566
c011bffbc2e4c0db
c319c5a7c50dc4d5
c43bc472c5f9c4cb
4705484f3cb3492e
3e1e3aa337f73bf6
42c3480b3b9e481f
b8003863b05c3aa6
c9b8c88cc680c934
c8e9c628c819c60a
c80ec9d5c50ec9dc
c73dc494c622c46f
3e08c30db39ec45c
3d2db0aa3991b464
b16dc704c1c3c754
415bc3013ec8c37f
440836c040bf3ee7
452e3dfd46413ea8
497b4c7e4a9b4c3c
48664a9349bc4ac9
47ad495948f34948
48154902486e493b
425ac539b11abcc4
4539b8b642bfb5a4
c5293d4dc04dbbc2
c296bfd0c47fc096
c979496d33a63985
c8643e09c8673945
3a16bb19c065be14
b9dcbe30c121c00c
4452c9b2c604c30a
3949c684bc4dc645
c4f4c6b3c429c39e
c504c4d6c452c449
440a38d93a0241ed
416caab5412f370f
49a3431c3e364813
46693c4245c63af1
c637c177c455c2fa
c52ec3f6c40ec4b3
caa8c739c633ca1a
c742c576c645c5df
c230c1de33afc60c
39f63a143c693b34
c3e1c1193e84c3b1
c02f3df2badf4002
c882c798c368c7c8
c75bc3c9c646c322
c3a8c418bdffc41f
c1d8ba64c170bb85
477d4a2148234920
4343489444574871
4c2a4ddf4ae44d4c
48cc4ade495f4ac2
4b2049c747c64aa7
494646d948ef470c
40c3c86bc495c323
40e9c56bb5bbc4dd
c2e1c73ac61ac432
c08fc652c455c618
b25842eebc1d42bf
b98cbc05bb86bc4d
3f72a506bf12a6ed
b40abeeab816bf7a
be87c69fc2a5c60f
b514c39fbbcfc3cb
c5e8c771c26ac7b2
b83dc3cfbc8cc38e
c2d4ad1a3bb4bf53
37063d5439dc3d0d
c6103e993ee8bd3c
c2324179bc6840ad
c991c4a2c1d0c6f4
c7e3c0cac5fec1ca
c39fb82cb40bc0ee
c3d23218c33ab568
447e3e3642223d54
3f2c42d23e1742c6
4a4c46f846f94858
47f8469748214730
4b024c1c48784bef
480b486c485b48a1
439343c513dc44b7
399234ed39e435a3
c442c9fbc78bc781
c186c802c297c7f9
c54ec910c7f3c620
c4a3c86ec51cc86a
c2b7c34dc4a3c0df
c525c51ec530c4b6
c4c1c143c13ec487
c350c125c2acbfe2
c549c436c20fc4f7
bf24c169c0d0c19a
c463c0b2bd37c2c1
b8acb9d1bed0bd65
c98bc676c5b1c918
c62dc548c667c59d
c82dc80cc598c825
c514c5cbc54fc5a4
46364781460a47c1
43784632414c4602
4860484c47334799
45aa474c44cf4716
c0c3c460bbc2c30d
bdfebd52b348bcc7
c294c7cbbb57c6e0
bccfbdbdbd88bd15
40f8434f44873e8a
43a943f9417d44a6
49d44afe492849ce
49a3491049254936
495342da434c46f6
4940432e483b4313
488a3d363dd9460d
46d63d1e45533da9
449748de44184750
4009440b3e3a4419
bf46484a3e7e41e1
be2b3e5dbc213eb4
378e441b3d5841ba
367d3e7f3ddc3d5d
b05e3c68410e3a62
ab3343163bae418f
c1d23aa841d4be83
b98243ce39d642da
c3cbc3e5b417c32c
bcadae66af2bb477
c4bac766c1efc546
c2ffc2eec222c32c
bf273cc8baa7b513
c3ebbaf4c24bbc35
c5b0c73ac815c5f6
c7d2c7d3c7bec7cd
c8a6cb86c97ec975
c728c9d7c7ccc97f
42813c5f3bb74142
4411b6f343ca37ad
468cc02fb5d73d7c
4631bb4344dfb6b4
bf36c89bc68ec67a
ba3ec623c2dcc64e
b390492c41af43d6
c0b742cfc2d04207
44f34c8f49a948ed
420549fa42f649f2
4704457b480b45f8
4741485347f64852
44a9c34338953dfe
431e391e43e4346a
425ebf563a643bce
414c38d6411c3319
3d9a3eba42543ce1
426a41f8438c41e8
c2e043d8307e3a21
c0a1aa39b98e114a
c56339ddc12ebc52
c584c244c401c1c9
c091c663c3e4c23d
c30ec482c356c439
393cc192c114a828
bcfdc0dbc0b0c118
c2bc3d59b2f1baaf
be932cc1bfb62cf4
c677c22fc083c5a6
c11bc08fc17bc013
c683c9e2c874c9a2
c42cc863c5d6c86d
c5c5c8a1c801c8d4
c541c75cc6cbc7c1
4337486e449946dd
3b3a44d5406244a9
4a4f4c1f4a284c35
489249db4a304a04
4839439c47ca46c0
483a47a048ed47eb
4474c5923876be91
43ba3c4b3ffa3c5b
45cc428b3b074246
41e33d983b143ce5
3d6b484342a64460
b06b438aa11c42dc
c6fcc09ec182c31c
c753c1a0c641c228
c939c994c8b4c88e
c887c90fc860c908
c6dfc926c6b9c801
c1e2c780c413c6fe
c340c589c192c488
baa6c270bffdc1b3
bee74538b3d13dac
bddab2dfb981b943
4279494845284550
4529455145fa4524
451e3ca74632411c
486145e2480c46b7
382dc7dcb3f7c2ad
4029b8773d64b7f8
3c2eb473b8e3b33b
bab12daabc3dbb2f
465d482144d547d4
41fe45d042524564
4613443342d446f1
415c42d942044356
4342473140ca44fd
bbf540dfb193418d
40f2471741df41d8
bf7b42e1bca54388
3398c429bd49be65
bd76be2fbd50be5e
c3b5c814c4fec490
c1a5c5a9c161c5e9
c7dfc0e9c348c51f
c574c372c44bc308
c820c0f2c470c4bd
c64ec4a8c4a7c447
c62bc8edc864c692
c49ec8cec4b3c8af
c676cac7c81fc954
c0eec816c47ac822
c6f0c92fc346c91a
bd09c1aec13ec322
34b3455444bc3f82
41a2451141a44467
478949c046064850
456b45f444794608
484f456140254715
44c53f1e42ad4052
48ef4990482449a6
4731481b473d4831
47fc48f548ea4851
46ae4908476048f4
448c44274432424c
42e5445b439e4454
b4753d6d3a40bdd7
39b43c7b349f3e80
c3bdc19538bec301
bdaa3b8fbde73cd5
3fc840cb40f045ea
b1ee40533c993f3c
474a41e3328f483b
3d16b7034054b91a
c239c84bc6b6c56b
c3fcc6e2c36dc6d1
cbbdcaddca2ccb16
c991ca4dc921ca3e
c9c1c933c91cc93f
c83ac958c815c93e
c6bdc9dec5e6c976
c43ac5a6c52cc5c9
c638c37ebcd7c640
c446b8b2c478bbfc
409f4c074765486f
3ccf479f3f9d479a
47a749a447a7473d
471147b0466f47ca
408ec855be36c583
43a0bdee40f2bdce
4474382c39c440e1
426a386a42b23a61
4a6c4c5649914bdf
48dd4987490349a2
48f5448e470c47e4
47e3479d469b475f
37ecc67ec45cbe50
c125c41dc283c446
c53f354bc6a7be25
c7bdc6f3c74bc6a8
c5e3c00dc4a4c1f5
c5bbc4b5c5c9c4c1
c1e63dc8388c3dc2
bf6c2381b8b2af8d
b89245bc444842ce
414a424c44ef42d4
bda2c6f339afc5e5
4461382a44e43799
c555c7bdbc88c8f0
ae92b2abb9a0b8bc
c754c3a2c330c7d4
c673c1fbc71ac1f8
32b1c472c139bc34
c2dfc0c6c43dc0e2
468c3dab43ec45ad
44ac4455431f4401
41233d393eb74158
42bd3e6b40793e7e
a4df4040c0d33ce0
c21fc0b6c1a8c0a7
407842d2be6a4088
c18abcccbf20bc97
4423bc25baa03ee3
4335be3742cbbce9
42fd465b419d4613
44b33ef64482402d
3809475a400144c7
b91f3fdbb6bf406e
bf50c46ac16cc0f3
c1d6c0e8c29ec10a
bf7e3b5c3d65adcd
bca03e05b5053d4c
c42743b641fdbde7
c04542f32e6942bf
c557c72bbe08c85e
c0c2bcfebb69bd74
c17bc6f4b893c70d
3d46bcea3e10bc32
3751c109b8fac0e9
42e3bcfa3d1bbb72
3e02c4f5c53fbc36
3c0ec4f3c107c540
c3bfc68cc5d0c1a2
c4a2c573c52ac5ef
bfb1bad93aa436b7
c1d63948b7003b28
4a1c4b6c49394ae4
47b5495a4897496d
49514ba648274aac
46d5486e463a4842
c00c38db238f99cf
c0bd345ac1b52a7b
bca7baedbbeebd25
c02db77bc0dab9e5
3f6d4086c099406f
bb1abff5c00ec007
b006ba2ec02ba760
bacac12abe1ec06e
c033bd493fd2c097
3c673db441193ea8
c58cc308bdaec5e6
be12be93a9f5bde7
c6b1cb16c925ca37
c3fac987c59bc954
c55acc12c923ca06
c16bc9a9c489c989
bcde37223e5234a1
3b883e3240793da1
43704ad44963492c
405349b9459749b0
368843c6447f41ee
c0204501b82044c8
c0d2c4a6c05fc351
c0b5bf33c414c066
457245254143457a
42b0423d3df341c2
46cd4687419346ee
43aa4232419641b7
bed3befdbd19c03d
33e0bd94b165bdc2
38023e7f3eb33d13
41613c3542863e8f
48574949457849bc
471c44cc47154576
46e547ef40e14856
437d40ef435b411b
c396c7dcc681c635
c61bc672c4a4c656
c8e1c9f8c890c9d5
c8d8c896c875c8a5
c51bb88cbd89c4ff
c19dbafcc37ebf00
c650baf8b34fc61e
c2543901c344a9de
c982c9d1c6e6ca17
c851c648c896c62c
c1f1cafec5c3c81b
be0fc621c1dfc593
48d14495479d4857
487546d748df4715
4b164e194c594d36
49c34c4b4b0a4c40
4727486445e146c9
466c45f8463545f0
4136c5efc338c10e
4007c38036ecc36c
439b45a63eb3472c
40ae3ce941593d79
bd873ca5bd85400e
b63fbcdbb57cbc61
c648ca90c839c8b4
c5f9c7d3c741c7f7
c54ac78ec4ddc6e9
c73bc4e2c715c4f4
c08e433e38492262
bf92b2f2b8c12f27
ab5748d043894423
4060424d41b442ef
c1ce478244333a56
bd72442fb9e5443a
c878c974c5f4c963
c6a0c5b7c6a7c5d9
c840ccdbc9e0cac8
c6b6c999c81ec9c2
bf37c170c147bf9e
c2f5bf05c4c3c030
44ab4896440e4739
401a449c402e444d
486e435742b545cd
47754282480f4242
498f446844a9471f
47ff44224849447a
48c34984469e49cb
45f945ee46384668
3cb0b47140123f76
40f13e8441173f01
c264c93ebe58c74c
321dbe693657befa
457e479246de4625
460146fc46af4703
469a4c11486d49cc
46834895468b488f
c7e8bb1dc367c4b3
c6aac204c760c313
c95ac51bc561c82c
c88cc4ecc88bc52a
c700c92fc565c8ca
c328c60cc435c56d
c93bccf8ca0bcc07
c691ca67c80fca35
c4e9c50cc683c46e
c5ccc612c647c671
4453471d3c3c4731
ba443e05b8a33cd9
45c7433241d545c7
3e204179410c4145
44714483455144fc
416e457644cb453e
453e470d44aa463d
42c744b144a5449c
35eac0e9bf2bbf42
39b6c11c35e7c01c
c576c607c4c3c6e2
bfe9c52ac2e8c473
409b44553af64284
41743ac4390f3cca
48e247374802484e
487847ca484347df
467b468b48b645c9
475c489f48b0489b
c3403404bac1c17b
c2a7ba65c09cbc1f
c9bcca4ec959c9e4
c972c90cc9bdc962
c74bc793c5e0c5a5
c561c588c4f4c62f
2f4d40413ba93d20
41b83a0442423a83
413b4313407c4022
4279423240514256
b635a908b080ad69
c1393dd1c3113cc5
c533c6adc1c1c5eb
c673c0d0c662c0f2
41ce482045e045f1
3b9a451c407f4564
4b3f4c5a49b44c45
494f493949be4956
469fc613bacd32cb
46a4be27458dbdb5
bc62c627c51ec2dd
3b5ac5c0af0ec558
41ec4997402f4850
41333cd742043ed3
b6a8c63cc31cc1f4
b141c460b954c439
c8a1cc77c973cb8b
c7f0c940c895c96a
c9aac47ec5a3c895
c8e3c492c8e0c505
c5e3ba34bba8c2e0
c479bc27c3acbc9f
c1a3bd9cb5b5c1ca
bd5eb8d3b910b662
c0db43b342e7bfc6
bc1344aab46744c4
4088451f45503db3
3a6646843c8c4616
44633ca53fb54385
41673f84410d3d73
40d2440041fb4666
421b410d4428412a
4715484047f348df
456547ae47364803
4a8144ad47504876
482d472e48144748
456b42203cc64451
423a3d6741273cf9
c4b7424cc48d3b48
c482c4cac372c4b0
c1c5c3eec5a5bdc4
c198c696c303c63b
ae58c8f4c452c590
3f71c499bea1c467
b568c16ec0b0c33c
4043bf2dbac8bf79
c5e1c189c453c55f
c246c441c366c439
cacccba5c8bccb5f
c8aec906c830c901
c584c755c3c8c6ba
c43bc471c077c465
45714a09468b4746
43d146f8452346d6
b7c9464340d535d2
bbce43bac0014213
c3e0c6d3c437c53c
c52ac30fc616c404
4592429144224765
3fb942e7437c442a
485a4b334a4d4a5d
467a4a1448694a76
45e1482748dd4602
447b491f44a448ff
41efbbef41083c48
405e41ea3ec9409c
c00fc367c21fbd46
382cc3363d14c339
b3e63d1dc0523e05
3b50c2a7405ac173
40d237c5b9203c85
3ff5bd0c3e21bbcc
b55ec754c390c427
3b05c34bbba1c3e2
bc4ac49ac432c23c
bd34c39ec107c402
c03b3a68c00ebfcc
c208bc3cc3cebca4
c4b5bd89c22ac452
c369c027c4aac069
c4bbc533c43bc57a
c28bc44fc355c419
c3d4c6a7c359c4c8
c3e5c447c431c406
c3844462bc9240c7
c58dbda0c4a5be65
bd5b4a0e411a46ec
bf7b40c9353d401f
4528bdff3d743cad
469d3748460c3a6f
42d3caa0c1b7c601
45dbc34542d9c21d
c724c52cbdfac5d8
c4ddba71c3b6bb2c
c44c467d4391404f
c60a44a6c326447c
49a948d448434964
4663485d46364856
4c4049de498a4a70
4b06498f4a864969
4937474b477f4650
49544743492f4727
42b0c0a440672d7d
449e400145133f31
c421c5fabcd9c30f
c063badebaf5bd16
ca67c63dc5d2c89b
c89ec569c86bc505
ca4b3b13c683c719
c960c639c994c5d0
c346471bc3733ddb
c5e9c322c5ccc426
c0cac823c81ec3a2
c215c85dc426c869
c5f4cc88c9dac990
c47eca47c624c9d9
bf2bc41cc335c32e
c328c41ec222c368
40ad437642e94259
b8dc4337391142d5
43fa4442458245a2
4245463742024600
49df4a8648dc4acc
48c14921485c48f5
4b1549d348274b19
495c4820491647d6
44cac5bc3667a531
45c12447450c2644
c423c972c2bac8a5
387ac34db4cac24d
c7d745ad35a1c1a2
c4983734c37e38d9
c5814adf446c419c
c25843daba404411
c6fdc9f2c54ac9c4
bf77c65dbdcfc595
c8b7ce9bcac5cca0
c64ccaa4c7f4ca9f
c44ac246c45fc001
c5bac28dc66dc426
c5434605b9bb3de1
c643b472c524b92a
beaa3d2e3975b8c1
c4753cacc0d93c06
4c3d4b764ace4ba5
48a04b1949414ad8
4e984e0c4cc04e55
4cc34ca74caa4ca0
4af14a4948bb4b42
49e7486c49694887
c531c54cc4d8c278
c2bbc4ccc519c496
c614c8b3c771c652
c4cac714c739c6db
c19fc5e5c1fec54d
bd05c138bfa4c177
c941c7edc655ca39
c5fbc65cc51ac682
c922c9cac900cacd
c590c93cc568c919
c986ca52ca65c9e7
c82ccaadc7e2ca85
ca67c82fc924c86c
c983c97dc8dec952
41fbbe06b8c13faf
3e05bd5c3d2ebaae
49774abf48f54b18
468148e348224917
c6c247844102aa97
c42240e1bd1040da
c9a4356bc07ac4e2
c889c00ac6e7c0eb
cad1ca96c8eeca7d
c95bc8e6c9cbc8ce
c127c012c48bc0ee
c303c54fc46cc417
45b1c004c3564078
3c10c441b78cc380
c484ccc8c97aca34
c515c95ec6b5c991
c885cb91c775ca35
c731c723c6a0c730
2e034214446d407c
39f54494401644ae
4a7249b249674963
49a6497d48fd497a
4cf5492b496e4ae3
4bfd49844ac14975
4a0a43dd465f48bf
4918464748a945ed
3adf48b1444f4607
3ea84496409b4407
387c4ce247f44903
36a7487a3dab4807
c00a467841a54237
b81441402c73407c
c8b434e5c346c413
c699c464c597c3ac
c56b3ecfbfa7bfb6
c571bef9c477bd1c
4636c8fabee7c00b
4348c03e43bfbff1
40d2cce5c819c92a
41bac8c0409cc863
cbd7cd79cc1dcd4c
c927cc30c9facc09
cc1acae4ca7bcb7b
cac2ca1acb45ca5c
440846f94526479d
41164558432c4521
49464acb4a3e4a89
49394a4549cc4a82
42c344c544a34358
41d84512417844ff
3e2540b73f0b3c41
bc064009b83b3e48
409a4718446b4427
b34b44e638db4495
43504b4f473d4915
bbd047feb7fb47c8
387644783f53447c
c11d3f40c0273f5f
4303c58cc41bbb65
4172c4d83f1ec48d
480e42adbd9744da
46f3c0254515be98
c7a3c651c5b7c633
c2ecc658c449c613
cd23ce59cae6cdc9
ca35caf3ca59cb11
c923cb38c7efcb06
c545c789c5e2c809
3d5b44323f00407c
41e73f3041b53df5
456d469145fd4601
453c465f459d45e0
48ef44b54850474b
4826485e484e483f
4aba4934490a49f1
4983488f49e4490c
4a244b98481e4a12
481247e048524866
3d1e492143674512
c00f4449bca54422
c86e3e3db60abca5
c807351ac6a4b39f
c65bc21fc3eec10e
c662c2d8c641c389
c1adc959c838c66f
c5d2c81ac6fcc808
c046cb2cc926c81f
c46ac922c647c8f7
c30ea455c23dc02e
c1e6c223c28dc21f
c7fc40c83ed6c3ce
c44a3d16bfcb3d1b
c386c8d5c07ec798
30bbc2c13e21c20a
43d4c6c4be1dbc13
46efc0294605bfe7
452540c642fe4423
463443884562432c
45ac4572452d44a4
446645624341454b
c07644ed400438ee
b9e640aabe833ff5
c6104471b786b6e5
c4a82c89c4e9b674
442a441238fe4422
3bc4383c385f38d2
448141d63d0f429a
3d003c3f3d5f3c99
2ec93f1e40a139be
c14641eebbf940e6
481d412e43bc4572
44704411451c43fc
474ebb6eb861445a
473bbd8a4564ba05
c6c3c823c6dcc583
c2d0c774c4e4c70a
c77ac88ac4edc726
c572c4f7c56bc4b5
c11db92a3ce5c002
bb023f1bac173eef
c47044493c29bfe7
c02d3ea0bcb03d9b
c815c796c694c875
c514c6c7c500c68b
c4ed231dc418bac6
c591c41cc4c6c3df
46d54cd848064aa7
3c9a484f41794825
499643d04876459c
488c484a490b4848
47e0c88e4357bda9
48514179489b41b5
3fde3fa43cae3c72
3aec3d4c363c3a44
c7ab3fdfc1f1c323
c6b2c0dcc7c3c195
c72fc7aac32dc60c
c433c3ecc462c36c
487cb59a439d453f
47874265474c42aa
499146124002486c
48743e66470f3faf
c710c4bfc8aac3e5
c58dc89fc731c869
c95cc892c84dc84b
c969c7bbc983c7ec
3fd245a243a742f2
36d1446c3b9b43d6
bdd0485f45c44047
40b245c742dc456f
c8ffc830c38fc9d9
c49cc365c4c8c370
bc54c690c0e7c37f
bfbbc05bc2b3bf2e
403d411c3b1d44a4
b7eb3948b8363ceb
c454c0cfc3e3c34d
c496c47ec20ac477
3eb9bb45bde6c002
3938beb73e14bfe5
4858335842c04302
47bd4296472342d2
4805470446e5482b
4636474746bd4718
45fc4a254844491d
42b3489444fe4843
4368446c441d4597
439743a04340438d
4787496e4405495a
466e429e451d4387
462547c8416c4765
440b415a429941ac
c19dc7f9c084c5c9
bd54c055be60bfee
c877c973c570c98e
c528c5dac524c561
cc30cd2fca95cd18
c9edca99c9f2cac1
cc9dcd1ecafdcd17
cb7bcabecb07cb08
c75ba947c1acc380
c829c189c5efc0e2
4164429841a24232
36e3410140b74169
470638e643a3441a
4663434846834283
489a4925461148ef
465c464f45d24625
457c4948430c483e
389244192ca4442c
aae34416b9d741c9
b9c2b688c156b466
3d12459239b04370
444338e03a8d38d4
46234457418d4543
46bb41d042154118
4714422b41a94542
44ea428d4134421a
420843b143b2441b
42164392441d4400
c1dcb2744363be00
3a6f42b944864300
c4f9c1c43db8c59d
b07f3ba541813cc2
3b18c3f5b2f0c199
4129bc464276b803
3ec8c81cbe63c430
3b01bda939cebe0d
c7d0c9f8c54dc98b
c5ccc44fc63bc4f0
c4f53cfac342b125
c4c7c42ac3e5c3fc
46eb4872b4644992
ba16be713f09bb9a
b7f0c8d1c713c49e
c576c6ebc584c704
c8b9c6f3c605c8b1
c6dec53ac899c5ad
c4be478840013a65
c2f9405bc352404a
c586c575c218c4b6
c645c1e4c517c1f6
c007c667c21cc1a5
c365c143c289c1ea
48744b89485d49ce
4609489f460d4882
48614bb348d8493e
488948db480048ed
44c7bd993fc63985
47713d1a45d93e2f
41adc5c5c1b6beea
440ec2df43e5c29f
c438bf88c4a8c18d
bca3c487bb13c490
c13c266c35fabe02
3c8239c630bb39da
485a446c48084668
474f481d461d482c
476644e247854668
463747b8458f47ac
389334914381a063
3da9441c400943d8
39d13cd63fb3399a
bdc73f9aad593f32
c34f4440bcdf3a7c
c601bd08c506bdc1
cb34c79dc8c3c921
ca7ec8adc9fec8a6
cbd6cce2cc27cc2d
ca40cc59ca40cc35
3e1cc39dc7bdb8dc
3bc0c889b942c856
49e5469d43b248db
48d3427e487642a8
c014c09d3ddfbac8
314f3fd13eb23fa3
c84e369a32b6c4c9
c6d43e03c5383bfb
3ad643fd438fb660
bf29448cbd4643eb
3ad2c5b0b80cc259
b9c2bb81b6cebc5c
41fbc00d37b13797
3ff52fa74025a864
4b414b5349b84a87
493049c848d849cb
47e74a06486a492a
473b4874468848af
be3ec1edc1eab505
3becc1c334d5c0f1
4198c449c1e5be2e
4210c2003f2fc150
b6cbc0a5b21bc0f4
3fb3b51130db2bdb
c707c4a6c27bc351
c2f1c205c4f7c235
c5843a3ac1893813
c599c102c556c25d
a8594902409a4675
c2914066bde23f49
415044e23fb344db
bc003f93383c400b
c15fc72fc470c585
c263c40fc1ccc46c
c7c4c67cc6f5c956
c4a1c6e2c4c0c76c
c581c5b3c452c8ba
bfbac53abb53c4c3
c033c6003dbbc568
a41e3c0e41a93eab
b623c4c440c4bf9d
3caf40f9410c4127
4284c62dbfd5bb2a
4360c1493dafc07c
46b03b4a38bf447c
44ff31e141a639be
47dc4d2049e74b23
454e4a5745844a12
45874d634a754a71
44654b0444434a7e
bb29c4ffc00abf1e
31b5bf38bee1c01c
3eb9c864c53dbc5e
b619c561bcc0c524
46fd46e63e8f4819
3e1e3ed33f2b3f2b
b839bea7c4ddb8c4
c0ddc514c289c4c3
c764c9e3c8cec837
c5d4c927c5ebc8db
c678c01dbf65c3be
c379c09ec03cc05a
c6f2b4e7b513c4cb
c453ad00c1a7b79f
c8a0c9f5c5daca73
c749c509c70bc563
c5a6c844c47ac870
c605c326c688c387
43344916449d4702
3448449e393b449d
47f74b7548a64995
47f0482948ac485e
45aec15f42303016
49604053498b410e
4519c80a3dcabe51
483c3d5947c73c8d
419c478e455045c0
40e745a2414e455c
c4e644dbb9dfb24a
c52ab854c539b9d8
b08cc3b5c213b862
c03cc1fbc2b0c23a
4938457d4441491a
46ca441745d9445a
44cc486a42b54651
426342f240c942c1
c30bbf51c127c27d
c61ebfd8c632c0a7
bf62c530c118c020
c643c060c4d1bf95
c736c550c61dc5c3
c5dfc644c523c5dd
ca94c993c902ca9d
c573c923c6f9c916
c2f6c16dc00dc37e
3d6cc0b43039c08e
42814817439544bf
40be440641cc436a
3dbf421d40593c3f
37a24222369b4126
b8eec6c9ba41c444
387cb84fb35bb943
3deac851c057c43b
3ce7c28a3c3dc1f7
482d426e4338467c
44c5404a45c841ba
48214c1149834b6a
4449496a47a949a1
c185455f42ad428d
c22943dab7314334
c240c857c5fbc5cd
c06fc5a1c3bdc60b
4912bd24377d43aa
487737d6463d37e4
467d44e944c3459b
4651446246a844a5
c59846f44273349c
c40c42a0c13f42a2
ca503cb1c2e8c770
c8f1c09bc916c19e
cc5cca2dca2bcc34
caf3c9accb16c9da
c51bc8bcc729c7bd
c4edc743c519c715
463b3f793d9f4430
445a3d6f41eb3cba
419435f13d403e95
404f3dcf3ceb3bce
45c3371f45c0447a
46f344bd47d34536
49a548824a2249e3
4af649884bac49ed
4416b24a3a79409b
43ad3a5841ce3a62
c317cae0cacbc82b
c69fca89c93fcab7
c1183e22c6bd35de
c543c668c76dc6b5
44f14c8c47674a12
2e00478f3cf2476c
4805452146ba462e
43f2468644f146e1
c521c999c282c856
bca7c354b24ac260
c9c3c5efc380c8f9
c5f9c380c351c36d
bcd444c040b1b6f4
bdcb41323a71412d
3ebd491f473d445c
4214478644f147b3
3d9c44c8463140f9
449e462d45ae4645
4620c51ca11e3dae
4374b1f44323b47a
c432c82dc6b6c539
c631c64ac627c6b7
cc88cc1ecacccc39
cb14cabecb87cae7
c5f9c961c81dc6c9
c4c2c853c77dc850
495c482444b74997
466f44cd443e44f1
45df48be462447a0
445c464c4409465a
c1bfc2eebcbdc2f2
b835bd1fbae7bf0d
401b3f952fc04149
416f353e3d41a134
48e44af245394a6c
460f44f245664552
45e742eb40224534
42663d5943cd3e2e
bc4ac802b4c0c5f3
3ffeb18240ccb1fa
c2a738ea4209c46a
32b643dc3be54415
3ce64a9a462f4585
b91746823e2346a2
42df459840a64448
b6d73f6a3e303f12
bc51c682c1f0c37e
be6ec1e0bbfcc226
bd5bc845c3b4c404
36efc3f8b2ffc3a4
c271c8a3c511c55f
b889c5e5bdd4c565
c733c7b9c60bc72d
c442c628c517c5e7
c6efbf7dc30ec414
c526c1b2c5bcc2cc
c69f41812f8fbe82
c6c43a09c6b53278
c34240883e13b4ca
c4f63ff5c51d3fc6
464141c63ec74516
44113e2742cc3eed
4a3346c542034890
482d4041482f413f
491b46eb461247cc
47de4595480d45ef
447f370544004202
459443ac45fb4395
c37ec47dc0bdc1ba
c262c131bc1fc1b7
c446c203c1c0c360
c4eac13dc3d5c1c8
3824c463bc8dc2ee
3e4ab927bbc2b91b
c1d2bf782a37c285
38e33a00bc763956
c51446863dee3d85
bf523f42bcf13e4d
c58dc1e8c4a4c3a6
c307c52ac3e3c545
c5a9c9edc7c4c88b
c54ac7d0c62cc7ec
405c47c7423e457e
bbbf42ed35254310
47054cb348934aa4
446e486b46064894
475645d74545462e
473a44f7473244d9
44b8c7a9be22ba3e
4130bf3e414bc02a
c097c855c4f2c459
c515c57ec410c543
c6f6c57bc288c73c
c581c156c554c17f
c2fbc742c404c77b
bc5ac1e3c2dcc253
4495bd48bad93115
42fbbc283df4b90b
bbfcbd2539d7c028
2f1033b63a0d3a59
c7f8c869c10ec82d
c324c121c2f0c08b
441e43f0448a45c6
4425448b435d4455
49d34d1449a04c88
47f8498c48e74970
452c4bb145e94977
4109455544b545db
42ed47523e1945b6
3f4a3bd03f4f3cd4
c058bcd1c0f8bd85
b760c060be62c187
ca7bcabbc8ddcadc
c863c881c8e8c8bb
c8b2ca0ac811c952
c89cc792c8b6c7c5
4109c405377230f2
bce93b3ab80639bc
41a3c545a6c1bfe1
4164a1a13fb8b4dc
be43392ebd81c2ac
400fbe99374ec033
bf2b4866422140e4
37c7419c3e874167
c172b59f3a7ba3c4
c03837f2b1483b6d
4163c14e3c313622
3a473baf3ce23e2b
485ab76441b9424d
456040e445134255
c085c7acc4e1c35e
bfe9c598bfffc50d
bc174a84488a46d8
350248c33fc148b4
45454d5c4bf54abf
44284c1246964bce
4a6c48a7491648ed
476648ff47e348cf
48f6b3d24453411d
4807442446164464
3c4ac512b8ffc306
455fb9934287b8b2
c45cc497c439c422
bc59c409c135c47b
c82ec0a1c444c507
c56ac33ac662c40f
c785c551c246c6b8
c458c1a9c362c131
448fc637bd45bc8a
4196c02542fbbd89
48b8c115adbf424d
45a5bb7b4526b834
c497c40fc49fc411
c4b8c4dac43dc4e2
c83c3fecc309bc37
c852c33bc64cc318
bc1546683c1744fd
be183ba42d9e3cd3
c0f2c4f0c379c236
3399c388bc5dc3a1
c14cc4c3c4d6c3fa
bef7c4aac2f2c515
35a0467642684101
be1b43f4b957432d
4396478d47e0459a
4175483d438c482d
484540be456544c2
480f451b469d4509
43ccc41ebdecc186
442cbdab3f1fbeb8
c355c41fc438c4ef
c314c2d7c4fdc34a
c399326bbe77beba
c567bf2cc4d0bdfa
c121c423bdd5c429
c34dc0c5beb8bf87
bc6dc475bee9bf70
b644bf8c2403bf32
452646d5424d47e5
44a241f34397422d
4546474445b9461d
45ad45364610454e
bd69bcf83ddfba87
3ecb3e5d40e53d4f
be7e3d933a953fb6
340f3c7a31623cf8
44b2494645ea483a
408245ea41bf4663
458548d4450b480b
3d1a4572409f4560
c760c666c4f2c640
c66ec445c639c4b8
ca9acabbc86bcba4
c85ec857c83dc87e
b75ac6b6c44fc804
3ad0c4dd3a2ac4e2
4456c713c408c355
4277c4a64090c48e
c053c697c3a6c0e6
c3fbc3a7c476c3a5
beafbc35baa83dfc
c1ccbc05c12cba97
386f3a2bbd6c3dc7
40c2bfae3fdbbf53
25fc4441b3b13c60
3f0ba65f357cb37e
4005481f45cd4498
3d4e467a3c7b46b5
43ec45a046b04597
424a46be43b146fd
4125420141be42c9
416241c6404f408e
3dcd3c473f663daf
40ad40693c063f6b
3a76c2b739fabcee
3c943aa8386d3ceb
34c742d93cc73f27
c29b3de8bfc83d6b
b4524a74434746cf
c435443dbab143d0
301539df3869321c
3afb2cde42b6386e
36f4cba4c64cc8a1
3f70c7783d66c6e6
bc1bc9abc799c6d8
b4b0c7f3c047c7cc
b89cb811c0643377
4037c069b156c035
2a68401b3cfb3cc4
42433c8f3a7b3c4f
365042e83d78403c
374d3e23aefc3ca4
bc6142393abf3dc6
c2ed3cfcc1943ab4
c2693e813d08bdbc
c5e84019c51d3edc
c48ebb6cb650c3c1
c48f35e0c2e92cb8
c636c76dc336c5ff
c111c3bdbba6c359
ba1cc45cb6dab145
3d27bc8c4024b8b6
47ae4548434546ac
43e042b342dd42ab
455847b240974531
3c583eec3faa3e65
3a843dcc3e713cae
40df3c3443693e51
aaf5bec03ca9b90d
43093dc041f63f28
c5e5b6d2c14fc2f5
c2e6c070c40ec0e7
c3c2c2c1c437c323
c275c3fcc3cac437
4671c24ebdb93f2c
433cbd243ec1be10
47e341c44298454d
44af427b42da4209
4314471d465a44b7
4122465b42934675
33ac42d74125317e
2c09422d34e6425f
c491c7fdc5f0c737
c32bc5a3c548c5c4
c5e0ca24c809c804
c2fcc847c4d1c83f
3dd3b396bd2a4065
3cefbebe3e81be52
4433498842ac4824
3d68430740574277
c3fc451c3f2d3d3e
c3f64044c14c3f2e
c492418a444c3d6d
c2294459322b447d
43b5465b46a945a9
41904655457c46d7
3dfec168b99ec337
3ed6bc143d74b969
c7a3c917c682c99a
c0b7c692c421c6a6
c1b2c688c2dfc4d8
36a5c386bea1c390
46583ea53fc74233
41383ee73f3b3fd4
329eb412b701bbb5
c1c82c5cbfa9aef4
c413c696c422c4c9
c1a5c35bc283c424
41f73e9b3f3041a0
4495404642133f6d
44a3493a44f347d8
4463457b439d4532
bf1b40d1c1183ee8
c12ac1a6c199c11c
be1ec591c49dbfb2
c0a2c595bfbdc4b5
47c03b65438d4647
44da425345d942a7
467a44ab44b64826
414c448443fb4409
c7cdc1a2c355c54a
c800c275c697c316
c86abdbbc118c870
c6a1be7fc661bf3c
3cc842454112bf2c
42f1417540a74190
386dc1afbb52c1a7
4284bd884083bc7d
b51dc1a1bd80bb25
3434bde0b841bd65
45514472442b467b
43da445742874465
43b240d741f343c1
445041af44a741be
bc3fb676bc2abb31
b1fdbd74392dbe17
c1a440dd3a92b7fb
c2463c31c0b23aba
c29cba043ac2bf50
c1d33dd3c1ac3dd0
3530c109bf01b670
343cbfb4b9a1be8b
43473d82bd1841ec
405fbf843ec9bef4
3d0fa374bed538c3
3badbeb33724bf96
c5b1c1d2c156c403
c3bfc081c40ec0df
c7adb473328cc1c7
c78d38f3c553384c
bfe2bf6031dabe86
c41435bbc0b636a5
b07fc82cc432c5b6
b8e7c477bccac463
402ec642c2ddc2bd
3deec3e93b6bc3f5
468bc0dcb9033f93
4490bc5e432ebaee
4049c47fbf82bceb
4257c0cd3e62bfea
bd0a47a844524338
40c0443342574442
449d4ccd499d49ee
458c49e746dd49c4
4204476c445d4459
41f944d73df144a9
bdec3cf1bd4e3677
bee4bceac2a1bccf
39344230b846420e
be94b849bd9ab8ed
2bb1c201bd98bba8
bb0abe12b3babebd
40ebc211ae9e3781
3b78b4b13df7b510
46963e2a42de44b5
42684339438242df
3e22bcbd4220355c
40854335414b42c9
c4cd3ef33c39c036
b8073d8b38863e1b
c8f2b660c4c6c6ab
c62ec4e9c4c5c488
c909caf4c94eca55
c852c972c863c939
c61acad6c70ac8f5
c5e7c6d4c6dfc70a
c0cfbf4eb67fc14e
c25a2d52c316ba91
44c046ad426e45a1
3e3542433d244183
46c145ac4270452c
456a411a43bd424b
b0f1c18bbfe4c1c2
42b5c195391abfc0
c511c84dc68fc5c2
be9fc760c159c70b
369fc45dc035b682
b9edc1453714c162
456644aa44a345dc
41ef4513442344f0
48eb4b1a48644acd
453748c146e648b6
49e64cea493f4c70
451e4948481c494e
4023494b45e647c4
3980464b41794605
c64dc6e0bba0c6e8
bf86b434c07ab97f
c7b4c9f9c391ca85
bed3c364c169c355
b74fbcc2c024c439
3e1cbe54bb99bec9
44223bb9c1633f6a
407cbffbbf5ec0cf
c45dc7f1c52dc615
c1c8c586c479c56a
c6d2c61dc042c660
c108c1cdbce7c134
42803f53408642d7
41a53e5642b13e8f
3ac5b9c3bb9d3837
c0efbdb4bf49bd6b
cb15c968c8a5c9e1
ca89c8bfc95ac8b0
c5e4c49cc5dec151
c6a8c69ec4a6c623
4a554b60485a4bd7
45b1483046f24876
48d14c2a4a794a24
46234b1c46fe4b05
3d53441944273af1
42fa4568417544d0
3b9ec48fc18ac2b6
40aec0f93ae3c236
c4d3c8c4c5a4c817
bd3cc5a3c098c5d7
c840ca68c846c9cc
be42c878c42ac83c
3987c582c4a5c28d
43c5c56fababc54e
47f3452740de4787
45783fc043e03eec
438d4493429b4513
b11142eb3fe54331
be304276442a386f
c46d449ab95744b8
be3646a145d14360
c2d64621b3f9460d
3ffc468e45134531
3967455040bd452d
46b4458a456a45cc
4575457845bd455c
418b42a53aeb4461
41b43a2e3e463a6d
c597c5f6c866c496
c380c893c669c862
c870c987c8b2c913
c62cc91bc75fc8c6
c97cc65bc36cc802
c83dc375c64ac38f
c8a7c80bc4f8c89e
c827c433c691c4ef
3eb2c975c635c7b4
3ab4c666bde2c68f
4a2a4166429344a8
48f5420e474e426e
4c174d754bfa4c7a
4a5f4c2f4ac64c1b
49064c934a144b8e
48134a2c486b4a1f
c0f8c00ebd22b68a
3604bf72bba7bdb1
c5f5c8b7c441c66e
c0d3c494bd5cc439
c499c695c447c493
c43fc4aabe31c454
c766c648c67fc80c
c745c64ac7b3c667
c941c617c639c902
c8a7c4eec956c5e9
c6e8a806c1e2b874
c741c09cc6acc21e
460b487e42ff497f
42a5413543674289
4ac44792462b48da
49f1454b493c462c
45e4bffc40e63562
483a40d4463e406d
c1bac5bdbabec545
3cafb6dcb0c9babe
bee833f33768bfeb
be113991b9c038b5
425f47c44535457d
1ce74502417344f1
43dd44cf44c14499
39d844934175449b
b724c678c1b5c4c7
bf21c1b8c1d1c190
c13bc512c0b6c4f3
c23dc079c418c033
b7c044f8415f413a
c071414b35054272
b2b643f9b5394140
bdf6b4c33828ada6
c64ec423c5e7c454
c4c5c575c52fc626
c8dac56fc5ffc663
c698c5a3c67fc60e
38473d1b34133fd0
407f240b3ff835de
47e7bc0daa74446f
4806bc89458bb85b
b768c81ec77ac2af
3ae2c835bec1c7e9
c944c71fc6e6c86c
c68bc65dc6e2c65a
c415405442c8c118
c1694478bfcc438b
48df484248be4714
461a48cb45cc4874
47b444164629434f
46c0460d45d945d8
3cadb23a4003bca2
40f040e6400040cd
460a3c5a3ad5434e
43a23bf040f53c3b
48d5450e438e4831
4723429a464d4331
42d5488a45d647da
41ce458644e345aa
c27a47bd42064409
c35c4296bb7f41d7
c2173c0d3a5b302d
c4253c89c0cc3a6f
c61bc61dc0ccc58e
c62fc0d5c489c03a
c973c943c878c91e
c94ac8b4c894c871
c310c34bc768c2bb
c474c80cc46dc78e
43203d0cbe343d29
4249bf49404ebd7c
c415c82cc216c801
c095c0e2c145c12b
c467c5b1b8aec627
c17b3105c0edb4bd
45a93c6c3e7e4247
45bb3d73449d3d06
bc2ec914c703c54c
412bc78bb03ac7ac
c60cc5e5c4d4c6a9
bdccc482c3dbc502
390149ab45c244b2
3e54462a37f84604
bbc447a343944473
adf142f835d7438d
422143f1422645b0
3c4c41e9402b4231
49a4489047fc4935
459948364623482b
464b44df44a445bd
422744db429244b5
41733461bb2a4286
b80fbce83482bc2a
450a44773da84635
31723bcd3eae3ce2
404e44f342d6440a
3a4c43463d124280
c106c360bd2ec47a
36a6bb55b9bcbd1e
c01cc758c008c7dd
3b05c0d839c3c049
c1bdc5cfbe00c621
bd3fbf6ba08cbdac
c3c3c3eac112c48b
2d12c1a736f3c0a3
bd5f40e63e8cb39f
43f13c5a437a3da9
c13dbf43bd44c035
bd87bc72bf60bd1b
c837ca24c879c8a2
c86bc839c857c859
c8f9c14cc42cc57d
c85ec3cdc6afc426
c22f45a337433de2
c5183e32c46b3b56
3bfdc433c498be5f
c227c2e5c598c437
26bec3a5c2e5be45
b23dc352c12ec3c1
476748e1452d4951
4637445845af44b8
4a4b4a0446744be0
487f45cd48454654
465543db42334671
4574411344684210
3f3622e04477b8de
40f543d3414c4478
368cb93044c0bcef
b74c44a63f6e44bd
c24ac03839dbc33b
c35d3c0cbd433848
c81bc564c487c8d7
c462c47cc455c4ac
c1a0bf1bc2e5c519
3f33c2f9a7f3c25a
48a9432840624555
488040df4791413e
4598c392b8fb3a13
41c2b8304341ba00
c25cbcaead04bdde
c34c2c61bc5eb1d1
bc8b48a745ea4520
bc69466736254637
bda6400a40a83cfe
beef40ffc03040e1
c6c6c371c429c255
c589c3dcc5fdc39c
c4d3b31dc535af2d
c503c4ddc564c4e4
4283bc35c1b0419c
3ce1c35b360cc38f
440ac2ffc0693c34
4387c26a40d8c241
b1b3c3f2c1bfc396
b10dc11fbe56c13b
c143c45ac2cfc636
c0ddc250c36fc2f5
c83ec5d9c4aec85c
c4dfc4cac53cc4ea
c553c31bb899c52f
bf5bb760be85b1de
497c46df47d14898
47b34785479547ef
47e7490c47e248f5
447d47bf45b847f8
c05e448546253dce
bd1046e93e6346fa
40d5445e464741b2
3f4f4705441446dd
4430447340b242a6
430540cc43994086
b3003dce2cac34a7
3fdb2e093d8a3245
c6efc40ac54dc353
c46bc589c471c589
c3d1c679c8c1c26e
c575c93bc58fc956
4485c0f2c4d83a9b
b02dc565bc83c57a
3e63ba33b1dabaed
3aec2ec2bb912dae
42393f9c44884066
42f344a4410844b0
4591be04412d412d
4233406842a94150
bdd9c6d4c0ebc4d0
374cc0f1b2c0c093
c84bc226c316c625
c1a4c22fc36cc300
c649bffac363c25d
c4e9c2eac4dcc3b1
c0b33d32b3c52c00
c27f2832c0e0b191
bb2e481546ad3c8a
3c29467a42a5469d
aa2bbacb41b5c3ca
449c40d5452440d0
3b41ccb3c80bc86e
44f8c8793e8ec831
449fc721c5272e94
41f1c5c5b40ec536
3ac04261c0eb42ec
c3b0c052c4bfc0b0
c872c591c5a8c77d
c81ec56ec844c561
c7c5c916c7b5c92c
c566c7d8c662c7a6
490049583c904993
41023b27430b3999
4c564d2248264d37
47be47dc488c47c4
3d02444344fa418a
4443455d42df451f
c52e4b2449934479
37034a5740a749eb
35254cbf4a6748ca
381f4abd44164a83
bddbc99ac1d3c72f
b6eec2b4ba61c21c
c8a0cc9bc865caa8
c444c86dc50cc857
c456c5b3c37bc49f
c0bdc414c017c37e
47acc8bcc51ec167
4148c6103c0ec535
41d9ca25c7b3c581
ad10c830bfb8c81e
c5f1c8e3c64dc73f
bdccc6dac0ccc74d
c736c904c522c845
bec3c52ac064c4de
c506424225e4bb0f
c4ae3b7dc4323c47
39564c7d484c48d2
bb3f48dfb4b84880
41364ad74879484d
3ca948cc411b48b0
407e487845444549
bc6d45543f3f45b1
43f3c0023ce8b41e
425538db43c138a5
4658c4333cfb3f47
4740358646503108
48ac4d8c48634c35
4593486146114872
446c494b394c44d9
40663bf5366f3d51
c5ddcec8cbf9cc8d
c1bbcc0ec6d3cc05
c6eccc3dc9bac957
c562c9aac6e1c9f5
bc20476c3894430f
c1503c03c0bc367e
b3233fde3c6a39fb
bf8b3c93c0253d01
c0a8c93db9b0c344
bdceb71ac01eb840
3a20c64442554236
4112417a42fe418f
426f48b5483a488d
4411472b47b94809
c253481845c8b0c5
bcf345b641984669
c55cc1183458c6de
c4693cccbec93bc0
41b644053c253ace
3a023cce3e013b51
c14cc31bc54dc58a
3583c5a6c14cc576
c908c873c87fc86b
c47dc85bc83bc863
44b84ad63dcf4886
142e40a5bedd3f7f
46b947cf3d23444a
4064401b380b3ea0
3d3ec8aec016c404
40b0c0af3cb2c0cf
4663b9e441624538
44f53ea445ed3f0d
3388c591bc8ec094
3e0dbf0b3f78beb8
c14cc8aec07fc6d8
bc5ec11bbb46c08d
3a06460a440641b9
be5b439c3c92440e
c744bc4bbbebc23c
c522bb67c12dbb9c
c271c725c2fcc342
c176c27bc1e3c33d
49564a0945f24945
444046734247460d
48af4d7548e24b75
45e6494844e0493d
44e4486241de483f
436f425540284270
bc90c6bdc516bfdb
be0bc565c140c53d
c7f3c048c0d8c156
c321c044c1a6c01f
c599c38a35f8c2f9
aa57372b3c4839ef
3a82cc1fc30dc931
4125c4b34200c3de
c454caecc55ec9e9
c0a4c628bdd5c5fc
cd3dc98bc85dcbd8
caa7c812ca1fc84a
cb8dc5abc67dc92f
c995c5f1c9a9c61a
4aae4a124602493c
44cb45d1441f459a
4cec4b0b48164c1c
48fd47d348aa4788
3c20c4c6c1d7bc95
3f9ac1ac34b3c1c1
c012c413c2a1c354
3831c1e8b832c24d
49454b9d46574a0f
474a4641475b4618
4bc44d3049ab4cb5
4950498b495d49ba
43c0496548a0490f
41fc48cc451148f9
c930c59d387ec697
c6eb38aec34f3ace
c5fec9eec4e1c944
c525c54fc4bdc50f
c595c800c5b4c805
c4b8c506c639c58e
ca0dc491c5fcc79c
c7d0c4efc858c5bb
c4b2c874c567c649
bf7cc5bbc2ddc5a3
473ec7c8c11dba60
45ccc2d34389c1ba
483747ea41a247a5
44f0415044cb4164
349847924287423e
b93a42c23593420a
33dac02e3deebd9f
3d0b3ba03dcb3bee
4781b8803c31435d
46b632d8461a38b0
c624c185c26cc380
c0a6c1a4bf7fc157
cbbdc598c3a9c8a8
c876c28dc745c25f
407b443240654410
b71b3f813ab73fd2
488d464e402c47a6
3c4d40873db1409f
3bbbc4d1c09ec048
c347beb9c415bed2
bde5be5fbe0ab6e3
c1cbbc31c211bdb8
c09748b53db04512
bab44016b90d3e31
bfc0394a3c1abfa9
40833bd93b5f3c1c
bf35c99ebd07c834
4158c0b33e24bf68
c212415040dfbc1e
3dab4059406a409b
2cf44c81482b468e
431a488043d94857
4518bfb73d0a319d
43103c1541193aa7
4a69cc34c68a3578
43a2c76d4095c735
49f04442b6684901
4421b96d41dbb836
315e4a384391454e
3697441830f94382
c558b9513bb5c2d7
c2583d48bda33ba2
c371407242ad3732
c27d432639964386
c620b4ce3ca7c09e
c3cf3d02bc193f09
c9cbcc9cc884cb44
c686c889c670c87c
c7accaa8c860c8dd
c42bc887c558c898
471848133b5f4810
434337b23fc63af2
488a4a83444848d4
446e447f418244d2
c66fbed8c00fc65a
c1cfbd79c43cbf6d
c9d6ca8cc6b0ca61
c5abc670c6c1c6bc
3749be0628033799
bc212e2ebd613805
49fe4ac947de4aba
443347f7446a480b
2f9ec00cbca0b489
bb42bca5bb57be1d
c4cec84ac432c579
c0f6c469bedec4b4
4ce74d554ac34cf6
4a044a9b4abf4a6d
4ab34aca48a848fc
49e748b049c74879
c9dacc6ec8a5cbf6
be05c8bdc1e7c8a3
c572cb63c6fcc80d
bbc4c7d7be2dc71f
b5af3e3a3e4c42f2
ba873c593c283deb
c60949f144914533
c61144c6c19144ae
c8a548084056c047
c7bc4235c6e041dc
c997c5ccc48dc9bd
c788c2d9c89bc2c5
474ac500b6773a1d
420bb7fb3ec9b422
4be4432d444f48e0
46c1438c466e4342
c894c74ac73ac884
c7e9c716c7b3c774
c540c7a3c6b5c4f4
c493c6c6c449c6c0
4c73436941a64a7f
48af4054484a4077
4950405041564545
480a40784723406d
c266a4a1416dc3ca
43c241a2445b423b
c4b6c4c9ba54c553
3da4b9f23b44b63e
c1424284bdfa3c80
c09fba7dc427bd0b
c66e4adc3f7342cd
c6d942d0c7bc40e7
ca85c474c297c8d5
c8acc20fc8b1c221
c302c2853b5dbd15
bd7933e5a4443a73
454546a2454947b2
45034517465b4515
ba80c7abc449c463
3546c5163874c4f6
3f6fbed9bb563ea8
402fc09b437abec7
4a36472d482149e4
48d847424a4e47ae
4898c8ca39463b41
43cc2cc6468b3532
c6f6c81fc549c79a
c888c4bfc6f6c4e0
ca1e45afc1b9c71e
c8efbdd2c9eec026
c44cbe29c475c7ba
c013c2ccc85bc3ab
4987484240e8482c
46f342dc40924243
4de34da9490e4d57
4a75492d49dd48fc
47bcc006352c3d62
459ab5ae44f3b403
cc47cce4c789cbda
c76dc7a8c653c714
cc44c80ec015c8d0
c86fbfcec5a7bf34
c4e53d444156ac43
c18d40d8b4733fe5
addf472b42df4588
b8af4329369a42ee
bc7e44d23a383f0a
bef73bfbbe293d4b
c198c6d8c4a7c5bc
c010c519c0fcc506
43eac845c424b9af
42cec50440ccc4dd
46adc3ddbe0a40f0
44d8c045443dbe7c
bd493a42b61dbfa0
ba59b75cb172b591
ba9a48d845a4417a
3aa946144097458a
42fa4bdd490a489c
4357496c450a4925
484d46e1441646f2
4278441641554442
4538c9dac763c354
beb3c7efc27ec73b
c9fecc83ca48cad2
c95eca0cc99cca02
cc17c6f4c767c92b
c8c9c692c8d6c751
3ed245953e1d44bc
402b3ce23f7d3c11
4af1486b46b1495c
48b545e548534676
42c340d3448bad0a
460a446944a94485
c3f9c5dfbfaac53d
bde8bf5bc047c00c
44e6448c41264600
ba4340b439c8412c
468d4b7c4a3e48d3
46fb4a5148d14a50
be37423546033e88
4533467e46144639
3baebfb2c4403c10
bd63c435c056c3f8
c273c3e2c6bcc624
c40bc69cc50ac6e0
cc0fcabfc817cc0d
c814c7d3c8a6c864
c850c777c20fc776
c593c17ec68ac1f8
4660be003b114084
41973b5540583d1b
4b0144db41b849c5
473240554739416f
48174a0d44c54a14
42a4445344804501
c42d2d6cba81c1e9
c04cb913bd51b585
40dfc0d8b9533d42
3cf5bc853d6ebcbb
419c408caf134570
c053ba81b8d5b9f1
ca33c389c560c8a1
c952c4d7c838c4f0
c99cc014c3f8c8cf
c78ec117c763c246
c871c451c4dac810
c7a4c406c888c47d
cc3eccbbc9baccc5
ca36c9e2cacac9eb
c8eeccb4c8e8cb4c
c58cc94cc630c93b
4602c48cc1cb41dc
44dcc30d4379c229
4e154d6b4c1e4e0f
4d664beb4d2d4c0b
515d515950ab5127
51025091510a508f
4eee4de14d9a4e52
4e134d8d4e1c4d82
c401bdf7bab9c1f7
c1521cbec266b575
c795449a3809c17d
c4623d8dc42a3cdd
c981b79bc607c45f
c91fc5adc8a8c592
ce8ace7fcd93ce1f
cdbdcd82cdbdcd82
c8dbcd9bcbdfcc0b
ca8acbf5caaecbc9
475ab9fbc00f4122
c2c6c0ecc031c003
c908c117c1d6c897
c85fc049c804c17a
cc0bca2cc73ccb7e
c751c67ac87dc700
ab633a85c02f438a
3940c1abb035c052
43d744323fb34528
417e3d0642523ecd
360bc8271d38c379
3f2f2b513e0cb52f
b5c3c305362d3dbe
b28c3758374e28cb
c0f0480744094331
b83444473caf4412
467a4b00482947b8
465a482a46ec4831
4d2a4c1348a04c56
4ad148324adf486c
4bb8480644e34965
49c343f149f54476
3abdbcd9390abd70
4223398f42033878
beb9bdedb675c077
bc6b33e3c045b20c
c832c818c569c8a0
c67fc4f8c7bdc516
cc95cb5ec8b2cc6d
ca6bc884ca6bc877
c783c815c4d5c827
c5c7c49ac60fc4a9
484bc00a3d3e442c
458a3a59433e3a97
480d48ed47f049ab
459c479b457b47f9
3dd94db3496b4b4e
39f549ef427c49d5
b2b8457e404d4252
386a41d03a1a409a
46dbc6ebbdc7bc43
4696c06343fac03f
45b63093353a3e77
4556b62744a12d57
c5c2c794c556c7af
c444c5a2c25bc554
c5ecc898c719c77c
c765c762c6e3c764
c661be57c437c267
c7a1c3a3c6fdc406
cabac8ccc5b5c9ab
c840c4c2c75bc4fc
b9dfc34cbd49c043
203abbef3b8abccc
4a474aae47a64a7f
480f472b488246ff
c441bf793cbac2e6
b5863883388a3ae4
c90ac9d8c6dcc8f5
c5a3c783c56dc6da
4a4b47bd3d7d49c4
45653bc443f33c1c
4c4c498e45e84ab6
47e34632458045ab
c61dc195bc5ac4f5
c46fb608c578b82a
ca21c60ec0abc8b2
c617bf10c5efbd69
bfea39ea4036bfbf
bc8a412eb6c5413f
bdf9483b44124258
b9094479389f43b9
43884861449946f5
459a442145a0441c
4baa3f33442647a5
4a54422d4981434d
4aeb40b943be4675
491d42d948ba42f3
b38e3dbc34823e28
3f82357640ed2893
c982c945c680c885
c5e3c66dc625c6db
ca22c8c5c581c967
c882c535c848c54e
3a51491e45194630
bda74556382645e8
45f94a1246784955
400346b94117470a
c961ca18c85dca42
c90cc814c9a9c837
cb9ccf12ccbace11
caf0ccb0cbeaccc1
bbe5c998c829c5cc
c19bc869c323c866
48114b8f47454ab4
455646dd476946a6
493347a9469848fe
480245f548e445ea
479bc27b405d4063
46483da8469f402f
45334b4749084807
45064935465e494e
3d514bec486b4706
40ae48f241dc48b2
c8cdc4cfc4d8c6b9
c5d3c455c7c0c44e
c8dec849c628c842
c4d7c640c764c5c1
bf0cc77cc43ac456
3b5ac470be55c475
3e4dbf9bc0862e25
3ec6c06c3ab8c0e5
45a7497345f147d2
428d465145324630
461f463f45ca459a
432f45ec45c44593
3e86c1433f743453
3ea93d21426c3c96
c3fcc411bdc8bf8b
c3e6c02fc188bf99
c656c4eac45cc48a
c74fc455c704c453
45b5c023b8583497
4082b84a3be6b86d
4941c025bd123ff2
4642bdcf4366bdbf
3eb33c78c0c83f12
3c7ec0c6b808c08c
c8992be5bf86c42e
c48abf92c481bdde
cc15c85dc597cb25
c898c532c855c53b
3947457a4215416b
3aeb431e3e3f4205
4a934a81484f4af9
48174854484a4839
b7f1c4c6b505bd9a
38d7b4af3c4fb369
c41bc3d4bd38c166
c077bcf4b837bb64
4196460640cb441d
b913411b3a3b41d2
3f20439a42b23f37
3eb6430a3dfc42df
c1d4c2e0bcefc281
b80fbe8dbacfbe0b
c48ec671c506c60e
c394c53dc483c50e
3729c282bf2dbe03
3fd9bee1b3c2c0a2
46ac2077c42344bc
410dc5263915c54e
c0644979443c45ab
360644953eda4489
c4f340c2c2cd3e75
b8b0c4373927c392
becbc7dac7a9c2aa
bf56c83bbebbc812
ab76450d3e9d3fb4
b6754043b8a03ef4
3d02484b47094434
36f9479130324755
4649c50e4437b4c6
41f544453d9e4470
416ccaccc13dc6af
3dbfc18eb96cc165
c62cc9d5c6acc955
c2a9c6a3c48cc6ba
c43cc0bac44bc54b
a9c0c384bf32c39f
35cf43ecbf853fff
40aabe0f3c67bef0
463943573f0e465d
41c53d9c43183cc5
48a648a545a748fb
449045234566457e
b4c247d33b01441c
bc1735ecb6733ae7
c80dbaddc3a6c1ed
c827c415c64bc3b8
c16ebfaabf99b84b
c545bf3cc301becb
45c340504490449e
4500449444b7447d
440f42d1485d41fc
473b4886474f4852
c2a641584452bd5e
3b1844b5419a4490
c4c7c113c0d9c485
bdaac162b718c108
347bc2a3be87c094
3cf1bfe83398c043
409f405b3e8b3f48
36133ed72ebb3e61
c213c7e6c40ec5be
c3d1c386c43ec385
c525cab2c78fc8d4
c21cc75bc562c77f
b984c587c4e4c25c
39fec544bf7dc4ed
41c0c117c4723f18
b1e7c502bd0cc477
409543cfb2c644f5
c022357ebe4b2de7
3c1e4828436344e4
bc6444b3b39c442e
3cee44d03d8b417d
b5b03dd630303d12
35654541428c4061
317d42c03cfb420d
c52e3847415fc285
bc10418f30624171
c4c0b9e2ba22c132
bed0be10bb15bba0
449449b043dd4811
3cb142b341d34354
41b6431934b13cd2
39fa2d4c3cd62eae
c0e9ca14c56bc882
38f0c582b871c594
4607c195451d4055
474b45ab47094588
4742bb1545784374
46ce45fe45434607
3e82bf85be08332e
442bc00537d4beae
34b946b534c6450a
3e5fb6fe37e22d28
c06c37ebc0843de1
c644c0f1c45ec0cd
36843d68b9d74195
c3cdb8edc191bc1e
42f2422742ca41f9
406f438340e04322
c6d2c9e3c23ac9c4
c4fec0f0c30cc1e0
cbe6c6f4c377cab8
c92ec208c7aec3b4
c5d743ab3aefbf15
ba333c8db8423d12
41bcc860c699c0ce
44edc7353d85c683
c40dc9a5c93fc703
c260c9a8c4e5c99b
c5184012c27629bd
c808c2d7c5f5c2c7
46c14923435548d7
ae4a43c93cb743df
49ff4b47483f498a
4827487b47f34848
469946d045d94567
458245f045a745ef
43dabd2c3ffb40de
41a83d1040283fcf
45a5419944f142cf
46c444b144894510
3cda3cfd430abc0e
3ef144663e614422
c643c897c3dfc861
c4d2c349c359c38c
c008c3bcc08abfd5
aab6c1e336a9c13d
447f4a1245fc495b
40b246134369460b
c23342cb3f453996
bf7f40b0c02a3ed0
c9e0cb19c7a0cad6
c5a5c78fc771c812
c603c73cc477c59a
c610c46ac4a7c494
423947fa438c4710
be89438e3c9b43f6
3fd94240b77243f3
330fb92ab35fb501
b3dcc7dbc823c05d
ae01c85ec124c840
46d23807b63541fb
4855bc304686ba78
495d479f4853463f
4b1a481a4a824842
42a3392243943708
442042f044694338
c6ecc831c592c892
c665c58dc65bc58e
ca09caaec832cb58
c88ec750c8c2c796
ca02c6fcc452c91c
c987c25fc8c4c34c
c6554193b159bb5e
c89eb246c698ab53
43b44a41462348fe
32b14604407d4660
48cc4c70483b4b60
44fc487345ff4832
431ebf0dc26f3b6f
3112c24bbdc6c3a7
c1e7cc05c8bac854
bf57c90ac489c8fd
3b4e345d2e7241b1
b854b48da6852469
4a5a4c6249db4c22
460b49df47f949f4
4ce84c694bf84c56
4cd14bd44c7f4bf8
494448a7493e470d
4c4d492e4bb74923
c721c632c190c7fc
bd15c0f1ba56c1e3
cca5ce22cbc5cd46
c9cfcbdfca0acbc4
cb18cd11cb04cc69
c895cb38c919cadf
c782c329c543c66e
c786c4fac705c4cd
c6623e90be8fc00d
c6cebc66c65abd7f
43a9449643124484
39b7431e2cc0438b
4a0745b8474148f1
44c546a74576471c
41933e5b3ea54428
34273c8240033a74
c34744a9bf6c3a9c
c051be2bc01ec013
40b04741243f452c
b9b2384dbd2837bb
4383bfe5bdb54174
bf08be07bd43be46
c25ec4babca7c4d6
c099bbfac053be55
c815c034b554c877
376d352fbd36b4e5
c696c9a0c603c95e
a9eec5cdc037c57f
b182c74bc397c23d
b54ac3d9b748c2db
43ad49704641470b
40b2463f44494613
4842497e48894874
466c4891483e4894
4a8047c1485549bc
4878482748f1488f
4153404a406c446a
3c8f3d8d3ecd3f86
c590c72ec58ec50c
c280c611c449c658
45784402bc2f4562
442dbd0f3fb9bcff
446e49ab3f2247cd
b52b402b1dcd4049
c80fc0c3c284c4e4
c949c10cc843c1b9
c4a0cac1c3e3c7c3
c35ec403c2a9c436
3f0ec5c93dcdc1d8
465c3c1b45e33c0c
ad3946944529bb55
454f458544db456f
c4fdc4efc027c785
b917be37c143bec6
c9e8ccf3ca3acb39
c828ca3ac92fca49
ca68c8ddc8aac8e2
ca12c8b4ca04c8ac
bfdf42f438d63870
c5bc39dcc49f3a24
470a4a4b45474930
40c8455242cf451b
46a64be345904a5c
44fa450e45d0453a
46de44b743a24599
4630429a461e4388
47e7460e4590467d
44a24643452a4651
481e49af46a04982
449f47294512473a
4598c65dbecaa960
45ecc0dc438ec060
c22fcc1ec815c972
bb69c824c0fec83e
c62ec589c271c68b
c4afc137c3d9c250
bda0c08240e5bf87
3e0d40d040174049
c0b8bd8c3e5cbcfd
3cc33cf440703e2f
c48f47713f744007
c33a3f3ebc434014
bce845703fea3e6b
c3173fa6bed93e9c
bec03eb6be23b370
c404be79c3edbef7
c4f9baf4c438c07e
c388c42dc4ccc3ca
400dc520bd56bcd9
4301be963f53bdf9
48b83c7e41c74505
466740dd451340df
bc1026bfbbb1bc8b
c328b74ac300b6bb
c787c888c411c8a8
c52dc25fc50ec299
3c34c92fc218c5ad
42a2c2a7400ac26f
41e5c587c0d5c137
4417c1ee4040c1c9
c06244013bcd3ba3
bcd93cacbc833c0a
b86f4d0946e84a46
c1fd472ab7274749
42074ba44588493d
a36745de35b945a6
31a7c9cac444c708
39f4c3b0bf12c499
ba04c67ec3afc38e
3a12c3982b0ec3cd
41c2480e403f4786
40c43df8434c4092
45272dda3e8f444d
4201395c44063d16
43f2451f454c4421
41e0454a44c74526
3b2c4aab48f64615
403e497444244936
c222c4483b31c459
bb713ccfbcbc3cfc
c855cc84c923cb5c
c634c96ec711c912
c810cb97c8d8cad2
c61bc909c637c906
3fadc4ffbf77c0da
3ca4bf983c23c0f1
4631487443ac484a
449643da445e4395
37e246a230754414
b55b2f92bc40ad77
c2e6c6f1c4aac5b4
c504c478c5f3c4fb
c085c4dcbce4c107
bf5eb8a5c2caba00
407e459c40d5462d
406240b63c754166
462d4652384a473e
402eb0ce40f73534
342ec0d9c29bbca2
a8c8c310a66fc217
c5d1c60cbd45c566
bc68bd42b223bc2d
3f6f49e2490646b7
401b493045794901
44604a50489b4724
3da548fc430448c1
c42cc3c3b8eec4de
c214b379c300b24e
c5603eae3992c1d6
bab5344abd27391f
3c57bd75bde7bed8
4432c09240fbc026
46c8c685c0c0b77d
4532c19e429ec1e5
4308c45eb967b254
407fb8fd3de2b97e
c19cc631c502c30a
c0d8c4a0c1e7c4b6
3ac94671c34e44fa
c2bbc21ec26ec309
40e24956bfc94716
c19cbe1cc272bf58
bf14c4b1c17cc164
c05ac179c1e5c114
bc65c8d838c3c428
b5ac32623ab63824
b7e6c1a03ddebd11
bc5c384e3ca43adb
c1e1b61534f4c292
3415b5e239fcb4bb
c27cc1523d8dc478
3fd13ef63d723d67
c2efc3ea3500c406
c0a53baac0263966
bf5734413ca6ba96
c02c3dafbd473e4e
446948a5464e47b1
44ab464e456e46a0
44e0482f45024734
4532452d44f9453c
380c42f438fb3f64
3bea3b86b72f39cc
c218c2a8c44bc036
c21bc46dc40dc42e
38f8c5ffc5d7bc6c
be96c69fbeb7c622
4992485f408048ef
45b83ef6459a3e22
48064ad845d8489b
43fa469f4392460b
c7133cf23bd3c560
c68e40c0c59b3fd0
ca30c8a3c2caca95
c848c228c752c264
c5cacc36c714ca08
bc7ec7d9c017c7af
c14fcacac7e7c673
b82bc83cbdcec83b
c2c2c127c3a0a6b1
c277c469c0c3c456
46fe48d24602489e
45004578447b45d7
49924a0448e048de
488149084720492c
bb7cc1e6b64ac03c
37d4b36c38e5aa41
c48bc935c6e7c485
c4a0c78ac184c761
3f75c07dc1d54008
c060c2a0bd85c231
45624901450647be
4027456c40d84598
44fd4ca2499d4940
456c4a13462649df
be1446c84521acd0
412245e73eee453d
c6c8c841c47dc98c
c19ac421c51dc488
c3d7c192c1f9c517
c29ec123c443c1a7
c3b3c3d3c33bbefd
c202c395c05cc344
c7a8cd2cc9afc9b0
c514ca38c4ffc9ed
bb40c871c396c459
c0d1c414c085c40b
466c4b2848b948f1
42ef48f2456b48aa
3fc037ef40e338cb
40df400e43833f3b
4809bb7739824564
44cea8a9452530d5
4b1e4db149404d48
48c2494348e64970
b9d04a2942a244bb
35464307b8bb43c4
c92dc40bc4dcc926
c878c4a2c89ac47d
c355c416c0ecc5d5
c3e1c045c327c011
c10aca20c51dc7fa
bc5cc510c0fcc500
c60acb26c73cc8d0
c3a0c71ac608c70c
c332c711c245c40c
bd1ac187c174c192
4416bc7b3fa2403f
455f3ee244b23e3e
453a452341c344f5
416e40de442a40e8
b1924859428f42c5
bc984354399b4313
bac14016406a39fb
41674164403f4013
bd6bc610c4a6b879
bf81c50abde2c538
ba67b8edc3de40b4
c5f0c499c3fdc423
3f84467d41f543d8
ba814144b2904108
43e6474c456e4376
4229453a42cd451c
417546c346364155
42104664442946dc
c16443ae445fc0a8
406b450c400044c9
bb42ba7a3674c148
455b3a9341842d9b
46d5c5cfc2423f2c
46f5c3394413c265
444bc91fc4f0be55
397fc574b9dac4a2
c726c944c52bc838
c804c4d6c795c4a5
c818c4f4c403c606
c82dc371c698c34a
c2b241bba809b113
c4793664c05732a8
c4a84a4540b44549
c6f1424ac4864150
badb4a133af747f2
c45336ecc22137f0
4523c12f34b33a7c
456cbb87448ab953
3ad8c88b2d74c6ae
4638ae414426b623
44e63d03408c3d74
462e4195450b412e
4b2344d644064872
493943eb48b84451
44ef25ef3f433f81
44f23e6b42d13f6a
c81dc4c1ba4ac724
c58ab88fc585b9f7
c812c831c400c724
c7f1c419c755c441
c76dc13cc4f1bea2
c6afc4b8c6f7c500
c8173d7ec16ebe96
c647bed0c61cc07e
b854c44bc097c1d3
c0aac0c8bd34c101
44f23a2b33244210
4401bbdb44a2b775
43e8491a44624731
465f441146ae4475
48ff4730465f46d9
4880465b48d5465b
4a3044ae47004689
48e2466849414695
3e15482f448b437a
3b3f44e23cb6451b
c3eb483e3dd53da4
c55440a6c5dd408f
c9a6cc3fc9a5ca6a
c996c9bdca0cc9ad
cc40cdd6caf6cc64
cb7ccae8cb13cac9
c1b0460d441d3e97
c38c453fbf4c44e0
451f42c7413e427d
446d4276412340fc
44abc4fdc04c3283
45c8c0753f6dc11d
47404802465d474f
477245e346e24627
3ddec0bfba94b498
4233c0424454be65
2cd7c62fc4cbba19
3eccc63e413cc5de
4505498d417047d9
434a40954414407d
411040133e89b71a
3f3440603d8c3f05
c525c870b625c7fa
c0db3645c049a980
c11d46ba44c73d71
c351458bbf454576
445d4a1447b24730
b8a048263e8a4851
c841c64cc3b6c787
c736c2d7c62bc292
c8d1c977c817c8a3
c590c7d2c758c80a
48123bbab08f4651
4718a33241daa7bf
44b0bfadc2684238
41fdc3962cb5c31b
bcb13660b8af3f3e
3862bec83c0bbe15
c20246823f234284
c0303cec28253d14
c4b6b76ec287c1ba
c706c2e1c4dcc2c2
418b3a243c3c3d9c
bc123983400f3b71
c29fc67abf6ac647
c27dbe53bfb2be20
c01cc9eec509c81a
bc9fc5d7bf21c57a
bfb0cc05c856c7f9
b85cc8d4c114c8a7
48734d3149164ca1
45944931462c4917
48904fb24bca4d38
45d04bec48364bec
2c7f44fa4153410f
33a740db40954144
c22cc89fc282c62e
bfe6c307b9f0c2b5
41574895455e4295
434145da443e45e2
3f3147c3441f3c3c
4506453f427144f6
c820cd11c8e4cb9d
c410c872c741c8c5
c557cb6ac6ddc89c
c4cbc6c7c5fbc715
3380c8a3c2d0c44b
3da2c42fb4fcc313
c1a3cc55c80ac8f1
36c1c873be8dc824
c027c681c47fbe86
c08ec528b82dc543
3d6f4ac6446849e5
c00743aa40df43df
44084fa64acd4ca8
348c4aea44014aed
3bee4c4046fb46f9
bf87476abced46df
bfe9c882c58fc736
c29ac54fc5e7c578
4145c2a4b610c189
428e383636ee3833
afeab958380dc290
3d0d3e25380c3cb4
c957ccd0c9accbde
c8b2c9d3c8c1c9c7
c762ccfcc987cad4
c5a1ca3cc666c9f2
47c6462c44664709
482e434a488b439a
4aea4c494a114c29
4a1f4a254adf4a14
47c7b2ba44554538
4785444547004467
41d0c5beb80434c2
435dbc2842ddb9f3
41724947447248a1
ac6d447c3ed24463
3a424adb459b480e
c19646b5c055463d
c074484642533e88
c1e24450c4824441
c86e44d2bc8ac121
c812bc2ac84bba3e
c8fab94ec32ec472
c7f6c406c5f4c3fc
c094c5d2c171c4ce
3c7ac0fc3ff7c1b2
bbcacc8ac770c9fc
40f9c73eab98c7c2
be15cce2c87ec9fe
3a49c8f1bd3ec8d5
4196c631c167bf6a
4162c37241edc1fa
4610473644e145d2
448844c144c844d9
443547084696448e
43bd469043ea465f
bf87c362bcffbc50
c0f0bdc8c010bd20
c6a8c57cc7d3c1b7
c883c742c8a0c76f
c41147ccbd3f4211
c728b677c682ba5a
b5f249b643224558
c0aa4332a9fc43b6
b4ac461441614186
393b411141494184
38d344ce44b53ecc
41ef453642e544d0
4243c51d3e97bcee
446e3eaa41f23e1e
477ebfd53f6942fc
47ad3d3d451c3e5d
446540a840994099
448940633f8d4071
c285c957c48fc82f
c33bc475c519c4a5
3a1dc5a5be19c29a
2dd7bdc9b057be00
45d4491a46a74808
457e46bf45f246c6
c01239f9b2be3e12
c037b841b449b7b5
c844c92cc8c7c83d
c85ec8f2c622c8e5
c0c441fcc173b892
c23ac155bcb9c0fb
435848a144b9471d
4441446644ba44b1
461348b146e54836
46ef466e46444686
462c4a4046d8480e
447746e1447346cb
c255c300c17bc50a
c2f2c09ac2e8c09e
c968cdd9c8d9ccb4
c5d6c879c82ec89f
c827ccddc63ccb19
c3e1c5ecc670c644
c37abc08bc4cbcb8
c5c1bc12c537bca7
3e40491b3ed646b3
c27a4083c02e404f
43b9447bbc54455a
3e33bca33f22bab8
3e79bd0ac1f84065
3ffec3563f25c33d
40233cee3843426e
412734c43fdeaaa0
42f5432242924448
414b41a542de4263
3eca442a41cd4157
3d6540e2422941de
3dee456042983fb4
416542e7410042a8
4458497547214644
4427476343e1475b
3e883cee44ac3583
3cc344de4084450f
c5decc3dc334caad
c24bc267c169c2b6
c45dc78dc413c741
c15bc3bdc151c424
446c49b43d804813
3f833ce63d3e3c12
41e142e337874223
4234390a36c13435
c2dfc522c0a0c46e
388cbfafc02bc06f
c4d4c82ac5d8c595
c273c60bc364c5f8
c1becb34c855c6b4
c4b2c8d8c43fc88d
3de6391fc0d5440a
be09c285b3fbc110
348e49ca3bd9477a
c07c3b69b2c33d77
c1f641de2fc6beaa
c5593990c32c389c
41774457456941ad
b6fe462e3ae845a6
456f48ad474447cb
42b2478f44364767
bd293f6a41f4bfda
3e0042df3d084292
c245c31c3d5cc5ad
41633f543e5b3d86
38ccc3b23846c008
44838d0a43bdada4
43fbc55633c8b736
455cb38644ecae4a
4380c8cec0b3bd61
4423c14440d8c0bb
2f92c041c2683cb5
bc77c3ddc163c322
bd494a503c034603
c2183b77c3533b92
be444540b9bd3dee
c048b4bec20bb809
c06fb40eb38ebe8d
c37aa9b7c0a3b7a6
b9cc47ff452142a1
c0c345993c30454f
438a424740fe43d7
42694174438e4283
4487c554c15bb655
4366c22440d7c16a
c5e5c7a1c5bac81e
c4e4c5bbc461c5ff
cabfc9d3c7cacb3a
c91ac785c88fc770
c065c87bc257c614
be7ac2cac03ec222
4935447f44fd4811
483b44f6469044c4
426f474342174570
43e5422d405841c2
c502c191c452c1c8
c38ac4f3c3a4c4a4
b681bc3cc1e640c4
c223c2abbe93c227
38e343b33ab84379
c0553cb3bcc23bdd
39e3473244ad42b4
383f45053c9344a6
46b84a69489348ca
46a948a8475948b2
418fc2fd3a15bfe0
44bb3b37438b3c3f
c58bcc1bc688ca73
c07dc677c1dec6c8
b0c644b945434285
336945383f9b4528
478d4a8a49c5493e
47c449ab483749c6
4452c2d23f8ac084
47883e4245cd3d79
c15fc089c24fc3db
bc9fc186c08ac24f
c5b541e2c47eb480
c811c34cc858c399
c31cc7a5c84ec3db
c65fc83ec770c83e
38acc737c65fbf7f
c179c687c173c687
3d4944cbb89c4302
c136b851c085b5e9
3cd246a83dfc428d
bbaa3c9bbb143e42
32c6c402bbbcc17a
3303bf703d3ebdb6
c3cdc844c196c583
bff1c366b395c283
c83bc58fc1d0c495
c4cac28bc323c1f3
c90ac4c7c3a5c70e
c613c279c561c2be
c65bc438c057c750
bff8bd65c02bbe90
41b03d79433fb0ab
45f143f2446843bb
4a054b7c49d749d1
48954a1a486749ec
496a4aea49574a75
4695497a47934937
480d41b243db47f2
4809428a469e4297
49e240bf3f1e4880
49333c3b473e3ce1
44b8c1efc36e3e06
3664c362b913c376
c3fb42afc0b9bda7
c7aebf34c5b3bf83
b3a54a47455444eb
bf25457ab05b4558
c557c996c31dc780
bfa4c3e7c129c407
cb9acdb4ca31ccba
c882ca1bc8c8ca1f
c97cc42ec538c8c0
c7a5c48ec6d9c48e
c640c270c1bfc578
c461c21fc3adc0f6
bc65c38fbca9c137
a01dbed52f0bbcb1
485f499d476b4878
46d1475c471846e9
4705449f441b472f
44b0432144b3430e
bfd2c28cbf8c2643
c396c09ac1e0be46
bd3142afb89e3fe0
c58833e6c454306b
45a3480a3ec1479a
3cfa40ef3c213f0a
448a4498409b445d
440640c8435e405b
2a71c749bc77c529
3dfdbc413c66bc8d
425035193f7e3d3b
43f63fc0423d3e04
4087484245524519
462b450744e744ea
c4b0c81bc0b0c810
3ff1c22d304cc0de
c4ebc9eac671c926
be5fc6f1c010c65e
c407c34fc586c4d0
c3a9c549c21fc565
c824c844c823c791
c817c7dcc856c7e5
c2d0b4eebd9625af
c4d0bd71c584bc15
470a4b7f487a4a72
41b3486643a04856
47cb498d45e84a51
3f694591440c454f
44d2463d42fe477c
b62642fa409642dd
410f449f45dd3d10
3f3f468642b6463a
3efbbe984304bd14
44c4434a440242cd
b805c63db9fdc239
42edbb494019bc2b
bd84c4fcb5a8c51e
3eac34b93d593285
3debc0963491c08f
4108383540a63920
c00cc297c525c1a2
c0ecc5bbc27fc5a0
c3c2b86fc58fc120
c51fc592c5fcc56a
3b7446113e493e26
3a9f3ee92fbe401c
c3293e1628fcc059
bc94b6dabd5ab215
c84ec589c699c407
c6e7c718c6dac6f6
35b7c492c5354037
bef7c5b9c0a5c57b
43e2c558c1d03cb7
3c92c2f6357cc2b7
bebfbf69bb0dbe8f
c129b006c114b8db
bb6b3cd74124bddc
2eb9439d35fc42b7
401db95d4219b94c
439741a5440f41e0
42d7471b468344b4
4235464b44c4461e
4290498548004671
406a4856447f4823
bc8b428938673ec9
bfaf3ae5b8c43bbb
be3db797bc85bff3
c0f2bc3ac104bbb7
3e29c32e3d34c32a
3f5c3cf23b813d06
bf12c969c56ac561
3852c63cb884c5d3
c24ec8d1c821c45f
b8e9c8b4c023c88e
42a6452340394444
40893edb40463dfc
47714c8f48cc4a7b
4218492b444e48fb
475548bb44d048bf
444c45a9428b4572
453fc68919c03945
45a1ae6842f8a869
c440c803c077c605
c1a9c152c010c093
c9383f57c27ac625
c922c1f2c833c113
c5ce4424c0fcc132
c3cfc00cc404bfbc
c332c6d9c357c6c1
404ac3183d0ec3be
39f7c503be90c0e2
42f9bf4d4189bf97
462343053ea74701
43443ccb42133db7
b700b8fb387d344a
bace384eb8ac320a
c5d7c540bbdac56b
c527ba22c40fbcd8
c24fc4babf74bfb7
c6e3bfd2c5a3beca
c2c0c401c528c078
c800c561c7acc50d
c0c6c628c68ac4b1
c3c9c700c4f6c6d1
43a8c4b5bc90be4c
4313bd6140dabcc7
455a4a31484647c4
452e489e45f94867
b2d44c1a486f4666
40ec48d743b848a1
c3b3c446bc93c68c
3d9cbba73d68b9a4
457044ed447443b8
4795449247f2447b
4b174c1549b64c0a
4abb49b44ad24973
4843c05d41194437
48573f79472e400f
3da0c385bd723679
3839c0b0a4c2be97
c536bcbec4822dc4
c88cc4f4c816c4ab
c625c59cc69cc3c2
c9bdc629c9a2c678
3f2342883d364007
bb7a3ef8bcf83de1
c4ccc61dc240c69e
bffdc24abf37c1f9
caf5cc16c9d4cc17
c908c97ec911c977
c325961fc1ccc252
c0fabfdbc2d9c097
3fb43ba54048352b
44a23fc041f23f7e
c5b1c909c3b8c8a0
2cedc482bd90c3c4
c042c5b6c2cac573
3693c31ba552c21c
47a9494846a948a7
440246b845574659
3e1a4a97475648e3
c2104748b0bf46c2
bef3bb18ba783fcb
c42ebc92c09bbc99
46983556b52246a2
4337b9b24412ba1f
45f3495743c54879
414843be43094363
466d4783460f444c
4530461c44e94651
47c3c0264476b416
4938440547f4445f
31d7c1183e17c164
45313c9c43d33d55
bd6932f03f39b7a3
3c34406a3de7400b
c3fec285bcefc3c6
c173b9d9c303bc4a
c9edc48bc627c883
c8eac5ecc934c5b7
c8c3c55dc74ec783
c924c6bfc89cc6a1
bffcc6d2c471c40a
c453c36dc3fdc432
3c46b496bb263f2e
b97bb651bc16b81e
3e0d44e1bdb4454d
b2aabe262815bcb4
43b2415fbc874522
4008c018419cc011
4317bbc72dcf4068
41fdba4343a1bc0a
3d9dc13d39f5bfae
43ad32f7427c3666
44f43ad744003938
46cd434c44ee43cb
401bbe793858bb1f
353c3a9ab85a39a2
c61bc870c439c7af
c655c369c601c3b2
c64142d4412fc084
c2af421bc13e4212
c69848f441ac3ad1
c52b42c2c43342be
b905b0fc2ce23a85
bc4cafafba8c2c69
48d8481b46914951
47df467547d24697
46d6487843114849
45e943d545984356
3c1ec83ac24ec332
427ac3fd41c2c3c5
43b5c3db3e753c0e
414f35d5442d3bad
48244a9648314a1a
428c4838454b484c
3d1744c73cff3ed6
b59e4001b7de3e24
c93fcb37c934cc09
c84ac8cfc922c920
c7e5cafac750ca71
c62cc6b2c80dc73a
c0dcbcc4bf34b7ad
c003befdc130bf85
c5314258c25f29a2
c14ac354c029c273
c4aac5dbc4c0c5ea
b9ddc561bbdbc516
3ef8bef3b3dd367b
3f2fb8324003b854
45394696437f46b5
448242ff453c4421
bc93c4d9c2dbc296
374fc3cfb684c277
c0e7c407c159c1a4
c411c085c568c172
43da4894475d47fc
bdca482dbd8847b1
3e47485f467b45ce
c0e746f1ba664706
404a42ef41214383
3b7b41d1404f41fb
41ebc9d9c491c2fb
4579c4ce446fc4cc
44cbc58f325ec0f1
483cb88d479fb5a6
48bd4f224c454c21
48724c5549994c45
c2b74a2241fd4335
c2cc42e8bfe141f4
c8d4cd39ca62cc0e
c547caafc73bcab4
c4e9c8e9c429c79d
c12ec479c246c476
c22043493ce63ff0
c56c3f74c4ac3e01
42343ede3e064372
b0093f28bcb13e4e
c1cfc8bcc741c625
c400c801c4f4c76b
c238c51bc586c363
c369c64dc0d4c591
45f1449c4326458f
4450428045e7432a
4604b22c3e804310
44d93ca8448e3d3a
48614526456b47bf
48d34557482b4552
4351b67cba603d1e
3db7bc8c39bebccc
3f7c4313c26b4264
c53bc2efc404c2f2
bc053f18b9b03f01
c5afbc17c285baea
492040d745cb47e7
465744d347e244e0
46f83e7242944525
454b417646474158
c9efc8f3c5fcc96d
c536c60fc52bc5ef
c908caedc737cae0
c449c76ec5b1c746
4463af79bf8bbfa7
40c7bf30b8ccbf77
44af48ef33304595
41b03aaeb64037d6
3e12487441b8474c
40d942a23e6d41f1
401d488b472c46d8
406c477b448e475e
c84bc430b836c5ef
c563b95fc117b52b
c900c991c538c880
c660c5c4c4f4c542
485c4b2548164a59
449f48274568482c
49df4c30483d4ac1
45714884452f4877
349bc856c4a7c504
b919c492bda7c450
c822cb32c823c919
c4c1c84bc41fc816
c4dbc873c500c650
c2eac584c20ec561
4380c677bc9ec10a
3fa3bd803cabbf5a
418dc15fb567bc88
3dbf34363877b767
b76a45203f6d3c9a
2ecc4110b52f406f
39a548c7450b441d
409a44e740054503
40e941f1418540a5
43794072408640cc
44b243ef416044b3
443b417341834191
49474b1b46d94b0c
45014717455946f4
44cc4684433c47ac
3dea4304411442ab
c99fc9e9c5e0c922
c54bc624c467c5e0
cae0cbb2c8b8caf6
c721c8d2c645c8b0
c6fbc42ec4bfc6cd
c519c4c0c499c4f6
b4c848283e1b3e60
bfdf3ed8bd6d3e98
45e03d913c5240bb
3cc43afd40593d2e
4043cae0c4e3c64b
b914c587b522c4f4
c82fc89bc574c812
c47ac555c52dc51e
c86d4157b458bf1a
c3ea39a1c52d3594
471b48454566479a
42c545d040814563
49b6482945d7490d
4624458845e54582
c163c12fbc1ebced
b5bcbab9b80fbb59
3dc2c3f0be44bc66
3c33bc8936e0bdf4
4916463b42b6478d
44bf41c3451141d8
b5c3b9793267bddf
2e15b9ba390ab64e
c2ccbd553c51c0c6
3cc53c023b0a3a31
427f4a9046f34866
45c347a745cb4711
baf947b2417e40ce
3cdd41fe40bf41e8
3d74c39cbf6ac0c5
3179c0f43c11c031
3a24c799c0dfc219
35b7c1cb3344c158
c77dc669bd52c5a9
c3e2bc1cc2cdba20
3a1f44d4447343c4
bd31450eb99f4533
3ff6464d41e24466
bdd642cec03c42a5
c900c7e6c852c890
c894c83cc8ffc82a
3ffcc8ccc85fc427
c338c885c440c86c
4c0140d43c964878
4687374b462537be
c2e2b2a5c1b9be18
bb89c26ebadbc268
cd5acbf7ca5accda
c8a2ca50c8c4ca6e
cbabcc9fc936ccb9
c641c938c6e5c967
3736443143ff4085
3f714384403b4393
48d24e9b4c764cc4
47e94c7948b04c83
449d4aae49f04850
45144a2845ca4a1d
4514bdc740a5418b
432742284209415d
4b8a4a1b47c74baf
478e485847284820
48bc4a7c47a94984
44a447d544bc47f0
b086c4ccc07fc02a
3974c2223c35c161
49e9c87ac5683f0d
465ac6d645b8c679
4ba5c1e9bea144ea
4808c1744666c0a6
c78dbd43b75bc44a
c110b37fc17724fa
cd1cc796c52aca97
ca0cc462c958c47c
cccbc9a8c8c6cc31
cbd7c870cb21c8ab
cce3c775c84ccbce
cb4cc7f9cb03c829
c8f4c61cc51bc7fe
c532c4e8c609c4df
3cf6c5aec1a4bcf2
3c2bc20b3405c22e
c3b4c307c386c484
c35bc39ac2bac3da
b9c93e13bc45bb70
bcdebb03bfcfb977
4cad4c0048c74cf7
49dd489b495e48c3
4e244da54aea4ed5
4c134a5d4c644a90
4c6049b1490f4b44
4a7548a74b2548c9
487d442848ed4553
48cc490448c048d9
c0b2b2e544d4c01b
402d45ba3f1c4511
c911c91ac639c9b6
c774c56dc7b2c5b6
c9cbcaa4c86aca36
c8f8c862c8f8c84e
c877c853c5bac7d5
c5cfc5f1c5a4c5ca
c5543d26c179c1b0
c457c043c442c09c
bc444a60404b43c2
c08141a7c13d4151
3d6e4154b2753c24
40babb463bdab96d
c1c1cb49c722c799
be55c7f2c075c79e
c979caa0c6d8c8ea
c7ffc6d6c716c6a2
3f8ec1d0b67e37f4
3bd4bcad3e68ba7e
4e8f4b7c48584d18
4a64478b4ab847fa
4aed4d0b48a34c50
458748e4468248d9
ca5840703360c436
c67f3e53c6563bf7
ca42ca26c707ca57
c725c6a2c842c71d
c5afcb1fc8dfca69
c17fc8e3c571c902
c8a2ca6ec879ca6e
c087c883c2d6c880
c376c4fd38d0c3a2
36f135d83dfe3618
49c54ab84b404a2f
48a84b6049584b41
4a9d4cab4ad84bca
49144ae249e54af1
3b2d48124376460a
3c2d42f141f343db
c8183b25b732bfff
c55bb338c3baaedb
49d043563ea247a9
3dff3f343dc83f62
4dbb41a5b65a4a8e
4517b9b24187b972
c9b0c965c91cc926
c823c90bc985c93c
cd55c95dc7c5cc12
c814c79ec8a2c7c2
bbd53f4c408c3563
43853e1244694025
c3c6c1debc39c2b8
3680bdda4001bd0f
bdcdc250b2c0c379
abf237703c742955
48b947c646474734
460546c045774679
c0c1c287c1efc1b9
c023c291c229c273
c85ac9fcc84dc94c
c851c87cc838c83c
c4a140a4bafab2b0
c742b998c601b6ed
c1f54523343740ef
c4af3741c4532fca
4769c43cbdc1341c
4586bf3b436bbefb
4a1d34434398458d
49c1434348f74395
454f4a2348ff495d
4731492147d248e4
44ee486847d9481b
454247924672477b
39cac62cbfd7c259
3f88c0673f5bbfa1
c8a4c69fc4b0c889
c53bc381c565c456
c18b427c3647bde5
c2fa3c89c31138bd
3d5944e53d9c3e8a
ba333cdcbb573f24
c55cba28c298c00e
c5ebc2f3c512c1a6
40f739a8c2ab4418
c355c32ec148c2f5
428b41e4380342ab
3b60368d39c93324
c86dc493bd4bc7a8
c037bc65c105bddb
c411c859c464c5c1
bcf9c4a3baf8c4db
3e30c804c540c05f
3c14c5c63b76c572
41aabfb7363c3bb4
43a7336b424a3920
49cf47dc487148c3
486e484d482c4848
45094838469044da
41da462d42b145f8
ca7cc153c2dec8dd
c86fc1c9c7c8c252
c84cc870c5a3c883
c6e7c4e1c724c4e0
4376430e4284430d
404242973d8a431e
420749a2477d473b
43a947af440047ac
427ebd5c38933d69
41b33b7a40293bc6
bcdec877c4e9c452
30f5c4dbbd33c4ce
40bf43d237e44588
4095357b40633112
4c344af545804c27
4841450b48444529
44543adbc2804013
36dbc3acb4d0c340
cb4ec8d4c8c3c995
c993c8f8c925c911
ca61c361c344c7ba
c90bc38dc753c402
c619c40837a3c788
c3fa3be3c07f39ee
bf04c6a32684c66d
b7e0395cb9d238f1
3e44be07389dbe3e
3e74377f385939ff
40c641df41d13afe
432b41bc42474171
45d3476a46494756
478e465147b5465b
49c144dc451948c0
499244a248cb4566
44b2c524be9cb5cb
441bbdbf3f9abe25
c875c8bac6b9c762
c6f3c621c736c6a6
c8f4be07c50dc159
c8b5c4f8c873c4b9
c196499b41ae451c
c653422dc4aa41f3
3e5f4b4a480d4864
c0a747e43ec74797
47a6478a46404828
444a4552470245af
4a3f3e3f42854563
4821423f47814298
4055c6b3c49fc516
3d12c42ebd6ac44e
c876cb23c98ccafe
c435c980c7a8c984
c89dc88dc514c8ef
b5edc4cdc26dc544
c8d3ca03c4c0c93a
361dc4c9bf9bc50a
38a3c943c4cfc5a0
3b8ac58bb59cc51f
4a61485d45b14984
44044553458f458b
3c79480c4472478a
c024448b3d8644a8
c806a278bf32bc68
c829bf51c444bed9
b84a4c8647774918
c43447dd35ce47ab
480c4de14a824c1d
43b94ae245d04ae1
4967c04241f2420c
484a425d45da426c
3deac99fc1fcc87c
44c4c2003d06c26e
c866c338c41ac941
c16ac410c4b2c3e1
c517c43dc56bc55d
c05ec592c46cc55e
b8f6ca01c6d6c420
bb63c70ac3acc732
c89bcb79c87fc92b
c863c846c89cc86f
c7c5bc38bd4ec233
c783bb87c4a8bc40
46c248cc472d486b
44c8468a46e446bc
49bb47a945684873
486244b2487344d3
355f40a93a303f69
3f9d35b340c336ec
2845397440014225
3c453d7540d93efc
4b87488a480d4a5a
49164778496d47d5
48f147fd451e46f2
488544ec48404503
ca9ec604c72fc913
c76ec69fc76bc6c5
cc94c80bc8cdca63
cb87c82bcb07c877
389fc138c06bbe20
c4a6bd9fc50bc063
b25dc8fdc441c6b8
c356c420c590c478
cb61c972c67ccb7c
c855c58cc919c58e
b985459944293f00
3f6345453bfa456a
481b480047fb4882
469c47b846d9480c
468746714600466c
4611451b47294563
4d084c4448b14c99
4ab648294b1f4847
4bbb4a2745194c56
4883444348754481
c617c4e9c42ec097
c0b3c481c2c5c446
ca6acc31c8e9cc04
c65bc930c771c905
cb62cd12ca12cccd
c98bca5ec99bca37
cadbc969c71fc9ec
c9e9c705c959c6f9
bf8d42543e393e9a
c2ad403dbdf23f4b
460d497646fe475d
44724788459546fb
487d4a89481547f8
4803486447f9481f
4810466f443845c4
468a44e84682446a
bc9cc4c7b80bc17a
3d8baec43e8eb663
c00cc3b5ad14bec7
b069b53631f4b0d9
44fd418fb5d24619
3529bc11abfebb13
460f3bd8c18a44f0
358dc252bd77c254
3657c437c2f5c038
bb9ac2fac15cc223
c82fc2eec1b1c696
c4b7c0bac5cac007
c8c63d9f39b7c430
c4d63e0ec4e93d35
c1f13f344374bb77
1c0343ee3c8043f4
452440d5432640e4
4612422d464f42fe
495a407e414c45c3
481b401347354052
4759c59a2d953dfa
447cba8e44b8b949
b253379a30e03971
39e9b99840cdb5df
c81849eb3b39400e
c5543c5ac2d33b83
ca83b06dc312c658
ca92c13ec97fc232
c945ca25c718c97a
cb0bc661ca54c6b9
be4dc6a1c54fc21d
c5c6c52cc69ec53b
46b5c1eec20f3f89
42b2c1a53c5bc1d1
4689c41bbe1dadb5
47e0bdb2458cbe5c
454c3e6c4144435a
49473fe54823406c
44a7461c460d4561
488745b1482a45ff
be1bbdef432cc2c7
41de437744064365
3edcb4e23e94b4a8
40ec3e3b415a3d60
49aa4d0846ca4c07
456146f7450b467f
37884b0f45aa47a0
be04464cbc9645eb
caf8cb79c4c1cb0a
c926c48ec907c41c
c819cb3ac602c894
c886c675c798c5d9
b56945273d114560
c2c13c7ab8623b12
46b748e5413c480e
43be413244a84115
4875c496c426bbfd
461dc4cc4458c429
c3e6c9dac66ec881
c1c0c6f9c23fc6c5
c436409f40e0a919
c43a414ac11b4119
b8b641fa427239d0
b74e43aab99f43cd
c66ac7a6c2a6c7eb
bfaac103c4b1c176
bbb541783cdf3482
3c924051b8f03e5b
48a649ca459648ad
45f4458846804517
467e43483c4f4486
45202462454e8b36
c489c226c33fbef9
ba12c473bc29c424
c998c86cc725c62b
c667c73ec598c72e
c7a9cabec844c87c
c500c83dc4cac825
3b9ac744c320c4c7
37c3c417ba04c2e0
475244f9467444e1
44f94630448b4654
4978493949c7492f
47064a0f482049d6
48e9483446d54802
443f4734455e46f6
3c8d48e140c0452c
c0f341a9bee9417d
c9794656c00bc126
c89ab9f0c864bc5f
caf2ca18c93acb5a
c91cc902c97bc935
b678cb59c798c7ad
b97bc865bf0cc855
49154409450847f8
48424467475d44d7
42654a104927474c
463c497945f94994
c0c0474147104263
3ca7473241fa474e
440e41ea405145f5
403d3e1943be3ddb
4893b9f9bcba4614
4513bfae4525bf97
c21fca08c7ebc765
bc4ac850bed1c821
cb33cadec934cb90
c867c93cc880c93b
c63dc310c555c506
c7d9c4cec6f4c51b
3c6ebd2abb2bb3f5
c223b684bf44b131
39c542094346b113
41a9441d404d446f
4049457e403e3d86
444a407f3e014038
47f6377f3c833f99
46003a68413c3808
44fd44e146d54432
45bc4731442c465c
c5cf460d426e4163
c21d43e5be6e4263
c313c03bc37a395d
c476c38ec226c33b
3cb9c63bc45fbdb2
be1bc4dcbe81c477
be40c3e9c189c182
c251c2aac057c1c9
3488481f415744e2
c03740d430cf4244
bf9045343e543e6d
c1c03f82be53403c
47d94939493748f8
477d494b48974929
45a042b346f0448b
476e464949264644
be58448239b0406b
b877b80c44582762
3b42423938cd4171
3b389b4c42c9387f
c0d1c81dc1b4c5ca
b3e6c040c0afc038
c8edc146c2e6c77c
c640c01bc83cc107
c61b4224be17bf2d
c69ab85ec725bb86
413a411741b742c1
b60c421cba194206
486d445c45ee45f5
488e451e47544542
48a23a803f17440f
49223a4c48193a11
bce8c84dc45bc4ed
b701c4a2bbe2c488
b241c08e3d96be7a
383a3d6d3c5b3f0d
481c408b44c2443a
4750449a46f144bf
b905c434c0d4c101
b8ffc0d1b7c3c143
c54f4840bc3941b0
c5f4bc4bc22bbcdd
41054b4e422448b6
bd8841c838ab420b
c486c4b7bebcc54f
c430bd5bc4f7bcce
cbc4caaec77dcb88
c8eec72dc936c70d
c63bc855c7a2c6f5
c55ac7dfc5b5c7a2
441fc1d4bf573c6e
33eabe1db0e4bf08
2f5bbae02f74330f
b8c936ddb23ab1f0
c216c61ac339c386
b57ec409bb01c410
41adc370beddbd0b
40d8bf423c52beb2
495948b445b04834
4547460744f545b2
49324bda48fc4ab3
4781490447f248ec
b1f6478c456844dd
4285452344044564
c534405736b3b8a0
bf3336e4bc893948
4199481c45b34682
419f463041124615
4813443f485d4586
47c6486647624862
b288c9dabfb9c758
35e0c0143be3bfb0
c9efcc02ca0ccafa
c922c9e5c8f0c9ef
c6232dacc5b8c238
c5afc613c5d4c5e3
3b5b3ad8c176baec
3c45c38934d5c267
c7ffcb31c91fca3d
c47ac929c636c919
c441c40cc455c307
c454c364c55dc3c8
48d2469344b14805
417844a742bc44b2
4803466c46cc46e6
435e468d45b9464e
bab74a5b486247fb
3130487e423d4854
bbb341e742774313
351142bd3e8742f4
45eec8a6c227bc43
4623c2684411c226
472b4513402a45de
47c53fec45943fe2
c50548f442c04160
c084429dbde3422d
cae6c8aac51fc9f3
c8fbc541c886c57c
c139c55ac105c545
c36ac0c9c41dc0a3
44ff45c240fe43be
3e9d42313cc3424d
c38ac90bc60ec804
c151c579c3dac5bc
c6e8c9b2c763c8b4
c4b9c70ac604c74b
42d049fd45c54847
4198459d426145a7
4b0f4c0749624bc2
496148ed49d04927
4977c0572b6041dc
46c7bc284687b48f
c64aca7fc8fec8ba
c639c912c5f2c8f5
ca0ec6e6c7dac695
c8d8c707c890c757
32c6426b185a4115
b364383cbe7736e8
3850436b3eed374d
40623e873d993f2a
c83cc132b5b8c5a4
c168b6afbcc2b782
3d01c046444faebc
4210445b440643c1
4b79477349c848fe
499a49aa49bd4998
48d5473848d44802
47d74894485948d9
b33b438344ca412c
3c4344e6401b44d7
c261468f3ce14051
c3d04049c2c33d19
c804c3e2c89cc5be
c941c869c986c88d
ca79cbc3cc34caca
caaccc47cb32cc39
c84ac96eca43c849
c873ca5ac88cca5a
3b703ce7c33c3da1
be28c315c004c2b8
48fb4908456547f8
484745bf465a45c4
49d6435f481545aa
4aa7479549d347a8
43efc48545323964
46cf436347e944a0
bd32417146cc4048
3f98464343e446f7
bfb1458247ad3891
3ebd480f414247de
c2afc68cbc81c682
be08b8f9bd59bbd9
c108c3b1c63ec269
c405c57bc479c5c4
c1494288c73436d3
c606c5f6c80dc684
c86dc78ac9d7c756
c8d3c966ca15c9a9
c30fbcf0c3e33844
c411c407c439c43d
4be84cc349cf4ce7
48bf496949b34984
4d254bce4af84c0c
4b014a954be84ac7
44fcb49e479bba20
4566475147a1475b
c937c934409fc99f
c1f53f62a8613fef
cc26cb31c498cba1
c691c558c4bec4cf
ca9cc941c983c9d3
c8d8c999c8a5c976
c48ac130c8afc222
c807c87fc870c898
bdd3c51fc78ac1a5
c311c741c729c773
3f99c9afc918c42d
af55c907c5f3c918
485ac158c505440c
44bbc4a9393ec4f7
48f64d1c49bf4bd0
48ad4a1c488849f8
48334f6c4d234c89
48a24d5149b84d53
484b483a4a074827
474b49e148e74a07
495d4196493f4790
48fc48bb4a2148e0
3c6a47ca485e4485
40a6484e44c94841
cca4ca69c8dfcbf9
cb92c88ecaadc8b5
cd00ce05cd06cda6
cc6acd07cc73ccff
c71dcb1acc11c9f1
c918cc46c9e2cc31
bfd3c4c2c814c45d
c516c833c61dc855
bcf1a8b3377cbe35
36e13db938463bad
4410448f46a7427e
473d477f46dd4793
4ab14863492349b5
4a9f491d49eb4937
4ced4c0c4afa4ceb
4c4b4aab4c274aaf
49274bdd49384b53
493848c949d448f1
c8aac63ac526c6df
c645c5a0c4fcc51d
cc76cd1fcbb0cc90
cc14cbb9cc06cb98
caadcb1bca1cc9fe
cb49ca28cb53ca50
c6e1c602c680c4fe
c849c654c86ec6fb
3cba3d38bb209d2c
bd74b84ec072b8ea
4659465b44344118
443c4486426c44a7
454841c245393b7f
467b45ad45bc454e
44b64292460d4245
4831467447fd4644
48614bf2496a4a82
49034981495e49a3
452b4ace484149c0
448f483346ae4842
4110404041764421
3abb407c40984073
49e0468544b24886
4522446b45204483
3be1c06ac239ba7c
c041c25ac1fcc1f8
ccaccd35cb55cccb
ca02cb67caf5cb53
ca3dcbd9c8e1cae3
c7a3c8b2c87cc8d0
b0a2c2afc134bed1
c12dc0fdc17ac0f6
b26c3db5bddcb2d2
bcc4bec0bcfabd21
c38242dc2ac5c104
b78f380933683414
c909c78ec384c8c9
c4f2c2fdc38bc3de
c9e1cbd8c7ebca4d
c75cc820c6f8c810
4488465342d44585
3d82423c40b34296
4c084cd44a244c7f
482449e7490049e1
48ba4490436c48a3
44d441d54560420e
3f184548384345f0
33db38d73c9c38a8
4719492a45c4482d
4650463645d44620
4928c3173e403c8e
49c83d4946c33d92
ba99c8cac480c66b
40a2c428bdfdc478
c3d43ead3ed2bf3d
c0d141d3bfea4138
433548c948834668
432e48d0448e48f0
c4bab2ff39a6bf80
be983825bca43a37
ccdecbc6c9b3cc6b
cb40c9d8c9e8c9e0
c894c68ac59fc7d3
c9bec620c77dc5e8
46b1490c45104865
396344cb3fc7450c
44ed4408400743d7
450a406f42a13f9a
beb9c9acc7dbc66c
3c28c839bc73c826
311dc8dcc851c124
befbc8bfc281c877
47c64a1d4285496d
40cb43923bf34323
466c4c47480248dc
43e7487d415f482a
c068c2f235f3c415
277f37d133f333e4
c79dca05c00dc8c3
c0eac00dbb54c03d
c8edc865bc69c8be
c433bc23c224bc53
c65ac677be71c721
c400be5dc1e3be2a
40d640383b0e41f8
3cae39b440cd39eb
487d446e372b47e9
4623b4cc451f8e04
48bd413f363a44e0
4654338e43ef373a
441f4a2546a3472d
4189476e426c4744
390448e145b347ca
3af145e1411b45e3
411fc2d4bf9342a3
3455c16d37b5c079
3e10b8d8c094a2a7
bff6c1dbbf1fc12c
c45045c73861c162
c2a63a56c0f438f4
c530c494c012c5b1
c061bcf9c138bf46
c494cc55c6d6c941
c120c623c513c6ba
c62ac900c425c87f
c13cc401c4a1c3f7
c08a471f449c3e0e
3d5344a63e1044ff
44b348c546104640
4338464e444b463e
4700451d417c45e4
40674118430040d7
441f439f400c453c
3d963d0c43993e83
c4b7c885c4a6c636
be6ec53fbaf9c505
c8c2cbfdc94dc9e8
c672c964c7ccc95c
3fe9b845c3eb4119
c36dc418c4fac398
467b49aa44054896
3f5144753cfa4428
b7ef4885456e4287
420c46274266459b
409c45ac450740d0
448344cb44ce4500
3bfbb45e3f81bc16
3f803e6d40193e2f
c7f3c9f0c4a7c8bc
c383c443c331c4d9
354ec8c7c35dc443
3d19c3e22d95c2fd
4897420d3e964529
44ec3c4e43e63fc0
32dc44c13e9a41a2
c267405dbd2b3f48
bf77476743834484
c3154495bd5943ee
42d944d24010464f
41cf3e4740a73f8c
bf37c4c6c53cc096
bc59c600c000c59c
c834c313c4d3c6ec
c590c4ddc56bc4ee
b010c221b967c155
3e52bca53900bbb9
4846408645484459
46be455a46ac455e
40c549f748bb4634
413949594464490c
c86ec1eabbe5c6f2
c4b7b3a7c4caba91
c80dca96c83ec9c6
c575c82cc739c834
41383deebf7f40be
3c68c0573907be07
4455b616c1944154
3f57c3213fafc1ea
bf7dc5cbc3a9c332
c133c370c1d4c42f
3ecc459244ee436d
3b5a459f36fb4500
43fd3d8e42b34302
4209421741a54230
c466c098c02fba31
c3bfc188bf1cc121
42f8487840cf47fa
b7053ece3d69403b
4b6c423940ac47a7
48263dcd465e4014
c05ac768c134c652
4029c0ae3123c0b1
c9abc09ab84ac83f
c2163769c226a85a
bc81bcee38b5c3d6
bc0e3a70bab1385f
c032be91bce4bfb0
c2aabb5cc032bb2a
a477479f413c45c3
3ceb41db420d4250
452240fe3f93449d
45533c0345d13d37
3e5fc2d9bb35ba3a
3439bdd2300bbd8c
ba064665418d4154
bf774370bcc242fb
c5bf44d63d393970
c3ce4090c2603f9d
c6fec417c178c2bd
c51bc0dec5f4c1b7
435fc5f0c179bc1b
b423c10fc0f8c1b8
4712c682c2f3b78c
3e10c3642f08c353
c42ac8f9c5c2c718
c2c2c661c254c649
c6c0c52bc39bc6c5
c25ec497c16cc451
3fef46f4408142d1
43fa3ca443d43fd0
41e646d743e94413
453a4349442a4415
393dbc0e4004c062
3d6941ffb4e74131
4705440245b342f7
44e446804450460e
48af4a7c486f49de
47bd484d488e485e
2ec43f76b7d943c9
b5c7bc413cafb8e4
c71fc416c609c13f
c73ec5fdc5bdc5cf
c4474408bbb53c80
c48bb4e5c165b860
c365ba18b5dfc12b
c1343779bf76ae9e
c25dc5e1be20c5e9
c13cbc13c232bef8
4268c7abc355c3b6
2ab2c415bd12c470
c049cae4c843c847
c0b6c8a0c2d8c85a
c880c8e9c4b1c8a0
c3e7c4f9c358c42d
41d5460746c2449c
44bf469245144699
49fa49ce48604a0b
489a482448784811
439a475d447945e1
4221443b42d2448b
b1d148ef45974465
b1b4462331754626
4115475a428a44db
387f43f0b0634310
bbafc3a3c4bebb41
bd85c4efc0c0c4e2
c271c623c7b6c2ad
c40ac83fc4ebc7f6
3dc83d48bb573b97
bb0dbcadbc0bbc42
439c41df44e64056
44c64547458044ec
c62cc6ccc1dac6f9
c040c070bec2c18a
c8a4c6f3c5b8c84b
c76fc4d3c74ec564
3cd1bd87b755bc31
b54db479ba79b611
43e9c070b95530b4
42c7bcf540d5bb0e
bce2c026bb39bfab
3ccabd303c92b964
c444c47cbfdac422
c102c03fbf61bec5
b0fec460b9debd21
c0b2ba54bf8abba4
440648dd47ac4813
3e5b47aa41d34766
41784b9d47da4930
421a4754449a476a
ba42c09fc2c92c52
3953c3fd3afec35a
c425c9dbc706c78a
c0bcc711c08bc6db
35fb3f523b30a849
37663ba435d53b38
3d9e472c3c19416e
b2463e3cbe2f3ca6
c4abc576c6cac6d3
c717c5bdc863c64d
39b1c79dc2f0c4aa
c07bc23dc2b4c29b
4740418444b5449c
463e445f45f144a3
4660489648d14733
47b048db47fc48e0
483848b3494f4853
48c3496e48a24943
421f4704444746d6
44aa440b45534405
c06748fe444045ef
aa73440e4186444f
3f0b3ca6366340b0
39e732e43d6834dc
b8c5cc2dc9eec703
c184ca3fc55eca2c
c4bdc8edc846c6c8
c4f0c899c5e2c85d
c7cfc2c0c48ac6d2
c755c4b5c611c446
c97ec9ffc752ca27
c828c715c788c716
cab6cb71c7aacbc8
c88ec741c86bc770
c9b8c6c0c609c996
c93cc5aec90ac5f7
43664794432a44eb
3ddb43713d294287
489d45f3455f481f
47cd457746d3454d
463f480e463b46f8
46144692454246c2
45964beb48fc48d6
4555492c451a4946
b93e44653fbb41ae
bdbb4074bc11405e
486a415541c248b2
4519416745c4410c
4c064671442f4ace
49494314492f42fd
465942cd374a44c6
451634e0443e32a5
48004ab5488d497c
4810489f482f4889
c445401a3b3bbfab
bfcd35faba453831
4980406a44af46aa
4761441746d544a9
48a2465044bc498e
47f74345483e445f
c54e48853f0844f6
c22b3e73ba6b3ec5
cc9ac99cc665cbb7
c95ac594c998c5e6
cc75cd4ac9d9ccda
c926c981c9fbc99b
c113c6c9c658c348
c2b2c661c24ac658
389ac62cc54dc42f
b83cc5b2be94c5aa
bc9ac55cc173c4d7
bb8dc1e5c137c19d
4126461d43b7442b
b03a444f3911440a
4489455640714477
3ed340ed3f8d4077
477ab753b016410b
44adba6142ecb7e7
48ec43ef427e4617
453341754571413a
45814acc484f48fe
4471487c463e484a
beca4962492a4643
43d349714613495d
3e69444747f743d6
44244811457c480c
47a2473743894709
42484382414c4403
ba6342ebc31a3e98
c3b8c2fbc497c26d
c774c78ec7eac6eb
c5f9c816c6bac7dd
c6a5cc8dc955ca8d
c110c9c1c4f3c974
c817c8bcc7a1c8f9
c544c790c522c7d7
c4cc461e3748b911
c5aa3d3bc1593944
c52ac924c553c82f
c387c57fc406c539
c41acc70c71cc98b
be2bc791c39dc786
495344394667480e
46c54633462745ed
470a498c46c8499f
44aa46a0452946ba
c8624573b8da2a7d
c4c9ac0bc31db072
c43745413a563924
c27b3f01c0563e25
418035f4a91c3bc5
3b8636602ca63299
45ddbaff3ef740d4
44423ded42d53d1b
49f7489849404997
47a448db48b24901
458f469347e245f2
45924719462b47a7
c201c4aabe9bc55f
4031bea3b81ebe16
b553c4edc541c4cc
bf55c4a2c2a5c500
c4d4c7f3c89ac7b4
c69ac88fc637c8a1
c58fc8c3c692c76d
be1cc734bf47c69d
48f84626458c47fe
481645894782458e
47194d1c47b34aed
3e6f482d40f447c2
caea444ac474c17d
ca5ec44ec94dc417
cb23ca8fc842c95c
c9b5c86fc8c7c85b
3423c2d9b2bf3688
afccb9563995bb2c
40793c2544083e51
43b4436e43d74415
c08dc4494077c5b9
3db741ea3c4641f3
3e15c5b5bdc2c4b9
40dfb86a3c07bc45
48d5c05db8274266
4787bc6f45bfbcbe
44fd3c693f59422f
42773d7041973cfd
c907bd76b9d6c5f6
c88d2eaec7f02080
c55cb81db958c1d5
c661a10dc5dd2f0a
486a491b461148f6
46354687452a4606
487249c946e849a6
494446dc487846be
4854c082c1a944bf
4827c4824647c2c0
3b95c97dc94ec414
c0f5ca07c20ec9b3
c85ac408c583c6d6
c87dc540c720c594
c22c4a1947e34300
be8948483e844812
c23b4a9449824423
b062499744144986
c4eabf693e6fc415
be913bb82ad43e0a
41c5c8e8c55bc429
4119c5ada4c2c54f
c1c5c7dfc609c4ee
c16cc485c599c526
ca00c6acc580c7d2
c90bc3e2c9a0c493
3c16c140c087b7ce
bf75c0e2c190c0f8
4954348134a3441b
472abb7045b0b8f0
4740c2ffbedf3ef3
46acc1a0447dc0e5
429dc19fc0b43f04
3eafc0703537c122
c43746d63f8a3d48
c59c419cc2444025
c0514a9847244541
c417475338e44753
47054924493148de
45e5490c48734935
36eb4429469d3db6
45e34681471146be
ca3dc9bfc5cfcb09
c366c638c45bc5b4
c940ccc9c9ffcb8a
c649c9ffc87cc9cb
c192c558c820c28e
c213c7ccc598c7c2
3b763feac4423fdf
bb20c45bc050c461
486041e541e04542
42c84210415d41ee
4bf94a854a184ad1
485c4a53484a4a1b
47c04a33484e49c7
44e9483b459747e0
c6f7204dbd01b9da
c465bebac222bf3e
bcb0bad63c0eb8ca
ba973b5b2e313c2c
48d6457446e945a6
467a473f46d44718
3f6345c045953f30
4177465343f6463b
c66bc3c1bb2dc4ce
bee1bc81b967b8f9
c748cb3ac894c8e8
c39dc936c4d2c901
c8bccb07cb2fca7f
c840cb41c957cb60
c94ac928caa0c964
c875ca58c994ca65
c499c817c69ec488
c0f7c6e8c201c687
452745eb448145ba
3d20446244614484
3b3f491c462b4460
bf70469f3a92466b
c71ac73ac29bc78e
c032c311c2bec2ca
a9b8c619c258c082
3f88c3f639bfc354
4c204c4349614c9e
48dc492949174918
4d754e734cf04dfe
4b894d1d4b3a4cf9
45244904497845f1
44dc4a3d440349f8
c51fb514357fc49b
c43c3d3fc41a3c98
c11abdf8c2c7c10b
c146c27ec14bc21f
c6daca2ec845c852
c2d0c859c485c84d
ca68cd01ca2dcbff
c6e1ca71c814ca6f
c733cb5ac8bac91c
c5a8c91bc506c8ff
454144e241a24600
3d3040d3440840f4
47364bff493c4955
45df491c485a491c
bc8e40f33db53243
40a83b3b419f3cbc
c5cac7b4c835c4ff
c429c875c5a4c84f
c46ac7b6c832c4a3
c5a9c837c74ec826
3e1842ff401a4016
b747418fbd354179
48cd4d204b144a6c
462c4bb146834b75
4686462147d9434f
4642481e45be47fa
c3e5cc17c4abc961
b5f1c552bdedc4ea
c079c657c10ac18d
c36dc1b0c1c7c1c4
405a431cb94743b7
bf99bba1b7fabc76
c0f8c17bc43cc1b1
3be2c4da38dfc45c
418241ec3fbc4364
45d5407b44c04035
473349cf466449c5
43d8473f44534642
c428be88c156c205
c4a9c133c448c1eb
c4e9c86dc583c80e
c477c5e3c545c561
42d643a13c6944c0
35f13cd52d873e1f
c32f3a24bc34bd38
c129b868c0e9b931
cc06cad5c8a5cc2e
c974c88ac901c869
c97dc9d6c853c9cf
c940c878c845c841
44b8478a44fb4653
410944ed439344b8
483d4a8049f648c0
49a64a12492349e2
44d1c70d2c2abf59
480ab839458cb493
4689c82cc349a4d3
459cc46b43d3c43f
4a074c7a49504bdb
4832494f48544925
486c4d454ab34b3c
45074af946b84ae2
c185c58bbe92c3f8
c319bd5bc185bd45
c52ac931c7f1c5cb
c5cbc80ec671c815
c0f0befcc52bbe1b
c459c506c4e2c4c1
c4efc4f3c46ac598
c44ec486c450c409
c189411d3e723530
b8963b4728fc3c07
3ec9460b446a41e6
4182445042ed4407
c315bd923229c51f
bc1f3a42b7a138ff
c8fcc42dc3cfc77a
c62ac366c5c0c311
c7f2c97fc80ec834
c614c801c6a7c806
4020c940c453c449
35d6c388ba3ec431
4b1b490847ef4a48
482b4820482547d3
48f849c245534a05
45d4451846054513
c8f5c9eec9aec901
c745c9f7c838c9c6
c6f9c554c5fac5f0
c686c672c6a6c643
48674972485f4931
44f6488045f04856
3f27b7ae43db3738
4436449241f3445d
c08bbea33f21c27d
41ee3fcf3e4a4044
450d494e46e64799
4678462747a0467f
bcc6445b3f623bd2
3bc33c1741143da9
c442c8abc5b3c89b
c2b1c5f1c3d0c5cb
4229c759c240c25b
1b75c21abafcc229
bfcd4547411543e9
c3f641d1bea7420e
c4944a40445545f8
c6c044f6c23c44dd
45b847c3459c4678
40af463a42b345cf
46d1b25543754366
460243f744a1439c
bfc5c88fc618c210
be44c65dc21cc677
c501ca23c9c1c706
c58dc9fdc67cca19
ba2bbee9c283c17b
34eec2febd3ac298
31653e233c2fbd6c
449d3ae83e7d3c9a
c504c8f8c649c8fc
369bc655c149c678
c574c861c710c8ea
c4adc6a2c5e0c6da
ba6140eab8102c52
c567b50dc433b239
b462a9963ccd3959
c41438c6ba773bbb
b9f2c3634212bce2
34a841b143b241df
44154a0449fb484e
476e4a7648c14a4f
47644d864ab74c37
477a4af048844ad6
40ff47033c96485d
389e36d23d7b3799
41f84283396a44b1
423931914035352e
4aed483248aa4958
49f8488a490a48af
4909410945164641
4574452f4493450e
c7f63e29c258c499
c887c067c854c180
cb1bc919c937cb52
c9dec901ca42c8f1
c8f2ce82cbf3cd15
c7bccc1cc940cbfc
c43ecc95c9e4caf9
c187ca04c5faca06
389ac8a8c604c50f
40f8c67539acc65c
c474c358c1b9c154
b462c3433d3ac2ed
c8b6401ab5aec23f
c4ddb67ebdfcb8cc
c056b8da9b8db652
c16d3357b7c232a8
449647c1454b4869
a0c9456f3df34580
48854d214a144c08
432b4a4c43eb4a31
4718481045344851
408545ca3c074598
c4afc214c03ebf41
c4c1bdfbc4e7beca
c4c84937463740bd
b97546ce3e06466e
4c024c524ac64a0a
4b2a4ab34bb24aac
4f06486549694b1b
4d4c49034cca493e
4868c6d43cba3c92
4910388447863bab
cad8c98bc735c8d7
c5cec707c683c737
cc3ec155c82ac846
c9fbc7a0c9efc7f9
cae7cb52ca2dcbe5
c930ca33ca3eca14
c9d1ce36cc13ccaa
c978cc49ca8acc26
c7f6c8fac8cdc5c7
c9fac92dc8edc8f7
c35f42f03c473fc6
c5a9395bbe7d3ad9
40e141de43ff405e
3eb3439042fc433d
49cb480d46ad4891
476a46e1476c46ab
4ca04e4d4c2a4d3e
4bc94c514bae4c49
4a904cda4b1a4b9d
4afd4b524a7b4b19
3c16c56fbc61c328
3fa5bb2734c3bd97
c584c826c69ac822
c47cc646c501c64e
c86fc1d0c627c60d
c527c5bdc5a7c5c7
c861c969c7e9c88a
c5f0c7d2c77cc7f9
c619c9d1c4bfc81c
c5bec497c64cc490
c52ac0453a32be55
c4923c90c1e13cb4
c548b709bd0ead02
c501bf07c1d7bd3b
412d29e1bdf33b37
b622c11e3865c010
4a67417f421345cd
47564125476c4134
46664592424e457b
4532427245444298
28404ab3450c463d
3d4e450040574539
41764741453543f9
40cc458241704542
c07ec70abb8dc5da
3565a6c0bd75b8ae
bc98c23cba3cbfac
3cdfbbe2b9abbc3b
48374251437f47c3
466841a745cd4266
40ae459f4504445e
4341459f440445b1
c6144950448d3c42
c14145a6bd994520
bd75bcf5c1d3bc07
c474c32ec250c32a
c403ccefcaafc91d
c687cb69c6aecaf9
c6cecc43ca08c9ac
c51aca1dc6d1c9f9
44d9b718bd654077
3e81ba8735fabdd4
459644d840cd4564
3f3d41883ec24085
c741bb34be83c504
c276bd9bc258bd5c
c8cdbfb4bcdcc746
c05cbd3ac02dbbdc
c066bf9e4071c189
3e2f403b3e6840b5
41ddb542423c3bb4
391a433b3d504248
3af6480e43a542c2
be8044bda96a4406
bb6d40ad3b8b342d
bc5c3d39bcdd3d4b
3f82c419bd0f2d5f
2522bd0fbc3bbcc5
402c4858428046d4
3e4141bc40ec41ab
47344bc047ac4ad7
4713466148234745
4b0b498b47d14b9a
48ad46df493e47c4
48d7446044a34733
453644a646b4449e
44d8c2a63f64bdaa
43c83efb426c3ec5
c3a8c976c4d8c8fc
c14ec4e4c48fc4f8
cc88cabdca41cc57
ca97c9f5cac6ca2f
cc84cc68cb3fcc70
ca00cb0aca82cb2c
c679cc14c984c95f
c4eec99ac784c98f
35674389bac93f29
b8a1b8f1bfd0bb0a
3ef94a6a4755467c
4079482d410d47aa
4687460347c646c9
4500481e45dc47f5
485f481147034900
46bc466d47cc46e1
445648f547b047c2
4678471847964792
461c4419459d45a9
4512456046124592
46ae3029b09a43b8
3b9da80b3d882e2b
c8cbc1f1c631c7a9
c763c5b0c7acc5c5
cbb0c5abc647ca00
c803c630c88ac626
c26ac7ecc3e9c48e
c1e6c4a2c2e3c485
410bc60dc356b497
bf92c434bbcfc464
376fc6bec4bfc2d7
bc62c4c9bb13c4b8
bff5c8dbc421c696
b8ffc402bc4ec37a
3da63d7742553894
3e2a42d640a4426a
47614cb349a24a10
44a849c746994989
46c84a8347844969
4482472b45834747
44b4419caf81452c
4262b7193f82aa4e
a412447bc0ae3fe2
bca8beb6c136bf57
bcbc406c2c5f3a2f
bdcb38f0bca535aa
4569458046ff463f
452946df45ba470e
3d813fe6466236f8
45554670442e469f
c83ccb13c1f6ca6d
b974c191c307c1e8
c4e0c8abc551c754
c109c589c4f1c5ac
bd4b37c3c276bb6b
c1f6c343c12fc342
c5f9c97bc7a4c880
c4dbc7fcc21cc7fe
c7facc9fca56ca9e
c6c0ca70c69fca5e
c9b2c9d6c989c957
ca2ec98dc9fbc96f
c804b304c149c123
c915c12fc7d0c173
48ae4b0d482f4a7c
45a14838477e4823
4d704da34b2a4e0b
4bef4b284c024b3c
4c9c4eef4c514dfd
4aff4c7c4b124c63
490c4c974aac49ec
491b4b1248fc4adf
464147754558465f
46a9451e46ae4545
b2d946b743074437
3e6842b4411d43bd
c70dc122c1e1c06e
c7d3c25ec58ec1c2
c238c8c6c52bc4fd
c525c593c571c58b
c83dc93bc725c94c
c4e0c726c6b6c740
c9f8c73bc6d0c961
c658c6b4c6bac6c9
b1ef3e493b2b3ad6
b8773ae238853afb
42ce464d44584419
40a2449e4257447e
3bbc3306b9ccbdb9
2c15b5f0bdc8b8f8
4559c4c8b23fbd73
403ab168397ab441
487d460648464768
479f4866489c486c
44ef4a93484c48ac
45d3489247634896
c7e7c6f1c4ffc73b
c49ec52dc5d0c501
c8b5c9fdc82dc803
c687c89cc6ffc86d
43604898a3414978
b97bb9433e16b884
450f44d0b69e45d5
301fb84d3346b9b1
c457c93ec169c8f6
bedfc09cc408c11b
c726c3aca60cc7dd
c28a34b5c257312d
c503b465bd43c4eb
c315bc53c0ecbb75
b0d8c66cc17cc4a9
3adfc0a3b605c0e7
467e3aca404543f9
45194039435e3f98
4a084b30485e4b3a
47e6481a48414845
49dd499048534a37
48c14828492f4859
42e3430042af4283
444942f444174287
c4f7b585c245becf
c450c1a5c489c25c
c826c84cc840c4f4
c844c829c7e2c829
c5a9c785c625c494
c61fc64cc51ac613
bd493debbf8ab924
c0fbc078c093bfcc
c1fdbff9c1a8c33b
c247c1b4c306c1ed
c787c662bdccc8aa
c50cbba1c4d5be05
c79bc1123d78c847
c48a3fcac31f3ee9
c0dbc4e833b3c5a1
3a9fa9513ace3573
4484c65730a4c0a1
4806bad94620b815
47ef453d42984620
484241b147394200
4a3c4cd648d54cbc
480d48f44866490b
4c4c4ceb4a6e4d48
49064a92496f4a8e
45a245c844394626
423444b742454461
c895c7efc6a9c6e5
c6cbc649c72bc677
c645c95fc887c6ec
c7c2c8b8c857c8ba
c6b2c8aac81fc84d
c7c5c811c875c833
cb03c926c814cadd
c8afc769c8dcc788
c8f4c8d6c6dfc963
c6aac700c5ffc710
c437c49ac201c273
c0d2c3c4ba98c3b1
413c44dd4427451b
4399429345a84411
4a7947fd473f481e
489646f348bd4784
48ae4555448244ca
4588452a44e144bd
bb8f44ad42a43fe0
387d441638fe437b
425a45a444b94486
435944c842ea44bf
477c48b345df4875
44b945c6442f45a6
425e48c6456147d3
408245813f9a4572
41ca3f14413a421a
41ba41ad40af4179
3b1ec519c067bfb8
ac42c04e2876c05d
c8dec90ac83bc934
c828c87ec7a8c866
cb3fcce7ca55cc97
c940caafc95dca9f
ca01cda9ca2ccc8f
c720ca2fc7b5ca0e
c77dc1fac3f0c4c8
c31fc31fc20cc22f
44b34c74488749ff
423c48b244034894
4aae4b1e495b4aea
4744496e4705491b
4ac04a6648674aab
4784487a46fa485e
48e54b6b48594a33
46fa48ac4698488b
3d9cc044c0482f4d
4111bff53af3c06e
c900cd59cbc1cb1f
c52acc28c749cc1b
c9accc08ca26ca0d
c7bfcad2c763ca98
ba084554422441bb
bf4641db39a442ec
449d4ab649374728
42f949ab453b49c3
39e741c144a7bb41
3c1f45353ddc44dd
c5c6c876c174c823
c435c0d5c343c19b
c561c7c7c01cc74a
c19dbee2c043befb
41ac401640f73d09
4068412141214176
42f8446d3d8a43d7
3e113d2a3d5f3dd6
403fc0f3c16b30b6
3b98c23db9b9c1d2
48e346783e854885
43c73cb740f23c0c
45164a9540874966
b7014070a6ff4057
c8eec62fc73dc67f
c677c769c669c6d9
c565c966c5e1c54a
be2fc683c0edc670
42f3461e445e4691
40bc447a414843d5
c04b444642a8b874
ba0d446db59f4404
c588c8d1c157c8f1
3abbc00eba5ec0ce
b104c604ac0bc547
450da9244360b822
47984694452d4586
460244cf470f44c4
469d43e74341459f
417141e1448b4328
c25fc747c110c4e1
c2aac186c11bc047
c274c136b96bc24c
c163b66fc1a7b5b4
468f49a247f948dd
4367483043ed4830
43a34862455c46ab
351245a03d4645b8
c801c395c5b4c56d
c855c5dfc7d6c60b
c80cc072c712c2de
c738c720c6d0c751
c1e03a1dc44dbd39
c252c3f2c253c408
c50ac867c698c85d
c56ac6c6c626c694
c45bc999c59fc848
bfc4c632c360c5ca
4350bfd0b5e33f18
46d8b96244b1b901
48ff46fb4474488a
48c1443a481c43d4
4707435441e543a4
45204150452c4189
c09ac5bfbf40c502
be6bbe78b567be26
bd7c3da3442437ec
b5a144d33c884443
47c44b1b49bc49ed
45324a0645d949d2
409944d742884547
b157430aa9a84306
c650c4e9c2cfc35b
c44bc32ac36dc301
404942573ed74160
412a3cb042783d53
46a2446c41834411
440e411e42914100
3eb4b6713b103091
39e93c7fb5603d5c
b210b96ca583bca2
341e2ec83531397f
c88ac306c42ac7ad
c4f3c442c47cc414
cc64ca6dc945cbd2
c981c965ca06c98d
ca5fccaecb12cc0e
c94ecb0fca37cb3e
c446c5cac5dbc5bd
c60cc546c4cec54f
46354b0b483d49b5
429a488e460c488f
4b2a49e548634ba6
492e483d49374847
4986bc673eb94591
4851390f480d3ae9
46e847c147474814
462746c14810469f
48a44cb84b1b4b27
47474b4748544b14
4232405841a63827
415a428b35d54290
c5facb7bc9cac9f0
c5bcc9c6c881c9a1
c015c7c6c809c4d2
c422c81ac5c8c806
c51fc3a7c359c3fa
bd3ec3f0c105c34f
ca22c735c6b8c8cf
c4afc718c5b9c6bc
c7bcc4a9c573c740
c612c559c5acc5a1
c320c311bb7dc3a7
c370b67dbf8dbbd1
39104266459d42fb
3485463e426845eb
44d74a50491a48cf
3f0e495444db493c
3efb478946334573
b82146403a644630
427139103fc54382
40143e7d3d1b3fc3
48c245ec44be473b
4735445a470544d4
4641434c43824112
462e42c4465842e4
3b26c58ec13cc40e
43b3c2054099c28d
b9b6c80bc800c501
36c7c810bd41c806
c375c876c96fc5fa
c57cc97ac6e4c947
c4aac5eec6ddc5e9
c587c6fcc745c6ea
c6eac42cc17bc656
c3e5c011c48fc0bc
c7c4c009bdaec2c6
c534b608c433ba1a
3dbe499946084825
be3d4651a8e045f2
44b84aca48764934
3eed486b4175484b
bd11bc1b3c4fadbb
3685391328663aec
4184bfa8b13b3546
4308bc2841a9b7bb
4a3048ff4718495c
487e46a248d646ea
469f430844c944b2
45e344d4461b44e5
c3c5c5193556c5fc
39d7389231eb392b
3b2b43cf44b83c9d
427444b2445a44ee
435abc4b30dd3125
41cbabe942b2acc1
c7dacc64c9f4cb39
c696c9dbc7c5ca0d
cb77cbf8cab7cb96
ca79ca9cca69ca91
c923c803c826c7b6
c929c83ac8c9c825
c6b2c848c6bcc773
c7c7c6b4c7cfc6f4
c006388cbae22f42
c42eb3dac36db885
49884d4a49c04cb3
45cf49f6470d49c0
4c564e7a4b4c4e11
49f24b4c4a424b1e
493a4a7947e74a3c
48ba48004833480f
4320440643e13f1e
45f243d9440a442e
3ef0b8743f37c07f
44b53d6d439a3e74
c4bec8bcc44fc894
b413c4c7b634c450
c829cb92c817ca4f
c508c83bc61cc81d
c034c89ec4afc45f
bff3c4e2c31dc51b
c2bfc119c066bf80
be1cc01bbd23c06e
c694c5eac21cc788
c449c198c203c169
bc1ec5fdb3eac45a
beb020acbe66b088
3fab437a43b64439
b893447e2bc34433
c05545944037435b
c569407fc12740a9
2bce3bc4ad123fd4
c214bb8dba7fb8a8
49d6499a45864a0e
481344b6480f4528
49f64cfb47454bc6
4822471e47ff4759
c0683fb7c2c1bf26
bfa8c257c124c2e9
c99ccad2c885cb98
c60cc837c7bdc867
c7c9c80bc245c8d2
c282c035c4cdc104
3c08b8d341223ebf
3c384235348b40c7
43fc367442e6442e
43cb41d2444241bf
3f12c4f537febf01
44fdb7a345b83778
404bc66cc13ec0da
4399c2f843e5c1b1
3344c110c4e5b92d
bed0c523c0c3c50e
c62db881c3f2c0a3
c7a3c286c838c31b
c1df47954388437b
c555446ec48a43e4
459548b245ad4740
3a8145823fc34581
3ef9c5cec358c40d
3bdbc3e3b042c3d1
c439c488c2afc55c
b3f7c1eab84fc265
befa480e44884111
3ca7451041c74529
3e51426f436134ad
410d43d6405943e6
44bb3d7943264183
43dd43f5402a4321
3e8739cf401f4338
3e6240213c954036
c206c818c3c0c454
bf5cc4e9bc69c46e
3493c3d6c12dbd6e
bd00c2152ab3c1f2
3ec347a441bf45ff
ac5242cf3e9642f9
a75e44273ba64331
bdd33928b5603c39
3987c37dc1bebc7d
c090c345c020c33f
40cbb9bd3944391b
404f38ce3ee43828
b88ebfb53998bfb5
440a361f41ea3a29
c433c50cc1e5c75c
b416c294ba00c28d
398f4078b24ebd4e
bc9e38b1bad1b004
4659472942ff45e7
4103447a3d1a43d6
3f833ec22d9d3f1e
411230f1b82c31c3
c786c5a2c697c610
c2dec711c577c6b0
c8d5c8a4c7dbc885
c850c7f0c81cc7bc
c4ddc651c08cc573
c5f8bf87c452c04d
be583a254119403d
bae341403c0040f4
384d46ad42a1476b
a55042833e844309
427c47e84295462e
36f543ae3dc343b1
44e6410d42814043
433943ce44214309
4557b48943863d2f
465f438f468f4316
45dbb598415a3d8f
4581407144da4092
4531bf7b34273a02
418db67f3ff8b47f
bc4fc0b6bcadc157
2204be9bb7b2be03
c0c93cb93bc4bfa4
3c8d3a0921813cf5
3da7455d443242f7
40ee43f93eb04462
451a4aeb46ef4973
402d46c242cd46a9
450649c141f548d0
3a45420e417f4212
c88fcc55ca8fca80
c7a3ca80c7a9ca6d
cc05ce7acc8dcd14
c9ffcca4caafccae
c5a1bfdfc495be8f
c54cc4abc62cc4e2
c13e442f3fe03ace
c14541bec23d4154
c5b7c490ba14c725
c33aac3ec39ab720
3825bd1b39b4b930
3bdc383f3d973610
484d45c9444e47fe
45ee444a45fc4454
48ec4723466146af
48ba46e547f246b7
467345bf46db423d
48dc4751488a474e
43bd3f1144bb3fc6
453644a946944520
407e3c7e3d4140dc
bc0838a536b03b76
c20940f8c20838a2
c736c32ec5c5c372
c3bbbf93c2b1bded
c534c2f6c428c2c8
bd4ac17535423414
bcaf2e4cb93d371e
bfc337a2347d3589
c0bcb57abfe0b11f
415842b73cd342b5
3d1c3b563c4a3b60
45b4454843444609
452f4477441143da
3de93dd84010b19a
433a40e63ea94005
c587c7ebc45ac89d
bb58c4d6c1e1c4b4
c929c993c8abc988
c4b8c88bc637c894
c80fc8b7c8dcc83a
c4f8c897c622c8a4
b41ac750c571c4a5
c08fc593c0b4c545
46894833478d46f0
3f24482c44134805
44164c764a7b4a2c
3c124b2f43d34ab6
c19b3e643d733c34
c3a63d1ac0013cd5
c161c907c68bc4b6
c48cc7b9c231c6b3
3fb2c2aec3673a7b
b564c51b2c5ac40f
45ec46bc411145d0
466a3f6145174046
458d4843453744c0
4849455f46ee450e
4010bc8c3cacc03b
45223a75433339c3
4320b08a414d226f
450f409f42c640d3
b14f39413f483192
b06440d0bdcf4033
c8b3c9f8c709c8b1
c89dc626c8abc6b0
c628c490c18ac448
c611c01bc4abc0b0
3808476e449743a7
b71844d03be444d7
460646cf4556467f
413a453043124539
46313e3f3c504507
40693c4340d63d28
2ed2a8c8bfc33d17
ba1bc018b76cbf68
3c4144cb4144438e
4079406043cd4011
c34d2516bf8cbd90
bc0cc035305cc034
c8e5c75fc837c86c
c5e6c835c6d8c827
c7afc945c6e6c922
c2ebc6edc581c6f4
c245bcb1bbcfc424
bce4b4a8c125b8ae
46d448fd45fe4649
442346cf42cf4687
44d6c3ac342baa6c
40b3b6b63f46a692
b960cac4c57cc5b6
bf1ec70cbe21c655
489e3ee03df34763
44153ab343dd3c21
45354838410b47ed
3e5442cb39c341a4
c7b43f64b2c2c17a
c4773b2dc3ef3528
c6a0c0afac68c450
c15eaeddbc882b8f
3e15be8941803404
436e400a44904094
42e6479f482244e4
45db47e146f647dc
bb2f4c2a47674722
be3047d93bf64814
47c1494f48074895
446d4850450d4839
4b9b4d334ae54c8b
489e4b0948ba4b14
488349d0492a493b
47b048e648db48eb
3844b73444e338b6
4495448d4799443a
c4de417a406fae42
37c2408141e840cd
c83dafdbbee1c55f
c46abea1c2c7bd72
c88ecc79c9f5cb23
c7bdca3ac8b3ca38
c241cb1cc92bc78c
c560c94ec7a9c937
337fc191c3bdbeee
c153c2d3c4d9c2fb
b93cc214c483c10f
c0edc414c54ec479
c3a3c1e5c443c232
c1f8c426c41bc3c8
329041d740ac38a7
41d33e6643a8408a
481d444e45a345ca
485f448d489b44c4
b589c447b5e8ba95
b7deac543884b5d8
c4eb470f434f4098
c5c14534c157446e
47d64ddd4a464bc2
42d04aca45c34a80
4899462e442647bb
4570440a44c64408
bfecc871c33ac574
b1c9c430bec2c41d
c82ec910c3f6c949
c3e3c44bc4b7c415
c667c98fc6abc8e9
c4c7c639c5a3c646
3dadc7d6c645c236
3b6bc66fb98bc665
3dcec771c4a3c14c
4462c6354197c553
c2b9b1bfb50cbdaa
3d97bb0e3d2fb8dc
41794c1948484929
419a48c143734875
48f34c09480d4aad
4323482e4493483b
3ac1b734bcdb3859
c4cdbe4fc39abcbb
c8d3c322c136c571
c877c066c823c12b
b9bb44153ed73da4
c0304091bf723f4c
480136883c1f4168
401b3c6541063c2c
b634c7febdcbc456
3931bd5d3c12bd46
c54ac48039e0c502
40083a7240393c35
421443a6439e401d
454542d445e6438f
407cb9dfbdcc2ca9
423fbe5d428dbe96
c82ac9bec959c85f
c410c943c576c968
c7fcc941c870c827
c671c896c79dc899
384b357d400d2f9d
b9c23eafb6253ea1
3cb4468644b6435f
3947451a376144d4
c37bad84c0b3bcf2
c512bfd0c61cc01d
46d148bd428a4925
3dd241ac3f1b424d
4b924c66496f4c65
493f4967494b4977
423fbe6540d3bcf6
4412423d41cb4183
c4a0c213b734c60b
bda8b650bc5db539
ba6e422641aeb18a
3e8c3fab4198410c
4726c22341683e68
45be3f1e45c54008
4396c3eab5073aff
4160b8464068b891
ca2fc50bc6f9c7bb
c7dbc649c790c66e
caaec617c8b4c880
c9e8c815c972c868
3d5637f7c16b3982
c331c0acc2c2c145
44bd4416427c43b5
4172416f421742b7
c336bd013362b4aa
bf73347cb5b9372a
b969b910bdc53e56
c1b7bdc3bfe6bf35
4535402b3d8f3cf8
42bb3adc403b3b1e
4146ba5f4101be14
4576409f440d40e8
39f2b01841d43a45
442141c443f64222
c03b37ad3e9ebf5a
3ff93f703d3e3f6c
c00c3e3c28f8bd8f
b4d43b45c028359d
b14cc16ac324bc13
c278c206c47ac339
c1fec822c638c55c
c481c69fc458c688
c1503f60b4613b3a
bc10b8c734c1304f
44264605429146e3
4080428a426e4317
453729b138fc42e2
3b9c305b3ca9a841
3f1d3ecd3f124233
3cb1393e40463ce2
44ec449543b345fb
434341ca45154356
4703462044a84575
42b344ae43af4469
3f4846f344b24022
3db945853d8f44c4
c809c1d4c0cec745
c3babe12c45cc034
cbc3cbdec8edcc35
c87ec885c916c8d9
c8efc918c5dfc950
c570c55fc565c57a
3ebcac7eb9ea3c9d
3e00bbb73d76b58c
43f9ba9cc12a3da1
3e5ac142b834c09c
4212429f3b0b4007
3b013da024373ca1
45c64af448a548ed
43f448ae458c488d
48234aa749304a71
47e748c548ca48fd
49a344dd45b249ec
48ba44a349524562
44aac4b8c44d41e3
b310c4c5307fc4c6
c859cb74ca48ca62
c8e6ca25c9fdca43
c960cbb5c8dbcc14
c7f1c8b2c958c8a0
c664bcf4a1fec546
c3849f53c2bf2c64
c7c946004326bd54
c410440dc111437f
c54f363eb026c2a5
c13838afc1a2a057
44cabadd361b3e04
451b34394446b431
448ec59d3c89af03
479a356c478c3876
42f6c4e33c043ca3
44fc37bc45a63c83
484449be443149ab
4188447044424486
40ac4bf44233485a
c25a42a5ba454260
c5ee44ddbd053038
c707bdf3c5b9bdd4
be54c225be4fb9e3
c0f2be4bc3f3bd8a
434ec40b3c6ebf6f
41603e8a350d3e6c
39a9b91041bcc2f9
408e42d23e0041c5
be5740a842acb933
3dd942f540b342c3
42cb4535442c44f0
432d43e0453e4466
475142023d9344be
44ee3b7c45b03c7f
3b4bc698c4fbc309
3db2c5892d44c582
c678c818c756c5d7
c41ec789c649c766
c825c5e7c6a5c4d1
c6b8c629c84dc64e
c739c78ac4cbc6d1
c5bac42ec704c466
c1b3bc242c60be30
c2d3331cc203351b
be9041b6385740e7
c32237b1c02238aa
c0dfc41dc260c045
c1d7c30fbf87c35c
3fe1c2d3ad04bf7d
42efb9524425bb73
476a444446084387
489045ab490845b3
456d3e2943703e80
461c43cd46bd43d1
b140c6d7c1c4c47f
b9f9c12ebe28c1d3
2c6843fa27a43dea
c21e2ca4c3512fc5
42904ecd48a54b17
b82a48dd3bd5490c
41c54d1e488c49b4
402048c442e848de
403ec52441e6b42d
4201420d4130423a
4455c45d40013e3d
435f400942893f78
465640883c0745e6
4328379b436a3514
3dedc89cc4c2bf87
36dcc564add8c53b
c87fc9dfc7eec8b4
c531c7d6c625c796
c9cdc94ec783c9f4
c5e2c784c713c758
c308cb33c569c957
39efc5b3bd07c5ba
343ebe09b836c1f5
425cb7b13e49b947
c0cb4a3a401442ee
c0f44061befc3fff
c56b4364bd4dbca0
c825bb71c609bd05
c76fc55fc168c5f5
c835c043c6dfc0bf
3fbb3cd63eb8427a
b4003f25b2c04018
4a04455c40ff491b
45ab40c545ad413f
478c458b3eea46e6
43673dc544813df1
3591447e42a94208
4085422940a0424c
c2bec0423140beeb
ba5339ccb96230e8
3fe0b841bb893a4a
38b1ba223cb0bc39
462baf7518e13f67
4573bc014458b29f
c023c51fba66c575
3edabd5e3489bc2a
c5d9a09c41ccc51f
c089429ebebe41c7
be8b407a4262ba63
ba9643432f614339
42893ec73b2e42cd
41ee3c5d410e3d1d
3d65bc9dbc193e72
400fbcd73c05bbf4
c4b8c8aac4cec66f
c189c51ec346c4c8
b63ac3dcbf90be43
bca8c06abd0ec0b2
474148cc45474924
442944f244f24495
427f492845ea47d0
4132467042b24644
3c214a3043b3466a
c13d44c7becd4479
42c64aac386b478c
c3bf3aeac1d43862
c684c9c7c885c973
c5b4c886c658c88e
c6d9ccaac624cb00
bf75c61dc266c5fc
3926c17e4272bc95
41eb425d42244288
c505c7afc115c6ca
beafc1edbc45c18e
c3e2ca0cc6ffc827
be5ac7e6c096c71c
3922c279c3b6bb3b
3f28c4863829c402
c2a8ba9bc207bf13
bc4dc157be3dc215
bd4b42643b663a5d
c0193f45bed53d34
468049b246e748b0
421e472c425d4709
48954a3a47e04aee
464347534676479c
44044881459d48b9
3b9e45434289458f
c46441203be6bb3d
c5553cf0c12d3c78
c43fb873bc28c166
c28bb60cc264bc05
465fbe1839fd3ae3
446a3aaa410f383b
467ac920c165c5d1
45dbc2ea433fc28a
c2dcc9c2c4fcc903
3acec522b8eac509
c36640d4408fbe2e
b2b341fa315b41db
b006463e44d040b2
3f0e453c411c452d
29a8bb7cbecb38be
35d3bf47b898bf48
c033409ac1e53ffd
c305c1dbc4bfc22f
c273469e3cfe41ea
c4ab3cd0c2d33ce1
2fab45a543f144d7
c103435038234411
44373e463b9b447f
3694398c3e743c1f
454cc68fc58424df
4195c5c33d4dc587
3c67c5efc440c1e6
3f2bc3e4afeac3ef
c878c7f7c41ec900
c54dc3f2c647c446
cc31cb69c889cc0b
c962c8b7c8dfc8ca
c871c6fec1b1c828
c39ec18ebd65c148
48324820483346f2
4834482d4877483d
4b4f4a53487d4ac0
4999483d488a483c
480144a642704713
45ab423043234233
410e42a93dac425e
38183f4eac6d3eef
39b548c04084457b
c2cf41d2bf414132
b9d043d1382f3f93
c3d83bc1c01e39b3
ba73c551c03fc2c7
af5ec152ba08c0fd
b8d0c5cac186c461
40f2c34f39c4c24b
3613c299b5b0c101
42cbb1ea4216abc4
c08d3e6a412fae78
361e433a3f974206
c52645b441362c83
c22142aebe6241d7
3661bffbb7f8be9c
b15ab8b0b7ccb6e4
425dc7c6c0f9bd40
38e4c1f734c1c1ea
c59cc2aac47ac056
c5c8c4cec53ac4f2
c6d53e06c2bcbcfa
c68bc2a7c6d9c2d7
446f46ab41e24610
25c44203b90c420b
43e647cd421d4607
32c341b839f042d0
c419c18cc21ec26b
bd4cc2eabca2c19f
365bc9fec45fc581
4077c4b53ca1c4b2
4221ca4bc48dc5e2
413ac49e3dfdc499
bb49ba5023b9c29a
40a22f453f2f353b
4088496447c04442
448447ba44a147b5
41ebb145418039b3
4221415d421f411f
bc07c4e3bdaac0af
39e4bcaf3926be5a
1d2e484c406c447e
ba844105b02f3fb2
3c2946d1b3354404
bee2b186ba38b2db
45563e713eff451b
41983f5f433d403b
46b2475b477248b7
44c347a4452047c9
c515445741283bf2
c07a4160c0b2418d
c84f3ff7bc71c341
c718bab4c5e2bccb
b758bdccc0b1c12b
c4fcc0f5c3fdc1ce
ba8bc93dc778c61f
c0cac80cc413c800
c147c801c571c4ab
b98bc593c10ac579
c19dc453b017c4aa
bd4739adbb383576
c6c3c741c25cc829
c442c0b3c313c0f4
c1fac581c582c39f
c0b6c625c2a0c558
4100c425c073ba75
42b0c31c3d1bc1aa
417cc1863ec2b7b8
46523d4044fe3d47
488a4aa948ce497d
48094921486f4916
4a424d8b4a7e4c45
48114ad248cf4ad3
41ce491943b14814
3e6d438440cf4382
c0873f6cc0f43eb2
c416c1fec208c1d5
bbecc4cec251c27c
c384c340c169c2eb
c374c9b4c573c80d
c236c587c2b2c5b8
c44cc84cc46ec62e
c137c432c2edc4a4
befdc538bda0c272
bfb5bd93c082be38
c15ac749c18dc54b
be88c1afbe35c19b
c0e13aba32b9c0c5
3e3235193f812d18
411149ca47924553
462647a04603474b
ac96388a428b3906
3e8e440936d943a2
bb063d14386d3d13
c34a4031c4183f3a
440d4ba7444a4910
bfb444b0bad744cf
c420b0dcc484bf9a
c5a3c536c4e4c4e2
c6eccbc3c9bcc967
c757ca10c730c9e1
342db6abc0523c09
bf15c18cba6ac048
be63473e4495432e
3d1d43ee40d7447d
41b0c7643e00c168
47503644466538ff
4988c9cc33fdbd37
4a32bb12491eba83
46ad3fa1412b423b
46954278454941bd
3d1d482c3e224301
bd924253c0ce40d1
c264c492c470c55f
c4e2c36fc72bc458
c2c4c0deb981c2b1
bf1eb4eac1d0b882
40704c7648584a24
3dd3487c444348a8
c21548ec431f4635
c35542f530ed4387
c82dc988c5a2c879
c650c5fec46ec602
3a49c94cc597c4b7
b17ec6acb4bac62d
468541753a72451e
43de29ab42673763
b55c481e41d8422f
b40b42e2a23f425d
c07c4010384fc040
be093b6bbc153922
3cc7c2e43c6bc10e
41493a743dee3aa5
c351c84dc15ac656
be22c0b6c33ec0ed
c498c88cc532c670
c40bc446c512c4e9
3214b0da3b723b0c
3d453d463fd23aa3
3de74922472845dd
4070470244734722
461949194671475b
40f9467f439d46cb
3defc4e2c4fcbac2
c057c50ec25fc495
c77cca25c95ac81e
c6efc9c1c7f3c961
b66cc3a3c33ebe74
2ecec43eb99ec41e
46f944b73a35460d
455936f244432ca0
459248cf425d4808
441c418743a441be
bc1d431d3c7f390e
ac1d3cd0b5443d54
c4acbb753b2dc476
bda83e20bc763d90
301944a9482d3ba6
421f489645084878
41c5c132447abdf0
428444f3434944b1
3dcbc5c3bd74c2d5
3b7cbdb0bac0be64
bef0478e40da4217
b222412db4744098
c3e23d85bfa8bb95
be3dbf5fbf94bfcf
33a9c979c632c492
afc9c6b3bd23c67b
3ea7c49bc0ff3f53
c06cc1d82d7bc182
c375b8aebde73e83
c64fbfd9c147bf2d
c74dc5c9c50ac51e
c7d4c592c694c55f
c625c464c670c584
c826c613c81dc614
4841463a405445ad
44f841324205418e
be3f45b841a641b5
c478434fc1f942c9
c40db36abcf2b60f
c627bc79c4d9be2d
3c09c93cc703c3b7
367ec825bf6ec813
4541b777be2541e3
440abe423396bd4b
385245293ca141ef
340540a2c1584009
c169bd0d33eec358
bc503d3ec0d139c3
c381c29c3701c50b
bdb03aae258c3a2a
24d9417c42fd3dac
bcdd422740d2425d
42ac44774584416c
418844ff458544e6
bf5bc31bbb4bc4d3
3dc1bc3a4087bad5
c2d7c5a5c58dc4a7
c0c9c5b6c02ec593
408abd5fc2a63ff3
3900c40dab42c40e
44c43e58311c44ab
442fb74840bab5b6
433e45dc4360463d
403044253d764416
3cfc3c663a6d40e5
c0ff3eb0bf923e20
c172c845c613c52b
c5a6c5f0c54ec5fb
c55ac186c29bc3f4
c40cc389c416c2ff
c58344db420dbd71
bb3a4143b220423f
c611c62cbd36c81a
be02bd6aba0dbcac
c33ec91fc504c84b
bd7fc4cdc0d5c4e7
3a2642df41133cfa
3e32422d35f6417f
45ed498b484548c1
4557489b4590485e
4ae94aee47db4bd2
48b247c7483747b2
4a0f4b20456a4ad8
478544e645904515
39503a04bbe33a27
3cf7bcab3ad0bd09
c644cabdc807c8ab
c2d7c80ec17bc820
c631c8e8c654c6bf
c645c683c53cc691
c37036323daebaaa
c4c43dcec1fd3df1
c0adbd503e74c26f
c0443f25bab13fe8
bfc0c788c371c5ea
c34ac3fdc30dc404
c327c5b4c4b1c4e6
c53fc4fac509c4cf
c5983d8cb636c3e2
c053ad9bbe6337e1
39133ac13ebfb866
423a401b42293fd8
467fc453c07540ee
4402c109420ec204
312dc1c7c32cbbe5
ae45c39fbca6c3c5
2eed46e6442040a4
3f1944d83dfe44ba
48224ca949764b43
46f049af477049bc
42384b9346d549ff
42da465743d346e7
c530c198bd05c14c
c030be9bc1a1be52
be1dca67c543c827
bf6ac561c36fc5d2
4211c1e6b890bafd
3ce0b8a53aa1b951
4320448c4439446a
41d54452446d4442
b718c8b0c3e8c5b1
bbc1c35cbbdac40a
c4bfc88cc643c87f
c22dc5dfc45ac5cd
bf44459c3b7a3cad
b3f73890a5e23bc6
bb9fc401c3e9bd59
c0bec4d4bfa8c4c3
bc60c9fbc69dc583
c41fc6ddc4c8c6ff
3eb6465144694466
bcc844edba8d44a9
b5c94a96462146d8
bb3046bc39ca468a
c4fe3840bd91c0fe
bebfbc18ba91bb2d
c1b9442340c53b1f
30ce41133d53415b
408f496d4673477a
3f05465943264685
45742cd13d35418e
44dd3b63447f3cd8
4607c671bab7b628
4675bd294489bc98
3c52c58bbb1dc26f
4006bbf53aeabb32
bdb3c4a6c0adc474
ba5ec08abf8fc06f
c26bc40bc41fc39e
bfb0c41dc243c45b
c848c797c528c824
c557c527c50ec55a
c21fc100bb85c40b
c45ab844c2e9ba62
47db489a433447f5
3c64444ea82d43e1
4849486d4401497d
438b43f1410f440c
43b53d6a40514654
411f3c9444553df7
bdf4c174c18bbc27
be84c37438eac2f7
c76bc601c693c823
c448c6a7c4b7c693
c2323c5bae98bebc
385d33c7b7473409
407d48ff4658452a
41f346c4433646e6
c496be1c4042c561
bb2a41c2b6a241cb
c444c921b008c819
af8039dbb9ee34a4
436d4203405c4384
3f6740763d573f4e
41ca49843e684788
b13a3c86aa5f3c13
ba97b923bde93a01
bdc5be4fbdf5be4e
40d8c272baf83c15
38febc19aa8bbabb
41dfb846b8243d22
38eebafb35c5b97f
c506c80dc666c66f
c46cc694c297c67a
c3c1c4e5c5d9c39d
c41dc62ac081c60f
45e8425c40a84477
41a2403e43244096
47ac3ed845454339
4674456145dc459e
31ea30f24265bd0f
4287429d415f42a7
c24ebd783381c24a
3c972d65b27032ab
41d1babc3ae73152
44a9380b409d39e3
c00b42d93f443417
b1d3402cb7813f00
c8cd45a03ac8bb04
c8033e03c6103c13
2d0c46363f674480
c35d3ee0c1423f0d
3c2dbb02c2063776
c11fc27fc1d3c241
c4b9c92cc8c1c6b1
c607c88bc68ac8a9
40e4b197c09c41f7
b936bf8db30fc0a2
427548ae453c46d0
421c45a5436d4544
c197ba133bd0c2b9
37c13df9a0763dc8
3914c73dbef6c557
3edcbee83d04bd8f
4750c13341a63c28
470940a346d841a6
47be40c144d244e6
484b442a47884488
3c62c28bbb9fb244
3ea3becd3d38bed0
c8cac84bc491c78b
c7cfc4f1c5efc505
c85d4218399dc0ce
c5e7380fc3413997
426848b544094433
42a343cc44174417
42c93cd5ba473a90
3ffab41c3dbcb4f9
c05db510c39a2b3c
c33bc2f9c538c2fc
3a3e4232bc064355
b92ebf06c021be09
45fe416440d244c7
42fd406142993fe9
42d344a3436b4455
34e344f0342d442f
c438402b3589ae58
c5303de7c5353b6d
c700c854c5c6c7a7
c55fc5b4c555c5dc
c4cfca7cc6d0c914
bf1ac735c03fc6ea
37efc68abcadc511
40dbbdab402abb1a
306228fe427cbdd2
41554284425f4305
c39835e03f2fc087
321e3f853c283f99
c1e2bc90bf1dc079
c041bfffbe96c039
414a43dc35f344e4
bf6532e0be01b24d
4a4a4b4548974c71
460b4898463c4887
4b164bce49414c62
494f4912497c4956
40e645133da8400e
41d23cd942a83ddb
bd85b987be79c43a
bd42bd5abf5cbf06
3a05c44fbdaac184
395abe90b815be2a
c09ac585c131c301
3965c2873929c115
bd4fc3f4bf1ec3cc
3f16bf633f9ebe23
c462c80fc46ec80c
bddec43cc139c497
cb27c989c879ca44
c90fc84dc91dc8bc
cb21c8d1c892c97b
c9a1c849c924c873
c48bc7d9c4aec523
c468c49cc534c3f5
439b4168428845be
2d3b42ccb5bd42c3
432e4aa5457b4969
bf50461834d74575
b1f1450bb35141a9
c217b266c01b2923
484f3a293e2243b0
44633a8b42173ccb
4bed492c47af499d
490b478448854716
4049453d43af3e8f
442c443144714406
c681c15e3d18c56f
35eb3cde3e273e73
3fe33c6c446d3f13
44a343ba453d4441
3c96395a40d0398f
41e2400a40db405e
c66fc567c0bdc6cc
c03fbfd9c230c065
419e35223c734023
41fd3dbb40fa3dcf
491747b844d14917
46ad44a5466e44f7
b862c010bfcebe00
bfd9bf3dc051c02b
c3f4c8cfc773c6ca
c686c79ec623c7f6
bdbfc442c600bc66
c32ec6bec204c690
bf5548353c2b4458
bdf93d1ebc663d19
bc884884413a4238
bdfa42c1be784241
c752c993c7afc8b4
c585c7e0c61ac7d4
c8ddcb75c785c9c3
c618c773c5f2c7a4
3cb5454d4560416d
3a7e4643411045ad
426f457644d141a6
436a44b244cf44c3
c61dc919c560c7ab
be73c67cc0dfc597
c11ac88dc4bdc53b
c0b5c559c30bc4a8
48f939bd438542a0
457a440c446b43e5
48ef490f486b4897
46b448ab46c4489d
3dc54a2b44924832
b6d3447e36ce44c8
b44a4624bef143f1
c051bf0ac178bfaa
449148ae402746f9
412541273f2e3fc2
3ead4698432842c3
413343c1418242ec
c79fca92c4fdc9ae
c008c51cc0c7c524
c5ddca73c19fc94b
b823c136bb6dc13d
44aa484a47fd46de
44c74829455c4807
478b4a4646a54a58
442046514507462e
3663c5dac29abe16
bc09c3e0b7c9c31a
c22ccaf7c622c8ae
c127c67cc0efc615
bf1ec6e0c504c44b
c1a6c516c195c521
c2dcc6f1c7d0c4b4
c4c8c829c4b4c80b
c656c87dc820c794
c5d2c87bc5dfc816
c0d93e0fbe873565
c2fcbe40c331bcc0
41204750432445c1
b8c2441eb71142f9
3baa46d844c0421f
379945203a734464
bd4d4b6547d74402
400a483940474839
c46f462a432bbe0e
36a344a4b6de44ac
c491c800c0abc65f
ba72bdb9c098bf3c
442b411242fd41ea
450b43b744a94315
49d6446b44714749
48a142df48e342f7
4688c591bd44403a
4493c22e45cdc126
42a0b4ac3d09425d
402e38a542a63c40
43b940374011435a
3dc840e93ca940c4
c3c0c5b3c4e4c1c4
c5c1c45cc619c4c4
c0e1bfdfc1413016
c5dfc108c54dc18f
447f45f04489457a
3d6944a03d43449a
c5a1c2f7be84c682
bbb8bc21c0e7bc17
cb30ca96c93bcb8f
c7abc91ec87cc8f6
c1f0c2f2c5e0c15b
c465c6a7c468c612
46224734410446f6
41a33ed84206401d
bc46451740fc2c8f
4021403f402e4059
c410bd53b045c506
3d51b6b13d90b80c
b9ddc560bacec382
40f6b91f40f8b92d
b886c0f533fbbfce
b0993d86af433c14
3ea539e741613705
bbab435db8104198
4554426841af4647
b651415f3e464096
44fe4a3d41cb4ae8
c285412e2f35416b
40f24a98418a4923
c161420bbf2341ef
c084c68fc243c66a
34fec26bc1b8c225
c39bca1ac2aec963
4078c392b7f4c315
4048b838420bb930
464e416e45ec416c
4593bebf3f433e3f
47703cb246ed3ee3
4446ba443dbb3de6
450c3c8843943f69
4301487245c34684
413f46c340b54678
30d449be442445c9
be90453e216c44b4
c73fc2dec588c657
c723c5b4c5d3c59a
c6e8cbe5c87dc8ee
c710c8efc702c8cc
c091c33bbdc73765
c400be06c270be8d
c4ed3ea1c0b329b3
c563c025c4c1c090
c4ebc89ec73cc73f
c31dc7e3c449c7d9
4474bfeb3e0eb4a1
464e39f245733a8d
461e4ad2487f470e
481348a6482f48ce
34dc43fc41b32c6d
3dc3431a40074345
baaeca3dc2e0c6e5
b967c27dbd5bc3d9
bd36c37abf65bd63
c001beaac1e1c08b
41ec4bfa4260495c
be0242d3bc4d42d0
46334b1341c44898
3b7f41623d3a41e8
bfe3c221be2fc311
c00bbd86bf30bd2c
c833cb4bc5cdc8e3
c4c8c55bc4a0c575
c266ca79c7ebc64b
c193c834c37ec80c
4193427db6b142c9
b795bc0cb5dfb82c
34804947462d4547
383946653ea3465b
43b7454c4807434e
476b47f947384804
49c845a44984471a
4ac349454a6e4979
454b3e4d45cf4231
4634460545df4600
c311c6f0c1e2c487
c047c09bc186c174
c4fbc3c3c490c456
c40dc481c294c4f1
c6abc317c649c4da
c5adc684c429c6b2
c48fc854c815c5e0
c495c805c57ac801
3a7f3f1ac1e43c1f
c211c147c42cc1b1
bee349fd404f44e2
c4df408ac2ed4048
c10342b936cb40d4
c2fc27fbbf7b35d5
431ac796c13fb44c
415fc2b53fa9c1bd
4053c7bcc0b1c330
4461c1ff426ac0f3
c302c2b7bc7ec4ac
b1f9bcd6b0fbbcc5
44f148cf45c04552
43934669421645dd
48074c0549024835
45b7496945134947
c6efc2193a06c6c7
c52c3c5fc4433c41
c23fc938c20bc4f0
c36ac23bc20dc28b
44a6aa7bb02243b4
4005a8173fe3b41a
c4efbf8abd87c3c3
c00bb9f2c065ba46
c3c6c3e6bd90c28a
bb66bc26bd20bac2
45bb404fb016467a
445abc86441fbac8
470944803eb947a5
456a324445be3919
3925b594b93d39fb
ab77badfac08b9dd
bafa3e8cba073c6f
bb27223bc008b81c
bf01452a4130404b
3ba141b83afd4183
c837c6fbc4a5c82d
c606c557c48dc4ab
c608c648c6d1c6e0
c811c71bc72ec70a
3e5443cfabe34040
bf7a3915be672dd6
4480c51a323cc11c
434936304188350b
4364c2404057c1e4
444b40c8419240b4
c04e4659438432b4
beaf44bfbd2f4479
3299b99041c635c8
3c644206402341fa
427ebc3a43ab43d8
453642d2454c42f9
43ad4bc646304a77
4277460a44494636
48ca4ccc480c4bff
460f478947e8479f
3e46c3c2c247be2f
3b1cc3033514c34c
c8aecccbca1ecbe5
c5a1c9e3c896c9e6
c576c8cec4eac8bd
c11ac499c54bc472
c20b3fd93602bdec
c4042d06c2992cc7
bc5d3eb0aa67a77c
c2b9b740bdd2b84d
3b7ac61ac3cfc22e
2e53c45a3730c3d7
1f52c36fc23cb8c0
3905c2033550c19e
c1ae41843c463d0d
c0ae4032c0953e03
c5e1c4b0c365c65e
c611c2eec69dc354
42f2c3adb7acb881
4376be4c4217bca5
b6fcb8b13fbb3fe7
3cfc3e3b41803e44
c8123ce7b0e6bc4b
c8063807c549345a
4036441642a14392
3c68429340594332
450944383d2e44d6
42f93d7b42cc3d38
42db417140aa4280
3e0e41bb3c0840c1
44f84a22487348ab
4138489e44c54896
c46549cc45d544cd
c5e5458fb85245dc
c86bc125c4e8c3cb
c8eec4dcc7d9c4ef
c80dca57c909c8f3
c67fc8c1c83ec8ba
c778ca4ac80aca1a
c433c73ec612c771
c1e0c8cbc666c80f
bce4c68bc171c6f2
47d9c17dbd663e96
467ac16a447dc0f9
493644e745c1466d
487d456c476d45b7
40114525459e4293
44504695411c4643
419a457145d44490
469845c244b245bd
47894679485246bc
46e847ff4809482b
3a2a408a40fb409d
c10041332df5414e
c7c5c1acc74bc258
c804c754c778c727
c815c513c780c598
c798c806c66ec7a2
ac1fbc7c391c3405
c002342f2f3935aa
480a4772457f486a
45a64504467844e9
48da49f1455848bb
484e44e348704500
458d4531448c42b0
4659456945de4524
c151c630358fc459
a8ca4012be363c9f
c9bcc7cbc613c8a6
c7ddc574c842c5b6
cc0dca03c9e0cb89
ca1ac9e7ca73c9b5
c4b8c971c64bc87e
c5c9c5fac6dcc5e0
48d04702458a4849
4435455744584561
42f7446a35a24556
407ebb884031b915
c05bc71bc5efc365
bfcfc720c00bc6e5
398e364537af3be9
be4838c032123940
bfe33eda405fb5ff
c08841babcfe414a
c0c3c2ee2a59c358
bd0a3485bf70b0a5
4271452543244349
42254364420543c3
48a34b9648e34995
48d4490d48c64923
491048f148204875
4989481a48de47d2
3726c058bef7b0cf
4144c0833c4dc000
c8f5c9acc847c8c6
c4f6c861c5cfc827
c53ec7a2c235c66d
c11dc195c09ec25d
454745f544da4644
3f55455941e844f8
39d2400cbb66412f
c32db931c0e1b86f
c76ec6f7c68fc5ca
c83bc6d9c69ac6c7
bd06414f398440a7
c35034f5bace3615
3e1b40ed3b513fe7
c163381ebf093a83
c227c8c6c64fc82c
c3ccc6afc5e7c681
3ccac092b5f5c2aa
42872b223cf8b064
433c464f458b4205
468f46264604460d
4246447344734280
46984453465c447c
4821483347ce485b
48ed479d48bd479c
3fcf40da3dd542bf
400d3ea73d4c3e73
c86cc967c855c8e5
c74cc847c84bc832
c1e3c19dc225c34a
c3a2c272c4abc2ac
3a1a463d4052449b
bf4f4034be703f29
c6aec59ac4f3c426
c5f9c4bdc591c4d5
c455c88dc628c602
c517c5bec495c61a
40b541d83b2140f5
bab43b9aaad736fb
4416470b446645a2
44ae431945de43d6
43a6311c44af3d25
4706438e48764486
3a33c1a1416ac03f
40a941b442b9421b
bb61b9d5ba60b89a
b895b501ba26b534
c04ec119c355bd85
c1fdc341c298c31b
c933c890c854c885
c961c836c9f8c842
c652c529c56bc618
c6dec4fec842c51d
4a894b2e48694a14
483c488847e348a2
4bc64dbb4aa14ca8
49534abe493f4ac5
46044829453d4837
4533450444b4449f
3f98c673bc3bbce5
4425bf9e4432bfee
bd29c56cbf97c39a
3f76c0d841bebfdf
c463bf61bd02c443
bdd1bc8ab550bc00
c65ac743c12bc7d2
c30ec012c2cac0b4
c7c2c921c485c8cd
c4b2c38ac598c3fe
c67ac396c2c3c5cb
c4c5c24ac555c31c
c87ebeddc3a2c525
c81cc3cfc759c466
c8c2c6e0c69dc6e1
c84ec6b2c7f1c692
450cc025b6f83c92
41e0b9114009b64a
4bfd483547b849d9
4a054774497c47c4
46a648974302492e
44434268449e438f
38c2457bbdee4525
c233bf9ac0e4bec2
492c477344bd48b4
43d3448544334453
49ce48ad48a24961
483048bd487148c5
3b0b3fa4425a29ed
41dd42c141694321
c8bec936c5f4ca11
c44cc5efc506c653
cb2bca29c7d5cb25
c753c7d7c774c820
c6edc545c048c6d3
c185c034c276bf17
bb1ac39ab47dc1e1
3becb2052d8d34d5
c329b97ab56ab9ae
ba65b09cb10eb5d9
36d944b84002439b
bbe8406139323f17
3811bd0bbec5bb14
c4abbda9c362bde9
c7ccc4c2c5bcc59e
c87dc555c856c571
3fc946af3ac54562
393c3a159f7f39f0
4c6149c846b04b1a
48e7460b48b54616
48df44d4447846f4
44ca4430464b43d2
ad57418643363c14
4239435e43f64329
35c03a8d3dcebc7a
45a73da043783f17
c44cc704c5bec7e2
aad5c585c1abc565
c817c973c803c914
c485c7dcc600c7e2
c215c7a8c1b9c41f
b918c2fdb9cbc242
4055bd93424840f7
3e70418d421741c3
4002432844eb432b
bb2e45a331db4564
39f9442d40964000
c0034193c1f941b0
3c8946ff3fbb4552
b64a4045baad4017
445548fb440c48db
3fc3442642514401
3ef23b43bc4c40a4
bac5be543085bd1a
c24cc54bc5ffc514
c3fdc67cc400c68c
c078b333bd9ec1df
be33be16be07bf73
c6d1c4a3bc4ec7b2
c08abd44be2abb0c
c919ca16c6edca1c
c415c765c23ac6e7
c0cdc6c0c4abc54e
b49dc4d43015c530
3ee3c395b8b0c0d6
3abcb5d9399dbb32
3cdab4e93e8a2c02
ba6740a2b7183fb0
469549d1488f4939
44a4490b445248e1
48194a9649af4a3e
48174a0c466f4a06
43e644e3439345ee
41f4437540b04421
3d8cb9b2c25e3e72
be44c3fab851c2a4
447c3cbec01d430e
3e53c1123c04c0a9
48043fa0bd7f447e
445cbda63d49be3f
bcf4b9f3c4a7c15a
c3bfc479c4a7c484
c967b67fbda3c7ee
c6cdbc6bc4ddbd85
c1d7356f442bc25b
456b438c44eb436b
c332c7bfc3b7c5bb
3cfec478b038c3fa
caa2cbadc9d7cadb
ca47c9c6c9b1c9c1
c47bc6f2c1a4c5a5
c4bec161c2ccc1a7
44a93d884445444e
42c94410444c4439
4489441e45484676
3fd8450b430c44fb
4457491148234887
43e0482144b8480b
412f48dc4345480a
4114446a404e4404
46944032c22b4489
3a43c09b3184c1c1
492339e73f084229
449e3e4f443e3ef6
c027be40412fc307
391a40393cc3415a
c951c62cc30bc817
c53ac3b3c401c39a
c738bf77c0f0c4ec
c42ec16ec26dc1a4
c25a4195396ebe76
bed939f6bef13c68
434abac5bf593a5c
3d08be9cb4f4bd17
bed0c74ac829c496
c2b5c801c593c827
c68dc7e6c823c84f
c4b4c810c797c84b
458f3cda40584109
45e13f9741913ffa
45d845e046a34813
46004696459346bb
be4f43f3426343b1
beb9431a393242f0
4722493d45d248ae
3efb461d4358461c
45c74735447b467b
414d446c42e0443d
c86fc887c2eec8b5
c20cc37dbd86c3c7
c38ec848c19bc6fd
2c9cc2b5410cc1e6
4307bf33b6bb3d5f
415bbc08434fb85c
c005beb0b0c3beeb
b847b12cbbb7b4fa
c0e7442541dbb945
bcb4424abca74177
43984855427e4599
36e24301357442bb
46d044143dc445a9
41523fb53c8f4018
3cd4bed3b5b81f19
3a41b0a2b97eabde
c0ecc5f4c34ac1a3
c197c40dc290c410
b6aec7b8c4eabe4d
be3ac57dc0e6c56c
b95ac131c004b900
31e2c082b783c031
bf4546a141503832
ac65422834aa420f
c78745643cd8c341
c2ee4082c24b3f68
cb79c6f2c737ca2b
c8d0c645c8a0c68c
c4a2c6d6c5c7c61e
c637c571c5cdc56c
465abda73cce41c8
405a3c4940ef3c48
2889c637b2e5c1d7
4105b86b4284b95b
3fd1bdc03b8ab59f
441d2e5b448634d5
4a27481e449f4961
483b4204478d4386
48eb487245b34911
46a844fb45f54560
46014a1b48a84892
44b848f8458748c9
49684a8a48224b1c
464247ec477047e8
46c03e09240a46ed
40cfb7e9416daffd
c229c4ecc179c451
c23ebe51c40cbf16
c73dc3f8bfdec6e4
c39abc03c54fbe34
c963c899c49ac9ba
c437c458c538c4c7
cb80cbb3c861cc5f
c813c816c805c814
cb0ecc70ca1acc43
c989ca22c905c9f8
c731c8c8c84fc814
c71bc8a7c620c898
400549fb448146c1
3b4344ba3d7d44b0
45d94c9f49014a43
42734966428e4946
443d434e3ff1459e
3cb740223ac93f60
476f43d03d7b46e0
443c3c9e43dd3c49
481a48184497485b
4538444945684425
43e3bf033d4b3d25
41b3348b4292386e
3e28c5632398c063
439dbc92435fb8f3
3e8cbc743c0a2d7c
42573be441163c98
44c230f93e523f08
41823fbc4090406d
4345375f41e637da
4494418d446a4293
c4d1bcec30d1c3f7
309038c6b09c35df
c9a6c8c9c7a0c910
c811c6adc826c768
c4a8c4ccc534c409
c631c4dec5a6c526
43394820435c46a7
b77f43832e2f43a9
b27945fb40e743a5
c1b140f2c1844138
c5afb81dc385c092
c541c3a9c584c3b4
36ba403ec0693be6
378dbfc6a445c05d
47a04604430f4686
45d3432545a442c9
4446430444a14512
444c441d44d5443c
2cf7c2214317be07
3dec428c41f642af
c468c992bc07c8e5
bea8bc53ae32bd5b
c897c9afc6b4c9e5
c454c6dbc470c6cc
c13bc035c4f1c316
babbc476c297c427
45573443c1c33e38
417ac0bfbaf4c134
40c53944c13e3e72
b57cc2cec046c2ea
3647477340f1467e
c1c13c8db0683ffe
3c9c486346454882
bca145fd444146a4
bb04406441ba40f7
3cf942d9418942cf
c081c410c085c421
b907beedc338bf07
310130f83906bc4d
bc483dfec1ba3af9
447b4451455c4227
45da45f945ac4505
4437c0fd4037b7a2
477a3ecc46c83ea1
b069c40fbbf9c291
3c41bc783c64bac8
b32141062d59ac4e
1df6350629a63300
436c413ebc8642c5
3f32bf28399dbece
441cb9bfbcf841af
bb63bfc6b0b2beea
b896266e3c71b45e
c32f3e42bbd43deb
c6d2be63c0e2c40d
c6fabf9dc5dabf40
ca0cc42cc632c66f
c92fc626c949c61c
c66dbddac05dc117
c277c029c416c10b
4923468b45134864
48cf44f747c944b1
4898464e44304739
46ea442145aa447c
c6d6c67cc42ac79e
c4c8c414c466c2ce
c593c8b2c3d8c7e9
c0cfc473be93c429
45163d4f425f422b
4657411246ac40d7
455e46fd45b94575
46bb4619466045f9
b24f412d4105ab06
38a842b834bf42c8
c407c568c4d4c4f1
c602c4e1c4dbc4b1
c6b4c968c897c83e
c84bc8cec733c8df
c839c83bc6a7c825
c785c699c7cfc715
c622c00fc1d0c231
c459c187c5c7c20c
43474393411144e4
3da540833db140b4
4bb94b7749824c2f
48f2493649b54954
4b8a4d7c4b434cf9
4ae64b494b1e4b23
48b8492548d74861
4928492c489448e3
42d3c5a8b62ec2fc
41ebb1773eda26c6
c8a3c972c881c992
c6acc88dc720c852
c950c77dc7afc8d2
c777c758c82bc72c
be93c3bec23ec2d1
c11ec1dcc297c140
c38cc37ac1e7c28c
c42dc266c2dfc1ee
c4edc112bd5cc2d7
c35ebcf2c2f0bd3e
43694183441842c0
41734432415f4428
422846eb4601464b
40af456f449b4561
c58e3fd4b9bcb72a
c25abd81b989be14
c451bf79c4dac079
c20cc4e3c15ac4fc
4023c419c366bbba
bcaac28dc0bac32f
3e3bc8b1c571c521
317dc50dbf96c55a
bf6dc541c2e5c4a8
4038c1e83cd7c1d1
b3793f303eaa350c
3d853f723e693faa
436245ed446e4425
3c3d43d7398f43b1
c23c3dcf3dfbbd3d
c0293b0bbef43c3a
c731c808c3bdc77e
c3f1c44dc292c37c
45f5badf32234161
3e3d2e783ee83503
48824819469a48c2
40fc46e6429f46bb
4535495b483048e5
452b485a44a9486b
46a04a6f45c6495e
4813463b465d4626
3f0c47773ee14441
3e4e409d3fd03f58
c186c0ca3139c3d5
be632ea9b5e0a0f4
c52ac992c4d8c87d
bd9ec598c06bc53b
c68ac72cc6cdc689
c4a3c6ffc58cc6bb
c3d2b886c094c219
c583bfa6c4cfc056
3c83c53eb9fcc44f
b830b9a9b6bebc20
41acc23db20bb68f
422eb56b410bb54d
3ecc419ab6914432
3f40b5883eacb66b
35a6c39fc260b874
39e6c28f38aec2d9
c5acc72bc1d7c5d6
bd44c2c3bc10c293
c812bde9bb17c42d
c56dba5cc498ba1a
380c3dca3c313890
c3753e2dc0d03e21
458248aa44ba474b
38bc4486423444da
aad44b9846d04843
bdea46f13e0846bd
c28cc429c311c23b
c2e0c2d7c482c2c0
bf01c372c088c07b
c2aec059c25ac00c
46014acf47b44895
428747e9460e47e9
43de481446cd4407
453846a0477146a7
3452c88ebb5cc4a2
41d2bf5a4293bc9f
4680467645874806
46d244fb479f4566
48a94a1347d2491e
4833478b486647b6
46bbc18e3934367b
44f0aa2842b23592
26d3bab3b90e3fb2
bbe6b85fc12fba48
c988c6dec5f5c66d
c89ac501c934c5a4
c6fdc606c4c6c730
c722c436c7f0c44d
3e6a4aa3428b4693
bc014329a90b427c
c3a83e63c129bad7
bf64c0b1bac5c1a6
a81fcb00c469c6b5
41d4c50a40d6c494
458c426c4140444a
4313400d43c140e6
c34146e4387a3b3f
c4823b0ac1e63a9f
c785c978c21dc920
c2c5c17cc1cac15f
c7cdcaabc4d6c98c
c3a2c4c5c3fdc4ea
c275409bc13b3636
c545c092c540c12d
45bd4b1b45b4495e
3c00464a3c58461f
47b344bf443e45b6
43b74400439d43d7
4ad4418043c148a4
48ab4192489e41f7
49c445d746c448a7
4a7346444a2146bc
c500c666b964c817
42d1b61d3fa7b6ef
c8bcc606c35ac85a
c3cbc2e1c4d3c36e
425042e5403d4391
3a0c403336fb40c5
46a7bc453dd53b49
3dc43ed73e1d3f7e
c22a44063b35b0fb
c3773cf9c0af3ca0
c6de49b53d994570
c4e33e16c3ec3e82
c819c8fdc86ac6d6
c81cc859c8b2c872
ca8bcd45cafacc1f
c9ebcb05ca36cb36
c13f48503d3a4485
bf42391733273ae8
488d4ab148334a56
47784755490e4801
463ec95bacf1c0e8
4480b94e45dcb4f3
465cc63ebc3cc10a
431abb2f4284bc1e
460746e941fc439f
43b642b7414241f0
bddbbb2538d3c167
b8733d28c0ce3b98
c881c82ec23fc8a8
c450bfd0c66bc0ae
c5be4589414b2b30
bf1b43a8c15d4222
45834a5f44d94810
401a45513d3b4505
47d44217bcef4474
40f2be663dd4bd80
b8d5c43bc26db8e8
3f31c3b23fe2c357
c619c5c1c3e0c2dc
c0f8c4debdabc425
c219bd15be05bdac
c404c052c178be39
454348b649034801
46c34918483d4910
4861486c493048ff
4937490c49ec4923
c463cae8c76cc82d
c44dc811c43ac7e1
c8b4c7e9c5efc897
c7a7c5ccc7acc5ee
4812492d4528470a
4390459b4230457d
46fec68fc1c1be01
3b57c15cb8f2c19f
ca58c9fcc80dca4f
c909c7c8c929c80b
c94ac07ac51cc6fe
c65ec51ec68dc51a
4386be2ebfb534a9
4426c1064325c0a8
468748d646954814
45fd46af478d4668
44474d3448fb4abe
4106496944544942
c4073fbac01b3994
c4f2bdeac598be99
c404c944c4e5c491
c5b6c4dac616c53a
49884691462e49fb
4434456d44fc4589
3b0935e6317b3cc4
3d26b59729743512
c9b7c7f3c539ca06
c3e8c4aec57bc483
3f733d504097b68f
44e34125454a4107
44dbc7a432bec25d
48d5b495488a2ce0
bb23c874bf11c722
450abf3343cbbf98
4807454f446d450a
42cb449143db4438
486140a341a64401
352e403b3b8d4143
c995c959c6f9c9d7
c8e4c73ec906c6db
cc0bc197c72bc751
ca77c64eca3cc6cd
c4d04a6a31114676
c7213aebc6093515
bac843df27193f2c
bfa33235bf89b438
44fdc2b4ba4d40b4
438ebc59429abcf6
4ab64b53464c4c39
481d458e488a462a
41dc4a52453f479b
41d7450843e8459f
c586c7cab926c795
bc40abf7bc93b61e
3389c8ecb9a3c420
3f7db7a53e88bbd5
3f60bdc13e86b10f
425a3d2142e73d99
47c341de45aa4302
4507453145944593
480e44aa44db451e
42064497429c44dc
c896c85ac70bc875
c5ffc6cac7b4c6d3
c9cfcc85c9b7cb5e
c65ac97cc8e7c995
b90ac537c4c9c36a
b65bc49dc15ac493
c42f3d1ec425bce8
c059c3e7c0b5c3eb
c200429d390a407d
bc5639c835fe37fa
493e4ccb4ad94bc7
467a4a8249004a8e
47a94c114956493b
44e6491c4849493b
c56fc965c46bc85e
c18bc45cbe0cc45d
c1f1c87cc428c608
c138c490c146c486
c1012ea5c1eebe25
c311c217c487c219
c8fac854c85ac8a0
c6f3c77cc8f9c805
389f4516b3813f1c
baf73d37c3d838ce
48024a5945934891
422046283ea94655
b08bc9e2c175c57f
361bc26bb767c16b
3e01cafec165c525
3d51c3373f5fc332
4530454f42d446e2
41324179450541d0
3995480c43f54616
405542e0448343af
46b3487e465c4852
4647457348084585
49ec4a5448374a66
48594793490b47cb
c6b436dd3fb9c49c
a53c408735574115
c96fc832c403c95f
c4c8c25fc626c297
459fc07fc4ff437a
bda1c488c46cc4e9
bba441bdc49eb6f6
c58bc30bc819c45d
caccc7a2c670cb29
c8e4c576c953c5ea
c8b9cce9c88ecadc
c5cbc8b9c57ec870
c24cc397bb0fc1ce
b25fbea93e2abcd4
41a0465b467f421e
44f945e5471245c1
4823402944774611
471f443a48364430
44034805440d4674
40a6442943c94479
4256483744c44636
39df4494400644e3
48d638de40fe4869
442a409e43f2402d
c266c6e5c47ec46a
c1c9c32ec53fc43f
c94fc429c694c8ac
c73bc59ac9eac5e3
be7a408bc229b60e
c088c1ccc652c226
3ee842b031283267
39feafdd9a87b2ac
497e496c4682488a
46bc4578483d462f
47ca3aaa41ca4492
456c3e23481340ad
c2bbc9d1c0a6c748
b48fc1a641ebc16a
42c645e245c54610
42964633466145ff
c33b4a2c45de4692
b367464d408d4665
cda6c95fc6c9cc13
ca1dc691c994c685
cc85cda5c9d1ccd2
ca8ac99ecb01c9db
4048c684c46e319e
bd74c3f7c3bdc432
4a0647503d0b487d
477e3fb743483f92
4b6b4a9045484987
492b464d465145ec
4b644b4a482c4a86
4862487947064864
3f85c47fb9ebc106
3776bcab394cbc8a
c552cbd5c705c9ac
c279c831c130c83b
41644535429c448b
39c53e8a42e73f87
c40c4496405d3d60
c4643c65adde3e7c
cc9acc90c8cecc49
c9c9c8e6c8b8c8b3
c75d425f35eaba54
c4683b72c2d63c27
3d404d9f48b149c5
3c0c4948414c4910
c41bc641bd2dc6e0
3c0db79fb638ba23
4a5bc9069bd03d7e
49d09fbc464c346d
4e584b8248ab4d5c
4c6e48ee4a6048cc
4486487d36564648
41bb3ce4329c38a2
c894c927c95bc93f
c9c2c98dc9d4c98b
c762c763c647c66c
c9aec73fc7d2c6b2
c9dab7333ab8c52b
c6d93433be4e3b16
c7a5c4703f76c696
be803e2f3e2f3e50
3e1ec71c3197c49d
3dfe2c6f4195b501
3a8ac8d5c30fc52b
3fa6c3993f04c362
bee04088a7f33fa0
4081b4373e73ad5c
36c44d9748904a14
3cd948f53cdc48e0
476e48e445744776
413b46a1bae146a5
4a82c900c47d3cd9
453fc3d6bf5cc3ce
44503999c15c4272
3cf6c0e2bc9dc178
c3104a614566447d
3104454c443444cd
4099454545774425
44ce44f248404496
3eebc283b44e3b0d
3ff1bc97430abb9f
c7f4cc17c823c9d1
c5c5c8c7c51ec882
c715cc14c85fca3b
c666c8b9c607c8a0
c32740b7bdafbfbe
c481ba30c33bbb3c
c940c297c4ecc80d
c88dc459c846c43d
c857ca93c7e2c9c4
c850c7d4c90bc7d0
2c463e573a4c3842
a1353f21c32b3e86
492c4c53492b4b41
48e049d146c249e2
4cf54afb4a0a4c64
4b434a024af84a0d
4805bde741ee4414
46e7402d480a3fe6
c51b3d19b86d2a8f
b928bcf84107bc6c
b3844ba646bd477b
3c06465344ed4696
c4f345064151c097
c237410fbc3f40d8
c9f3cc62c9bccbd5
c92dc9d4c900c9d7
45a7c9b3c5fabdf6
3372c678a919c62f
4b21497d48e44b6d
498148c7493c48d6
c7944299b501be14
c29c3556c55ea262
cab1c98fca29cb44
c99cc972cbeac9d0
40fcc389c195c369
3a4ebd8fc2f5bf7c
49343cd444dc4489
48784500471944fc
459ec03e41253e4a
44d03f00453f3f03
c830bffbbac8c452
c599bdf9c02dbd54
caf0c548c195c85b
c5f9c28dc032c18d
44ebc36c36d335d4
4682b50a472b322e
4d634b5b48224d00
4956473749c947aa
46d84e39498f4ce6
3a24496444914974
c94e476f404fb03b
c67741b8c4954121
ca7ecc5dc9b9cc15
c8a9c945c9f9c977
c831cc70c9a4cae9
c888c96ac9f6c98d
b8b3c82fc5b9c399
c4edc5d3c604c5c7
3da6c319c4bac06e
c08fc45bc210c46a
bec24277b5abc252
b2993420b963a813
ba05b1483b96c1cb
3e463a013cee3ac1
b662c42ebc43bf6d
3c4dbea03c96bd23
c518c424bdd4c4a3
a54bbe92396dbebb
c789bf9fc268c4f8
c19ac22bc02dc29a
41774c4446fc4a77
449446f345314710
4f3f4e664eb24fa9
4f464e8c4f064ea5
503649c14d5f4d9f
4f134d384e984d4d
4091419040573e4d
bc8a4113b81540d6
c3e3455a42173548
c4e442f8c38b427e
42ec4118ba4a3fd1
bde3b4bec13fb8be
cb7fca00cc82cb73
cc04cc4dcc2fcc61
cd8fcf25cdc5ce3f
ccc3cde5cc96cde0
cb30ceb9cbe4cd08
c9b1cc45c934cc37
c961c5c9c6e5c91a
c898c6d9c817c6cd
c6f23f4ec351c465
c84fc1a4c831c1c9
2ee1473c40d544b7
c081415ebfab40ec
41204a78485b4970
4301486c44454849
c3fdc45a3e49bddf
b9f13eb3ba453efa
be9dc7c1bfecc2ac
b533c096bc31c018
4ad1495147644a13
49f04757496a4780
4dad4cd04b9f4cf7
4ccd4bb54cc44bc1
4b944bdd4ac94b3e
4b3a4a7a4c224a7d
4521414643d342cf
47dd41a7489b4254
be02ca35c693c83b
3c4fc6f9b826c665
c975cc99c9d6cc63
c808c990c961c980
ca2ac9b9c8bcca58
c943c862ca4bc895
bf1148993727454d
c46d3946c4d0312f
44534c5846ec4994
a9a9473d3a3c46dd
bfd741f043bc325b
bf364496bc47445a
bd7cc22a3db1bc4b
c0353deabe783db8
492a43ca41c54828
3f5540ad41924077
44f4b6b6395a412e
3ed0393842033874
c8bfc848c4acc848
c0dcc483c060c433
c874ba14c37bc535
c309c3b3c406c379
c5d4c626c6fec7a6
c59dc6e8c5e7c742
c8f0cda1cb73cc5e
c81ecb55c86dcb47
c722c94dc7f1c7eb
c003c833c177c784
46af4bee47664ac5
472a464f47a8471a
46f94aee488d4970
44c3485f46204860
c6adc5073eb6c72b
c203406cc1313df6
38c1bf494313b983
3f4443913d534232
4ece4c334af94de7
4be64ae34bee4ae6
4b194ad848d64b2d
472648fb48504908
c821c102be34c567
c4bebc9fc3d7bd54
48713a8640d344e7
46f24080452040f5
47ab434f3ec54297
45a23f4441b13f62
cb47c6d6c87dcab4
c886c819c996c86e
ca59c9e1ca78c9d2
c8f5ca79c98bca6d
bfedbd78c6b2293a
c442c796c3b9c6cb
c52045f437a433d0
c37335abbdaf3725
caa5cc35c708cbb3
c7afc701c5b8c713
c7bbcd73c6fecaa7
c4dfc799c38ac753
3558489848184576
37454813416f4803
3b604b1c48fe46b7
3cf64954417b4935
487c3fc9454a44ff
461b45d744cb45b7
4b0e45d2438448b7
477243d2454c433b
482d4af7444448e4
451944b9430e4465
41ff40d9ba3441d0
4441b4c83ffeb902
3cfdc07fc5244104
3c16c603b0b2c5d8
3ebb48413e94462a
b63537103e9f3d24
c896ca83c55fca70
c61dc5dbc478c526
c85dcd36c84fcb8b
c458c879c483c86d
44b3479d46ea46b6
44474781459e4732
bfbd4423455a3bdf
bc2e464b38df4605
c195c986c1e2c70a
b98dc2a5bfabc294
bd8ac27dc290be9d
a6f8c35dbdf2c3eb
c6254362c0f0b7fc
c396c001c457c12f
479b47e5417746db
453e41f5426841fb
465048953a294693
3c113c61b50a3ce5
c7c24226c0fabfc7
c85ebf01c758c03f
c45dc898c35bc6cc
c405c3b3c207c352
45e7c0633af235b2
440ca9a6446939f7
4b254b1449424b2b
48c648fc498f492e
3a76c774be78c15f
bb95bfd0257abf3f
cc0acdc5c805cd3a
c712c81bc779c806
c643c1d543bec42a
3aa9444d3ad84404
49014cfe48d44c4d
44ce492645cd48f0
4c734ddd49f84d35
4a6049f54a6f49d9
c597bd19bf30bead
c6debdefc542be49
c9a7c93ac806c8ee
c8f9c80ec897c808
c664c54cc438c6e1
c3a2c44bc440c47a
18274808427344c0
bd1942ae39c44266
4596477a438d481d
406742ce426f4352
4659441d44604538
467543e84542443e
3b763f6d42ec38ee
446342e54463433b
46554ac547564949
432f477c46484786
46b14c8146ef4a28
4168475f44ab4741
c78dc605c568c803
c119c50ac384c511
c994cd6ac95fcc36
c3f9c963c634c95b
bf05c9ffc366c836
b73fc2d2c118c3f3
480c45c34511441a
432045a53fc344cf
44da40e038534425
be033013b87d368a
c734c9eac895c607
c89ac93fc67fc8ae
c876c90ac820c737
c6a6c85fc5e3c82f
3fcf459f3fc2441a
3b8b40ed3a513ebb
480a4c28495849a4
44254980457c4939
aed1be223ee4bfaf
400d3d193ea63f69
c72bcbe3c83fc985
3d99c886bddac81f
c21d3e0ebd18b1f9
4156bc843c55bc5c
41d6489c451045e4
3f1245b53f2a456e
3a05bae1406fb584
bc1f418abd3541ae
c0ce39563c1ab957
c2cc3d88c2263d2c
4503490c426b483f
b58041e93e59417a
47dc483c41e5480c
4255404e454f4015
4027af153a5eb9be
3f68387540f93505
3e65c690bed4c3e5
41d2bdbe3cd1bde3
3809b68ab529b72e
41cb3357409a3107
c629402ca8f4c2e4
c33b39f8c05b3467
c839cadfc6a8c9be
c63fc68bc72dc6a2
c42acb1bc55ac6be
c1fcc5c0c48bc56d
420745e744be45dd
3bb144cf3ca544da
47ee4bfe482f4a5b
4433482f44354839
404b423cabc0451b
3748baa63ca7b58c
315dc204c3693989
b80cc47c3b0dc42e
48914802437a485f
46af439146084371
44883c573dfc384f
44354028403a400c
c7f9c9d0c633cade
c3b7c603c504c61d
c9e4c3dac43cc975
c598c499c505c483
cb0eb7d8c10fc845
c81ec0d7c67fc07c
cac4cbd6c863cace
c9b0c82fc950c842
b6f9c9dac455c434
bffcc493c1b6c4a9
4c2b4a5448e64c11
49d9489549d748af
4c444c3c48ff4cd4
495f48e84a2648e2
43534480abe44608
b64d31473a77b435
be162efabfc7bf32
c11bbf17c2d6c010
3fcbc4023d52c3b4
41203e4639003e22
3d043b22438e288d
403344663dad444b
b7254d1547a0494b
356748413a51483a
c1bd48253cfb4299
c00f3ec5bfa03e58
c789cb6ec788c995
c5afc799c4f1c7be
c493c8fec42cc74b
c0cac46bbd1ec414
4459c52cbcbab554
4544bf2f4413bcce
4560c8a0c199bda0
450cc370424ec32c
a949c656b90fbea9
3a05bddd3b86bdb2
3fb646af46984518
41e5463a44b24663
466148be46e54634
4426470945b746e1
b384bcfec07dc3ae
bae4c021bde0c028
c5a544fac29ebf9a
c28ac27ac4edc1f0
c0c04a6bbb6e4655
c442b9c1c491bae2
c930c982ca69c877
ca17ca44ca7bca6e
cb1acc2aca2ecb44
c9cec9fcca35ca1f
4210477c48204496
442948844588483f
48813dd4485e441f
481b48a248a0488a
c1a1cb3cc472c797
c269c4d0c1f6c43b
c4d04298402e3702
c49e3f00c25d401c
480e4c1d49f84a10
466b49f2474449db
49e93d7743e84756
473c43a0470a4399
4480c701c3a9b464
3eabc3ca3cc6c36f
44eb3cb0b74341a6
45f9b9d3443eb893
465f44413d4044bb
48123c8a45c13c18
c41f42c8bb86bcfc
b62fb82dbf26ba6b
c8824899376dbe68
c49739a5c44339cf
b0674250b66c3259
aab3ba91392fb83b
b301c9f6c47ac517
b8d6c4f8b200c4c5
c741c8d4c1c6c4d7
c75fc2efc4e2c2a7
c68b3a3ab62ebe63
c8e8baf9c604bae4
3c1c416536bebc98
bf7e3c67be163a25
46c4c2853793248c
471d3cc844553c29
46afbeb63a013e93
46f832c14554388b
c2283f393aa9c1dd
b9723b7eb7313c10
ca91c833c2eac9c2
c7c4c0d1c735c201
c689ca00c4c3c7e1
c41dc4a9c46fc51b
4249acd938384347
3e6c34d13c63396a
44644ac9458a49dd
3ec646443c73468a
473b4d3b47694c32
434347ee40314792
49864ca546f84c4e
4562468444f44663
41cc43d437da448d
b886ac873c711c8e
c72ecb54c84dca7e
c56bc89dc434c891
c256cc1bc75ccb20
2e29c7e5b6adc7a3
3ff9c67ebb82c5d0
44babb9c4404b96d
c293c797bfcdc66e
bb44c034b9e3bef4
c522c82cc086c5b8
c38ac1a7c2ebc138
4470489f476d476a
45c9479d45db4720
47934a7c485f48e2
482048cc48564880
40d341dc407c43c0
2c0b416d3a0d4190
b2b93848bcf741b2
c443be06c383bcd5
c88cc6e1c7f5c6a9
c8e9c826c86ac814
ca62c925c892ca5c
c8f8c877c8e9c880
bc81c470c433c4d4
3a6dc433be65c438
444e43dda744418f
446bb20b4138ac51
ae504971452a44df
2b6445ad3668458e
c0c9493a468644c0
bf74474bb1d04720
4322a51e415a421c
403140de42fb4131
4a36c43e42bf4479
48f4419d48574157
49bf42e246d74809
494a470d48364691
41e3439a43774651
3d1043873edd4394
c50ac412c3b2c024
c64ac465c46fc41b
c801c6fec7f3c89c
c626c7f5c669c80a
c816c869c892ca10
c5eac855c7cbc866
c2492f76c1adc243
c128c1c0c17cc17c
45404bd747ef493d
44f347c7469447e7
c169c455b811c2b7
38a1b93c3486b5ec
cb79cdabc9f1cca4
c8eaca3fc92aca07
c0c42e08afafc163
c2b8b597be5eb3d2
4ba54b0149f64a3c
48ff4a3549864a0a
499a4905488d49ba
487548b74899487e
bb33418cbafc42d3
bbafbc8eb87ebc64
c10ac57dc687c0bb
c451c6dfc52ac66b
44084000b810435b
3c79ad2fb197af7d
464542cd40084496
448c415542e540e3
3fa0c7b4c0b1c16e
41c1c12a3db6c09c
c4f9c5f7bfc6c419
bc08c034bff4c038
c9c2bbe9bca4c67e
c607b9f0c592bcef
c913abf7bc12c6d9
c72fbd34c533bd7a
ba7c445e42ff3cc9
bf9642aab86442c6
bccdc03f3ba1bcac
32db3da2bba93ca9
c48dbc75c0cbc0a3
c0c7c180c0b1c19d
466c4a6041bd4852
2c41410d418a413e
4c464811455349cc
46d245d347fc45b9
490abf3442c8455a
4862430147d442ae
c370c71ac1edc5c1
435ec2a23eeac227
c34cc875c6afc8ba
3a03c698c101c620
3c51b9b7bef92e71
b85fbe92c09abdf5
c4e9bbe0b8d6b8b0
c5ccbc7ac406bc21
c7f9ca20c441c8a0
c62fc4ddc48bc498
b814c44fbd06bd3e
b694bcdfb62ebd33
40504d4746444ac6
ba8546ea3da84680
be8d4ae8434e46cf
c463435cbceb438f
c347cabcc54fc88d
c281c60fc232c583
bbd4c58bbfa3c506
3e03befbb1f6bfa1
45df48cd468044db
47b94741459546af
477844a0465a43a2
480a46f046a446c4
3e99440a44374077
3fb4454e412c44e3
c52fc445c222c18d
c469c121c4b2c1fd
c38bcaeec8e4c5e7
c490c955c739c934
4427c060c1373f33
392ac31f2d46c27a
3d26c3fbba0bbd13
3c8dbdb43ee4bcb1
c4a9c919c548c601
be86c627beb9c59c
bd57462b3b9543c5
b5c7393f3fa53ad0
bd194adc45924435
b9b5467a3f1045f2
c1a448a34251bcb9
c0834411c0764305
3df943bb3dd33cab
378e3d71b3963da1
45aac3043d1e40f7
422a3bf540e03d59
42c4c4d635a836aa
398536313af7387d
c293c1e2bcb1c089
c211bd8fbd05bcee
416a425942a94414
41b041df42f442a6
49e94750460f4956
47d9465246774675
450a445038bb44e7
40673d2a3ca23b95
c7f8c898c79fc889
c27cc79bc48ac7ce
ca96cc98c8e6cc02
c588c918c66cc91b
c8d5c876c4f2c95e
c556c4eac4ffc506
c23c3b1ca9d4c2fe
be95370bc0ce3282
bf8fc0e6bda3bef9
be5cbd60c10cbd7b
387246fa3c264586
bd2038beb0b33ad0
48ba4fbb4abd4ce5
41f74ad146484ab9
45f04c19492e4995
3980497a43894928
c0fccc4cc404c84b
b1d0c3d0bbd0c41e
40ffc897bfb3c34c
466ac0b043e2bfc9
480c44dd3a1a4655
45f9a34b450a3836
426fc83ac771bfc3
bc57c828c019c7e1
c3d4cc1dc8d1c92b
c292c919c522c906
bc70394cb6cbb8ba
3944b20bb814b50e
414e4b0b46134857
3da9473440de46c9
c04cc254b7f2c0df
bf013164bcfa9d00
c6bbcb88c4b0c9b8
c1a2c529c436c489
c6fd415c4331c30c
c1df4346c1014412
bcbb4d5c4a4448ab
beaa4ade40c14a98
3e35483a4555463c
be4c45ed40214544
c4d6c9f3c7e5c5ff
c5a5c82ac4d5c837
c0d4c590c60ebf1a
c3bbc6ddc2a7c6b1
48a5469e41104834
46ad3e3a464b3f5c
49ed4a69476c48ef
4a49473548fc474e
4471462840de408c
470f416f43ef40f5
2c54c826c5c4c54e
3e74c5e3bcaec60b
bd7dcb5cc6d6c854
28e5c6cbc04dc6bc
c6c2cbfcc699c9dd
c4a5c61ec52ac5f6
c8b4c836c393c802
c7fbc2d9c627c2e4
c33144753dc73d7a
c4463e71c1ba3df5
41a84a40457c4858
3ce145393f02458a
43254ab5468f4978
39ce45a843f5462c
426b4531403d46cd
c0913e2d3d153de8
43b7c1f5b5df3ce6
ba1735fdbb1cb3a2
3d9bb4fe3e8ac011
40304126b49e4094
c2773a4436a4c56d
2f133784c099390e
c04dc7f8c26cc727
2e1cc22bc01fc223
bcaaca2fc60ac774
415cc5c13b09c5c1
c428c2c3c41ac1f7
b20cc4672d22c450
b72645513dd84649
bcc63b4c3c7a3b23
3f84473d42f14791
b35142a8409142ee
35b949c945ee45e8
384b46383fb84659
3d2c46a0445b43a4
aa7d4486384a4468
c32eca57c6bcc83e
c477c70cc4c7c6fd
c3d5cbb4c85fc9f0
bcbbc8a0c331c895
472740ff3dcd3e79
45db3c1744003ab3
499f4c8d493d4ab4
463c495647b44938
4353481046a547e5
44f5472145234719
c038c8bac1ebc406
402fc28533c1c1c4
3ec23ef13d8f38e4
3d2b3c2c3ed73dad
4100438942953fda
3dff43e93f0c4321
c21dc88dc1f3c4c9
c3d4c03cc432c12e
c802c492c4dfc44e
c912c497c887c45e
c8a7be31c7c9c419
c931c7d2c90cc792
c7e8c64ec853c661
c7b3c866c772c878
c95fc7fdc73ec8b6
c885c77dc729c7c4
c4e0c88fc608c7d7
c28cc66bc1d3c689
4a1843304588475a
49fa452a49674577
4b8b4c704bb74c0d
4c474b8a4c114bc8
44a3478548b6451d
485d489e47af4898
44563e4545a03cf4
426e45f8418d45b4
47ab491f46ff46d6
445647ac432d47a6
b59648e9402e43d0
39b94121b55140ed
c089b7fbc3de3c11
c373c420c37dc436
4768c2e4c1cf44ee
2864c329a204c31c
3e96bedcc3172c1c
bae3c3ceb599c401
c9dfc95fc83ec9d9
c70fc849c4eac82d
c91dcb88c72cca15
c6bec75cc4f6c6c4
c8afc9ffc645c9ef
c70bc5dcc749c603
c888c72fc41bc906
c668c28dc679c3df
c7373e89b864c098
c5b7b771c3a9b59e
c5a3440234562b20
c41325f5c17536dd
457a3e98448e4401
4511449943574467
4bd949dd48dc4c32
48e048e7481348ab
4cb84dec4a884ded
49cb4ab049944a81
4a54468a453647d1
4976450448274515
3ae5ca33c62ec771
41dec722b4c6c68d
bd39c0e2c175c094
b9e0c199b7efc0e9
c2ea41d4bcb3c007
c326b8d5bfd3b964
c7cab7eabcfac5c2
c217beacc083bd8e
c7abc7dcb7dec7d0
b40fbce73a05ba69
ba65c23db2e2c0cb
c04c3805b9a22f1f
48444b9f47454975
3ec6482b413347a4
39ee42b33da342b2
39663c383cb23bd4
c6e2cad1c8d6c7f0
c34bc94ec407c949
c641caecc8d8c908
c5b5c8eac6b7c902
c9e0cc1fc8d0cb94
c9f0c8a1ca2fc885
c5bec5c4bd09c645
c456bc11c537b8d7
3e9a495d46584552
418a470640dc46be
40fa4c1d45de48e4
3a7a46a340914626
48774b4b48654b50
46dc486247fa4857
4097c26535974017
3d80b0b53d472c9f
44acc5ccc0b4391b
4081c25a3eb1c104
486342ed3d95461a
47893954469c3d08
c802c1c4c645c781
c713c611c6bbc650
33a44188399bb687
bff53d06bce23ac6
c418c0d4c1a6c3e3
c2cdc1ddc2fbc1b6
c51ac4e9c47ac5ef
c4e2c495c511c471
c453ca6dc66dc74c
c37bc6c5c359c658
b927b3123cb54286
bd3639a836e33bdc
40db4c3148cc497e
3d7d48ed441b48bd
c06c41103f01c08a
a52b407d39753f64
3bccc49dbf42c285
3e59bf8d38babee9
4891449e42bc466d
46dc41e145e742f9
b449c94ec5ccc7bf
40f1c617a65dc5c3
c851cb74c8abca6d
c0cfc8cfc478c8c3
bde844143b7741d1
ba653aed355938c6
3d4641db3a6b41bf
c3003f71c13c3c90
434f480644034602
be2f451dbecd44b7
45944c0a48824a92
433a484645ce4892
b8b542a63f6f4193
39ae3cf343363f8b
bb9f3defb74bb8ae
ba6bb53eb87cb847
411244b140cc42df
3f5b40013aa53e88
4296c7233d1abf50
44583af4426f3a5c
42acc606406ec0c0
4417415f42044198
bf27b54a3a43c15a
3ce23b8e31373bd3
c5f4cacfc754c957
bab1c7c8c205c7f0
c06cca11c7f3c742
c2c2c7bbc541c7e6
3c5548d03f174510
c41b4157c31740f2
c3cb48403d673ff7
c4803dd1c0e43dbd
c563c5c7c62fc3ff
c54cc739c209c6db
41ac44a9b49046d0
bf5cbb8f37a4b940
450c46cd42c146e8
3f0b42ed40fb42f9
3e02c33ebb5fbfea
42c3bbe941c4bb44
3d594945450144b3
44e8455644ae456c
c1b7476f44fc35d5
3ec745ee2c1745cb
c65fcc73c58ccabe
bfe0c56dc449c5a0
3ea8c97abd17c53b
40ecbfdb4035bffa
492e45cb481d482a
4838480a47ce4808
442e42e1435346a7
416844093ecd4409
c73a2604c4423caf
c870c426c71ac416
c657bdf9c739bcc0
c8b4c74fc774c752
405535f0c418ba47
ba25c445bcb7c455
41b245f9404dbc6a
41653fee40f23fa5
c45cc160b75bc825
c01ab591bda0b472
c757caedc67dc9fd
c56dc649c531c625
c54dc17ac0f3c1d7
c2ecc086c1e3c0ca
39e94857447c46f9
3da9449541134459
48b441ec46554816
4773463e475d4645
49ea458b479548c4
4880476d482347c5
48784c6e483b4b13
4667481446aa4847
469b4659418747f5
467d402e45b94079
3ea9ca35c38cc53a
431fc3fb3df4c45c
c48ec75fc439c6f0
c3b3c314c59ac442
c863c2e6c4e6c691
c697c478c79bc4c8
c9fbc9cfc770ca81
c6d1c75cc6b1c715
c8c6c239c3e2c7ee
c7b4c329c68ec27a
c3e148923ef34240
c5d33f41c3a0401b
bc5b437b3f824098
c1a63e45b9df3f0b
3752c377bc9bc150
bc68bcf1bababd80
ba82c990c6dac5b9
bda4c757c02cc793
b820c9a0c627c1d9
bc5dc733b0eac6cb
49c44adc48ef4b09
481c48d948af4920
4ce94f134c644dbe
4c5b4c894c1c4c81
454e360f3e993c74
47cb40a345593e95
c5e8c98dc565c938
c495c442c60fc4f7
3dce48da450844a9
babf45afba744598
3d8240cf415b4162
36db40943b3840c7
c7b4cc3fc773ca0f
c5c0c7d6c53cc804
c6d9c830c5abc878
c4a6c5a4c4edc599
c6c8bdbbc40fc2b8
c4cdc46fc4c7c390
c96fc51ec5efc55a
c868c6d8c6c7c60b
c0a3452f30953f24
befab311b0e4a992
4576aee1367f3d5e
46543703444a3434
441ec8a9be6fc0a3
4384bef03cffbfc6
46d94acd47f6497e
3f45483641994806
479d4e2649f74b7e
42284a5645ae4a3f
3a7936213a41b928
3dd7385f3efc385f
c119ca68c67dc6d5
3a42c6f4be0dc722
3eb4bc1c36583d2c
42af3bf340153bc0
4515443b45604433
432645ea44774644
4221bf19358a3c93
3fc7b25b40cfae0f
c3cac9d8c7ecc626
c017c85ec1f7c85f
c878cafac94ac954
c866c96dc89ac94e
c85dbff1c4e2c648
c938c44fc8ccc4a9
c761b4f0bc52c5e2
c546b585c502bc96
b9d03a754138bf89
3d8941e03d364176
466e4cc4499549d4
44ee49cb466049d8
45874b1c489248f4
458e489046c048a5
472ec4a8402d3dea
47833c6c47a53f5a
49c34434450f4814
47d6444447ca4507
41a045b23d72458b
3c453e61b8983e01
c76bc96ec85ec5ff
c581c820c718c842
c3d4c7f5c6fec19a
c3d2c73dc329c6d4
c28ec1b4c3fec25a
c327c42dc30cc442
c91ec8ebc62cca41
c7b9c595c801c695
c7b8c731c4b5c87a
c689c48cc603c4eb
406f44a73b224137
39f135a03ca338a1
bdf5444e4018c032
3ff240963eae403a
c604beee36b7c640
ba983a7dbad13b18
47573c6d44b5469d
44e843a545ae449e
4c94495549a44c15
4a4049574a614988
4c0b4c7d4a124c58
4a4b4a5c49f24a2d
483345bc443948ee
4586444245e443fe
c295c909c5a4c404
c578c600c3c8c604
ca4fc7cbc898c9df
c991c83fc9fec866
c9f1c62ac891c983
c842c827c99dc861
c681c616c5a0c64b
c424c5a2c532c598
c2e34749427035e2
bcef4262bb3942e9
c2c440d04023be6b
bd56401ab6fa4036
bff2cb86c4e4c719
bb25c56c34bdc4f6
39adc5d7bd4fc007
38febd743b7dbc01
3f014af045054755
39fb45793cb6451e
bb7932f0bd7eb0fa
bb79be53af23bf58
33e4ca03c383c4ef
b567c442382ac411
48f548c048174960
460447c447624821
49df4af748ab4a11
48854882486b489f
44d135163e51363b
45773d68428f3c95
3d323c5838d53382
412b38d2388735a8
c28f3849bb5bb92c
bb60b62bc020b947
c895c978c7a3c859
c756c713c7b0c753
c4eac562c5f4c4fa
c674c57dc64dc5e4
b9c045503b333c1e
be243da8bde23c64
c35ab82e2fd6bede
c1182892be90361d
b40eba80b40e3e04
bf4cbb412eeeb5c9
456446df437346ce
413c4240439642e1
4021441f3f174201
3d963dc73f0f3e92
ba80c817c4f3c461
b1b9c4f0bc3ec4ff
41cbc80dc248c3ec
443cc19f3e95c247
b855446c42fcb8f6
4188440a3dcd437a
c9553de934edc676
c6813c09c56b38d1
c630c4e7c1aac594
c6c8c0d5c564c16e
44fa4146418c45bb
396e41853ea741a5
452f41a944d5469d
43d24485448844d2
4510bdc8416443ec
45323e0745f840b4
43bbc1dac0ac3e45
4209c3b942adc22a
b9ecbbbac5abbcf1
bc7dc605c154c604
3cb146b237aa3fbf
3f873cc2b90b3c19
3c7dbe503d64c08b
42dd3f893e833ed7
bfdc40fe3b41be1a
bec13e2fbd0a3b98
be4f4d3c471b4720
c32b4800bbea4755
c58cc0dcb005c437
c3acb0dbbff0b3d1
c681ce16c819ca7f
c210c843c380c815
440dc0a93c6540a4
42043e2e3d233e6e
48d0475b45154998
4515454a44ad4502
4284c573c13b4280
b459c30b3c7fc27d
bf62301ac353b0a8
c1c7c485bcb6c406
c5954400c181c371
c3c1c0f1c3dac187
c927c90cc791ca7e
c6a5c71ec877c75e
c64bc765c49fc891
c380c4b1c530c46f
400149d14699440f
418e46c944a546be
43344a3148114665
4259484d455e4822
458b429f446a4632
4224447f411a4478
49b64585480f49a1
48b247ff47bd4816
48fb406045b14800
48ee453948964588
3e71c984c606c246
3b32c7213a21c67a
c1a0c748c6f9c4e8
c3bdc778c374c744
c7b5bb27c42fc4a7
c687c341c66bc438
ca2dc8a9c856c995
c87dc803c8eec834
c757c6eac580c894
c407c524c4d6c4e5
3ab5406041de24b9
3c3c422c3f0d41d3
41aa486047124688
3b4a479e412e46bf
3c144928460545da
347a464a3e414634
4268473243d544a2
3e2442a141bd43d4
445e3f2b4073439a
4159402642da4060
3f2dc0fcb8193bc4
41e2b1ac3d10b515
c009c321c4abc154
b4eac4e9c15bc499
b0b5c5e2c5a6c2d3
b798c683be4cc5c7
474340b9416544e6
450a4077451b412d
4259444144a84372
3de64519409244dc
c5eec4f0bedbc578
c5afbcbdc53ebeb9
c4a4c521c1abc391
c3d5c1b4c43cc2b4
be54c5ebc37ac134
bcfdc3bebc6dc411
2aadbcfac044c14b
359abf4d3a55bf6a
3ea6496c43724243
40c543e9403a43c4
c21a40c83c11b8a8
ba363a27b9c739ea
c586ca45c41ec790
c2fbc45fc034c458
3ee03f1540ab407e
3bba4085410d40ec
45904b604630487d
444e463a43bc46a0
3e1d405db9723eb1
305bb69bbf83b476
41973b233a1f4334
b51a3cefbd943be2
461c418644f7457a
44214531443c452c
bc51c983c123c592
b003c1dd3608c183
c99fca7ac7fcca26
c7c9c82ec799c846
c57f427aba3ac144
bee9bbcfc08abc04
41e1418b39ad42d2
450e3409444d395f
bd43c91cc704c19e
b8f4c763bce2c735
41ee42a22d114363
3db134d33c562f59
4b344e884b8b4c9f
48e04baf49584b93
47474b9748b74940
429148aa4542488b
c8f2ca74c862ca0a
c908c855c88dc866
ca35cbfdca34cbc3
c9fdc9f4ca24c9e1
c661c814c522c815
c64dc4b0c6cdc4c6
bbb5c4cc4105c2be
3bea41dc3cd0412a
464c47f749754630
482c49eb488249bf
46de493c487a4781
475d48bf472848bc
4443bd802769435d
4408bdac4350b75b
425cc290c2a8452e
3f12c53a4139c476
c2a5c478c792bf2f
c4efc7ddc496c81b
c5f4c54fc823c819
c4bdc808c681c81d
c0f63582bf71c449
3230bf1bbda9beea
bcb3419c3d8cb577
bb613f88bc863e2a
bd7b3d17af37b44c
bd4333aec052316c
c0bd3e09b6c5b6a2
36b6b8e8ba52b720
3f6b47cd4613452a
424b4602437845dc
4a904a3a4ac64ad6
48e24ae849674ac8
4b4b47b549b84aa1
494149ed491849eb
3222b78440913e22
bb2d41f7b99841ba
c9a7cabcc87eca34
c916c877c86ac88b
c780cc72caabca64
c74bcb39c67ecb1c
c0f94373c4173641
c3dec4d6c0fac473
c8e03e9fc401c670
c807c36dc66cc2ce
c7b3cd51c963cc02
c580c939c6d4c91e
b77ac811c585c3cd
c12ec58ac39bc551
c4e4486235be3c24
c510337ac20a327c
bc4844db42b73d05
3afe435c404641f8
3ae940443d0b3f95
b92040bec0653f01
384245003f1b41bb
bd1d413bc1c040e2
4d234b484c6d4ca1
4d764c4d4d554c4d
4eb54c234d424dbc
4f094d064ef74d0e
488148d346984914
47b545d4473945fb
c18441b0c1323ae0
c2d5c2a7c4c0c238
c6e0c875c695c843
c481c6c1c644c668
c44ecbcfc742c95e
c136c73dc2d0c6ec
c0f4c80ec59fc48a
bf7bc5c2bfa2c59e
c836c157c548c625
c657c52cc68cc4ef
c992c49fc6c6c950
c987c634c95ac675
c71cc012c4a3c532
c8d8c41fc75cc4d1
c5c4bea6be7cbb77
c705beeec40bbed4
c586b68eba1dbe59
c67db9a5c4a0b4e6
3b5a44a3408a3c99
bd24421cb4ee41e7
44f94492406e443c
400b423840134176
422642be2e254499
3e69386138103643
3807bef7304db6bd
4158275b3e4cad93
bad8c971bffac64e
41c0c1583d19c20a
449dc0a040784116
46993bcc458a3c41
448f4653458d460a
45b6449b475c4552
b994c17d3478c285
31f632ef3d76390d
4561421c4162410a
437941c7418d418e
45dc49bd44a74797
431044b0431c4487
3d0a313cb3ea393c
3d77b84b3eb0b835
4042c282bf17b8b7
434ebfe64015bf48
3f8046ea3f8e454c
3f66408535c6408e
46874aba48214a18
4465487243434860
406347cf44024500
3c2e449035a84459
c850c7e2c612c8ac
c7d5c5d1c7b1c5f4
c957cd0ac95bcbbf
c8f9c93fc8ccc92f
c918ccbacab6cb4b
c96fca7bc974ca7a
c388c725c6b9c537
c46fc68ac4adc6dd
bf07386537f3b800
b83e3370b520208d
c0ef48e044f8417f
bbb944c83c9d4504
3f604c1248cd4820
416548cb45c448ef
a553481044ec44cf
376f448f40b94496
3ec2bdcf3e623e4a
40b237ab41fa3a65
4164cc3fc59dc65a
41b4c70b40d8c67d
467ec6c7c07ab56c
4427c12e422dc171
4b504dff4b2c4cae
4a1e4ba149814b46
c41a3a22c12bbec0
c0f9bf36c401c028
ca5dce44cbddccc0
c883cbc7c999cba6
436035cd40b23ffb
41e241aa3ee341db
48894d2749f44ba8
45284a4c45e64a3b
4840485a481a47e6
47a2482947d24820
c257c6d8c4a5c5cf
c431c485c4bbc4a8
44ecc169ab9a333c
3d5f343238c6ac54
46d8bbaa3e1e4420
44533d26435c3ce5
c10ec249bd99bc2b
c077be0ebf52be21
c82044ec3f25bff0
c3e74094c0d13feb
c80b46c54426bc0f
b89e440f3d394437
42c4455f45e84545
4760451a47fe45be
48c942f8425c4434
4808418c472d41f2
b67bc39ac465c654
bbe3c42cc154c470
c8adcad6c920ca41
c676c911c835c91c
c56ccafcc81dc8ef
c35dc833c57ec827
483440ff441b4381
4407445041b843d6
4a1f4ca649aa4c44
433849fc454749a9
46d24c4a48384c1f
343a4830442d485b
433c4721460147d3
41f845a345154642
c775c4cfbc28c521
bb55b8fabf71bbe9
c8efc936c4adc8db
c097c47fc372c4a5
4701c378bbd03da4
44d9be41445bbc1a
433b3aa8c3063c85
b6a0c315b9aac2e8
cb30c529c78cc9e3
c93ac6f7c94fc700
cb13cb9ac89dcbe4
c965c861c985c868
c357c7e6c583c613
c673c50fc667c5b8
47ba49a144d64873
42bc44ab43a44444
4619480146424763
4793453d480145a6
390b312940be4137
43ce3d43454b3fe1
4730483b45b04921
4599451a47b4458d
48f2463e45d54855
481b4592482945cd
4475c2b537c2bed1
455c351341223867
41beb856403fc08e
4258413f347b40eb
b6393ff0436ebd52
2a164505baf1441c
ca3dc6c3c5fac915
c875c4f4c83ec5bb
ca3dc8dcc8c2c94a
c97ac896c948c8b0
4062bd2bc0083d33
c0debf9ac224bfe5
45d84757b9334854
34b2bc3835c2b8c4
c41a4483c4b2432e
c499c5d1c165c515
c286c0f7c07ebd72
bc4bc1d9ba53c1b8
44dd42bc459642d7
45754629449545d6
3bcf30fb443a3430
3c7744d640c744b9
c2e8c894bd2fc793
c050bd1fb869bd3c
bef7c2b73da7c535
3e933e56402e3e5c
c099bd343f30c202
38b63fb733034055
40a8c2e4baf3b741
31bdbc91bdb0bc3d
4849477c4247484e
450e41c243f54181
40aa49c043204820
430b4221447a42dc
416445c63f4c4568
41143ca243c83e3c
442144ee43114525
3d01434a40d142bb
c347c43cc1f8c1dd
c3b2c14fc3e1c1e4
c252c977c8a0c6c0
c1b4c8b2c48cc8b8
c0f5b93abe5ec44b
b130bd85ba6bbeb0
c3ae412b4445c492
368b4509b4fe44a5
bdacc5ccc0b9c453
bcabc095c254c01e
2960c623c610ba1d
c241c6c5c399c622
41eaa72dbd94437d
bc91bce9bb97bd4a
433f43873e2f44d4
2bfa40ad34f63fbf
b95844e240ae403b
b1fa40a13c6040f7
c00c4189421a3802
3c76419440b241a7
3471280341163792
3f6841f5419640bc
c1f62cde3eecc0a4
33d93fe73c803f1c
bb6f379e2582bdae
3788b9b22ff4ad58
465b3c72b9d641e5
3ecfbcd93d94bc06
c2ddc316c090c29f
c332c04ec1ecc08d
caf0cb54c859ca5c
c81cc88cc8afc85a
c404caccc83ec89c
c0f3c87bc4b0c848
472a462e46004454
4587468d46044668
486c4e184c604c66
473e4c9249134c75
484a4c4749064c0d
4495490346d748d2
4697bde1c1114247
4023c23b3f75c23d
b034c0a8c413c065
bc73c434c096c3cb
c5c8c256c54ac465
c469c4e5c646c4c6
c1e9c8f0c760c6c3
c033c77fc4fbc7c3
3befb945361fbf23
42733432400dad68
bcc1406542d0bc38
42854382425243d1
bcecc86ec241c4c6
3c0bc2c238a1c18b
b75ec722c26bc476
b2cbc2ce3a81c2a8
c508c09dbfc2c548
c539bd72c2f0bf37
c5bbbe56bf92c145
c706bed5c60cbed4
b40e3f4c3c5843fa
c1da3ab0be6b3bc7
4597466244394839
3c54443440d643ec
423b493845ef4794
3db5462c3e4345e7
c3b646e4439d39e9
bd164467bedf442c
c205c1adbc84c4da
ba11ba95bf0dbbcb
40bac41dbe3ac070
4241c0023f13bf09
3f00386238c93c57
4444b48c4441372f
421db68abc6f3ea8
44d1c0a7459dbe6a
4817bdbabe384293
4513c0d94573c069
3d193c352f2c3d67
bb9c37cfb2453587
c69bc051c126c26e
c5cebd98c600bf68
c557c4c2c2c3c41a
c516c119c6a7c1f1
a859400b405937b0
bfac402ec0c83fcb
bd44c03dbe83c1d5
c2c1bf21c29bc076
c806c9f0c8b0c945
c685c86bc7dfc89b
451444b14540442e
4859459a476f45e1
4c054b494bcf4b17
4ca14ba04cc24bdb
bcf3bbad3a51bd21
38df381b3eb338f8
c7c8ba91c2edc2c1
c7b5c2c4c734c30a
424545b53cb445d5
b9ff3d47b91b3d2e
472743763c3c46ba
3f2c3ba741543bad
bd31b531b9f0ba83
c0e7bd10badbbc47
c85ac800c543c885
c6cfc5c6c673c55e
3059c6eac474c387
c146c478c36dc480
3d764094b3c23f79
bab33317b960b0bb
cb57c12cc47bc7e1
c81bc422c722c452
c8a0c7c9c481c805
c2d7c4c3c42cc4bc
49633e3746b245b6
496d4637491a4667
48c1459248b24722
48fa48a0499c48c5
3bde4683442542cb
3f9244d440024493
440348063a0744f0
3b1c3dc7bd843c39
400dc157c58bb997
bebfc5e7c37ec591
c830c955c84bc896
c675c84fc6d2c848
c53dbae4b9abc216
c158ae30c07db79c
4aa647ca460e49b0
465e4583466e45c9
498942d342e84824
4386413744d8422d
c8c2c17db835c62e
c46bafe0c056b44b
c795c697c0dfc80a
b9b4c05eb9c1c10e
b76bc768c33fc544
3b73c3b6b7b0c3a7
c0e0449c3f3235ba
c02a40e9c01c4079
4002497144ba46e1
3eb945193c284497
bc11c3dac2cebbe1
b4afc45abbe3c460
34e0c48fbd283b2d
c013c068ac81bed0
496845b645fb4905
4482458845654624
41d0303cba2fb97a
41bbbad635fab9f1
c8ddc628c66bc917
c46fc5cfc5cfc5fc
c9c4c44ac30ac84d
c7e5c107c5a4c127
c77a3ca73951c4c4
c6393cfcc2f13ca0
390a40f341a63455
3c8441c73dda416a
48ef4422457a475c
487945d347e24586
49af484d46ab49a1
477546f2476646d1
46d6466040cb48b5
3a993e6b3f4f4010
4296b8c8c2ca44ac
bc56c458bd15c392
c1ccc5edc688c21f
c24ec656c4e0c67f
c727c463c443c70e
c419c3dcc5bac446
bedfc1dbbcb1c4f8
3fa4bfb135d3becf
bfe6c645bdefc7cb
40eebee33ceabf2c
ca63c86dc37acb48
c547c198c4fac304
c8c0c848c45fc862
c362c46dc167c4b5
454cc2b13bed430b
452da7e345a73670
47c244a945db461c
44bf460844a34645
49024b7946d34acd
3e55479d3d994798
4b214caf48154d6b
417d47d7444c482e
46a249a2479f49dd
3eeb474844cf47d2
c510b178b756c4ab
c2f630d2be96a6b4
c9f3c972c839cb15
c6e7c7e6c7d9c823
c9c4c837c5d9c9cc
c616c577c778c5d4
c59e287fbdc0c2e6
c299bc17c2a2be16
403bc2d1beb6be14
43e8c072420dc09b
407ac5c6bfefc260
46e4c1724570c13c
c586c30ac215c442
be9cc1bcbf66c1ad
465837d638a545f0
39f534f2b8da3958
4c8e457643c54b24
4741420845de42a9
c2fbb211c192adc1
c4edc181c17ac19f
c8023439b803c1bc
c60ab314c345b00e
480b46d947994604
45f6477d455f47c8
c645c57825cec89d
bc6438cfc01f37a8
cc3ac96dc4d7cc07
c7e4c3dbc75dc454
47764522442b4572
465d442c465143ef
4af1470e4570494c
49bd44e7493644e8
c4f7c4d1be89c2f1
be6ec060be4fc019
c32c3f8dba14b88e
c56abaf8c456ba7f
48184add3fc1495c
a89140c239e040af
bda41ce5c5ab3df4
c4fec5a1c465c586
c952c8f9c743c838
c7eac784c7d3c752
bd30b7f93e2bbf1e
3e073f1234953f96
47984478433544de
46aa439344f8433c
46d1405f3c7444c2
445e3a24420531a6
c202c4cfbaacc2a8
3039bb87b720bce6
c816c8c0c0c8c8cc
c26abfc0c038bf59
c54ac517bea9c6a5
c439bcdac06ebdc9
bc173c55397aa13a
b9b4397fb13939f0
484c43a541384725
461a3f9f45834166
4b2648a8456b4a4d
45e3448b477f4514
c0a4452541f23f0e
c3ee428dbd6842a2
ca0cc42ebc4bc871
c4b82e48c55d28e5
437d436541f841dc
451f42b441f2421b
434e434230e2433f
41edb9553f30b9a0
c80bc8c2c725c87f
c48fc7f2c506c790
c1d3c814c4e8c552
c2c0c518c1eac4f0
384fbeecc36eb029
c212c31dc2d4c41c
bcbd3ad4c16ab8d2
c139c0aec435c295
3991434444183b9d
401644a63ec9444a
428245c247a143c2
456447f245fd4822
44894191432b4550
447642a244a54314
362abf51bee04116
bb31bf8822c0be97
aa574422be454346
c0b9bd4abdaabbab
c1e93e02c1d5be92
c09ec177c1bdc154
c453c908c573c838
bc86c5bac157c5a0
42f7c7e3c0b2c463
4182c1aa3e57c186
b166c2afb130c415
bd9cb4f9b56bb6ae
c0ad412d4304b80c
c389439fb96143ac
49d64c744a3c4b0a
45134a5f475d4a5b
461c490b476f4819
4386476e438e4740
cac9c8cfc4b2c82d
c547c4dbc52ac4eb
c4bebdd0bd14365c
3723bf363c67bf3c
46863da1bc6a4457
4545bde1427ebe08
be84c89dc82bc664
bc35c7a7c4a6c7bf
c4d9c554c609c603
c3cec531c5b5c530
bc24350cb036c0a1
bcb4b2afbeab29d6
c29bc03739f3c466
bb1738afb937373a
c7dac08dc0ddc513
c474c0abc1ebc140
4167bd5fc2c83669
bce1c3a7bb44c2e8
4c3d457c44d149ac
46b0446b461944c5
48244a1e48fe4a67
4357490545b348f9
c547419e3f7a3e81
c35b3e39bb043df2
c140c7d7c4c8c4e2
baeec51cbe1cc558
424a35703917343c
45bc3b9b425639b2
ba56487f45464187
439a4598423245de
c52638413da2c3a1
bfa43e71bdae3f5e
b91e353c4316bcd8
bc24445034ff43ca
3d2d44cb45124379
39cb45ac420f4533
3c68c0bfc1c538e6
ac58c3323c45c2c9
45f6c564c57e34ab
3fa7c6683a21c5cc
c6dbc985c7bfc8b6
c538c72ac765c731
cae6cb4fc89bcaec
c8b1c83bc9a4c879
4266c1d3c3cb34f5
b5a9c4b7bd63c49e
4793486b3a6e46b0
4173a48d408d361f
39c1486341e042f9
3b384276aaf842f3
c59dc5e8c2f5c4c0
c133c2e7c2e5c2c3
c94acbfac8d2c9be
c67ec920c5b8c91f
c2e0410e41a13288
bd72414c3e044142
462c4d8d4bb84b15
45834bee48664bce
48484a7449934974
470049ce47f649a7
4a84404146c1471f
4848470e473d4713
4b1648d048df4a18
487648f948744902
3bb245744445456b
4003448d42bf4440
c86bc929c6e1c857
c4dfc671c5abc6e9
c09fc6bfc539c714
c12ac4b9c532c4ed
45623f12be663e4c
396abf5dbcd1bdcb
379dc8c9c915c42a
be07c9b7c12fc971
cc8acdf5cc87cd6c
c849ccb9c85bccaa
ce2acb9dca3dcd3f
cab8ca25c9cfca23
c7b3414b3601c202
c5dd38bec4953852
421b4685459442d4
4044459b3e1a45c2
463547c7461d4703
424e45f442db4627
4bcb4c3649f74cbc
480c49b248b849c5
4c454ca64ac34d34
49554aa649934aa1
4a9e4a47494a4b57
48b2498e485b496d
4967402e445a457a
470f44ea455e44ec
be69c98ac666c8b4
bfadc606c378c62d
c8f3c8d4c7d9c92d
c6eac770c6ccc80e
c9b9c659c6c2c7d3
c88ac655c701c6be
cc8bca5ac7f0cbcd
c9b0c7b5c8bfc798
cc1aca12c725cb31
c866c74dc84ec785
c69cc831c8b7c799
c638c8d5c7b5c8e4
4488433734d64500
41672da440d43a1e
42f6495446e2490a
42fe466245ec46d5
ba7e3fcfbe503c93
c1f6c068bf3abfef
45f5bf6abca1bc6b
4142bd5638adbc16
434ebf2b3ec5becf
44383f5a40373fd5
4a1a480247be4887
4954476e48cb478a
4e244c3a4aff4cf9
4c8a4abf4c644abe
4a274a8649984a8a
498649d049594996
431843c845bb4550
46464643456f45d8
c6c3c9b7c6dfc7f7
c4b7c728c4fcc6fd
cb15c608c5bac8bd
c8f3c592c82fc5a8
c6a246bc4490a9ab
c21f454db54344d5
3ef3465a473443f5
2fb2477b43b4474c
46534941486b4862
444b488245ef48a6
45c4406f4027457d
427b3dc142684016
4a18473745c84850
46f345a8453545bf
c8f7ba17c117c6d9
c83bbe91c85dc04c
cd7cc925c92acafa
cc8dc912cbc6c90c
c1b0c0eac48dc01e
c5b8c4afc485c4a5
4aa94b6e48b34a30
489448f6489948dd
45f747b148e945eb
4828492148704930
3ce9c6fe3a62c279
44433869443a397b
456f474c415f44d8
4648416b4571409c
b016499a43fc4415
44e5444942e443c0
c831ca3cc4a3c89a
c1dac48ec370c483
c578c9aac569c7db
c7b6c4d9c787c4f3
bc434178b838bbf8
c60435dcc68fb1ab
38b4bfd2be423a21
c1c8bf96c1b1bf95
bebec724c4deb975
c38fc632c02bc5bb
c6b6c753c637c642
c574c6bcc486c684
c08ec5eec32dc59e
bc47c319be56c233
49f544324110476d
47ff3fdd46b340d8
4a904b0e453c4a9b
491e451b483d44d1
c19e4836439a3e46
41a644a841bf444d
c433c24e4301c486
3d8e42ed416743bf
46bc3d8844f343e2
4458447744d244b0
3cfd49d545a446ab
bd2c469fb5c5461b
c60145133d82345e
c50b3f79c41e3ebd
bd4dc811c5cebf48
b9adc71fbe08c6c9
43dbc52ec1bd4078
4343c342417ec305
4615438a4512439d
42a8455e4468453b
4167424e440ab42a
a91444443f874424
c71ac928c70fc921
c5d1c6bfc65cc6df
cac9cce8cbd1cc7f
c937cb83caeccb90
c8f7c38ac648c854
c68cc587c81cc5ab
c50f48ed45ba4277
c1054658b4734615
3fc73b2540dc42e9
b7f04038398a4045
48dbbf31a89d459e
44c8b9ad4302b8e8
4447476b457f485a
44d1458445cb456b
42d14a15489b48b9
45864865478548a4
4ab24a5848114944
4936475548e847ed
4563beffc246bd0e
4244c2dd3f28c308
ca82cd22cb2fcc3d
c8b7cb4ac91ecb5a
c8a3cb48c861c9f5
c6f8c851c827c85f
41d141603d7f3e9a
3de43f8539503dd7
bc03480d42f24341
3e0243874033435f
ac8f425243fd40b5
4114442140d34478
48b34656478847dd
46a647ef45e547be
3f90499745aa47e6
b6ff46283dbc459a
c72abc38c088bf35
c823c0bbc523c07a
3bddc977c419c5c9
bfe7c492bdcac3de
b06cc200ba7cc278
39b9b87d3666b7f9
c8543cd4b235c2a5
c2a03751c0af305a
4137c5adc016c058
3ffac1753df3c0a1
49f8bcdfbf664439
466bc2944437c0e2
c585c158c4d7c1c8
c2b2c536c458c54a
ca90c4e5c41bc7dd
c898c2dec83ac467
347149ab430b4527
c25e447dc0f04385
466848a7423d46c4
42a3426a3fa74278
3c6dc6efbe1ac271
400fc0473982bf9e
bbcbc0a3383cb5be
342f37aa3bdb3515
47c24658463a47c3
48b5465d48b64665
488d390745a343f2
49f1457c497b460a
c0febec73634c09c
3977352c3987391f
c8bdc438c4f8c6ac
c743c4bdc727c4b4
c818ca86c8c8c918
c87ec8a7c881c8a2
b6f5c421c23bbc7b
c3c0c260c14dc2ce
49664d3b4a764b06
46214a92480c4a5f
491a4d844b094a71
46ed4b4848044b43
c3b4c675c36ac2de
c1a6c3d8c1f2c36e
c846cabec96bc76c
c777c9acc7d3c9a6
c38dc467c618c4da
c4adc639c54bc637
bde9c856c357c718
bd57c373c0dfc371
405532c23f0340d3
3d1f3ecb3da13f27
4419491342904847
41174297413542ad
c3d0c3d5c323c4fe
bb8ec33bc11fc373
cbd8ca9dc730cbd5
c809c6f1c858c6e7
c968c8cfc509c966
c56ac480c588c4ae
47dd3ec841b542f0
47384189464d40d3
4c3d4c3049a64c43
4a9e49534afa4957
4ba24bd1493e4c78
4872490a49b0491d
4811492946964981
3c6446c543be46ea
b5f138b3afa13d0d
c056a298bdd5359c
c2cacaf9c72cc846
bb2fc77dc1c1c71b
37733d1e3e4ebda2
40723efe3a9c3ebc
30d44aaa477144ad
410d47f93f9947bf
ca0bcb22c72dca7f
c586c6f4c709c742
cb83cd5ec94acc7c
c870c959c856c99d
3ef1424e413b3c7c
37e540e13f7d408a
494c485842874839
43e742f542474336
c0304293c4683d53
c6f1c42bc68cc403
cb3ec296c82bc656
cae2c85ac9b5c81e
c382c790c5e8c31e
c488c664c4f3c5e7
4a87445f44f6481d
4852450f46d2452a
4599476f46f34521
470a476c47194763
c56bc044bdafc448
b8b8bcabb7c6bd24
c549c387c1aec4f2
ba43c1b3bee8c21a
c7d8c71ac009c7a6
c05ec007c09fc0b5
39f2c807bcedc0f8
3706be723cf7bfd8
4c113d014252489c
48ed40c3489740ab
4b674a2b485e4a9b
496f485648ef485d
4aac4e014b2c4cdb
485e4b6549194b4e
473a4c7148754a2e
4251487c459a4868
ca08c7dcc4f6c9bb
c882c4f9c7e9c4c5
c951cbc9c7e9ca94
c7dfc7fcc849c77d
c34fc86cc5d0c5d7
becbc5a5c3a0c553
ca86c97ac7f4ca6c
c735c70ec841c725
caccc76bc538c8fb
c8a7c4e6c77dc4b6
3de74788430d4535
3ad0417b42f9423f
49b24b2747db490b
47eb47b548084759
46b33d8f37bd3d5f
434b3a663b843226
4122c9e0c825c0fe
be27c88bc478c884
ba3ec5cac77b3c74
c587c828c56fc80a
ca63c53bc659c6fd
c8f2c5ebc873c5f5
ca31c9c1c42aca71
c47ac275c5c7c2eb
45733ec6467f411e
481646fd474446c1
4c134d3f4bf34ccd
4b154bda4bd94bda
49984b0648ef4a2b
48d04895495748b9
b58ab3e6bde8c007
b34abf472f84bd99
c21947e8408d3dda
c42b41f5bf8d423c
41b2432644b44006
36a7455140624529
3064cbe6c465c86e
3b72c4b23390c4e0
c3cdc656c45bc158
c3ecc4b8c33ec4cb
433d4924351e48e9
c231323bc0c42784
bfa3c8a4c863c65d
c305c867c66ec89f
ca1cccabc9d2cc03
c627c9cac8d6c9ce
c751414cbfe0bf93
c15bc016c21cbe19
3e1746ea3e204168
43c33d6d44283e19
415c3c8840d4b48c
446c40f3446b40f4
be81481c46e83f24
bb14476d38e24768
42df454d47d6434c
3ce747f640a34799
4579c8833da7b69e
42aa3b12424c3b4a
c03ec617c01cbc33
b8d6c054b534bea4
aac338cebe014243
3af8be9039bbbcf9
48423427b619471d
4353bc754322bb7a
48ae4a5845c74a31
427045b9447b4579
449a4d03486348f2
428448e94401489b
c3b5c5aec46cc8a7
c149c34cc38ac3f4
c8b8caf7c903cadf
c7bbc8f2c863c8e6
c4be47273a603ed8
c0ea3992bf2e3b18
c803c332bdf8c61a
c19bbef5bd27bec4
c826cc5ac712ca63
c3b5c6f4c451c72f
4456c0a3c12041a8
3f0ac093bc72c120
42a441e4c0be4528
c009c196c0edc155
c449c5f5c23ac474
c556c3d9c114c306
4136bc3045e0bbc9
44cb454a467e4594
45ec46ff485b43ee
466f483d46484853
c468c279c1fac512
c220c0fec4c2c10d
c1b2c7d5c49cc63f
b7d3c364c233c411
48864972474e4969
473c476c4747471b
47224baf471a4b4e
44c94682468e46b0
44a3beefb0aa40f0
4553b50b4301aacc
48893c0542a942fd
4879439b451f42f1
3b7f4c6945374940
c08f45febd204589
c90d4733c27c3a8b
ca84c1cbc878c0d0
c8b9cc7bc8c4cb3d
c756c90ac63ec8a6
c79fcc95c764cb15
c150c7fdc0f3c820
be36c3e8c0dcc2dd
c0f7c1b2b98fc285
44eb44594087426d
368340163fff4080
bd7a37b33fa9b9bb
383c40323ae84006
c46ec555bb7ec2e9
b872bbe9b983bdc4
bc52c091baeaba87
bec6bc95be1cbc35
ba7b4187391d30f5
bd753cc2c0ff3d9c
48ae497045c24891
47af4673447d464f
4ad0493446b84a76
48d9467f473646aa
c266c421be72c1ad
bf0dbe54c047bd18
c88dc7ebc54ec940
c32cc4dac39cc4ea
3e39c232c20ec1c9
41f1c2a5402bc2c3
3d74c61cc1f4c0a4
3da8c38c3a05c304
c629c2abbdeec2ab
c329bea1c1dabeb6
c50d43bf35483f6e
c53e3a26c1c83543
acec3c3dad483faf
c3d63661bdb72d8e
420dc0083b20be00
3db43bdf3f1e3a73
40d9c19539ccc049
4330354e3ff636bb
44b649e4456c491d
3c9b452d3e84454a
4ae0501b4b8f4e17
45804bb748254ba4
46b7432a4429412a
45c844394601448f
cbecd01fcbc3cddc
c812cc14c875cbd8
cae3c82cc91ac7a2
c9b0c94bc980c942
42334ab840424634
35834265bc804154
be96c824bbb4c83b
4003b22138d4b938
c9c4cceec578cb96
c3b3c612c1dfc5eb
c31ac7a4bdfcc4d7
b755bee7ba48be5d
49f5442842b8484a
465a42dc445542d7
4c544bdd48474c9f
47f9481447f44842
4a724e344abd4d57
47c34a8948fa4ae4
36414a0d449b4736
4141446f42e544b3
ca8cc8c7c8d0cb0f
c58fc892c77bc8df
ca07cc9cca92ccbb
c71bca42c8bfca7b
c420cb60c86dc9c3
c3f1c854c589c869
3980c209bf3dc0ed
b6a4bf8fbd44c076
4449475845aa46cd
42f6452245164523
426e4833488d470d
4157486d46a04887
c260413b46f5b644
c39947d7bbb44790
33503eef44144460
c362449fc157446a
4a8f452b3c1f4b1b
441b371143ee39bd
4038bd2dc6a339cf
3989c6b2b8d3c6c4
cce8c82ac9c0cc29
c8cdc99cc986c9ab
c97ec313c572c907
c62ac5a7c7a4c53b
4555c2003cffbc38
41e83d4f3e393daa
46d7c2c4446a3dee
46f74436475a4430
453a44c845b74513
47f3446548e444eb
3fca3a33b6e83d50
44b5bfe64561be2a
a4c8c063bf163a7e
b81dbf3fb44fc00b
43c74998464b486c
c22947b9c05b4776
320740f333bc368b
c4fa3e4ac6093e64
c46bc80ec69cc56f
bf9cc5e1c46dc5e5
462f45663e4b4625
46213e4f43d93e11
426e444241483bde
41a540c33efa405c
c7b5b7f33f1bc48d
c14d4007bc053e2a
402a470347384563
42de4793457a470f
46023f14440d421f
4431438b44ff4390
c43bc7d1c395c4a5
c401c4bac052c432
c71ec7e8c695c58e
c715c725c5edc6ad
c7c3ca61c9afc980
c740c974c8c0c97a
c9e0cc62cc46cba2
c912cc26ca4acc36
c747362bc6f7c29f
c6a7c6d6c64bc712
444b4b2f49284860
4651491a476e491b
4aa945394b864886
4b954b0c4bf14b55
4b80487a4b1c4a61
49e54a9f4a964ab6
46934c1948174a49
3aec48204009480a
bf2c3011c561bf87
c69fc4f9c7b6c4d5
3cb8c66ec6e5c4b5
c2b9c668c565c6b3
38b940373a063ce3
39df3e8638593c1a
c681c3cbb7d0c5f7
3c942e2a3ca23273
c0aac82ec1a3c5c7
4235c1ec40abc0af
43e9c158bcf64292
4218be8141e6bda4
3eccb826be4842b9
3c31c085390ac067
bb9e42c4386d4191
b4532a35bb762c87
c019480044a44080
be454526bccb44ac
c5b847c842efc023
c45f4482c2194419
ca1ac613c616c972
c8e7c5b1c846c592
c503cbaac84dc948
c69ac8b3c5a3c892
478bc71dbfc5383b
3defc1a540cdc15b
bcb6c54ac071be46
b96ec05ab72abfc2
c720365f3bccc281
bcbf3e9dbdc83e2f
44eb484b444e4628
4477447d41de4400
4a4434b4bf7047ee
4666c1034246c15f
499e452e404d4843
46cd3e88451c3f85
3ff54b6d48224739
42ee481a44c54848
c6e3c03fb223c4d9
be889ad1b64cad5a
bb52c69abca9c463
3b90bba23c55bd66
4342444144db4360
40cf450e41e844f7
c79bc652c1cfc6fb
c614c096c4efc0ee
c663c1a8c0fbc596
c60dbed1c445bfd8
48d94c5749164aca
456049524655496b
486f45d0456448cd
46cd453b450445bb
b4b1c4e7c1aca673
3babc389adf3c21b
c5a2c53ac60ac44f
c506c762c496c69d
c674c9edc909c8ba
c771c962c877c950
c4e6c6c9c5d7c824
c1bcc56ac4bcc60b
c8b3c5b4c2eec996
beeac17bbf98c30b
bcc7c243b829c449
3a41b4393f8cb992
474048da460247b0
40cb460144f845ed
c07a45183e5740f1
c3cf3e61bd283e05
b9e6c64ac2e4a6da
c1f3c36ac290c35a
4897c0c5336e46df
43332cbc3cbc36e0
4781473444824855
45fe44d5448a4516
c4ca44953b1bbe9a
acd73e22ba493ca3
c701c876c4e9c8a4
c3d8c4c8c524c505
c3d24042bf6ec0e9
c436bbc5c52abd78
41544b084308449a
bb9a448fc0924464
c6f6383ac103c17c
c489c0cac4bcc08c
c9e1cae0c8a8c83b
c6d3c936c6a7c8e5
bc1ec7aac2a6c11b
3dfbc4923d6fc373
4245411c44063ad6
471d43cb473b4395
45a44516466c4455
477b462b486f45cb
3d25c4ab3ac4bc03
40a7afec4423335a
c74ac809c47bc834
c5cdc478c4c9c46c
c067421d3b9dbe2a
c54c4021c4843d1e
493948d64797482e
442c480e442d47ad
4bc94944481a4a09
498148154860483a
44c745834388463e
448f442541264469
c71ec42fc0e0c06f
c54abffbc460c048
c1b944ed3857445b
c07f393ab9983627
35ee49883fbc4650
3c0a3ee238003f30
3d76c727c4f7c3b6
3c0bc5c4ba34c545
3c32cc96c7e6c874
3b98c86432f0c834
c9b0c9aac711ca51
c762c6f1c6e9c745
cb84c5b9c7d6ca47
cab1c74ecaacc7bd
c3e9c90cc85bc80c
c7b6c850c82cc82f
45a5458045954419
4559462a45ad4667
48a74ee44cdb4c54
4a0c4d034acc4cf3
412f44eb4238468c
41fb408942be4052
3f0dcb41c812c263
33e8c8c1b7fac8a5
46bc3cd9404c4259
47083fa34707406d
2ee844c6404f3e67
413a410f431941c3
411f42863d5344dd
b80a3dd43b0c3d76
45734655455e46b7
262145d73e474554
cb90c843c50bcab6
ca1ec3e9c9bac436
cc6dc960c88fcbbd
cb5ec82dcbb8c833
457f42ce409340bb
4258411c392c4059
48d236b344584219
4939447a46ff4409
43f8c273b8e24102
44bebdd541fbbcc0
46dc45c8402a491f
4512393946523d2c
48324ae9473d49b7
47ec46d848f046fe
486f4ab3470848a8
48164705481e470d
430e41e43ced41cb
43a3398f423c3c0f
c9cfcb9cc8bacabd
c8a6c8d3c89bc8d1
ce6bce1acbecce7e
cde1cba2cd68cba9
cd91cc0cc963ccf0
cd4fc90fcca7c8f5
c3fdc60ec2fbc496
c36ec242c386c272
47853eea3b49458d
47563d2a45693b3b
47f94bcd48424a96
4778489f46f84868
4aa44ddd4b1e4d10
49af4b4549cc4b1f
4e824cb44ab14dca
4d134a3b4ce14a66
4cfa455e469b4923
4c4d45654bcd45f8
c7e1cc0dc7e8cb2d
c04fc830c395c824
cdf5cd39cb41cdbf
cc69cafccc62cb13
cbec38f5c21cc897
cb8abeaaca47c040
c84cbdafc0b1c586
c8bcbf8cc76cc096
c5bdca4ec7e7c6f3
c677c84cc576c83a
4a9a498d47d84ab4
47d54773487347e5
4c18451e475648f6
4a7b46da4992474b
be31cae3c613c6f9
3cedc6b5bdbcc697
3d844d4b488a4a23
39ec48c440774895
48f350024c444d06
481f4c7c48d94c69
4027c5343c66bf2c
46403b1c445f3ca8
c79dcd7bc90dcb37
c4a9c96dc621c93c
cbaccd5acbc3cc6f
cc1dcbefcbd5cbe7
cd25cc4fcbafcc7e
ccadcb76cc67cba3
c79b403fc46dc270
c75dc321c781c413
4929498d43774887
466c442a44b543ff
4954428c45314687
499e454648ce4556
4965488a499949a9
4a07496f4a8d4978
4c1f4c1e4aaf4c50
4ac54a534bb14a5f
48dc4696450947ff
489d44a048ae44ce
c13dc46ec030c309
b501c04dba97bea4
c081b9fcb285bcdb
c1d2b4d7c1a630db
bc82b7a5bc2bbcf5
c278bbe9c12bbca7
ca79c8d4c793ca55
ca5ec692c98dc74b
cd19ca82c87ecc98
cc69c818cbeac850
c9d1c8c0c643ca17
c75fc6dac7f9c6a0
443b44943b5c42ad
459b396542813a03
4a074b5547a84a7a
486c482e477e47fe
44f7430241fb462c
42c3417242db4173
3416c4bcc1f14042
36a5c4253a4ec354
460c38dfafe846b1
40f9b9414138b022
42c9be3430253ff0
b54832f8b6da390c
c8b9c806c3fac87a
c632c2bec675c390
c480c5e9c054c7d1
b4adbea6bea9c0f9
48f19c0041fe3991
4858410d4712413d
438945ed452c4462
443244da45364536
c499433041e73c53
b4a142c03ee0426a
484a45dc42b3461e
458842da465142c1
4c2f4da648a14ce0
467a488c47c54894
bee24cc1473b4967
c13747b4ba2a4797
cc05c790c544c9c7
c88bc4ddc878c4ec
c895cd85caa7cc0f
c86ecae0c956cab5
c59ccc5bc9d2c986
c68cca04c868c9cf
c7afc6eac669c827
c191c61ac43cc648
c426c415c1d5c5ef
bd1ec149bc35c1d9
c726c9c2c44ac8b1
c4b0c464c33bc455
c35ac7e7bd91c58c
2cf5be123217bea6
4a1149a8491049df
49324923490748e1
4c594c844b074ca5
49ab4b0c49b34af2
496d46bb46b748ac
468f4681465e46a3
455c403741ff44ab
42474159422741ee
437f48a344374897
366b434e3e314448
42e84a3740284909
bddf3fbfac914077
352e483f39084311
bedb3ddfb84d3c4d
c89bc0b6bd54c83c
c176ba6cc044bc6d
ca84ccdbc95dcc89
c4fbc9b5c69dc97a
c80fcd84caddcb9c
c56fcb06c794caf2
c2edc4eec1d0c395
bd3ec166be3fc257
439d4645443e4446
43ad43b0442b4407
41d639312cda38e0
3aa6316831fb34d7
c8c139c2c0a7c4e3
c7a8bc7fc7febf39
c7c54451bf55c183
c83ebd20c807be32
4510c5dcc507bdaf
b22bc5c9be69c554
46f3c97dc329b80e
45b4c42241eec392
46ac42c447374825
4638476046864767
46ae4c164ac04a9e
43504b00476b4ad3
bf3148e1472d43ed
2de347c34262473a
3c423b7343653e18
44ef42de46504309
4927445746934760
488745d549384632
c3bb3c14be40c1ad
c2e8be60c10fbeb8
caf3c84ac9d4c9c3
c9c0c9caca37c9c8
ba5ac520c5d8bfd7
c03fc63dc432c5f3
4907481044824885
4601440f4441444a
47fb445c3c0f44e9
427637e73ec93a01
b8bacad8c81bc7d1
be19c857c263c829
c35bc9e6c53fc818
40eec50c3493c4f9
c586c409bc51c666
4016b8f03a70ba96
cc3bc959c61ccbe1
c9b0c53ec917c5cb
cc16c00bc196c901
cadebbc6c9f7bfdd
45284db7490e4bc1
bbb3499b38af495e
4a8d4c58489a4c8b
44894845468d4876
456e37e740474585
454c3c1046993e4f
4798449d452246f7
48694492488444d7
4726c1bd3a6b408a
44f83216447c35d0
3db0c96bc54bc40c
36c9c60abdbdc5bb
46444560441e4500
4449443043ab441c
41dd467a44f74032
4168451344a544ef
cb45cc99c9e2cc64
c873ca3bc80fc9fd
c909cc4ac9c0ca98
c853c9c8c8d4c9c8
4964489345744859
44e946ae41a245a8
47b64bad48284954
458248a244154887
c9f8434da038bff9
c76834c2c5c83ac5
cd04c7b0c735ca18
cad6c6d5c9d5c729
c837c89bc771c8ba
c549c79ac5fec7fd
44eabf04be1235d2
45c5c01043f5bf1a
4494bdfa2fcc34c2
452eb43a44622c9b
46c4befb40bf3e17
44e63e3144904018
4b5e488948bc4a57
4989488b497e48b6
473245e244264828
428544e343c6448f
bfb6c116c0c0be90
c5c7bf8dc4dcc09e
4625495c48254845
436d481644ba4807
460f4a8548814984
4448486645e5485d
c47bbcfbc44cb8eb
c6edc4a9c509c492
c881c8ccc849c8b1
c4d1c859c5b4c83d
c8afc8c5c508c9e4
b98ec4a3c278c4a9
c988c2d1c15bc8c6
c5eac062c563c0aa
c7c5c249c289c759
c3e8c2a8c324c286
44eac63cc3b5bd84
436ec47f3da2c44e
4a14c2c6bf6c4693
44aec1334324c0cf
40a6448a419d4609
bac242623658421f
c39c48f945b54011
bf764739be5c4697
44324219413e3f9e
416842c43df3423b
48d140b2408b46a6
44f63e6f4527405d
3e01444b40504228
3d3c3caf40e23f74
c6e8c736c117c864
c246c19ec232c16d
bee6c40cb499c3bd
bff43333c0b1b713
c113448e34344115
c27438b6c0c4b0f3
c81bc61cc4fbc4fa
c2b8c591c080c59f
c6fbc8dcc28bc7ea
b45ec31eab49c27a
c439c67ec1cdc658
bc11c08cbf04bfc4
48e8bec2b9c842dd
446cb9aa4263b838
4e104c9149ec4dad
4ab649874aba497f
49fa4d4c4a294cb0
47b24a00487b4a17
c7643ab4ba66c0af
c3e6ba31c202b61f
c5824095b9c0bfa5
c4a8b572c453b784
c5fd45453a41c0e3
c64b3f40c68c3d02
c869c84fc660c958
c837c62fc886c658
c0e3cc2ac922c91c
bf80c99bc313c94e
c7d3cd2bc9cdcc07
a892c9ebc047c9b5
cad0ca5ac6d0cb97
c517c5f0c4f1c698
bb0343a13e6b4026
bf38405ebd503d79
4a9e4b1a472b4b3c
45e5472a4541470d
48144982467c492f
4200462c441d467f
bc82c1a92cbc3b39
be27ba9a3764b32c
4541bc7e40ba4408
435b3eb944a14001
491a480a489f48dc
4830489748544893
44c24766475d4738
45d5477645f647a0
40b9493443e945d6
3eba4464410a440b
345e3c24c104c085
bc92c0b4c05dc1e4
c639cafdc7bdca0b
c21cc7c2c60cc79e
c536bfc3b951c32b
bc4da1b9bacf2f4d
47544a9a46624997
44f946cb46c24693
457242d93bc944ec
41413a263f123b96
ca5cca73c81eca57
c832c836c893c819
cc4aca74c8a0ca9a
cae1c8bec9eac8db
c808c78cc716c66d
c8c2c78ec847c796
c4dec854c5dfc83b
bf7cc5f2c483c5cd
c375c804c40dc822
3c21c3b4bd19c388
46c540463d2641c1
42f63c7b44813d9d
4a91498a48434989
475d4836488a4845
45a345f1453b45d4
4284455b431d4556
4542491f440348aa
3fbb44733f084455
48184c3548374b20
455b487b44fc4844
364938f83e103e30
380e3d85357e3cfb
c494c94ec4a7c62d
c231c4d9c08dc4a3
c2a7c702c1b9c3f3
bc5ec1b5b8d1c1ef
41d1433843dc404c
41a84370416b42dd
40ae4901480f439d
4500481f45a5481c
c088bd8d38b3c1fb
3f9839df41843a37
42cac6f4c2efc154
3d9bc3d23c5cc38a
4128c1a7bebe31fc
3b13c044ac4cbedf
c7d5c23ac30ac2da
c4aac3f2c4ebc321
c508357fbe73c111
c243c003c2c9bfda
3b20bda8bea1c01e
b28fbd1dbd1fbe4e
c61bc47cc483c51a
c559c3a1c55ac3ff
c32a4607b642435a
c5e1b1bcc488b137
456c44eaba2c466d
be5db791bf16b85c
c143c877c6c8c78c
c152c615c4aac642
c9e5c81ec535c918
c61cc505c691c546
425a401644bb44e7
3fb2442342e94420
4af943cc47da4868
49234750494247b2
3786c46bc010c42e
4185c0973e57bfc8
c010c416c106c47e
b22ec0e72ec8c0e1
413548a247a943e2
42e6484a44f84812
b4804a7a48b944da
413e48fd425548d6
c417c1bdbc07bf1a
b8a5befcbb9cbeec
c161c830c67fc028
bfdac71cbf4dc756
4b6e480644614b1a
4636438e472d441c
4cd54b37488b4c4a
4886482148eb488e
b3b3467f3a253d86
acd33c10b7b33b21
c9a3c6b7c69dc960
c461c60ac628c665
c9f8cbfbc881cbe8
c55ac87fc70dc85f
c8bec813c483c90f
c6fec3f2c6ccc422
bef44067414a380b
c48a4338c2414236
b90fb89a3f87b824
c22e408cc12140a6
c4f5be2fbc58c104
c264bcf7c1ddbc0b
380746923ca8475f
b18e3a843cf339e2
4b6945683f414af6
47de3cf147d63d70
49dcc768c16540e5
48e3c2aa46e8c1f6
c76dcacfc683ca17
b806c6e5c1afc6e0
c76ec605c374c885
c331c3a8c410c416
c3ca4046bf3cc2e8
c330bd6ac238bddb
c7314998441ebb0e
c3ee4510c0e444f1
c0bb49c647c73e70
c03e4844b7934823
c209c7e3c538c51e
c766c541c750c530
3b61c7e1c40635df
b84dc4b5bcdac485
4899492d480c4a6a
486b47aa48ec479b
4a474b4b48af4b84
483348a2492e48ac
4a48488a48a84953
495248a2495a48a1
c428c17935b4c51a
b06e38ccbe2234f6
c4fdc420c333c4e1
c3e8c316c4b0c2ed
4808c2a335264062
46c5af1d45dd354b
bc20ca43c541c801
415fc5b03c59c55d
c442c908c796c65c
c1fec804c337c7e9
3b16c30ec6d33a13
c565c70bc49cc70d
c4a54644b69e3c64
c71c341ec55cabe2
ca1a49dc4337b7cf
c7ea44a7c5c9444e
c97b3e1abd9ac22c
c887ba62c712bc12
411b431b45c84145
408d45b842d345cd
be9fc04d2801c0ed
b02126db3c813705
22b1c49cbab3c0ab
3c29b7cb3dfeb422
420bbd59a8583fda
40f59e403e04af83
c45ac272c149c1a2
c243c250c191c23f
c5b53de1be8fb880
c6d8bef1c4a5bfe2
41a741c53c6943f5
b84f3b3f38ed395f
46bbc3083ce1386c
47233a5945593a67
48a2464344a546b3
492544ce47f8449b
49de4ca047f34ba4
4865483a47464807
b98c450d41ee4040
3ca442f5b4fa425c
c75fc556be93c810
c20cbdc4c2fcbd20
401943bf3c1e1dae
b6d93c7136933d4a
c1c3bc0fc261c0f2
c473c1cdc44cc240
c971c8e1c806c6d2
c892c826c804c82e
c5efc421c071bece
c4a9c17cbe30c0ff
c4f8c810bf9dc6b1
c170bf43c02bbf20
bd96c6d4bd88c4fa
bf95be16c2cebd19
48a1487345ff4897
446245b2447a4613
421640fd256f4010
412d382a41d437f1
c63ec91ec73bc92f
bd99c6e4c156c6d9
4370bc153d359a0f
447d3a4c43153bf8
4b7c4a6b495d4b77
48e2492649604914
465248414685481d
439446b5449e466c
c904c563c419c7cc
c627c430c6f5c406
c10b4316bf9b4110
c38bc0b8c3a7c06e
48534b6345024ac5
3ee7455d41ef44b8
bd77c249baedc2f8
baacb81cbaa4bb1f
c5f3c91fc55ec8ba
bcfac5acbf69c52c
ba7a41cebc3a381f
31a6b9ba364fba57
c86cc868c54fc8d7
c553c48bc5c7c529
cc37cdecc9b2cd17
c927c9cdc95fc9b8
bc90c57bbe13c1fe
bd91c074b8d7bf13
4c404c284a034bff
4a384a0a4a0f4a10
4a064a57486d4a37
49464893482e48a4
c475bdd7c289b9a8
c173c27ec43dc1f1
c976c728c7acc7b8
c869c7c6c83fc781
bbff3cdaba60b7b0
c2f1b8cec046b95a
4b0a4cd44a3a4c32
46d84a8548604a40
49f549de491a4a19
4810491c488b4911
3473c877c2c2c591
3c18c4233c32c408
c693c946c74dc8fa
c303c805c266c82e
c9a1c858c73ac93d
c531c7aec5bac785
c553c47fc247c58c
c1e1c271c3b2c1b8
45b8458f454445c8
40144610406e4570
47f946e844c8489b
43ca457144704524
3b03c656c558bd27
2aadc605b5acc50c
c29ec98bc60ac7d6
c007c66ec1f7c5ee
3d524531463a3fb0
406b470840af46ad
3cb04c1449394809
41cb49844396496e
c9483f2cc062c55c
c640c048c696c079
cc72cc7fcb3cccbd
caa5cb4fcb40cb6d
c7d4c915c857c7ca
c6bec87cc68ec876
4860490b45164a68
44e1450146134542
4c0e49b348a94bce
491948bc493d489f
48ec45c646ae4787
47c7470f47af464a
41c0406e3c3f4174
41313bbb407b39fd
45c4c49cc31136c7
3df9c4ab3c93c411
4645c52eb675bae4
442dbd2b44cfba9a
beae31ee43ccbfc7
422944044348444e
c7feb1ec3d1dc499
c1c63ec2c2193fa3
c5c2ae57bf10c3ef
c6a6bbf6c6fcbd31
c6413efcbf3bc36b
c73bb6c6c7c7baf7
c9a3c57fc611c86c
c6adc561c7bbc582
c352c8f8c8ccc6ac
bea1c936c297c920
4831bbebc0be4395
4530c3264443c25d
4689459445e14774
4540452146c34580
3a5b46d446ca45d8
3dbb4688444546a7
3f02460d44a74457
391f44fc409444a8
b661bc103e01b894
b0d53fd0b1ac3d8f
bfcbba413c3a3ccb
bbc03c2bbb8c3b0f
43b83da9b339449d
38fcb77e3b49b0cf
4409c6ebc5dbc41d
b859c5d9c042c5cb
c72dc74bc6edc975
c592c660c7d9c6c7
c8fd41a4b76fc564
c3bf37c9c45b3126
448b487c473445aa
460b479246304788
48ff439a46b1473e
4827461947b74669
3c0435d23e374215
380c3e0b3cc13e52
3ffa46963ebe46ea
b5bf401540803ea6
448a3fafba29443d
40e3be84440abc46
c7ccc98fc840c8df
c542c8a5c596c811
cba7cb37c89fcc14
c9cbc865ca43c878
bedec6cfbd21c6f0
c096bc88c379bf44
485a3dba413f4322
464e408a44c54063
455546e841274748
42dd413c4298410f
4477480644d4478d
419044a243244493
3e183dfb42853ed3
42f74292436c4281
c25339c4bba83c63
ae03b916321eb947
bb0940dfc06a4288
bdedc23db8f4c108
4043bbc22e0fbbc9
3bafb9183ab7b493
be97b161435ec314
2ca244fab65b4437
c245466a44ea3d12
c0fd4619beeb457c
324843b534b94002
bc9a343abcd83210
c2afc8e6c732c80c
c09ac6e2c3e2c70a
c76fc917c770c956
c559c6e4c5b0c6d6
2f2ab4babd06b1ea
30c6be003a81bc84
47144215408147a7
445c3f284432400a
325cb4ff3b77424e
c1ba3c21bf593af5
c4f4b807294fbaca
c4f1b4f8c060b106
45cc447440aa44ed
45db3c1f46b33f30
4b9f4256423b46c1
49a040ad4846415f
4268c20421e7be99
40f936beb8acb09a
cab2c4edc08ec83e
c67dbde5c6cabfde
c78c3a003aa4c2ad
c4633dfcc1a63e83
45c743b44295424d
41de42d6439642b5
434f40ea3b213ff0
43ea349f443fa9e2
c2504320bde53265
b9d3bf8fb47abfe4
c048bfdbc228be42
c153c1c6c26cc19a
3c42c56abea5b897
bcd2be33c06dbd5a
421348ac44f2487a
381f44cd3cef4511
403e4c4247484949
34a7477340094772
c4b4c700c2f0c7c9
c396c184c45cc220
c81fcd50c952cc01
c53ec907c79cc937
c356c826c4e0c56c
b825c51dbc5fc514
4592bdb93fc14003
45f43c3d46783e6e
48a4bd20434a41bd
4729420a46d84270
387c414c3d65b59f
3c773e553c9a3d4f
c83fb61ac187c5d6
c51ebfe9c479bfe6
c6ff3602c1a7a689
c7c5c135c60ec09c
3e3e48ec41594904
c4023fa0bd6c40b3
459a479b44124671
41844354433743af
4386355336ff3b50
445b3b5140be32b9
452e41333dc642a4
44573ebe3f5a3c2e
484547eb46f24634
46ab46b245d146b7
443c4689464c42bc
44c146b3445b4677
c313c03cbc8ec45f
b7e6b4f8beaeba2e
be76c995c5adc774
a592c5dfba87c5cb
c43ccb73c7a5c8b5
c0e9c824c03fc79c
cb57c94cc734c9a4
c924c755c866c6d8
c966bb31c0d5bf53
c93ec1d4c70ec189
3e5a4424acad4777
c2dbbd3eb6fabc3a
45aa424b38944522
40e92fe23fbf35b0
3239bc753c48c06b
3cb14040b7703ff0
c3abb8021b57c33f
bc1d3e0cbfa03bf7
440c48a7443f4347
465e452d446944b6
49944994481147a1
4a10480648e5480c
457e3f9b44c343d9
4674441e4653446d
413c3d1c44de4414
40af44ab429a447d
459541de41f94595
3d5f41553e49411d
3c0dc5b3c768bbeb
c433c82bc438c7c4
c54ac693c8c1c4e0
c7b1c8e3c778c8bf
c5313b7cc429c136
c632c3ebc5e4c41b
c572c034c179c52b
c4a3c11bc409c1cf
c7e7c91dc1c1c92e
c49ac03bc39cc150
c17cc5f2b907c574
b698b033b5efb234
457a45a844a544f7
46344469465e44a7
b188425143713e26
3f3943fa42d54379
c651c172bc84c443
c214ba80bf47bc1d
45d2464544b14607
476343af45e3445e
4a294921480c49e2
499f4739486147c9
38d73687c00e42e2
c026c053c0a5c029
c65ec5e4c840c201
c90fc80fc8ccc827
c62ac6c8c69ec67d
c7c3c622c866c652
c4afc3f3c208c56b
c424c210c4bdc20c
446d46c9453d4429
41bb457043ab457b
488e492948c34720
485c492048af490d
b74cc25c3f6ec18b
44a6400b449b3fdd
c571ca4bc418c7d0
a706c4e32771c471
41a0bb9a390c3c46
40902c0d40dc31ef
47524998453c4816
43474545440044a6
3f4b46153fb9446d
34a43ee838f13e9d
c218c123c3cdb84e
c3b9c43ac2d6c35a
c140c148c5d4bfc4
c5aec5d0c549c5f4
be3da9f1c498c293
c4d4c42bc5f4c4b6
c0a4c163c1c8c4b6
c122c0bec472c0ee
c0eec40b3c3dc2d6
b9243d9bb75b3da4
bfaebde241d1bb55
38d441773ff2422f
c2e9c047bc5cb537
3a33beed3b76bc74
c328c464c2c6c051
b778c273b8fbc2c3
b8d3c4a4b946c42b
b14a2cd734b0b5be
aa03c24e3a57c063
3bcb387c3df538f6
41d046ba44a1471d
42e943cb43bd43d9
4a264c8e49794bdc
4829497d4808495d
4b284b6b481f4a37
47fd485846c2485d
41c042df36373f15
a4b73bcdbd243aef
c601c45bc40cc524
c5c8c367c666c40f
c372c662c531c4a3
c1c8c5bbc2d2c571
c4bdc845c664c6b4
c180c6ddc218c666
c911ca0fc7a5c9b9
c76dc799c702c7a8
c70cc79ac42fc7eb
c405c4b2c18bc48d
c23930163f7cc0a8
3a013d9543073f3e
bec1b8e74077351e
be9441563e5a40ed
38a4c5e2c18e253f
c124c175bfecc1f5
415dbc44c2ac3d6e
376bc367be34c30d
46fd4a4943ca48a3
40f3442c3d75441b
4a364c8149064b2f
4778495446af4927
48a8477046d745c1
49884718477446e1
bfcdc557ac84c59c
44a6b1113ba2a67c
c60dc6d9bc7dc5d5
bd7cbc95bc19bbcc
c17131a63fc02f53
bf46404337a63fd6
b43d499745b1475f
c1814648ad0145c4
c43e42dc3c9e3aae
c5493da9c17b3d62
c889cc70ca32ca70
c803cac2c79eca61
3e0fcaa6ca6dc48e
c2decb1fc4c2cad7
4932445bb585461c
443520334166b340
aa2c46a044d0b8b4
41e1461b406745cd
c29642434298bd7c
3bdc431a3ce6434d
c2a0c3d7bf42c258
be26c00cbb0ac00b
c846c96ac547c93f
c4b3c55ec4dfc576
4626424545ab456f
457344e1454a44ff
4c544c864b744d0e
4a3f4b1f4b254b0c
beaf40df40273c28
c037408c2cf83ff8
ca88cb0ac9a6ca55
ca98c98dca38c97c
c418c613c86fc15b
c647c855c743c83d
c18bc4a2c70dc2fb
b383c6d3c2c9c6c6
bb4ac647c3c9c5e2
3e6dc3cdbf5bc36e
48094bb448c44874
451a493644854909
45474d6b4a63495d
44c24b1045c64ac0
c52dc879bdd7c815
b1e3be86b907bdf6
c157c9c7bf30c53e
b5c8c2053a95c119
483e49a948a14a2f
44e1483a48364857
453f41ea410244e3
42a940d1439d40d6
c006c67cc595c306
bc16c567c0ecc57b
bc89bf9cc447ba65
be86c486bd5ac446
c078c5abc54dc4a3
c0b9c602bf0bc57b
40ff44393c834175
3d8d3bbb3ea63a46
467c48d845e7481f
424f4690424045e4
c0d7c78bc045c4d2
c135bf35c414bfe0
c650c2b6c161c476
c47dc143c5a2c17a
c880405ebfe5c310
c6ccbdd5c664bef9
cab4cb7dc867cbf1
c8adc84ec8a3c84b
bfa2c829c183c6ff
ba4fc19fbb24c175
48e14a7447c94995
458047f8463947f5
4060484b428345ff
bd82429fb57c430e
c47ec36dc315c235
c36cc37cc2c1c2e4
46f0384f3d0744ce
47393caa469f3cd5
4abf44b645634889
4aa0453c4a454562
478440f24445453b
4912439b48c24437
44a045ab4543454e
46db44fd463a451a
b7c53e6b4014b7ea
32373f5d36d53e68
c92ac8a4c630c902
c86ac645c81ec69c
c82cc63fc685c5ef
c8dfc63fc8e9c697
3cba45f43d5144a6
c1db3e99c1423da0
c4c43416b933c16e
c217b66cc20eb691
c820c895c66bc81b
c5fac6b8c6ccc657
4622421e384d45be
32212c4137223526
485f48c6454747ed
417f45c24316455f
c2e8badeb57bc40a
c28238ffc2923027
c4efc655c29cc62d
c156c1c3c1bac167
3a86b8693959b045
43f3361144a63b55
c1a9c4822f27c4a7
42e0b91f440eb661
c568c8bfc1aac836
b97dc237bb8dc246
42be47b642d54536
3dc944083e1e43a9
46da4b7546464a2e
427946a144024641
465941a94028481a
43ab3d2e44523d3d
48efbe0a3d9d46e8
46b1320d46323b09
3f1eba53b532b5fb
4151b5383a992c50
c881c5aec53dc94a
c461c465c72ec4de
c39cc4cac38fc6c9
c28fc3afc4c7c46e
40bf457643304230
3bad4257401c4269
c0a144ae41073fbf
bdbb426a2fe642d2
c5bac874c64ac599
c5d0c5a8c551c5b2
bccec81cc591c372
c3bbc5d8c22ac5bf
300743da3cf54157
c17c3de1bb603d64
bf4642aa40613d96
c2f54161bfd4409f
c4a1c352bb49c4c3
c142bb3dc10cbc18
3140b80c39a1bc00
4135322d3d56380d
c459c5e2c23ec4d2
c599c375c452c3a8
40eebf10bd3f2e81
c100bceabfc4bd21
44fe426b409c44e7
41fa4187416c41e8
c5e1c2ebc1ffc17b
bc32c321b911c2b1
c5e0c874c846c73e
bd37c887c218c87f
c66cca45c98ec8ff
c4abc9a4c6bbc9a6
c9bbc83fc67ec8e2
c85ec69ac7b4c693
c4a5ba083a9ec2e6
c1753cb2bd233d25
48b74782471b4767
47e84745480a4772
48834c234a4c4a00
48354a2549134a29
38784b674a064665
41494a6d45064a30
40553e0143323ba9
401c450f3c78448a
4339c8e2c6e8c327
3c82c6b7c287c6d6
bfabc6abc840c286
c329c89ec652c8a1
c2f03cc2c2d140c5
c5a3c432c35fc3f6
b576c18ec0053cf8
c49ec100bf8dc014
c00dc697c2d5c480
c46ac221c413c21e
b6cf3c5db94ebe3f
2a632d45bc55b627
44be449f3f0c40ad
44ca407e41b83f99
c4f2c5aac494c6c5
c0f1c461c2b2c466
c7d2c531c2e9c6a4
bf38c42cbc00c3b7
4665412945484414
48da43d848b04479
44453c6342de3f58
432b429840fb4328
c1bc466b436340ae
c26c443ec0db4472
4247479f455d47d8
419044a144d64507
43f5c202c1994128
3dbbc3c2411bc3e6
c1cbc643c5c1c308
c503c586c470c624
c0fb3e6e42a3b464
bfa54489b81c43d4
44b548af48a645b0
45b3493a46744909
47b549c047c2484a
4687481445cf4819
3fd93e993dab4183
36ab3c38b4173e40
c7a1c9ebc6ecc898
c5f8c75ec5b4c6eb
c6bcc9a3c83ec94a
c4a4c85ac4e3c85c
b3e0c5f3c54bc4d1
bc09c53dc146c582
c279bea8c2c5c1cd
c291c176c4bec216
c43f3d7fc15cbc1a
c400bf6ec56fc03d
2417b946c1c631a7
c164c13ec436c1b2
c5fbc73bc69bc6b2
c6c0c6f8c732c6f9
c898c892c744c8d6
c5e7c80ac564c777
44114216425641e9
45ff409a47224200
49524b0d4a3c49e0
49e649ea4acf4a00
474749f349ba4910
47cb499348d54983
4981498249054a1d
46a5492848024910
49eb488c47ff4985
47d4484a47e34812
409bc309b7173309
440bb0604104b9e5
c52bc625c549c407
c451c504c4ccc51b
c60f3aeec384bea9
c841c368c772c276
c7e8c932c6fbc8ca
c6d8c739c7c3c71c
c8bdcbcdc7c3caa1
c5c7c7a2c726c7e3
c030452b3f38b3fa
c05a3fb4b9a04054
3f1d437b2e7f3aa0
32581e2f39b136ba
c5d3cb52c908c922
c451c8f3c5eec8f2
c0f9c2dbc001c122
ba50be7dbcbebee9
484c49ee48af4907
47eb48b5482248a9
4848487c472f48b3
47584695476f4680
4032466c431d4634
414e41e041ee4279
bea441683af240fd
b8ee37c7b66f3b96
b16fb8cab9b6b180
bec4bc3ebd46bcbd
bfb4be93bf62c3f0
c230be70c119bffa
c6f6c8bac67ac981
c4dbc5d4c525c60c
c19ac7fcc4b7c733
be44c426c0b4c4a7
2dc43854c0453892
beb1bce7c23fbf72
c0a5c2d8c5dbbd17
c392c522c670c543
43e3c2af3c543695
43723a5c42033d17
464c45cf48e44565
4615489c486248de
3e7349d046fa47c3
3acb469443db46b1
447348f643e34893
41c7424d441d42c5
46dd42fe41964637
45963ec945024087
2770be83b692b735
3abfb8ddac2eb84b
c7e0c5f9c133c6a7
c465bef1c465c047
c88cc63cc151c797
c69fbf8ec540c095
c65fc3bec245c514
c611c19bc48bc237
bf10bdcdbeb7c079
b97dbf19b979be4a
45a140e0402a3f6a
45513dc8448d3fcb
49d3445944e2467d
483a44a147a14496
45d9c0feb8003cf6
451aaeaa4113b898
c108c3ebc642c362
bfa3c638c4c9c656
b086453abe364201
c0e6be5ec113bd44
bb854026b08d3b38
bd082c46bae73474
c79ec436c1f2c652
c55ac18bc5d2c1b7
c8fbc28cc273c580
c892c211c810c25a
34e63ab241df403e
3ea741d0416941d3
45ce407745e54276
4856460847c545d6
c66dc625c51ec714
c5c1c52bc548c53e
c5ccc837c725c6a5
c7ffc7acc53dc75c
47473f9b43a145a9
4399442345af43fb
48ac489a478049ef
462b47bb4652474b
44b047c742814812
4299404d41f240a1
45d94898440646a1
447842e644a94358
44884615449a42b7
449444de451144d6
c63bc85ec113c898
bf66c152c039c0b9
c952cab0c62bcaaa
c5eec5fec758c5cf
c46cbff1c180c3c8
c276bfc1c4bdbf63
be72406cb910bbdd
bacb3408bfea37bb
bcbcc187b9b4c282
b991b4b1bc64b58c
415ec0a2bc643b65
3caebe713c3ebec8
4268be22c36040ba
400cc4963841c474
42d840bbbdcf4407
3c14be80b3f4bfe1
469e4be9480e4a5d
3a744850422c47d3
3e654a4747534750
bf9047ea3cc9475c
c52cc97cc295c878
bdcec299be7dc2bc
3b5ac73e382fc15c
46cfb2f545f53466
472c4bd3490149e7
484648e7489b490a
3a34450b414440fe
2c6e412d3cd54139
c790cc65c8afca36
c5cdc913c49dc8c4
c6e5cb9fc983c9c5
c5cfc985c69bc94d
c711c904c975c8c0
c853c900c9d9c922
cac7ca25c9b3c9f9
cadcc996cb45c9b2
c7edc670c58cc529
c80bc625c62fc606
487746e0454a4841
45924505463d453a
4a954c2e4a634ab1
498a4a8b48da4a99
475e4b1749aa481a
480e49dd46a749cd
4834483549084713
48b5493f48c448f3
49224bbf4a984aae
49904aa84a944a61
3d9447e8431f45a8
42374250436a42a4
c4f1c993c88ac814
c414c88dc604c870
c2ebc59ec4a0c58e
c4e0c3b5c505c445
c670b7b3c0b2c1cd
c79dc028c5a5c00d
c579c6fec600c342
c599c6b7c4d1c5ef
42ebc15ac085406c
40a2c1cd4062c195
40e0c0dec0aeb438
3cb6c18c3c63c1de
c8dfc9f5c768c9bb
c7b6c788c7c9c765
ca00c8b7c57fc990
c7e3c556c750c569
c1b1c62ac18bc62d
3ca6c1f03829c1d6
4114c3f2b9eac19c
446bba344062b8ec
45bd4aa5470c484a
40d047d6403c4777
49914d514a2c4bcf
44c64ab045f34a76
4a3f4a17499b4a76
47b649dc47a849c3
4593413043094713
43e642a642fd426b
c02fc79cc7f0beb2
bf66c874c059c840
3cc1c1ebc462389f
3a8dc593397ac520
34a3449341984022
3c5e40ed3f7640da
c941c6e9c4b0c97f
c5d5c45fc515c432
ca65cc4cc8d7cc8d
c629c8c9c709c89a
ca2ecc02c7a8cbdc
c7b0c79bc86ec770
c946c302c0bbc5f8
c88bbff9c7ffbfc4
c09b41ab38b73c11
c09b3c2fbb333b85
47b741f641234518
44bf41bc447440c0
4caa4df64be44dc2
49994c014a234ba2
4cbb50084c9e4f05
49fb4ca74b2a4c86
493346ee410f4813
471940af467c40ba
44e7c936c4c1c4c1
44fbc5243f43c4b7
c592cb03c682c98a
bcc0c693c30cc63e
ca56cb0cc89acada
c80ac88ec830c88a
c8f5c1a2c2a5c670
c734c21ec655c28c
c962b96bb453c66a
c7443499c6a925ac
c909c965c686c92d
c8bec6fdc841c6a9
b99dc731c6b3c069
c390c828c0c5c771
473844af3e804798
461639de46103cfc
483a43c5435946f7
482f434a4747434c
474040ac3f47451e
448b4001430a3fd8
47094a134697482b
420e479740dc4747
44a1498d481a459b
41b748fc4229488e
bd9cc19f3eb7c2f2
3adf40eb3d053fb7
c452bf6e3c5cc1b1
b9ef39082f043a3a
c3dc48764541433d
bd17451b3628452c
c3be3cd234c1ba37
beee33a3bdaf30eb
c4f9cc85c938c9a0
c389c9cac4d9c98b
c90ece50cc14cc47
c801cc55c886cc34
c891c900c9c2c860
c822c9b8c8b0c9c8
41ea47d9c02745f6
c159c027c27ec093
48b7494f45054898
42844517447344c8
48d94b0549c6492a
486c4a06491749ea
4a034a6449b54a17
4a2349e3499d49f5
48c5441f48004788
48cd48114843482a
b9bc45394779416b
38994772414b47bb
c5cb467141a133df
c4cd4247c1e7426f
be78c452c365c3a1
bea6c1d8c242c286
bc42c69cc467c493
ba8dc3e1c13bc425
c983c2d2c653c700
c83ac680c81dc68c
cab3c8c9c85ec979
c937c8a2c8bcc8bf
bed4cad6c6c3c755
be9ec784bf51c781
4466c879c561be53
4347c67a3fcdc617
4375c0e8bf4f3e5c
446fc1c94287c075
4478b48f419a4021
4499412c451c42aa
bb0ac3c0bd97c3c1
bdabbca5b830bc2a
c5afc4afc2c7c618
c58ec355c424c39d
420c48f847eb4706
3fac482142a24811
46d64d874ab44b02
44cf4bbb44b54b35
42f14dc049c44a12
39204add39d94a2f
46cb4c3b48894a03
402448f8417e48c3
410ebb19bfbf3e40
3b0ec0423961bffb
c3f2cb15c956c709
c043c9f9c27fc9bc
b9abcae3c823c520
3d42c91eb8c8c8bc
c47bcca8c8d5ca70
b788c951c086c925
c8fccc69c90ecbf9
c545c8b7c5d7c8d4
c79038e6b67fc2f2
c4cf3319c382333a
c20448df45354209
c0f144e0b42e4562
449745a744bf43fa
422344d243bf451c
48c9487948844886
47c548c2471448b9
4653492548cd48f7
449348944511489c
41eac72dc3a93eb1
b902c513b8ebc4f1
3d32c902c7b0c04e
bedfc826c0e2c83f
c1c1445f3b4abcdf
c0e83d8dbf323c13
be9439343050c308
352f3a78b7db395c
4107c085bc5ec017
43bbb533410bb1a8
2d024afb45f044bf
362d46f041044707
c584497541f34005
c44542e2c19e421b
c8e7cb58c8d5c9d5
c571c8fec753c92b
c711cbcac807c9df
c315c843c45dc821
3894c0f5386f342a
ba2331f930cc374d
47aabc723ef4475b
40673c3142453c54
489d3b953b104854
4408b104449726da
4096426c276841dc
3c7c314dadb7ac7e
3b2d44343e7f393b
36704215bf1c409c
46df489745d84660
465e46724538461b
46b14c56490949ba
472b48fc482548f7
c38244d742be3c24
c3054334bce74360
ca4dcc57c7ebcbb3
c91fc7bac8bbc738
c916c8afc4f9c995
c6a9c4ddc63ac449
c680c3ebc591c573
c4b4c5c2c459c562
c6a7cc09ca46c996
c1b5cab5c493ca7d
3c76ca80c625c5eb
44e3c7354012c6b6
4b5d4882485f4a0d
49ae48254931482d
4b264d494b0e4c25
48834b4049304afa
38b5497e461e4479
b30446843ef645fb
c10a44573d3c4098
c30d3b75c0363af9
41a046bb420546a6
b4654225327641bb
35eec1d6b682b7a1
b6af34c6b8bcafbe
c18aca9bc47dc757
baa6c489bde2c475
b4b2b47fb8c9be60
357fb615bb37b83f
c4ff4656bf9ebae8
c513b9c3c62dbdf0
cb91cb38cac2cabc
ca73caa1ca64cabe
c85ccd32ca54ca8e
c854cab7c77bca8f
4966463245ce4863
466a458f47d54612
4c2f4db14c014cc5
4bcd4c054beb4c29
46d3474547854610
48cf473a48394733
c639c8a6c46dc83c
c3b9c490c45bc481
cb16c8c9c70bca98
c8f4c6f1c895c629
c68d3c0438fec446
c15439dfc04b3c44
454944d343a244b5
445243d6430542c1
464db4e33993431d
44d3337041ebb012
4693456644394808
44a04377441f4384
45f24686406f4897
b89640d4388f40f1
3fb6c47dc580b804
c296c577c37dc573
43d044314011429b
411040153fe63e4c
40d44a5e479f4688
4011480e443c4798
c76bc85ec57bc8fd
c43cc574c2efc558
ca5acbffc95dcb61
c6bfc970c817c961
c878b7b8bd76c2f9
c50cbca5c42abc28
c3d5c3752f4ac408
c03eaf57b96b34d3
b3b9c8bbc0c0c614
ac72c0c4bd58c0cb
44de4194425843f8
412e44103c8b4361
408746cd406c46bf
36f2409e3d0f40e4
410f40a2bfdc452a
3ea3c2b541adc1b5
4586c16ab8f33df8
4597be3c455dbdad
3de4af913e58c0a1
41bf40363eeb3f59
457e4be5480947d3
440e489a424f4851
4362477b43f24405
4020449c400e443f
c526c932c4b8c890
c158c516c163c4ba
b967c517bf07c1ac
3639c0b0b8dfbffa
36ff43a6a0c544c5
c18b3335c08e2c4a
c885ba25c3efbffe
c9c8c304c867c307
ca35ca2ec856c9ac
c9ddc872c96ac838
c3acc882c576c5f8
c2e4c591c416c586
4a714a8f491d4a94
491f4911498a48f2
2a80c2a6c2492317
b9adc33eb991c2f1
4945b04dabb245de
46c8b9ca451cb9e9
4ca94c69492d4c5d
49a4493548ce494d
49ae4dee4a834cb5
46574aa0471b4ac7
c84044594191be26
c2c441e6bfa041d7
ca3ac98fc290ca8d
c53bc2c9c43ac2d9
c429c80dbd3bc7a1
bf3ebfb3b96dbed8
2a96c3a0bc0bc2d7
3f86bd433f0ebe13
3b5dbe42bd04bd94
41dfb8903cecbd58
2f2c455743934034
3e28451a3782448c
401443b4450c406d
42cf463e40aa4619
4691c489b5063690
4655a9d642bbadaf
471c3e8a337944de
44bfae2341ad28e5
c45744a6c1883fce
c6acc1dfc48bc157
cc09ca01cb0cca02
cc64cb71cb3dcb46
c9deccdbcb84cafc
caf1cc28ca2fcc02
bf99c2e3c261bf37
c3e1c35dc0a0c2c3
418f49d045e346df
418e469144534656
423a455744ff4176
4520450f449544f1
452dc1ac44962d2c
46d7445545224448
48c5468f4938473f
4924497c48934966
45a5481a4807457f
46f1488246214867
4010407b412940c9
3f9341e84027418d
440a468a444746a8
41ea43c0446543e7
449d4433413f4558
43893f0644704012
adc4c5e2c3d2bdb9
bfb9c4b9c084c4a5
c7fbc321c679c4c7
c85bc67bc878c67f
c21a483dbb3c3ee7
c338b6a4c3c0b4cc
45b044a138ff4123
42603c5940493aec
c6cdcbc8c8eccb0d
c529c89dc74fc8d2
ccbecd0dca9bcced
c9cfca60cac3ca72
c748c079bdb1c232
c112bd0ec1c7bd06
447e4644443b456b
43114452442d4481
3f35bc6d3c5c3c48
35493be73f2d3c59
44ff3afb446d460c
428843e0458643c8
4ac348ba470f4b22
479f45f948c0468a
42cfbe30c3503ce0
bcb0c4e6b926c404
c95ecc19c9a4cbec
c7cfc9c7c825c9c4
c04c2e631c3bc45b
3d1e39ba389f2146
457c4ce549be4913
46304a5745bf4a01
bf4b49164898437e
399e494e3ae048fd
b8e641c045ab3e76
b51e46273bbf45db
45064316431f44c5
3f784208409d4285
482939933e1f45ea
453d3bdf42e93cef
4976425a3ca84857
482e36f647563a3a
436f3c12bc6d42e2
44e3c0454510be5a
c822ca0fc712c876
c373c79cc4fac74e
cb35cb16c936cb4d
c9a4c8d6ca60c8e9
cb01bf6ec66fc938
c9dac544c977c576
c557c5dec5cfc66b
c4bbc607c3c4c5b9
44d2c84bc341bcd5
3812c42a3c71c3ef
b523445940f3404b
c0824202b4e8412c
bd0e47e3442d4288
b72e448232a14419
4b0b474046b648a2
48a346ab47734671
48f0462845c746ed
4694462045b345ee
c7f4c276c27cc3bb
c417c249c38dc255
c60fc597c4f2c423
c266c559c317c528
3d7844233fee3f7d
40f93dab416c3e95
bc0244863fa5abc9
40e53e2040ad3d93
4179bd4e3c013594
3f6f3c153d1d3a95
45f73d6744ce456d
3c8044f640914572
c7d9c5d8c0c9c427
c523c0f3c418bf05
c8dac87ec635c858
c435c621c4b5c66a
48684905466b47ab
45f4471b45c24650
4a4049dd478249b3
46c247db46d247db
b4c4c400c070be6a
b19ac154ad20c0cf
c220bce0326dc139
bb65313bb485a856
4338476144aa4420
431f44ec42d1450c
45d535512c484003
44b9b7ab4311304c
2cbdc6c1c457c142
bebbc51bc048c503
c56bc09ec493c086
c6fac4c1c6a2c501
cafcc81ac88aca5c
c941c84ec92dc84c
cccacc31ca44cd16
ca43c9dcca29c9ed
36b7bfdec0e63a9d
bd06c02dbdd9c102
4b363b2842cd4863
488c422046c341b2
3d7bc20a3ea5bc8c
43503e2b40083d97
b87b4ddb49e84ac4
3ad44a3c442e4a12
47fb4e794b044cc6
44414b0d48664b20
4100c710be19c048
3f05c1124022bf64
b419ca3dc5fac6f3
a99bc66cc087c61e
41c1c49abe90c065
3fd8bd9eaec3be3d
be81c850c3d4c778
3c2fc3f7bdcec3d9
c3a6401fb831c13d
be3fb123c0fd295d
c31e48da44df41b1
c39245b1b98d45b0
3c6cbe5b41943867
3c49413e4345415a
466cc622b6f93dc7
45b3bd27445dbd2f
baf2c44ec3b9b25b
bd20c45cc179c499
bc0c470338a04572
c0f53961be6e3631
481f4d6649cb4aea
45644a1a46d049e0
437b4888479f4301
44af47e8454847d7
c3d1cbb5c71cc964
babcc78fbdd8c6c8
c47ecc19c956c995
c1afc97ec44dc92a
c79ead2dc3d9c465
c50bc288c5a2c37a
c6d83c6bc010c14d
c656bdcac668c06d
4323c82dc574c052
c1a4c60ac388c5eb
98e5c8efc779c41a
c3fec7c3c4dfc779
ca6ec6c7c4f0c810
c7a2c479c770c49d
30c34848463345f4
3e4b462f425b4623
4c204c5d49ec4c60
495149d34a3c49c9
479e470245e846b1
45f7461546b045c7
bd9041aa4267bcda
42484239407e422d
bc35c06cb2afc3c8
4365bb233e41b74b
c48ec909c517c74e
c288c535c291c4cd
c780c240c12dc39a
c7b6bf6fc567bf2c
c2e1357fbb37b72f
c21dbc62bf29ba7d
41c5c1f4b3fa3827
40f5bb184012b731
44f743f844934420
442f451040d944e3
46784a0a45974849
446b462d40e9458d
4a024954444849b4
464b440a4626437a
48b044f64509481c
45d044db472e4508
bc45bf1c3e8eb30d
3b1c3e8740013ee9
c43cc758c46ec633
c442c470c401c4da
c680c810c67cc902
c6a3c5d1c733c694
c959c759c66dc945
c55fc62fc605c64f
c816c633c5e6c704
c1abc689c29ac5f8
c4cac803c5c7c803
c292c617c43cc5ba
c53fc67fc512c6d4
c5f0c518c5c1c51b
c61e3cd5bc1f2904
c5c6bbeac38bbbd5
bf8f44063fa342a5
ba133f19372240c0
4a40483045c949b8
4837452147e645f4
4cb44c0f4a1f4cce
49f94a0349b049ef
463a49d848e24929
4438494c44ca48d8
c44fc821c421c6d6
c0f9c31ec14fc3bb
c747cbfac952cabf
c439c948c61ec935
c7c1bd19bf90c62e
c532bdcec56cbe78
c45ab7443d0cc3d9
c2cc3d99c0e93cee
4328c437b708bc08
4346bb774175bbaa
4835466f42a5483d
47114269467b4170
4844466e42c248c1
43c24204456741d3
4856476544f448ad
4530440046f644eb
42d34a6346984792
464c4632466c46e4
c67942a9b855c32c
c06eb114c1e0b082
c9e2c9f2c7f8cad8
c8dac72ec928c753
c8becc95c85fcb98
c759c816c86cc830
bbd0c931c1b9c605
b975c1dabecdc23a
42c642d842e24524
3bea428e419c427a
bfd64806410b448a
c30e4293bdfc41c3
c5833bf3c0babe69
c512bf4fc57ec05c
be47c4c4c39dbd7f
bafdc4aabee0c451
430ec36cc0513e2a
4277c21e4254c171
464d475543734714
453942dc45db42e3
46d14c7b48b84987
45e848bc470f48b7
b945bdbeba17c3c9
b564b695bce9b715
c67accffc9c7cb80
c707c9aec901c9a5
bca3c341c0e9bb12
c0edc158c29ec17f
3f4b42b9449c43df
43b4448f44b74448
4438c6a9b89fc139
4562b980446ab572
48a9459f411645f4
45974122448941fc
42b14cb3480b49e5
3e224849423647fe
c31a48234416445e
bf6844163a8f4343
bb51c07c3d16ba8d
b4d43c613c233d0b
c2d9c691bdacc582
c169bc3cc12ebc2e
c8f5c8fec63ec96c
c7f8c5cfc7bbc5a2
c49a2e92b805c2b6
c490b808c31bac79
411f47f545424458
411944e941d34536
b817c209c236be80
4207c3723d0fc2c5
c069c9aac7c3c533
3a31c805be38c7f8
c060c721c44ac28b
c053c367c2f7c462
c578c1a7c48ac398
c524c421c528c4ff
c2ccc7a9c66cc53e
c286c6bac246c6ee
47ecc045bcb442f8
422fbef1422bbccb
4c624d884a8f4cf8
484b4a7f49664aa2
49954ded4c084c00
46a44c0f48724c0a
3f97407c443a39b8
427243a53e1d441c
3897b0c53f412f60
4189406238014003
c4a93c343d66c02d
c02f412bbfce3f92
c8b7cb29c8e3ca33
c6a0c8dcc6a1c8de
c60fcb3bc90cc8f1
c431c96bc4b1c926
be8a3c6531dab5b6
b89131a4b56638c5
c1ab2f612c12c0fb
bc493752b96336d6
c5f1c7fac4ebc634
c254c504c0a5c543
c508c668c434c2b4
c1bfc4e0bfb3c4b1
418343ad414144e4
3f7b40a13e61411f
47934ba048dc4982
4588491e45964908
483a4b6d487d490d
45f3488c47304884
491c3b483642456f
43bdb5314439b369
bcc2c9acc801c59a
c4fec830c5afc833
ca5bc6e1c58ac937
c898c4ebc8e9c51e
c3b942de41febf23
b1cf440ebd684369
36dcc113b492c0f6
41741ac63b7fb083
c49bc86fc5f5c653
c327c66cc373c646
3fd441fb3f6e44d9
bc7a3f9d3bdf3f2e
4523481445c4479b
43dc45ee458a4594
43583d503f5e4178
45073baf44893c92
48a647a64539488a
4739446f460f44fc
42d2488f430a4441
41a144203ffe4457
ca0eca2ec91acae6
c84fc8a0c8adc8a0
cae4cd1fca4bcba7
c94fca37c925ca36
386dbb113f35399c
3c0b3cdf40973cb3
4819499f481f47e8
46ef47bb473147ce
440e4405418142c3
4125411940a64192
441d3ca83f244507
3d583e3740423eec
3fd4baadb955404f
b422b8c8ad81ba54
c0d9bf1fc0d9c295
bf34c082c126c17e
c11c431b40bcbab8
bc5c40cdb5d2401d
c877c2dbc060c763
c6febf93c580bf7b
ca53c86ec738caa0
c8bac65ac8e1c63f
c0bb40fcbc89bbec
be3bae91c1fbb4db
4954483243c949b8
480c43d246c0436c
4c89484348314b90
4b4d47834aac47a8
4bda4a634a084be0
4a1049c24a3249d1
40a542a4429944f4
402e41e942754201
c8eacc38c996ca1f
c61fca14c6b2c9b7
c9abcca8ca1acbb6
c818ca44c884ca09
c6b0c04cc114c5ac
c5f6bde9c4fec09a
c63846963bf8bcf7
c63e3ed9c4933c90
c5afbea3c0adc376
c6a6c13cc588c04c
a75fc940c3dfc479
b59bc43cba02c3b4
3e37c4a2bc8bc126
4286bd0040aabc3c
3e9e4afa4687456f
3f8a468141b346bb
43ec49e7461946b4
41e34660421c4624
4427bd7db0f53e54
42e634573e8bb40b
447544b33dcb461f
405f3e893ea63cb8
45f1441d441646ee
450443ed44fa437c
445cb89c45b43e1d
468045d5472345ea
c0a4b9213b77c193
be973ad3b09f3bdf
c454c2cec53bc1c6
c622c622c609c5d0
c1a43066bd333b43
c499bf2fc3e2bd8c
a9673d37272d3c0f
c06e3813be353802
4838b8a5bad03d5f
46aab609439db778
448abb4caf3cbe15
477f30d043c43404
c8fbc8eac68cc8f3
c25ec676c519c68e
c9ebcb2fc897c954
c742c8a3c78ac8d1
c57ec115bf39c01f
c5f4c03ac274c052
b412495a44444764
c461437f38b3440d
3d3d47e9414846ac
c16b410e3bb04174
c0b7c4b2c174c37c
c260c0fec142c10b
c474c785c469c821
c175c448c430c469
be7cbfc9b949c488
3c29b2ecbda3b59f
4690468b480d43d5
4863485946434849
4b324bda4ac54af9
4a7e4ac44a164ad4
49ec4b2849a94af2
483849a348dd49a9
452c45a5473e464e
456d479d45d74727
44bb3c2436e44403
441533c440e83117
48974385bbb34808
4315bf994108bdc1
371ac55ac4f8bed5
c033c588c045c5bc
cc68ccbecc2bccb0
cacfcc2fcb07cc4a
cb98ca9fcb6acbc5
ca1dcb6bca33cb1c
c700c929c834c8ad
c7dfc81fc6ddc77e
ca04c805c3c2c88c
c8a9c369c6fac36d
cb62c1ea219ac850
c73f2cc7c4eaa950
c754c821c2d6c866
c38ac23ec2d0c27d
440cc4f7c05a342b
3e24bfd33495c043
47c8493544234a34
422d434e40da43c1
4a9f4da94a2d4d1b
461249eb477549ed
4e294e0a4ce04da6
4c514cf44c724cc7
4b8e4a2649fa48a3
4b9a4a6d4a7b4a18
4013a6a4440fbf08
48414463465e4453
3b61c22a4276be09
471e40e047064239
c167ba26b821bcdc
379cbbc83c3fb5cd
c2bb36e3bddfb79e
c221b918c225bbfb
c841c848c7e1c6dd
c8e4c72cc8f5c784
ca67cccbcb61cb1d
cb18cb43cb7ecb28
c796cabfc834c8dc
c813c7f5c82fc80a
48484c4348004a72
459a47d9466147b6
4c604cec49ab4c9c
4bc148e24b30493f
c6b2bbc3c01dc2eb
c67dbe5bc5c7befe
c16341c139dabf8b
c1683e71bf643d73
32f0b4f235f4b912
3c2239283c9837b2
c5cdc4b3c0b4c153
c24dc2a5bed1c15c
c03db327ac5237d2
b613bce83d2fb7ed
41c240e242f540c5
41b742b043f34271
4247bd683efb298d
420f3e97441f3e6e
448dba23bf8f3d18
4287c1354293c05c
4307b82fbefa3940
3d5dbe23b2ddbebe
c552c822c4f6c811
c503c349c771c41a
c8dcc660c59dc884
c788c4bfc82bc4d4
40e24839461f452b
3f39466840e7462f
4aad4ab449904a43
48bd49b748124977
478744203b2e46bf
4435382a40df35f4
bfdcc110c4ef3d2a
c1e5c608bed8c578
c106c140be19be63
c177bfe1bb44bdfa
b9fd352a3b24be06
b6b339d0a2df3b06
bf2343943fd63dbb
39453e6b3e033e8d
3bcf42f4427940a7
4426433a440a428d
be4fc64ec112c5fe
3bc6c004b81ec0b3
cae1cc4bc951cc28
c913c965c8f6c968
c9d0c820c5a6c8cb
c8c6c55ec84bc569
46ba49bb484b4861
436048d1439d48b4
499c4a6c496e49c6
47f949a0480449ab
2bc0bc2ebf923c79
b9a1c157b929c040
3dd4bd38c52b42e2
c0c2c620beb8c5af
47a84223b5194743
42f6b9d3441bba89
3ecfc478c14fc0c1
420dc122404bc1a9
394cc470bc5cc40d
43f2bbd73f20bbfd
3b01428543f7b59b
44f5441241854416
ca4bc481bf3dc914
c6c1bd4dc6aabdd8
ca9dc80ec406c98d
c995c30dc86ac390
4540479345fe45d8
3e75467140c74606
49d149dc477d4a46
46d747d5456847b0
3f4142b5b6a54601
c004ba5fbc1cb818
bec63bffc1fa4104
c35bc419bb43c34b
481c10bdaf1643f9
46b2bd9e4648ba82
47f6c450c0292818
4590c13543c6c0e3
c4eac48ec5b6c616
c47dc547c438c58c
c706beeac00bc4fd
c3bbbe51c2c0bedb
c8a1c717bc93c84c
c460b873c42dba75
c973c81abd8bc8ef
c53bb7a7c50aba64
417b44ac475242e4
45cf47ad450047c2
44cf486b46344673
45cb466e44214674
c693bd73c730c328
c7d9c6b7c89dc6e6
3702c422c5dcbb8a
c4c4c5e2c4cbc5c3
48703cbc435244ec
44d942c24602428e
493648c2484648ed
47f54835489c4816
4c434c4149604c62
498548fa4a1e4938
46b3458e425845e5
45e7402446a74151
c8a4c85bc4d9c8ba
c134c4e9c20cc504
c9dac889c613c86f
c700c5d9c791c62b
ca35ca4dc904c901
c908c92cc94ac91b
c8ecca79c97cc95f
c7dbc996c8c5c96e
c2a12da3c178c188
c1f2c0ecc3d5c144
403f4546403f3fdd
b8d9414c38334060
416ec215b813bfd0
bba8b09731c8b301
38efbc43416fc0dd
b811423d341841b5
47ee4a2d496a4898
468c499c47344956
4ad54bd349a64c3e
4a25499c49f449c1
429f468145274699
467e452345d545c0
c4cfc4c9c16dc543
b9aac168be5fc12f
bd30c85ec6d7c50b
c0bec723c2bcc6e8
c009c445c407c28d
c47ac459c434c41e
c68ac0a5c199c494
c6b9c240c5bcc263
c3bac1f9c45ac047
c372c4a7c269c48a
403642323e7343db
42313ef142cd3eaf
461048254843470a
461d487046fa482d
440c3f0a420d4187
3f0f4250408841c6
c401c6bfc64fc51e
c436c607c534c5d8
c6f4c560c68fc6f7
c4abc643c65cc626
bd1bb62cb7a5c16e
b643b8d7bd94b8ce
4110b7ca4121b8b5
40f840e741a840af
3da4b8743d91b6a7
408c3d9542523c04
4275425e3f034245
439f3cea44113ca9
3a583df13a8d40bd
3a5e374c3b5b3af6
c6fbc524c271c310
c841c1b4c76fc157
c30cc291bfb7ba96
c68ebf17c595bffe
417d43b3417a448b
429a40b841fa4115
427b48414490458e
456b444344e144cc
44ce44713b854163
41ea3bf63f3f3c75
ae85c150c3d3c3ed
34cdc2c3be30c36c
bf87b2bdbc44c272
3edab94f3cdabbd7
46ff3ab941a5419c
45aa413245e84126
4454c019401f3b00
3ef4410e3f334065
c650be7bbd31c274
c5abb9e2c54dbb8c
c872c556c75fc446
c8a9c814c838c7a4
c3bdc6c8c668c0c1
c66fc73dc4fbc6c0
43094469457844f0
417f45764479458a
451c48d949bf467b
470349e6485849bf
c0fd3a634339c0e0
405f442a400b4366
c0d9b980c032bfe0
3b5bbfd4bd5fbe6c
4817385b38434416
452fa5f042fd378b
438cc0fa3cf62b67
3d873dde3ccd3945
c5a23ef7c0a7bdd1
c5eabfb6c57cc13a
c53dbcf5c835c1b7
c677c89dc657c857
c79bca7fc9e1c93f
c621ca2ac71ac9ed
c793c8ecc616c817
c58cc58dc688c5a3
44c748c2464b46de
402e46b541c946a8
4a7a4c0649cd4a53
492149cb495c49cd
44e03d4a426040a2
46424299452842d5
bb36c611bfd2c2f2
a9debf00b30dbe36
3bc1c19e3e1ebcf5
3fa33dd340b73d9d
c22fc462a5b7c111
31cbb7d23689b9ec
c435b802b8a0b44c
c0d7bc44bd90bd09
43db455f42b5449b
3eda42a040f34269
44e140ef3bcc41ea
3ce03d0a3c723d4e
c1764242bef33ca6
c404bdeac34cbbf6
c41247b23dd24285
c43b3ec1c3144031
b122451b3fe140d0
bdf740c3be8a4025
3e7db68fb154bc66
3e3836c73627afa5
3c10c529b93cc2f2
4181b9c9407ebbdf
b9b4c9d2c409c662
3750c4c73d61c4c2
3e91c853c480c231
3f7dc5184056c4fe
4184406b3e5940fa
43983c63421c3c95
c3363d483c2ec0c7
be343cf5c12d3d02
c896c95fc7fcc996
c7b4c725c87dc6e4
c84fc94fc84ec829
c77dc87cc7b0c83b
b8e4477c417a46ad
bd3d3db539a73e9c
45c94c1347f34a30
42d1481244ad47de
43c0495c458a46e3
412846f03e8f46ab
46a848ab478e47ad
432d47e843164802
49b7439944ff465c
4650448c46aa44b8
4190c5c0c043c225
4159c03f4169c04e
c81cc748c138c82f
c32cc01ec0f8c12d
c65cc669c201c6f2
c3a5c0aac3ddc1f3
402fc5aac4b7c1d3
402bc4cabb6dc4b5
3fe6c0c6bef6b139
4387c176400fc0b1
c4d5383e3006b4f8
c100b7eab8cbb8d6
c0bc417cb97e4056
c475b81ec0caba0b
454a3fdfabc244a3
37a7af2a34483231
c12ac66cc3e1c45a
c060c3f2c309c31e
c84ec3d7c288c741
c3f6c146c482c1d5
3eb8480b45b4413f
446c45ea44b845bb
4465448045d443a1
45ff44fe46ae458e
bdf4a93640333a29
ad463db83d6d3f45
375c44cf410842a3
c0264121baec4126
47c144e64042466e
34b340703b5a40a7
45fc31f83703442b
394838833e3e38d9
c1cec3b5c184bdda
c0d4c13dbfabc10f
c33ec5f2c5a3c4bc
c13bc5edc3f4c5e9
bc5cc57ec57dc6f8
b2a4c540c411c5fc
c2b5bf3fc099c570
b6cabac6c2c3beb0
bae8453c438f41f3
398f45073ec044c7
3da5438944f341c3
4388450444d044f9
bd2cc4d9bc42c458
4289bf1b3db1bec6
c19ac32ec1e3c20c
bc6bc3ccbfa7c2da
c0d4c338c1e4bdb5
c490c342c2d9c1ad
449532a23887441f
b47437fe39163a12
47964a13467549ad
42a34659451c4619
b574477d418e44db
b90940ae3eed405d
c33bc330be1ac276
c13ebe0fbc0abefb
bed5c2e0b5b9c440
bcc3ae6ca435b493
ba45bae138fec1fb
3a133a083c4e3a6f
42043e5641603c4e
440f41e742354196
38dec125bcadbf0f
3af0bccda966bc75
c497c6cbc6c0c484
c4a0c6d0c540c64a
bb0b2bbac34e3ed7
c049c2e2c45ec2b1
39f4ad79bd51b492
3622bdc5c14fbdd7
3da9c26b3b8dc08d
3fc83c503afb3c5d
3fc044cc451044bf
4222456f4427455e
bdc048774433456c
389344033feb4444
bf40397c3b58bebb
b9203b03bb183974
3dc1c42d3216c072
3ae6343eae73b562
4157bf31a4223c9a
3876b5153f01b6c6
c152bf3bbf38c251
c20ebe632067beec
c629c0bdc231c588
c3f8c14fbff3c1af
4480352dbd864197
409fbf403f3fbd69
48fa3e20b9244552
4462baf6400cb9b9
3fa541b834103e5c
3baa386cbe08354e
3567487f457545b9
3d6d458d3c8445d1
c2f9440841b1405f
c370425bbf894266
c71cc3cec0ecc358
c66ec0bdc502c0fa
b6f2c08abba5b177
3612bfd13988bdd9
43a4bdc4281c3bcd
4423bcc24419ba0f
3e44c11dbb12c139
4469bc3d4357bcc1
c38dc82ac353c8a7
4071c1f53848c2b3
c6f5c99cc4e2c969
c310c428c3ddc4a3
c7d5c4fcbf49c5fc
c6b8bd7ec562be41
c87ebc50b438c4ff
c66b3882c63638d1
ba6d42fa3fa84087
c40941e2c44b4124
4c544a8246894c8f
457545c7462e45c1
4ce54b3b46c64ca6
49b944f849ef45e5
4634475a427c4728
463741c345bd42b3
4049471141e244f1
434d425c41ff4132
be0542823e7dbb5c
3f353e373e583d09
c699c98ac4ebc975
c221c461c402c421
c630cb0fc824c947
c43dc7b6c598c7a2
c8e5c801c738c896
c5eac736c5b9c727
c865c5cec440c6f9
c711c3ecc599c3c9
ba2cc23cb8e9b79a
c492b72dc206bafb
386d41083b2f4104
c2982f4cbf7eb50b
304d47f3440344b1
afcb42e23c4f4346
3e07454b44904257
422544ee42ef4541
b9ccc66bc037c54d
40a3c0303881bf95
41ebc532be69c0f6
468ac02c4204bf43
49c248da487048a2
4a0d48a6491a489e
48b349ea4912488d
4789496a48094952
42ed45c84277457e
4015416241bd41de
45e945ae3fa7480a
3ff33d0043253d4e
3d48c138c2a73bca
c47ac27cc146c30c
c9c9ca3bc9a6c945
ca23c990ca3ac9ae
cb22c75ac821c884
c978c7e9c99bc80f
c8e2c6bdc4cfc72b
c80bc469c738c49f
c2a2c575c076c618
c0e4c02fc107c013
43a2463244013e80
458c441744d34445
478a46a4457144c0
4723459d46b04567
4470c10e3fd4b255
443c3fc443c83ece
c2a3c89fc4a7c5d1
b36dc52bb4dcc4e6
c55ebf56c413be1c
c24ac466c174c3b7
46874b0946af49ec
430f46d64203472d
47d147d54462482f
44fe441d4279443d
c818c87dc74cc7cf
c5fbc7c7c6b5c79e
c70dc5eac417c611
c791c327c715c3a8
418f423b44454051
bb154528b5b2448a
3d763a8e442934df
4230440c43f84421
442f45d4466d44a1
47dc45d948a34633
498f4a9748a349e2
491b485f49c0483a
479e41ce43644415
464a42d346954230
2348c845c4b9c607
b9f1c488beb0c49c
c3ffc593c631c531
c40dc5dec574c5ec
c859c466c51ec5a6
c5fac4aac6d9c460
caacca5ac8f7c9a6
c9e1c8c0c9ecc89b
b81c3f5ac15842a8
c611c11dc585c17f
48ff4cdf483c4c11
418e4842444a4834
c411b44c3793c046
bd6835eaae3e3882
c527c9fcc46cc866
b5e7c4edbb74c4d7
43e9baf633582791
446eafa34161ad88
b5dfc47cbc33c494
40babd783c92bcf4
c5b5c9e6c5bbc8ed
c0d9c607c1f3c61f
c0b74228b8d8b66a
c0d7afc6c079b80c
3f334b0c48634733
40c648bd440548a3
462b4307470645cd
45db47174664472e
4b844541463f4a9f
484846214790464c
49754b06477e4b4f
4589474f45ec47ab
32d644023e233d82
34633bdb3b603ce9
c42cc82bc50dc757
c074c51dc291c545
c9ecca84c9dcca48
c826c98fc8e8c980
c8edc848c8e8c8e9
c6d4c8f0c75ec8cb
3a743e7c3fca320f
3e813f8d41bf3d82
38d7440446993a6d
3f11475e43c046ab
bcc23e753e79bf2a
be323f1fbc013e9e
c645c714c7c7c649
c808c815c81dc832
c65bc694c4e2c138
c65fc553c57bc5a8
42dc40e5432545db
3d9b415e40e841ef
38153a07bbe7b50f
c29cbc66c246b604
be983d94bb47c03f
bb7b311fc146390f
471a3c0e3c6242c1
47d03e5244df3e90
48f93b3c349344c2
48492b3e46a12e59
45eb47d546b24664
48f646df485c4710
44254739485d471a
46e6486547a14865
45ca41d3451645e8
3f6844944516446c
c10bc398c180c162
c0d9c2b0bcadc24b
c896c3cac493c62a
c544c4f2c566c4e3
bfd4449c40753f0e
bac73e9938103db9
c0f1c1e1c0afc2ea
b9bcc1a0be57c175
c9d9d1cfcc85cef4
bc82cccdc36bcc94
c8a8d054ca9ecd13
3763caeabe70cad2
4ba64cde46d64cc1
4766473a45f646dc
4f3d50d34ae24ffe
49944b49486a4b2f
4cb0500c4b674d88
475b4b9e478d4b64
c440c141bdd5c42e
c6a5bf17c479bef5
cc7acea6cc5ecd98
cbf5cc5acbcccc45
ccc9ce80cb51cdc6
c9a3cb27c9fccb38
cbe2cb91c4aecbc2
c808c457c68bc4cc
c807cc6ac4bfcae5
c01fc50cc06fc507
c7aacce0c8efcad8
29a3c94fbfeac91c
444f4ed748724cd7
3ea3489f443a48a6
503b547b502f52d5
4aa9504c4cba5044
4bbf4f1f4b594cbf
45184b9b471f4b7b
ca4fcd99c75fcc9b
c08ec7e2c44ac793
480fbaac468a4577
4af6455a49ec4614
4743c242a5173b71
474fb63e453bb4a0
c168ced8c8edcc31
3f2ec8c5bf53c8f1
bc97c8e4b9c7c473
4093b85c3ec7b800
cab1c66fc8fac8e3
c9d0c917c959c90a
cc32cd47cc17cd0a
c9aecc2eca77cc3e
c177483740974486
c366416dc0c5405c
4b5750764aa64e98
40a94af344914ab8
4a4541ea3a6446c9
45d5343443cd34ca
b6b5cc6ac4f8c820
3a8ac564b662c50f
b0a44a8944ee4718
c40345c5bf124614
c637496742793df1
c7704476c519445c
cc67cd72c7faccb3
c83fc776c7eec7ac
c2dcc871c366c40f
4250c48640c3c3eb
494540fa403346a3
4920390048c73ddd
4272c877bc69c532
40a5bf324166bec7
c4b1c07fbc76c5b2
c28fb52fc1fdbb5c
c183486e43743eaf
bf7d450abb91446c
471f468c468c45c7
43d046bb44c6469d
4c584b7b48eb4be8
498648a1492048a6
493d4c38468c4a79
45bf465b458c460f
c6b4c821c683c673
c485c6b9c565c707
c85fc805c615c3fb
c2ccc68cc5abc66e
bc174625b5f14594
c0f4ba1fc2d7b1e2
c6bdc9dac8c2c8da
c809c8e3c83dc8a1
cabbcc41c861cbff
c5e3c848c5f7c858
361b446944e63f5f
420345504348450a
46deba8f39c03d85
42d63aee406a3b57
14c4c5ce3192c3fd
35ba399639143956
46be4bf64a84497f
43904adf47a44adc
3e413b15bc013820
b890bce33266bbb4
c5ccccd3cb14ca51
c053cb66c500cb4e
40534299417d434f
443541ac440e414a
b9054649475b4278
b9e847983df14768
41b1c10cc0eab803
c14bc238bfaec1f3
493849393dd54974
3ccc3b4140ca39ac
be9049e1456b46a6
b80c45ad3c2d453f
c4074a6b47da44bb
40f34825413a483c
42c044c24409442d
4234441c41614474
c823ce44ca85cc0f
c533ca71c793cab8
ca1dccb1c9dbcc4d
c459c9a4c719c9f1
304f3faeba79bd6b
3442bcf834acb8b3
46f4bbe2aee041ac
3938b95e385b2f30
4534497846f74892
435b4805402f47b8
c615481f428f4089
be29445ac0214409
c5c3cca7c9b0c972
c598ca20c664c9e8
4989bf83bab2457d
44fec086443bbf32
49384e894a6e4c9e
467d4a2c489b4a3e
c6e33aee33cfc460
c4203975bec735c0
c9b6ce6dc903cd2a
c684c8adc786c904
29abc53ebdfac209
9d42bee1b8d4bf72
48524c2748354a7b
467e481a473b4831
31a8446e45233f00
3c5845d2417c457a
c720c8d4c2bbc80b
c58ac2acc39bc2ed
4b114a2b48bb4b8a
4981486649dd48a7
4dd24e5c4c874e3b
4c774c8f4cb34c9d
c1ebc8ecc802c6ff
c473c819c542c7f2
c993cbadcb54ca73
c8efcba9ca4ccb81
c5434819b8e93d4b
c4893166c541b238
cd28cbbecaa3ccb4
cc09ca04cbfdca38
ce1dd02dccd1cf27
cc40ccc7cc96ccbe
c566c33bbaf0c118
c14bbc97c219bc3c
46bc4c0b47cc4a79
456447b046874765
4b6d4c1d48c14ac7
49e048d04a07489d
4c064aa848b54987
4a6d489c49e64887
423ebbfc3ff13d85
44c53b8c43153dc9
41e93b0c466f444a
444245b545324664
49473c9944fc4511
442e4509450644f9
4879bc88c145423a
3df6c038b961c152
c04d49193d6f442d
2f4f40d9be554008
c929c89fc651c937
c4d0c644c54bc5f8
c7dfce57cafacc34
c8a4cb6ac846cb12
c987c429c446c74d
c97cc43ac732c42c
c84d48ee45b83cfa
c51a45e7baa045a3
45a74ac84972495a
46d64950484d4965
4a004e224bb24ce1
49eb4c014a554c03
4648be853ee5425a
460e40be44893f0c
b3dbcdd2c8f9ca08
3c17c918c23bc941
c52039b9c24bc129
c25bc2fcc4b7c25e
c8c1c42ac7bcc5fa
c925c7ebc8d9c7f2
bf94cdc1ca74ca56
c534ca8dc6d3caa7
450ec09ac229baed
401ec2dd397cc25f
c4534cec42f54590
c482437dc16143dd
c639491d40423d20
c61d4129c42f410d
4426bfa13fe53eeb
41fb3f98423a3f39
4186c484362dbb8b
46a5348b44e534c5
41a7c3de3fa4b823
47b23e0045363f3d
4a4d48fe49304aaf
489a490948994915
bea946fe428c448c
c04f4339b248435e
c8cbc7fac672c7a2
c649c67ec55dc5fe
49b9bbce42864595
45b941d5460e41eb
498544314828469f
4773482048214808
c0e7c400b73ec435
4028b77a3c3eb93e
c2e53cbcbd10c246
c1b8b96ec257bd4a
c9a14462bf55c567
c9cbbc3cc871be4e
cbaac646c8b0c985
ca6bc89bca1ac8bc
41e8c552c4a5be9f
bbc9c496c277c4e5
487144ef42254787
3e2b42c83de342d9
c40048fc4065455a
c21d4149bd8841e9
c675c3d4be30c4db
4058bd883b79bcf7
c7c3cc8cc773ca36
b90dc80bbf52c7c0
bfddc34cc58a2db1
c31dc6c9c0adc60a
48c644513fe3477d
465c3c5146143e83
4833b9a544e7439d
490144774878448e
48c84a9b48904a10
48274869484c4864
481b492347aa4667
460a47d4458047a6
2cc4c8a6c1c2c8f2
ba2dc0c4c17ac143
48a7457a3ab44554
404b3b703c6f3c4e
48e64aee48064b4d
4614481547374820
cc5bcae0c4d4ca93
c890c412c6b9c47e
cd99ccf0c985cd5e
cbe0c946cb13c98b
c598bda3bd0dc255
c4f7bc82c488be86
38bc4a2a436147f2
b7c2442531c5440e
44e84c1a43d64934
3c3244413a7b4476
44893a0d3a2c3dea
3f393af22d8b38ca
c66bcbbdc79bca15
c44bc7a1c5b5c7ce
c905c9abca3dc93b
c8bcca60c8d2ca35
c51cc37fc85abec2
c844c88fc719c872
c16cca8ac547c684
c277c628c116c5a0
c385cc61c4a4c9bb
361cc53fbdaec47b
adbb44ea44cf4147
43f6451041fe4507
4c684f5d4d7d4de8
4ce34d7a4d264d5a
4fbd4e004cff4e57
4ed84cd34ec34cd5
4d254b1547694bac
4a3f478e4a1447c2
bfde4be4462746ec
c2654763b516470c
cafdc7aec19bc8fa
c843c0bcc6c7c15d
b85fcd1cc6fec9a6
bd37c78dc39dc782
48f1485545ab47f9
45254589427245a9
c7b0462641f13aaf
be8241debd234276
cc65cde9c8e7cce8
c6eec905c73dc8ff
b92dc093bbbfbc98
be71b8f2bbbfbc71
4bd44eb548f54dc4
45b5491f47074907
44a0c03cc49e389e
bc1dc4c2c04fc492
cdd3d002cd18cee4
cc98cd19ccb8cd18
d03acf12cd92cefe
ce5fcd97ce08cd90
cc59c8e7cb47cacf
cc0bcb34cbd5cb3c
337747dcc31533f4
c529c251c537c2ff
45a74696bbbf446c
c0f1bbffbf67bcdb
c77eccbdc9edca83
c8daca09c8a0c9eb
ceffd128cdb5d04a
cb70cdc5cc44cd9d
c45ac73cc19ac517
40f8c1663174c133
4fec50584dfd4fda
4cd14e124d0e4dfb
502f4f1b4ea24f79
4e824e814e784e87
505150064ff65065
50a44fca50694fd7
50b3531b514d521d
507b514e50aa514d
4ee0526e510a5127
4ec551154f7d5114
4b844b3c4d244c05
4cb04d3b4cd04d32
c42bce83c9fbcc1c
c374ca04c479ca0f
cdfcd0d0cedcd01d
cd6ccedfcd79ceda
ce7ccb2fcc8bcd31
ccebcc71cc9ccc78
cd3cc7cdcc0ecc20
cc4fcc0fcc30cc0d
caa3cc54ccd0cbc2
cc8cccd7ccd6cccb
cb5dcd46cce8cbf8
cd02cceccce3ccea
ccd6cf3bcd54ce58
cbf7cd69cc46cd6d
c946cc1dcb1dcb5b
c9d8caf6cb2ccb2a
c79bc4bac827c451
ca0dc812c9ffc837
c81ecba4c6edc90f
bed8c790c194c744
c4c2c940c139c624
383ec17ab92bc0fb
b887496e43bf46b6
c5e24460c225445f
46684d2c49ac4b13
3dc849ba45dc49de
487b4dce4bdb4b90
48884bd64a1c4bfd
4b144edc4c4e4c5f
4ab04c5b4a9d4c4c
4d884c0b4a3b4c46
4cc94a144c0849f2
4ba6c64642b645cc
4c0c41144a98411d
413bca873a74c44b
4806395745a83ae2
44e5448a488c4496
471c490b4621490a
4b944ffa4d554e02
49704d8f4b0a4d71
4bb64d2a4b4c4c56
49ca4b344b3f4b2c
3d0dcaa2c632c72e
43aac6ac3f0ec668
c789c6c0c989c6f1
c59ac989c817c9a8
c73ec659ca36c7ec
c930ca40c9d7ca49
cdd5d117ce0dd021
cd11ce2fcd4bce07
ce03ce6acb80cdb5
cceacb7fccc6cb72
c4ca4d8f45de49a7
c8e946c9c68d4605
ccce441ac508c755
cc22c4afca87c4f8
cd04ce2fca6ccda2
c879caa0c8d7ca68
4cbe3dd948c94974
4c7c488b4c2148c9
4e6b49d14ac64c98
4cea4a4c4d304a6a
44d4c132bd9a3dda
43e8c101452ec0bc
470545b7b9594788
3980bba4398dba85
49a94c3b480a4a56
44bd488341db4873
43a54ce04ad347ec
456c4bbf43f94b70
bf544dd549d848c0
3d724a9242144a25
c5e346babe4f3e50
c0ecbd65bef5be89
4935cd53c8eac539
455bc96c3c79c912
4b1dcd3cc6efc147
4534c81e3f74c799
cd18ccffc968ccb1
c995c98bc97bc9a2
cde6cd53c9d9cd75
cab4c9abca01c9bb
485c49a646a948db
4109469544dd46e1
bcab4c96478f482a
c045479d39aa4796
cda8c949c8ebcc18
cc05c8a7cb20c8ca
be0cb9d5bcecbfc4
3eebbd43359ebc59
4288446743c241cb
480542a746074343
b24eb511bc803c26
c2febe57c094bf89
4dba4d3548734db2
480b4833488b4818
495db42a338e449b
45ce3748447e3922
cb39ce55c9caccfa
c533c97cc6ecc970
c4dbc59bbf41c58d
43a5bec7403abecd
bbcd3afd407e291c
37f440c13dda4070
4141483847524687
c3aa479fb2fe4745
4a744daa4a014c44
43684a13452e4a14
458f4733422e457c
43ed417441ed4295
4398c12a3cbc3bb4
48973a8d46e23c4a
4bcc4a3b4a6e4aff
4d074aba4c514a82
4c674d0e4d0a4cbf
4c3c4d354c674d23
40ac42e144f542a6
bd8044c13c6444d1
c941ccbdcadecb87
c977cb01ca22cb1d
c935cb90c908ca8e
c802c8f2c913c92a
ca64c459c75ec865
cac8c748ca47c744
c927c8acc9b4c95a
cc14c9d7caa3c9a9
ca30cc7bcc0ecc00
c89bcc33c8d9cc2f
ccdccd1bcd53cd17
c516cd83c955cd66
cc20cce3cd06cc45
cc59cd1acc5fcce0
cbe5c53fc9b0c786
cf02c971cd3dc968
ca994b1e3eb34267
cb044082c8803f47
c7653ba5b82ac2f8
bc86ba1dba1cbb70
3c45c9b7c3edc723
47cdc45843a3c4aa
4c27457d48f74932
4d4c48f34c1548ea
4c5742cb49e4492f
49a34a194a2b4a2f
4cc847ca4caa4a2b
49d84cec4b064cd4
50a5506250b75076
509d50bd505950b5
50e851165073511f
504a506250625061
509b506d4fcb5078
4fae4fc550014fc4
50f0503c4fef505d
51ae4fc050de4ff1
4b484c104a874ba8
4cc84a464c024a93
ce51c928cc1bcc66
cfc6cb89ce73cbf6
d0a2cc92cf1acf36
d10cceb9d0b5cf02
cfe5cd30cf0ace7d
cf41cefacf55cf05
d117d16ad105d115
d0dcd117d0a5d10c
d186d2d0d1aed212
d124d1c7d117d1c0
cfe9d109d03ed06b
cdedd055cee3d047
ce37cfc6ce64ced3
ccaace96cd43ce6b
c80bca4cc67ec8c7
c862c728c5ddc6c2
45b7444246e0460f
4110465a456846a5
480048f4496248dc
465d4940478f495c
4d794f3c4ea44e56
4cde4ecc4d7f4eb0
4e6e4f914e0a4ea3
4dab4e594d9d4e28
4e1b4ce24d124cf6
4e954d4c4d644d2d
4ed04e9e4f4a4e71
4f634f5c4ec84f4b
4bcb4cda4c8d4c83
4b5a4c864bf64c8d
4ae54b884ad24b42
4ad24af94b194b00
406d422042df4085
408642923fe642b9
40d84460470d426e
438c46b3447a46eb
bb1cc1f042c3bc24
b86b42e03c2542d9
c83acb4ec534c8d1
c795c4e5c7a0c513
ca92c4b3c64dc777
c934c629c909c65d
c50d430dbf46c06e
c246bdfcc0bebefb
4591b83a3d733a4f
45763e0044cc3e6c
4796436a45e04600
489d4545484745a6
43f03f9d446a40d5
46ab44384787444c
c47cc921c4cfc844
c310c450bfc1c471
c65ccb0ac990c82f
c83fc99bc830c9bc
486541dac01846bf
40ddc16d39a6c15f
4a0e4cb6487d4a3e
470a4882458e489d
c329492d41a142d8
c518435fc4d34266
c102c1b7c3c2ae53
c483c35cc48ac3ff
4375c30db531bc37
443bbc0e4210b868
c0d93c0f4443c03c
41b744204113445f
c18b444847d73dee
406b483a4414482a
3a1a483747ca4549
3f8647d745564802
ba54446e2fbd4155
bb8ab5b23a6aa8b8
bcd0c89fc7fdc5ef
351bc806c091c80f
ba9acb12c879c8ce
3ae9c858c398c881
c2c9c52fc5d9c379
c33bc5b6c5f2c608
c328c312c4d5bd7c
c5abc508c5bcc50f
406bc804c313c0ad
be46c3f3be55c33b
46de42ad409345f1
40173ebc424a3f7a
3802480643984504
3632432b40aa4306
c562c1763f1fc5b9
bcbd40d135484132
c29cc3c6421dc4df
b59b42b93f7e434d
c3c43c0b42c1bc84
b984429a3bfa41f1
baf648d6465a42e2
27b6474235854693
47ba4c2347a24968
4351484742a6484f
46384244c173454a
41f3c2103c4fc15b
bd97c46dc712c018
bd53c769c2a4c78e
43a5451ab8e54458
3ea2bb363c83bc41
491bc21ebec241d7
4615c15844f0c120
c1accc11c535c906
be70c5b9c0bec580
c9f5bc7240ddc5a0
c68141d2c42941a6
c3bc46ae451944bc
bce345003d9f4503
b4bec4abb7d63783
bae3bbb73274b91b
c31dc04bb8bcc3c6
bbadb584bdd0b610
bd5cb10ac30bc128
38c3c27abf3ac2e4
401bc59bc800c1af
c133c79bc4fdc7e2
a43ac548c54ec524
bf55c497c381c4c2
380eb2593c43c04d
446a3c9b40ac3dc6
48124ad148d6498e
47fe48b9475b48cc
456749aa478f484e
3f3447ed42a447a7
c868c901c511c8f9
c7eec4dac577c4bb
c5acc8f0c1b1c5ef
c410c273bd76c1ec
49a54a1749664b0c
46bd495848b3492b
49104ba547c24ae5
45c7476a478f477a
c54ac754c775c4c9
c156c867c1a4c818
c89ecab9c840c97b
c5afc8bac67dc895
c6c2bfdabcbdc5f0
c4c7b986c535b99c
c717c069bfd2c627
c41eb972c5b2bdfd
c4b7c3dfc21dc59e
c2b9c029c4ebc226
3c7a43403cb239ea
387d3c66345f3ded
47bf48d445ca480a
47174533468d462c
4ae3488246fd4a5a
492e46bf489946dc
4935b98839c94603
45f43a52451935d6
373cc58cc40ac091
b582c384b9eac3e3
b5b0c062bf8ead35
b423bf3d29c6be4f
3706c11a363d3ba8
b7632ac93e1c34a0
c78fc746bdefc668
c57dbe5cc39fbee4
ca07c541c411c90b
c695c361c6fcc3c9
c815482dbc73c1c1
c57bb622c50fba44
c61449053effa482
c5d340f9c4bd3fae
3fb7c652bebcc18e
3e35c06fb5b6bfa3
49b6c8a5c2204017
46bbc43a44ecc2d2
42e9445628da4639
b5a3b2673b8c2984
3a074635403d44c9
3cfa3f013cb94006
4857bdf9446b4101
487243dd46f54423
3f0141c847d43da7
423b4821444647b2
c7ad44714507bd3c
c4b34597bf264500
c6ebc497c403c593
c545c3b5c47bc366
c361c5a3c5d7c420
c37cc5b4c395c560
43463fe83391415d
414e32d8402ea780
4839448136714360
47d32f90453a288e
4167b6abc23bb8de
3f5dc228271ec155
bb83bffcbb1a4062
c107ba63bd7bbac0
b7b8bedf350441d8
b406ae1b3c76b4ee
c0d1b28bbc1ac083
bd37bc2dbd14b9d3
3a3540ea353e3741
bbd03a8fbebf3b90
392dbfee3d69b5fb
3bb63e8b36eb3cac
c8dec46b30e6c83e
c5223a11c3b034da
c81f42c0b017c34d
c7063b6fc5bc381d
4823ad37bf6c4407
410fbf783c4dbf9b
4a80c1c1bd9c44c3
45bbc18c44c5c007
c0cc43093a193e2e
be50b80535e53491
c90d387b3591c393
c31bb0a9bf2b9efe
c33cc49fbe0bc4a1
bda6bddfbf60bfd3
3b30c41cc04cc005
351ebf96bd98c08a
423248eb463844df
463c46ec44fa4700
42b14bad48cf47f8
48184929479a4928
4018c56dbe52b899
3e37c0103cdec00c
4555ca77c507c20f
b7afc59bbccbc578
413fc13bbc773917
3652ba50b011bb12
c565a048c0153764
c5acc002c1acc032
c034bea6bf533cf4
c62ec0fdc186bfd8
458346c9425345f8
419142674017432b
44c94a8a453f45c6
4594468241ba45df
b75bb700bdc2c45d
3c69b986bc98bd09
c6b2c6d0c4f9c894
c290c50ec3e2c520
ca8bbd6cc20bc6f3
c8a5c1cdc6a9c20a
c4d1b9a02dc6bdd0
c4f6ad4ebf86a069
48e1c552411e40ac
48693f9547ff409c
45e3c9e1c03bbdb7
475bc1b544cbc169
c75ec935c761c58e
c687c7d7c68ac7f2
c7443c72bfd9c068
c7e4c057c64bbfb5
3ac14a0544d94549
b2f644b2359e452f
26f346d64013413b
b35d4081b81f40cc
3a79b6c43a80bca8
3d4f3d8439523bc9
4768bfec40f33e0f
478141ac45df40dc
4b7f483347f349b5
49c547f8498147d2
4ab74e854a504c97
48454a6049234a62
c2e2468cb7623d4e
c1bfb560c03db43c
ca03cd3cc9b1cac2
c904c996c91bc9dc
c6d8cb4bc660c80b
c692c647c6b6c6ae
c1adbe6bbc80bf98
bc0abdd7c0a8bc1a
bd9447bf401e3eea
38474085b5ed40c9
c17a41c3bcb1bf3d
c05dbbc8bfe8bba8
c327cbbbc6c5c90d
bfd6c721c10ac698
4343c1b741aa3ca8
432141e144a5425c
48434a50487048e0
4429489f471c488c
b9d3c900c513c7d8
b98dc585bb10c542
c67dcc3ec9ebc95c
c0b7ca9cc471ca48
c4dcb51ec4f83d10
c491c60ac4c3c5bf
c83eb9a4bcbbc1f7
c801ba9ec72bbd8f
c04247d1459140fa
b78e46952e7045cc
49874da449a54c01
482549ed484449d0
49cf45bf433347be
47594327460942f9
4008c562bd42c02a
408ebc3f39ecbdc9
bc3048bb476c42c7
3eb7482d4092480f
45fb49d749324789
44d3497e468a4963
41ffc5b0c086ba5d
bc99c108349dc15e
c8a8cb2fc9a3c8f2
c917c9e1c8dec9a5
c3eac0ddc380c2c5
c248c40dc439c290
48284031430c4235
46f1429c4535432d
413c404742b53df7
447e429643b84291
c83d41b5b854c156
bf3fb9c3bbe4b618
c854cb4ac81cc9e1
c471c868c48fc84b
c06ccca6c8cac8b5
c366c90dc4ebc923
3de5396ac1d54281
bdf6c1f4bea9c224
2cf14463b6c442b1
2d97b0bb3294b50a
c2e7c148c267c00e
c196c1fdc152c291
bc1a4588381e428d
c16a39c4c06838bc
37084a24464b44fd
b83246ad351346be
39ca41dd4451b1c5
afa044ad3158448b
4852c5a14020a954
44c7415f42f23ffa
4541c2e94162bca7
463c41dc45584140
c20b49e5464b44bf
3d5b45b943434647
39c14bcf46ce48a7
b11446b640e74708
451236093e31401f
43b73e7842743ea2
44d8c00e37d14226
45d2b56c44b2a017
35c6c063bfa0402d
b43dc15b3293c167
bc70c778c53ec4ec
c45bc516c3dcc548
c424c843c613c7e5
c499c58ec586c52a
c70cc6b0c4bbc5e0
c2e1c49fc4c2c45a
c4bf41ad3f4abc81
bd093f7cb86c3de1
c5fcaca1bdadc48e
c2d3bcfdc21abd65
bc5dc746c6dcc4b4
c08bc6a0c4bac659
4598c1babd4c3685
4142bc273760bce3
4059bc1f3c093a34
416338aa406437f6
09d0452b3d4044f3
b9ee3a80367b3c21
b47c483142524561
c139433cb0f74292
3440439441de3cc8
3b4b4305405e4192
4513452a441d4178
42eb44ac43204426
42594437436f3fa4
2c80448c33964453
c1bcc32abb6ebb4c
bd14be59b90dbc25
435ec180b5ce434b
44d9c0a845a4bc69
4822394b40524290
47e83e0046774013
c540c915c594c8d0
be31c5b6c45fc5de
cb05c94fc82cc9ac
c89cc887c861c86f
c44b44e53cd53cbb
c3273cedb9953d7a
467c45db458e44f4
44134667440a4640
4194b95d4397b917
3f5e451f34e044c1
c4a5475444293a10
c29d4597c0fa44de
bd7b486234dc4408
c0343942c09328ad
461ebc6bc28e4277
40f5c3953501c3ab
460f42553f654608
43d83e4244523f5d
422245473e2046a0
3b243b4743183c86
3c75caa9c88ac49d
bfa7c93fbcf2c902
c3d3ccc9c968ca4a
c29fc9afc488c96d
c478387034b5c31c
bd243d93c0f43d59
b95f483745da41e7
3f93470c38ea4681
b5583bb74314c031
3d68438f3a7142d9
be20bc603eacc4b8
38fd3df022793dce
c509bed1b578c3a6
c255b6fec34fb8fd
c73ec286b63bc332
c6bfb453c4deb73d
3bd43c263f18424a
bcd43e853e553faf
47fe447f36c548d8
4499b87345a8a4c2
42ac4464be7346dd
443ac1ba4359c09c
40bf46f9406a4632
44a13db1444a3f7b
482c47e147454721
4612473f466f4712
4475394e4216bbc6
3cd543c63d2242ec
c812c7a5c5c0c952
c6a3c43fc7c0c440
cae5c901c7dcca78
c8ddc68dc96bc6cf
bd92c470c2f8c39f
c1ffc2b6c2d6c415
4897bd12345742cc
4624b4b944e7b67e
4223bf7a396f3e56
46113758453c3b94
337946bb3e6045d4
3f0c3deb420c3ee4
401d492642374825
bdf841fe24ce4146
43a2439043a4440d
bcb8440fbd8a42ff
3f06409d41103ac9
bca44119bcaf413a
c47f3a9cad90c085
bff5b996bc97b538
c53bc8a3c1a1c6e9
34b6c2f5b0f9c29b
c361c938c24ac762
b4d0c302b455c244
c329c35dba88c49f
bf40b9f8b9a4b21e
c253c88bc221c6fa
3853c1ecb867c17c
c592c818c732c5b2
c133c730c450c783
c5704729c2a241ce
c896c125c7c6c1fb
48924b3746d649b9
3d1b478940d14767
4b4c48a748474930
49b1480a4933481a
42083fe43f283d17
440d3dbe441e3da2
398840d63c9ea4d2
3b553eab3b633cd7
c1bfc122c08ec272
bca5c029bfcec0e1
c3a9c9afc4f1c5e9
c00dc50cc164c52a
4854462a464848cd
4563461344ef4643
45664c5e47514a8a
412b46dc41e14752
c57ac17ac4a2c1cd
c477c48ac403c45f
3c9cc00722a3b179
35fa38693d6a358c
452b4ca449784984
44d2497046e64975
c885c658c38cc8b1
c3bdc446c2ffc3b1
cb4cd057cc5fceef
c87ccc69c953cc66
c77acd26c8a2cbe8
c4adc8cfc54fc8d3
c52fc263be35c26b
c47cbe96c36bbde3
2cef45003c7442c0
c4683fe2c3853ec2
468445b83f7147a8
3b8f401c331a3ec9
42f33037bd274484
3f85bfce3b3abf93
47ac482b44734836
47c7441a47224435
4a8d4b4c494249e1
4b7749474aa74953
441f42353ec84061
45973fdb43fd4042
40e1484042b6448b
39e243e53d0f4393
a96248ee46a44384
37e746f640da46da
ca0cc5e9c380c829
c852c361c67cc32b
c8e3c6abc511c6a6
c914c49fc897c4e7
4512417a42ef4496
b93443d8be0142ca
491a482b465d4995
445a463a45054613
c40cbf3fc418301c
c2b4c4bbbc33c484
c8bfca59c872c949
c25ec8e9c23ac8ae
46a9c89ebff9c29c
48aec24e46dac13d
46f2c63fc250c02e
46f8c33d435fc35a
c6fb380ebeecc604
c3afbbcec572bd44
ca21c2dbbfc8c908
c95ebd16c899bc9e
c853cb99c6e9ca58
c87cc6dec7c0c68e
3eacc533b72bc063
3f56b11336c9b421
3fa73d55b21c40f4
3c93b012a6beaece
418446e53ee54784
9d063da8408a3f7a
48f24f284b9f4d6e
467a4be549834bc5
483a4f224b614cdf
46e54bd548304b63
4295be45bc253564
422abb56b09fbcb0
c452cc79c9f5c967
c28cca42c578ca13
c059c84ec5a3c398
c00fc652bcadc638
4029c6063850c09f
40b738853d87327e
bed5c5503e09c4ff
3bfb3ef4ae6c3e3f
421d48c8473a44c5
406346cf44c04747
bf103f80bf432e53
c101bd8bc192be5f
bd924b1a45d945a9
bf854630b52d45f5
4564418a450f41e0
4448452343fe4500
4036c439bef5ba9e
4069beb3365dbdeb
c8ca47a5bb923b40
c5b3bcbfc418ba60
c9d6c05ec06ec63e
c544c164c129c0a9
c553cce3c507cab2
b0dec56334a3c547
c68eca81c582c918
c4fdc58bc461c5c3
c8c9c888c7dfc8c5
c8b4c80dc819c808
3f17c6b8c276c1fd
3ff6c36a3dc9c2a4
4b3d4b4448ca4b65
4a2b48cb49af48de
4a0f4cec498b4c0a
481849af473a49a1
4a154adc48084a66
46d8480844b647f1
4bbd4e1649b34d2f
483a49e2479149b4
a94b47b934db4408
c2c53c71c10739d6
cc16ce7bcc49cd40
cb13cc39cb09cc34
ca6dccd3ca41cb45
c8e4ca63c8d2ca61
c6efc870c1cdc83a
c368c2ffc108c2d9
c69cca4ec021c9f6
ba29c189b495bfe0
c754c800c048c7f6
b0a7c091b8bebf4b
b5f0c0e435b0bb0d
38373984395f2e74
49e0481947234830
4640479a46724726
49104cbd48bf4b1d
472748c746f448c3
44334d0347914b4e
41bc4789432446cb
48424aff469749e4
442b471a44d8466a
478941ae3e4c44d0
44273e0a44314028
b90bc5f0c215c013
3859c3d634d5c23f
c0d3c4edbf67c33d
a0b0c003be79bee0
c924c917c736c9ea
c6c9c69dc83cc659
cc45ce6ecbd7cdad
ca2bcbd1ca6bcb94
c6cecbe2c83aca40
c564c82fc5c0c82c
3e30461a3d124419
ba823e26b8833c88
bc1b424b3520430e
c056b2f9b214b5b0
bdfa395540cb399a
b455400940de3f69
413f4885452545fd
3eb3452542b244c8
45ac45a43fd2473c
40223f163f263de2
486b474646bf47fa
46ad4714458146f7
484e4bad4acc48b7
48df4b3048834b40
481244df46f944e5
48424707469e4754
4810c14fb9df3f50
461bbadc4241baf6
ae5b41d9c2083bee
bd73c1a6bfefc261
c8f8c580c7e6c65d
c8c0c819c7f1c807
c9d1cc8fc98ccacb
c941c9dac8f4c982
c589c69fc56ac4bd
c508c5fcc523c5b0
c0cf48504144441f
b1ba417c3d5f4099
c573b23b41b0c496
bccb43ca3d3742c0
c892ca52c3a3cab7
c5fec2dfc41fc244
c8bac8a0c781c90c
c68fc7f6c61dc75c
419b44372fc242e3
410534043d44ace4
4c89486547554aea
498b4753486946dd
4c5844d746524a6e
493f45be482545fa
488b439344334822
47a143d745b24413
4625485f450747e2
4634454944c04510
3db546dd415443f1
3d9842013f3941ac
c73dc40ec461c582
c629c4bac44cc486
ca1cc609c5a1c8d1
c8b0c63cc79cc5c8
ca9ac43bc227c92c
c725c1f9c5c1c186
c929c2c7c05ec806
c4ddbdc0c3e2bee7
b779407a28b43b37
c1a63a02c19c3248
3e09c0b3c13d3897
c395c08bc40ec149
c4fac84bc5dac505
c693c5d9c593c5de
422934a5409441bb
3c7d40203ede3fc9
4bde482b48b64a29
4a0e48874977486f
49be44b844394803
491242dc48774410
446943f33fee4121
45c33d5f451540ad
45f348a4473c4427
486c4752480a4775
3dcc3a7640b3bcf7
45ee40f744624037
c373c917c514c61f
bfe5c4c8c2c3c500
c0aec81fc43ac3cf
c459c304c460c33b
c770c085c479c3b7
c82bc3eac747c416
c98f4052c583c0f9
c9f9c581c929c5a2
c6bbc105c536c2e2
c788c58fc65fc58a
c5cac821c50ec669
c470c573c3edc595
c4d03c94bcd6b6f0
c484bd51c2abbe39
bf3145ff401c3c67
bfa54020b41e40c0
c0c6c643bdf6c737
3833bed8390cbd5a
4424be033f70b4a5
4574405a444e3e86
4abd481e480e48e6
49964863486e4827
4a60452a473448cf
48d14719472e478c
48d844b345c2494b
4632452645ee4588
48f94708462e4953
47b345ae481e45d4
47024bc54869492b
4712487047bf4890
c16f477e427b3ce1
bc5f4355b43f4338
c9e6cd1aca2ecc10
c88cca28c8f8ca50
ca46cbf2cb19cb9a
c878cb35c8e7cb26
c826b601c2cfc654
c551c2a2c34bc2c7
c673c950bec7c87f
c599bde2c298bf98
c475be31bcd5bdc0
c633bca6c490bc49
c1ad475cbed64311
c5a3bfe0c4bbbeb0
b91fc9cfc6e5c5b3
c171c778c2cec73d
469145a8451845e9
4476457b447d4551
45774e844a174b5a
44ab4ae244914a83
bc4ec572c4fdc34f
3630c487c2c5c4d9
3c4bcd21c8f8c908
41dbc985bc2cc954
3889c5d6becfc28e
41fac0ff40a3c06f
3fb14667452644a7
434c454643504547
482d4aa9489e49f5
46ba48ac464b48c5
4483462144254775
3e9d438e42a04422
431c3b90440a44ea
3f324357453743d3
45ca496948e94869
44bd48d7480148d5
c46d456fb890bf74
c45bb4c1c2a7b932
c7b9c948c8a8ca49
c56fc852c786c87b
baabc5a6b954c5b2
40bbb1843483b3ec
c8b9c778c414c8f2
c6a1c425c6bbc40c
c8fdc9f8c770c9e2
c878c7aac82fc79b
42ebc67ebe49b803
4096bf153fb5bef0
4219c6d2c3a23bb6
3fa2c4423db3c41d
3f1f471639d5468b
bd3738a82905394d
46654cee47a44b9b
3f4147ec423e47cf
40d048123ffd47e7
3fb040683cbe3ffb
c327397cbc89bddd
befdbadbc14dbc38
c1fdbaa4b734c33c
bfc9b7f9c11bb73e
c303c895c444c7c4
bedbc499c067c474
2d2fc42dbce5c40e
b83cbbb33a14bc44
45ac41074072405c
4132411841d140cc
bcb2c661c1b8c467
b21dc1fbc026c1ef
bf2a405f429ca42e
3b2142a93b2d42ba
470748a848874821
47be486f480b4886
4467c6d8b9c8b855
4586be45442cbc8b
c03cc953c5cbc5a3
bc4ac612bed9c5e3
c1f4402ebda93566
c187bb32c05abc54
bf9349c4429c45cc
bf3e436bb78242ab
b1bf493e45784545
b9e145ff3afe45a7
41e9401a41ba38c1
3c19427b3cad42c1
39bac8aec5c2c54e
bf04c68bc183c5c7
c2d4c4d8c5a3be60
c558c666c4fcc607
b713497d43a74808
b6c8441c3b4a436c
3c6745e644d342bd
43a14523441444ca
c405c8e2be2cc83a
b843bd25bbd1be30
c595c998c622c89e
c4cdc5c1c587c60e
3a30c8a9c7c7c5fa
b843c80ac286c816
4476c84bc59cc3c0
44adc6263d1bc5fb
42d641b73917441f
42533491421f36fe
34c348224258465f
c074416e37574123
c536490a45ce42fd
c81f4676c38f463a
c3bf4b6548ca45e6
c557498ebdd84993
44bc462345be453e
45404603454d4641
46f2c21a3c5f3980
480d36ea46893a90
450ab04940143ce5
46c53ff74539409d
42d9c2a9bbc4b924
4660bc5042dbbacb
2ed1c97ec62fc5e8
3f0dc702b9cbc6c1
c283c91fc616c6e1
c363c6bac440c6fd
c810c9eec88cc900
c688c8b0c7a4c8f1
c7a6c3ddc7bac458
c5cec7bdc60fc7b9
bdaa49843e4d480e
c3f03f0abd593f50
c266410a3da33de8
c5ef3ec0c4013d67
c4483b1f3d66c095
c4af4006c4803f1d
46654c80492d497a
444f49924516498a
491f495d48dd4841
4854492e48c9492b
4242c758300bc443
456d2d2444f03330
39eec346bfbcc1ca
4020c1683d06c100
43f0440e4080415b
3c833fcb3f85403a
b95cc493a1e2c1f6
c02935bdb6df30ec
c4e3c4bac1a0bf13
c48fc21ac41bc256
4179469b38444876
3586b2a7bcdf3302
3c2fc825c4edc115
401ac516b958c4e9
c833ce81ca3ecc7a
bb0bca5fc2beca6a
c215c301bcefc2ec
3e3ebeac3e35be80
42eb4df44adf4a3b
43704b2946b04b06
2f034b5848ce44e4
3ee74921441748fd
442c48b343b444df
41ae440e424543fb
3c504455c238413c
c455c1b3c4b6c249
cb1dcddcccdccc3b
cc83cce8cccbcce3
ca66cfb5cd39cd05
cb42cd49cc31cd22
3c4ac5a4c32dbeb7
37eac2c9bd15c1fa
4ab84db34b044cd9
49e44b224a024b2e
4c174c404ba14c24
4bbd4b874bbf4ba1
4706415148c2406b
49a2488d498448a8
33c84abd49f6454c
458749fe483c49ca
3ffd4a0348304698
41084845464c47d9
3053c8c4c51bc5ff
c116c5b8c165c5ce
c53dcb10c88fc8cd
c7cfc8c8c8c0c8c7
c85dc5e5c7a9c445
c9c2c6ccc9b9c77f
c978c9a0c9bcc81e
c9f7c95aca3ac98d
c5a8ca65c79ac87d
c1d5c7a2c48bc709
42f94710452544d9
46f4452047d2458b
44a14d2649674ab4
46ba495649324937
c002445243073404
3c96429a40f842fa
c56dca6ec669c9b4
c0bcc6b9c544c606
c15bc96ec91ac6d1
c247c95bc703c942
bc37c6aac8a4c41a
c32ac897c6eac8b8
4190b698c21caedd
c0afc0ebc420c0c5
496a471645ad4882
439345a3448845d8
4890437c47aa46bb
47bd46f848bb46ef
460f48f24a684748
48c34a444a024a3c
48e14cb54cbd4ae3
498d4ce04b414cda
47cb4b514ab04a00
47c54b0249044af2
be8c45cd408e434b
b4ff40f134874082
c8dec93cc881c8c4
c862c87ec8d0c8bb
ca43cae8cb65ca9d
ca7ccb3dcb86cb77
cbe1ca2acc77ca5f
cb59cc7ccc5dcc77
ca88cd5fcca7cbdc
c9abccdbcb10ccb9
b6dbcab0c69ec6ca
bec5c739bf2cc6c9
447142f246f54161
430746c246c746e0
449c49e2494a4659
453e492e48414925
46ae4c39488d490d
463848bb481248ae
2e2142c241d938d3
4011442740ec43eb
b88fc901bbdac545
40ddb4f4b48fb78a
498a421f42904806
491541e5463b41a9
49154b7945f64af9
480a45ee46f54590
bd1f46093bd24439
c3e83c53c3223c40
c5fdc902c737c75b
c8a0c78bc93bc6ea
c6c4ccd1c948cb27
c566c99cc744c961
c1dec73ec092c53f
3284c2fb3b94c229
449a46d8465f45c3
44c1454f47e645f5
3d9ec6883ce3c47b
41283d1145133dcd
3e994bfb490d4837
3ba949dd4447496c
493151be4d384f25
45a34dba48364d6a
3fb0b5efc0c5bbe6
403abfd6b82cc0ac
c803cecccb58cc69
c4a9cba8c826cb91
c86935edc1c8c069
c847c1dac803c242
c9bcc90bc8b0c8b5
c9dac8cbc9bcc8cf
c06fccd2ca2fc88b
c438caa7c648ca67
447b3a07c0434134
41d3c1433caac024
c75ecac0c85bc9ee
c116c878c3dcc82b
c839ccbec6caca97
c127c6f3c02dc6c3
48104c3f4bd24a67
48794bf44a334bc4
4c284e6f4ced4cf4
4b384ce64c4e4ce5
4a4f49d1489f4a2b
484948a04843489d
47444af446c149ab
40654781396746f4
417c299abe3737fe
2b27bd1ac211bd72
c300cc7ec96eca21
c1a6c966c667c958
c8fac8dcc7fdc988
c822c776c86ac7c7
cb0fc3c1c555c882
c98dc529c862c539
c9fdc033c166c678
c7dec1c1c4ffc1a6
3dc04947462045cb
4024464844c845e1
4b72494047bb4aa1
4a2a47804aaf4754
4b5446be45db4a9e
4a8d44aa4a7a454e
468e4a5a481b4a06
45f4473547504801
c17e3c7c372db8d9
c34436f2c1613bab
cad2ce45cbe5cd5e
ca56cbb2cba9cbaa
c9f6cde9cc13cccc
ca23cbe2cbd8cc0d
bcecc69bc56dc2bc
c49bc4ebc5fec546
c7aec67ec3d4c7ad
c577c34bc58ac3b8
cc39c7aec4e8cb47
c809c4d0c740c504
bd8f458442a93d01
3e7d428a40cb42cc
4d764dd84bf14df5
4be54bf54bc64c08
4f094e194cbe4ed7
4dba4cb44d6e4cab
4c704bbb497e4c7c
4b98494e4b37491a
3f75bcc8bcdc3dfb
2822bcd0b86abe1d
c83eca11c815c91f
c83cc7fac834c7e0
c9c8c64cc68fc84d
c8bdc68cc746c645
cc1aca45c780cb7e
c946c77dc813c76a
cd75cbe6c8c4ccf5
cc16c898cb43c88a
c3f04c98476146a5
c6a24833c40c4833
4b0f4a0b48b04978
49a548c1495f48a3
4945cf1cc944c936
4a99ca634847ca29
49d93f203f644828
495438a148d13d20
46964fe54b5b4cfc
412c4c0e45534bfc
c3693953c0bfbec2
c60abe2dc71dbff0
c2c7ccc1c999c93d
c4a4c9dcc872c9d7
c8beca24c86fc924
c885c863c8d8c85d
c68cc30dc2bec26d
c798c215c5b4c267
43653b483fa143ad
40a33faf3f7a3eda
bd8dbe343518c2ce
3e8836963abb3402
37fb4b3b487846d2
42ca485f46ef4874
46e446e3423a4699
439e41dd405f41e3
4847491b454e489c
40c84536428244f9
c4bac13ec167c44a
c527c168c3d5c169
3587440a42884062
3786428f3a074294
403746d2464e4650
3ca246c341fc464d
c4d0c5ffb342c4bb
b977328ba81f2c60
bcc1c4f33c7dc42f
45543c6e44693dd3
469247a0476d46aa
48de4796491447b2
47e147eb456b479d
469b456d47784573
4576c175be913a7c
3fe6c0f23bdfbfd9
c180c474c336c464
c2f9c3c6c4bdc35c
c43c4625b889be25
c4fe3787c5a4ac12
467a48243e24459e
40133f9d38043eaa
4543c46bc2764011
4159c4453ce1c400
c4d6c86dc4bdc550
c1e2c533c0f3c50d
c3454045438bb904
bdc8446d3777441f
c5bebf283c2cc235
c31b3e4fbeff3cd9
c8bec97ec6e2c88f
c791c6e0c602c6c8
bf4bc6f5c5f9c290
c375c689c199c62a
c4a3c70ac732c4d8
c48fc7e5c4c0c7b4
c8b33000c09dc4de
c483c00bc4e2c083
48b74c3148d7497b
46c7494545a0492c
4b344a5946f24a93
463f4707454b474d
c453c421bc2cbfb7
c492bd3ac2febcae
4234bf8244df32e3
440144d644634484
4d5d4b274a084bf9
4c4749f54bf149e8
44864814449946ff
47b444af471444cb
cc19caadc637cb5e
c5fac608c642c5ee
c92acc6bc907cbc9
c622c960c735c938
40a1c6b7c804c05d
b5a2c881bfdcc864
43e14643a009455a
3e30361338769dcb
c54c45d339d4bb2d
c6153f89c4ef3d8c
c809bec3c23ac408
c918c19dc782c15f
3e67319d39bd430e
c00b3783b71d3c0f
46764533448c463e
44c4446e44bc449a
453c478045784492
45bc456a4573451a
30b7be953846c0bc
3c7f396739173907
c485c8a2c394c700
c033c364c1d3c33e
bb7fc08e38cdb9d3
411436c14126a807
434440a73ff0421d
427b3f6543f53d1d
42bcbfe8bf2fb767
bcb8bf8fbb88bfe2
c2e5c0debc90c0a5
c404bc7dc179b8fd
c64f446243244015
c12a437eb98f4441
448647e6452b4734
43394546414b4538
45a8b565bd463d95
405ebd73aabfbe22
ca05ca69c945ca1a
c860c94bc887c91b
c804c4d6c643c5b9
c5a5c63bc638c5cd
4822495c4488480f
454344bb43134459
4473475a43ef43eb
42a0442a429d4389
3a00bd03bab3ba1d
3cb0bc813e94b959
446c37d43feb421b
466b3d85458c3e56
2a4033d5428a3b69
44fa41d9448f40c1
c59bc56fc0efc584
c42cc09bc199c154
40a1bb9b318f9be0
c3a43902bd2d385f
45a33ff642384239
382542693fbf4233
c367c645c49dc661
c18dc4e2c2acc4b5
c278c3f6c288c4a1
bf3ac2acc0e6c1fc
458e464c45b3473c
44514600433545f9
463c449d424d470d
436642b83ff542c6
b6f63418c1303d7b
bc66c17fbf51c0f6
c8c8c13ac2e1c2df
c53fc300c3eac2ae
c58ac3cdbce5c1ff
bf01bc82bae3bc0f
46bb43b8446544f1
4581443b459f441b
249b410640edb862
38ef40d83dd04009
c9d8c731c443ca7c
c7a8c331c6fdc3be
c87fbfc2c231c77f
c6c4c0f2c670c10a
3c464074c1284243
b9f8c1cabf4fc1c4
48d34096be5f46e2
448bc0613f1dc006
4809482b44844767
44ad44374418444f
bcd241f141c53b6e
380840ef40804085
c4e6c819c363c5fe
c0cfc2edc02ac355
2911c363bd09bdd3
b91cb7debcc5b6d9
4b9d492349334af1
49a748f149a14936
4d87484849a94b87
4c5649284bce4953
b0ccc806c39cc618
b485c2efbf8dc383
cd13c9d5c8fbcc1e
cbd6c8afca80c8a7
cc83c5d9c5e7c9e0
ca47c5e0c880c5ba
c52bb53abca7c3fe
c065bb25be63be58
299b435a3aef4090
39443bf939603a55
c10a3e6fbdd442b2
bfe7beb5be33bc13
47cd4275383047b8
43c234ec436a3705
4b0f476d44a2494a
474e445846a3442d
c32f3daf3989b7b2
c1b53a8dc4003a78
c7e6c7cac5fdc808
c669c584c845c5bd
4607c5ecc3a4c14c
4039c32fb07fc3a4
b803a5923fcdc134
3ec9403a3e55403f
c5d5b4923e8ac3fa
bd6f3ebfbad33f6f
aeeabef0b965bf4e
36faba9cb1b0b8a1
c253416841ee31e4
b7d041703a444187
3d51487548af46a0
436d486746d14864
484947a847314869
47fe46d1486c46e5
451c44b638af4502
419f3b1b3feb3a49
3fe034d6bfc5381a
b85ebe7dbcdfbeca
b86dc8c5c4b1c5c9
3611c499ba29c4a8
bf4fc44ac2b0c054
bca4c29bb9a7c364
afff41bec09a4280
c4e1c120c1ecc1ce
c370c67fc802c2e4
c812c825c80ec7e9
c96cca4dc944c96f
c924c91ac95dc8da
c70ec93bc60fc85e
c47fc5f4c4b7c604
47b7423e46cb448d
48d2465548794694
463f4b22496647a4
46ff498d472f49af
c353488444163368
c0da44d8c0764476
41be443f44634267
4365445a420e4457
45e13c013e8c42ab
45483d9844573f3b
bf11c160bed6c2bf
b50fbe30b908bf5a
c1bfbfeb3befc0bc
be553b7cbb8d3660
a0bf3dec3d43439e
bf233b2dbb803ae1
45a848cb440f495e
419743c94201440a
471a49c0475a4923
469c479846dc47b4
c2cec35fbb5bc24a
b743ba29a9ccbbcd
c676cc3bc929ca49
c536c91ac664c961
bbdfca48c8f8c8a3
c26cc8d3c52ec901
c595c625c804c665
c3a1c82fc449c803
c773c79fc6dfc6fc
c360c808c2e6c715
bea4c8dbc36dc685
c0e0c479c065c3d2
38883b7241ce3d3b
c2074248ba32425e
48674dd24a414c3c
40754a7845524a99
48e24cd648cf4a8b
46ad48fd461648d6
c309c2a52eedc4e5
404c3b2eb0c830a6
c1bdb059441ac096
3e894520401d4524
485e48ee484a48e1
46b8485e471f488e
456dbd7a3a474420
42dc35633f312ba3
c508c8c4c594c668
c31ac59bc403c63b
c4d8b936c1b0c199
c2a1c0e5bfa6c158
c322bd20c41dbed8
c10ec458c084c440
c48fc8bdc87fc688
c50ec920c5b7c915
c5b2c5c9c5dec5ad
c650c663c5efc642
bcbb40963dfb3192
bd173e4dbc394001
450f44e3446242c7
436f44174300444e
4621456844dc444d
4400452e445144e4
4148b7f93e4c2911
4137406e3e86405f
c76dca1dc679c949
bcd7c67fc32ec619
c07ac48dbe3abd01
3f13bdec3d66bd64
4a3848b347e64b3d
47d0481648b04801
463444ca40ca4603
41553fc54332405f
c7fe356dc183c3ee
c616c22bc5b2c189
bf4c41593ce53d5a
c04a3d02bff93bfd
4812429441a0440f
4441419043d54076
c07c41a0367dc1a9
c12c3c93c0563913
c65441dc40e4c272
c4f94234c38d420e
bec4be0b40bec111
b0674061382f408f
c198c804c432c5f3
34a9c487b107c48e
3e36c7c4c6e8bf7e
398dc743b887c6e9
40dcc0c7c45d4094
2968c485bb5cc42b
c6e24066bf61b815
c5b4be27c526bf86
c84340ffc004bc9a
c8a9bfa6c82ec05c
30fabd0ac1ba3b3f
c2acc2dac325c1b7
448ec06639db36dd
44b6390744b53b43
44753cdf44c13ad3
477544e347d54497
4317baa941dab9ca
474b412545c340f2
434ab99642e4b5c7
46a64317453d4368
494748e3495d48cf
4878499248f5499d
4808483a46ff4820
44844735451146e5
c5acc2f7c5cbc400
c689c5b7c72bc601
c907c3b0c80cc4e1
c923c808c929c7f4
c3713cccbd653236
c52bbc49c53dbc22
b35a40da40563b10
ba9740cdb5d4404a
bda245563e204088
bdd33ca33c7c3d4e
39e9b7cab6003714
b1b6bd1b3e38b8a6
b721cb25c612c8ab
3bd6c674bcecc662
c2a6c9dac83ac90c
304bc7afc306c831
c2d3c02dc33bc1fd
bf1fc1dcc19ac1c8
bd4a410a40854239
c1863f45b9da4108
419a46d3449b4727
b760445e3f314423
be6a45b1418640af
bde442a92cc841ac
c0d73d7f3cdeba98
369b3c9738db3d97
47cab82d3f254105
48283d6c46413d2b
4898b55342fd4067
47d842b5469441e5
aab5319942b2ba23
ace141e03d634288
bca3417b382f418e
c08135a4bdbd3a72
41d6455cbb114612
b5f2b2dabf6cb744
c77ac06ec54cc555
c5d2c49cc6e2c50c
c922c7d3c69ac8ce
c5fcc6afc5d6c6e1
3bd2c463be8ab9b3
3f0dc0373d6cbff4
46313fff406f4444
43094035412c4033
449c405e41463e73
40a54191405441b4
401fc0733ff5bf70
41b23f544299408a
419946ae44fd4422
4193451a436b452a
c37c474d409b3e8d
c190417bbd9c41ba
c58cc4c4c17dc528
c24cc214c1e7c12a
3b76c44bbdd1b926
40bfc05a3dfec08d
302c446e32054529
b1f52bba3115b753
39b0455bb42145d7
c38731d4c050aefc
bd17c4f1c2edc452
c38fc1d0c217c1f6
c3e2c8ccc446c907
c005c404c21bc412
411cc0bd3f57b886
41333fc43de63ee8
46de40a3450c447e
457c452f44e64509
34b5baf9b760bbb8
3c1cb8bb3b8cb41c
c51cbb73c181bf7d
c387c1c3c1f5c14c
c3efb981bf8cbc00
c1c4c074c239c048
c4cdc165c499c16d
c1d2c570c328c4e9
b95e44fdb448427f
2eaab875359ab72a
448b46fd45744573
440445e343c64555
420eb4f142b638dd
411842ed40ca4282
aa6ebe123ce2c042
40563cf03f9d3ccb
4177c113a737c061
450131ac437fa6eb
4624bcac344a3ce4
41412efe424334ce
375045a540784107
c449405fbf6d4152
3b1d487841814564
c06f426cbe544232
44bb44c63e8f47dd
40da3fa540db3e99
c239c819c42cc356
bd5bc475bea1c440
c628c8f7c622c7d5
c1eec658c48dc657
b72d44cb38954275
2c7a39beb6d637cf
c3a03be237f1bf34
c00f3a30c02438bd
ca8fcaefc60acc19
c7dfc55cc833c5c6
c86ec629c3a9c956
c59ac290c56bc28a
467d48984485478a
44094431448d44b0
4ac745e743e44a26
472c4218474f4265
42bac846c47dbc44
3a99c53a3c5cc51f
c456c867c42ec679
bfa4c457be4fc435
44d4484646f54794
446546e3450846c8
4a544d7d4b624cab
491e4b2f49e64b5c
444e48c446dd46b7
44fe46e8456f4770
c53ac6afc189c80b
c157c023c484c0e7
c352334ebcb6c309
c125ba0cc399bdfa
c4da3b07c0f8c013
c4e9bffac3b9c09c
c1e2c826c5f7c5f5
c44cc56dc44cc582
beaec81bc742c5ad
bf60c78ac249c76a
c960c7c9c8e6c70f
c80fc928c7cbc90d
c66dc43ec50ec1e8
c60cc55cc55dc554
4356c496bda8becf
3e64bf7a3d09bf54
b962c902c464c714
ba6ac4d6bc1ec4bc
43c53f3242434298
40a7425d3d98423e
48dd4b7849e84ab8
48674a3546964a22
42c24882482f4557
469a486345be4877
3fdb457c455c41a7
4222453c45154592
4116487a470f46b9
419c47514552474d
3a844131429d40e4
410743c642564357
4270c2b8c123add3
374ac20d3a38c1da
42274090a1a44251
310dbb223f03b917
c4c6436738a7232e
c1a1396fbe5c374b
c4a9be69c43cc442
c55cc354c648c438
3f3cc42cc3fec38e
bd13c3abc3d3c3d9
c729cad3c848ca19
c597c828c7e5c820
c9bacb2fc84eca09
c83bc7fdc841c829
b889c13cb9fc39e3
bfdeb9f1bc29b997
43bf3822c143435a
b7aec337bb86c19c
42cc3fcac17743c2
3f8dc33b3ef2c22f
bc0344f03ee642f3
42773d6b44713d09
3cf447d546c54479
45f1462c46bb464b
492c471c494247e0
495149044996491e
40dbbcf74266ba22
41474346423342d8
c944c5e1c34fc9d3
c6abc130c798c1d6
c6b8c276c1f4c7b5
c78ac015c858c0ab
432a3f4431e842a4
c3a0396fc3b7365c
40e8457d42c945cc
3e41435a3cc142cb
c4603faa39b435e3
3df83bc33c193899
46433e583fe84560
45be3f45467b3f14
4b21447344934903
486e43d048f94495
46c943ed42bb4637
458141684533428c
b92d3c8d35ff33dd
3cf22d63310d32c0
c8aac595c7f4c876
c894c7a9c857c7ce
c370c205bff2c32e
c54abd09c421bfc0
b7f2c1643c70be62
b0683ea1b8923c4b
c879c2a0c6b0c686
c7e6c6f4c7cfc6ec
b5513bfcb9793b15
b889bef639cdbd28
3dc6b59cbc9f3d9a
aa57bc83bc69bbe8
37d049ff447346db
bca44505bb0b451d
4462475f446144fc
3d5e44ee3c1944ba
4511c6bbc058bf99
4081be4fb64fc09b
bcabc141bb49c057
bce7b891bb2cbba3
c980c8c5c630c946
c82bc69ac5a8c626
c88acab4c7cbc99d
c75fc81cc561c808
449e48a145ca4805
41b9457544d6453c
482a4bf549524a02
47d749244858494a
bcf7bd1c415bc02d
40e641e740304221
c7d0c493bcffc617
c45db95bc3d6bc4c
c13c3f5b3abdbcb1
c0a83d1dc0aa3bf3
471543933eeb451c
44d73fd7403a3f7c
48153e42c15b4713
45a4c1f03f1ac184
b93ec8a5c773c438
b332c7bdc09cc772
c594c9d6c554c926
c498c52cc3e9c553
bcca3fc935d33748
c16d36cfb8b32a3b
34d74378b5294190
3c0aba303fc1b9a0
c6f4ca57c69bc90b
b86ac75abd1dc6b6
c686c63ebd12c5ba
c03dbddfbf89bc0a
43924d3549b54a5d
b4714a053f7349ec
49034ee64aeb4c66
44594b2b45bf4b1c
48884a6746cf4949
46034692459746da
3ba8c7e2c3ecc0ef
bd6ec45bbecfc484
c050cc35c876c849
c3cbc8a2c427c8ec
3abdc975c5c5c40a
ba15c649baf8c66d
c4e6c9a0c624c757
c544c658c446c5d5
ca18cb27c7a2cb86
c81dc6f1c818c6ce
c72fb6373e6dc723
b54c4168bf0f4023
468c4bf14a884941
48814ae5483f4acd
4afa4b5f497d4b39
494f49b448f249cf
464f43793d5c42ec
44f53d69428b3cb8
c597c324c3f1c43d
c276c44dc263c485
c542c0b0c401bc6d
c5f4c3f9c473c3c4
3cab41c9be7642a3
bcdcbeadb862be04
b3bc360ac1372f67
3649c2bd3824c21c
b03646ea3bf14381
b77438c838cf3b2d
bb46465641ac4278
baf34170373c418d
c885cce9c753ca44
c4fdc850c46cc819
b999cbbbc4aac75d
b5bbc5bbbcf5c564
496c450a446b44b6
478f454f44a744cb
bcd5c58ac37ac4cc
bc46c203c297c320
c84bc954c851c7bb
c81bc86fc81dc87a
447e489642f546d4
3abe43d13db743b7
49f94e844b814cd5
47c64bdb48ec4bd6
41074c3349a7492f
41ea4a0a45c949fe
c6dfc6cd2e85c8e8
c1b63cf3c1933ac4
c48ebf4b3d10c583
c0233dadbfdf3d37
418c44f34163442e
40573fc041c640d0
4482cb75c831c594
4319c864391fc837
c1f3cc9cca26c86d
bcfcca8ec3eeca71
c9bcc832c8f5c701
c837c97fc7bfc962
c6a0be93c60fc42e
c729c627c708c636
449a491d44db481f
3f4945613eeb450a
47cc4a8048f749c3
468b490d483748d7
468247a146734500
44e0462e46bb4633
b7ef34ca3d96c113
2fb63e1e34463f83
c610c91cc0f2c8a1
bf6fbf17c206bebd
44a7b20a44493d0c
450a44d94314449c
4617499746fd48b4
448047774432470d
c719c5b3c660c36b
c688c642c5fec641
c43fc8bfc843c4ff
c5b0c8aec5b1c86b
477b40a43d104568
441a3165436536f1
479d338c40614352
45a43e4146013e04
406c4a1445894640
3be84589426445a1
c97745e9bad5c530
c628b862c696b837
cd69ce9dcc35ce33
ca35cc25cbf2cc2f
c44ac76fc366c227
c481c239c4d3c231
4bed4c994a7c4c59
48854ab349084abe
477d38103f6b40c6
44af3e8645263ddb
c3f8c6a5c513c3f0
c52dc4ffc270c52e
3ef049d346b147e2
36d847654005472c
489d4b0b49a44920
489949be485f4992
4473c3f03a70bc1f
44d632284448348e
c84bcc55c908cadb
c256c983c47ac920
c9eecb60c8c1cafe
c174c8f7c4efc8c4
b01db959bc7bb976
b3ecb810b288bb25
46a8476e408546c0
bcf141f52db54127
bb6941ffb84940c1
c3e8b446c2bdb8ac
be573c23b70540f8
c0cfb9e0bfffbb8f
48c4464743354869
452441674507421f
48b24bf748094ab6
46be47a446ca481a
41da4a60482d4857
4256486e42ba4866
bf94c795b98ec6a4
3c03ab88b8d3b64f
cbbccb94c83ecc57
c815c7f9c84fc809
cc89c980c6adcb5e
ca2ac6a0c941c67c
4332bb163fa03c2c
43063d2f42ba3e78
47f3c1a0b8f03d19
4825bac445c6b90c
c534c976c8e1c773
c4dec8c6c5b3c8d1
3dc9bc98c5103df5
c529c598c2a2c5ac
48f245503e8345cc
3fd5382c43653a83
407242fd42453cef
3e32420c407c426b
b1eb499648b34705
4102494843a9490c
416e4bbf4a2049e0
43db4a7246414a2b
bc8d3ea04177406b
3c2e41033c5f40eb
2c59c4d9c096c085
3db5bfe3bb14bf9c
46e44645421c457f
444e4326420e4336
34f34316be363ef4
a898bea5bd50bf19
c99ecb9bcaddca2d
c81ecaf4c953cb1c
c550cc42c95ec9c9
c5fac95fc774c955
4094c819bf7cc4a4
3e14bf753ca2be26
bcffc298382fc50e
422e397c41863a14
41d542cd428db9fa
443041c1436d4202
4033464f42a843b0
af4d41083c774120
c8a1475c4057402a
c7f540b7c379406c
c2e04751434243fa
c10843823592442d
45d2466d42fc4862
41fa416d423242db
470845b7432a4952
3f60425b40e8427a
488744d045984867
44d8460545d2457b
467e4020425e413e
45fc4338454b4271
4423c4bfbcd1c250
45a6bb434114bc2d
3a90c709bd85c6cf
4417b7933c41baa8
ca6bc79bc5d3ca38
c7b8c4e4c7cac52f
ccd1c945c9decaed
cc02c9f2cb32c9ce
c5c1c843c6e4c736
c4fac7bcc4e8c74e
4267bf5fb6abb5da
4311bbfe40bdbbec
3a8e3534bb2240b9
bc0bbdd8bcc9beef
b4e6c5bbc453ba5d
c232c4fcc31cc500
c0f6ba08c2e8bc3b
c24fc2aac3e7c222
bca449e942c944cc
bca543c9b4b643cc
49324b33496f4a32
480a496b4906496f
4c094c144a794c33
49c64aa44ab64aba
4624458a453f4537
43a3460e447145ea
4009c53440a2c16a
41f6413a3f7f40af
483d482d48b7474d
487248d147e148bb
42db4a5447af4747
43a8481c44da47ee
c94ec859c4b6c857
c73dc498c5c1c4c5
cc9fcd34cb83cc67
caadcbbdcaf2cb88
ccedce90cd72cda5
ca5fcdb7cbebcd85
c7f6cd76cb79cbaa
c0d9cc23c5decc02
469a472642854734
45a1411c455740ff
411c486f43354512
323043da3f07435d
be98c88ac077c621
c322c002c008c04f
49cd4b7a49de4ac9
43494a1c46134a01
4ca54f8a4c024e27
46324c3947e14c2b
469c46cc401747f3
a64b41742e794110
c40fbdd8bca2bac2
bb54b922bd04b9b8
c467c0b4b712c424
3f8eb2e43737b40e
bceac483c0c7c622
3d68c0ab29e9c135
3da640513eacb798
421d3e9742803dc0
c440c706b4fcc5d3
4200ba1e415ab928
c864cc3bc6ffca08
c084c784c249c73e
b9bfc413c2e3c02e
bdf6c344c110c2db
406145263b4a43f8
32283a4ebc583b61
c44843e5adaa3f0c
c5dbb2fdc45cadf1
c68fc09cc197bfce
c82cc245c4f7c1f8
c277c4fdc320c142
c404c40bc192c3bd
41d747ec4224446b
398e42c0384042b8
48814a824754478c
4541481244ac47da
4aa5470d45b747a7
48f645c6484945c8
49363846423a45f3
48904146485c41fc
3cbcbfad402a3b2b
4352406544c04054
c16c3dac40f0b640
3b2f41a03b874144
c39ac645c46dc401
c24dc45cc4ecc47a
c8a3cc44ca87c99f
c89eca74c990caa0
ca1dca29c990c9c4
c913c985c984c998
c8f9c561c5bfc833
c845c5e8c809c5b5
c41fc2bbbed1c480
c4c3bf76c3e7bf55
450b462d466f44f9
44cb463545f245fd
48ae4b5149ae496b
495149904a564989
46b04bc6491748b2
47f7494a48b64937
446049f24809463c
44aa484f44b8483a
4035b41240ce3cbd
3e9e40a03c7f4121
3830be85be294080
bf6abf32c00fbdf6
3faa4747bbfc467d
bd46bce5bf75bb6b
441d3d93c255437a
3958c341ba85c291
42b3cafdc790c4bc
b93ec7dbbefac7b7
c4fdcbb5c71bc9a2
c374c6cfc317c6d4
caa6c9bbc6c8ca6e
c70fc67bc673c68f
c897ca70c73ac947
c673c742c674c770
c050c233b57bc3dc
be07a8d0bf28b48c
bfe2476e4448388b
3c5444d836384478
3bba45c44249439c
40e541ba3efd4180
463a45c344d447fd
448f442d453d4483
45d948ee46504896
432b468145814666
48b94ca449324b39
4628495a4802492b
4bce4d5b4b184c05
498f4af149974b11
ba5cc7aec05ac7bf
3492c05bbfb2bf13
cc1ccd83cb9ccc99
c98bcb70ca58cb8a
c19cbc55c5983cf3
c445c5f2c409c658
426bc157c206398a
9ce5c329af61c2f2
c98dcc11c86eca72
c704c85bc696c82f
c908c44dc320c489
c840c172c65dc181
46fd49f446964837
3f1a475b41f74731
49254712456a4501
4860450c47bf457d
3c7ac8a9c0f3c5b5
45b9c2c943e1c1f9
c3aec8b6be11c661
3a17bddb352ebf84
c4f745da42d33a79
c29a4389bd254282
bc8f43dc411e348c
b9e2405cb3c04037
4436c868badcc1c8
4414be42393fbca4
46e44767412448fd
419a40363dbe40e3
481a4e0746914ce7
315046e0415946be
32f2441fbda743a4
c430b818c1f9ba1a
c654c421c584c4f6
c5b8c4bfc607c4f5
c4f8b9a5c2abc4f7
bf0bc203c0cbc253
c732cb4dc6a9caf8
bccdc6b0c21dc6b1
c80bcb60c3e8ca45
c0a5c42bc185c410
b97237f3455cb8f2
3c214535418c4532
46b2420e47a84402
4693479747404795
47f93b2f44924455
48214415481b4436
480c486b433448e1
44c641a4460d41c3
48634a8140d54aec
3cf93fe04148401a
40654407c0ab442b
c0dac004c036bfc3
c86dc8cbc779c9fc
c6c2c6d0c770c6b2
c8bac896c652c9b7
c620c5fec71bc5a3
c32cbcadb8c5bd9d
c046ba3cbf38b805
bcb2bfea41ee3bc0
37e740f83c1340b4
bfb1bfaf3d68bdaa
a9e43e85c0173b4b
ba1bbf1bc149c2ab
b717be31c36cc0dd
3dccbc59c0beb418
399dbffbb4bfc080
3d3d494a3f48482b
b8683c4a3d133e36
315c432bbc5242c1
c003bfaab52fbd16
bf12cc3ec6b1c90e
b8d6c6f0bc79c68e
3d71c4ad3c30c25e
41f73d8f40753d96
47024d314a6b4a73
459c4a94473f4a8d
3f8b4b52483c481d
3fc2485b44a64844
c0dac4ccbf38c469
bc96bd87b829bfb5
419ac439bbb1bc77
3e1bbb9434c1bcf3
be17c357be54bc79
b080c02bbd77beba
c583ca6ec6e8c84d
bc1ec7c9c113c6e8
42c9c026bc2e253b
41adbf524103bcb7
48f34cc448954b4a
446f48c0460a489a
4759461841764631
427c4329419d4160
c48fcb39c899c9c8
c3a5c86ac55bc8b7
cc97c96ec86ecb82
c9dbc852c95fc85c
cc33c83fc521c93d
c9eec4adc932c4c9
43f63b4c3f004282
bf22402ebdc33eef
4c734e724af64d7d
48e84ac949724aea
44834b50478749fc
44e246bd45f047b2
c684cc6ac729c91a
c10ac771c403c6eb
c3cecb8dc6a6c996
b966c65ac24cc69a
c0a8c3fbc2b5c5d5
3538c2e4bc0ec302
44f6bd723a563cbb
444336c4439a3a4c
45ae2dee3cbf412d
43263d9642c83d1c
b9a0473c4053416f
b79340f93afd3f95
3c8c4831440344fd
3857438640424375
3eeb42caa4f141a4
be24b4dfbe60ad46
3fdf4c7d45ce4972
bc9d4629b58945dc
b83d49484398471f
b9584424329a43d8
c309ca09c533c740
bcd1c589be13c548
bb73cac1c3f0c85c
3e3fc4453cb5c400
c136cad0c401c8cc
3bf2c3d7b166c3c0
c243c8d1bd29c73a
3e12bc0330d8bc66
c3d8c5b5c17fc4f7
c03cc15cc02ac169
35e1bc55bf08bdc1
bf16bf95bda1c012
477849244807474d
44ca4845447c4807
bfe3499a41a246cc
c4da430fc40b4270
bfe848ceba8947b4
c656b9f8c494b998
46253eb93e3e43ce
43503c9b43a33c4f
456ac578b89cc09f
451abbcd4413baff
47ca456a43ea4563
476b435f46ac4444
c5f7b532c307c399
c34cc323c440c233
cb61c8e0c874c9a4
c954c8a6c991c864
c501c408be1dbe4f
c2cac0c2c1a3bf1f
3ed539423f01425f
3c043e1e3fc83e0e
444c3e1c42764068
440642d745084209
3fafc6afc4c7c138
bd89c4d0c234c4c9
46084470402944fe
3f1a404e390a3eba
c636495345e6409b
c37146c7c0094622
cb8dc857c722c9e0
c9dac6bbc956c6da
c872cb4ec996c9d3
c838c99dc82dc995
c724c7e9c46bc7ad
c391c49fc267c438
c00dc4fdbab7c3ac
3b3abf723c42bd58
45b8bb37ba694183
4463bdbf42b9bcff
469b44533fcb452b
4580405c4362408b
455c4abc486f47c4
457f489044f04883
c3534cdd49944704
b55a49b741de49af
bd2146be468e4307
309d4688428b470d
4cbab0aa45c548f9
49a3459d48cc45c1
4ca53ca441f648ec
49b5422247f44096
b80ec5e8c4c1bfd6
2f11c4d0bb1bc513
ca0dcb42c9ddca3e
c929c9c7c90ac9a8
cc60cbd5ca42cc33
cb60c9f1cb5eca17
c4ef406db87fb8e4
c402bb8dc1a4bba7
48be4b86473f4a00
473d468a47e246d8
c0df40dc3f28be7a
402e40873ffb400b
c919c3adb63bc69f
c3502db0be7ba70c
3c843e5e3fb7423b
b7743f923b37406a
46d33f7f3e8943ab
3f823f9930313f21
3d04bf6dbed3bd7a
c009bea3c14bc000
c42fc803c6e1c576
c5a8c7c4c4dcc76d
3fe7c6a0c52fc1ce
3c24c5d8b9c0c54f
451c44644035420e
455040ba43b240d3
c812b6bbc00ec557
c482bdd5c49abedf
c873c6b0c23bc84c
c4f0c192c648c1a9
434a451e48944474
4642487346b64894
be77435644a04071
3a4c44ea4248447c
c1e52d33c42d2ca5
c45ec2cec3c5c434
4b92483b41fa4a88
47d83f8047634079
4acb482a45f94a2c
480a442448b2450f
c01144b4438940ca
b78644613bd74471
c317c1b33931c3d7
34314036b6543e61
3c94c8bdc1a6c571
3c83c1bdb12dc236
44c1405040004315
40b23e023f753f31
4338477644e64598
446244cc44464505
b262c450bed4c39c
3e6ebea13b11bf3a
40e4402e378d3b92
38863c3d349839b0
45984b4c47cf4946
40cc48364272481e
c18d44d43f393ebb
bc863edebc763f87
cba3c922c896ca84
c83cc8a2c8b1c881
cc43cc1ec9d7cc3f
c9ccc9dcc9d5c9c2
c8f8cca3c96ccb1e
c8d9c997c8bec99f
c824ccc3caeccb20
c89ecb1cc91dcb20
c83fc977ca31c8f2
c913ca48c968ca35
bd0b3840c47839e0
c823c478c64fc48c
30603d52c18d3d4d
c6edc125c3bac1d6
c6643effc014bf3d
c55ebf87c2c4bff7
bdc54891468a45ee
42a6462c44214661
4acc4a6c4a7d4b01
4b794a514ab94a51
4cc549864a964a96
4cdc4ab64c024a94
4c2e48b34b0f49bf
4d084b324c6f4b1c
4c934a024c344b25
4d654c354d2e4c4f
4d1b4bbe4c734c35
4cf94c6b4cef4c92
4d474cec4cc94d06
4c814ca34ca74cad
4c254d024b404cd6
4a044b1d4a114b0e
381149043e174635
c39140eec3ff406e
cc51c329c8d1c918
ccd0c863cc5dc89d
cd9dcc4dcc16ccc7
cdc4cc18cd14cc2a
cce9cf09cd7ecdb7
ccd5cd85cca4cd88
ce32cfbcce6fced8
cd23ce76cd48ce72
cf2dcdf9cd4acec2
ccf3cd4ecd22cd41
cc9fcabaca35cc81
c9b8ca0aca40ca00
c7d8c916c85bc933
c79ac82dc7e8c82f
c648c84ac7a7c70a
c8cdc761c83ac77b
3c2ac16ac366272d
c038c406bed2c430
4d4844d844674a91
4bb9418a4a75426d
4e5c490249134c90
4cb2484b4c044898
b1c1465546a344e0
4157468c428d467b
c474498b489444e9
3fac48b6441d48b5
4c704e444ced4d4c
4c344cf54c824d04
4cf04dd24d314d18
4c714d624ca84d48
49b44a7f4bef4945
49954c3b4a1d4c0c
45b247854876440c
459948e345ac48da
c0e03d23b27abef4
bd7235ecc0aa39a3
c191c0acc2e8c05f
c164c1f3c3a2c269
c38bc197c61cc33c
c493c594c5c9c647
c632c982ca0dc82d
c853ca33c929ca53
46f3c943c530382c
39c6c690b3d4c60c
4749bc0e41304596
46ad3d7547e84031
cae6c2e0c3ddc777
c46ec483bfd3c3f3
cd69cb6fc950cc60
cacbc964c9e5c943
cc11cc33c9a3cc01
cb04c994cac4c996
c63fc163c5a2c56c
c815c579c832c59e
39f239a4c21ebb9c
c30fc19bc4adc24a
c40ac7b0c70bc677
c4b6c6d1c5fac72f
35a93f73bde8246b
3c23bd15398bbe64
48bd49de4572485f
462a463345f345eb
485945ab453846cb
449445d4441f45fd
4981477648e44840
490d48a748a548ef
4674471448a045bb
4914484049154881
34b1410b450043f0
40d144bb454144b8
40fb460b45994817
aee645a3422d4541
c08b40751e1e36f9
c0b931e4c2542553
3b8642edb48839d5
3dc9b320be4bb4ff
4a3a49d2475849ee
4898476447e94717
41e5c2e8b7d536bf
40f6b8874069b716
ca2ccd0cc9afcc28
c83dc9b9c856c997
c9abca63c7d8cad1
c86fc704c844c78a
c6d5c640c501c7fe
c4c8c3d4c5cfc466
be1cc4c5c2ddc2ac
3bb9c38eb40ec252
455d44a842c34552
44113fa4469b419a
bcb9480a40ae4481
c21f3dfc3b113ea4
cae4c3b0c8c1c637
ca57c8c9ca16c8cb
c8c3c84cc8d8c6e1
c8c5c8bec9c2c8bc
49b348fb489d491d
481b48df46dc48b1
4e3a4e0f4d3f4d75
4d204d554d4a4d39
4a244643480046b6
494d47b749e447c0
c7a4cc11c8a9caa7
c55dc8b6c6c8c8a3
c62fc66dc4d7c6ce
c5ccc430c7f7c489
3e60494a46bf464f
b93c475e236046f7
c23136073962bd36
ba96399ab6e13a69
c35bca73c80dc6f3
3920c83fbe3bc80b
bcd2c962c7b9c0ac
bc02c83fc17bc81a
bcab43e0a5c54394
c0e0b9f0bd2bbbeb
c16148e944c4427d
bf6b44d43e80448f
c8f5c659c394c7cd
c737c365c43dc221
c701c48cc3e0c5af
c537c3f6c3f1c256
452c497e465c4494
4219476c42cb4712
4882468b45b44368
43db472841d7463a
441bc3ddbebbb936
41b4bfea352abfd6
41b2c827c421bca9
458ec58a40e3c513
48aebcef401644be
48743e0446e03de1
44d5460f448545be
42cb44894367449f
c4703cc5bb70b23c
c358bc50c146bafc
c4a3bfd0c169c0e8
c414c1a7c35ec247
c2b942313454bd2e
c0bf3884bf872a0e
c757c372bf62c655
c273bccbc10bbe1a
c1a5c5f8b4bbc317
be572635b8a7ab1c
48fb48bf487e4901
43c1486d45844882
44e544b641fd451f
b76441f5369e4288
c42a34cec3319b3c
c492c269c48fc247
3805499b3e544710
37303feb2bdf3ebb
be2c3caac238c02c
ac0dc2cbbdbac2c3
c81dcb36c854ca93
c0f4c8e8c35bc882
be6dc91fc279c560
3d23c3f93d79c26e
3d80c5ebbb4ac0de
3dd9b94a3f9eb971
c4dec57cbd70c624
c04cbd79bee5be3e
42a34365449341d3
3f3a44953f0f4493
4943488047414876
457a4822446e47d0
c0e7b035bd95afe5
c0c6bb02c17dbead
ba4cbf1fc4113f26
c351c4dfc1c6c521
4888450c35454735
3fb3af173ddf3409
bb593df63244c068
377d39d5bcb73a55
c6c3c0073f81c50a
357f40a338eb4031
c543410b407fbdcd
36cf407f40a64111
c6c2c008c1f2c4ff
c0cec205be5fc198
4045c572be04bb25
3a1ebdbc37fabf41
49f6451b44ae489d
46d4448245924468
4420497c44fe4758
446c44e442e34546
c7513efdc00dc04a
c59ebff0c43fbf64
bc59c73bc617c097
c684c6cec52fc6ce
4873c28fb8a243a9
3c56bc793b40ba58
419f3e243e163e76
ac3b3ffa34064078
c81bbb1db8acc592
c438a970c230b6b9
c9b3c570b3dbc8dd
c16c33eabffdb52e
2c753e7042812f05
43c042f2434f42fa
4aed49a647ad49f4
4985471948a54768
477d42f1451a43e5
46dc44ca449f449f
c119c4a4c12bc37d
bfb0c0f0c141c147
c176c4b1c838bedd
c475c86dc48dc82b
c895ca19ca47c88e
c7fcca66c868ca18
c930c948c85ac916
c83fc814c874c833
b40b400d3905347f
c1053ce7bd1f3738
3b9ac12a3d74bf6c
a4703e9b3c8c3cba
c6d2caabc4d3c8b4
c15dc552c2a7c520
439749ff461b489e
4131455f436345ca
4d5d51974e6b500a
4aba4e864c614e85
49264cfd4b3b4b1c
495c4b604a384b76
c56dcc74c7f2c988
3899c85eb90ac81c
c1d7cb03c814c800
c3cfc820c4c3c82b
c206c508c429c451
c627c2a6c74cc37b
c204c619c254c52e
c0a3c11dc493c184
4854422b408d45cc
460d40e7441e4040
420044eab60f4435
3d8cb3d93943b904
cbb9c9d8c8ddcadb
c80dc906c83ec8ec
c99dccdac977cbce
c6b1ca04c77dc99b
3646c3a9bf99be2e
c040c0e8be6abfb5
3a7048f045a846fe
271545d7410745ab
bec03f833fac3cd2
36fc3e703e833d96
44643f2b40183fc5
3dd73eb23eb63ead
49034c3d4a3649ba
45264a89471f4a64
44604cd44ba448fd
47494c1c48824c00
c484447d42a7b9ca
3b9f44653601441f
c81acb2dca01c91e
c63bc9e9c81fc9f7
b508cb75c9c3c636
bed6ca42c35cca29
4aef406f3e4b4853
47593ca846223d6c
4ab8482a44954a24
469444a2466344dc
c050c061c383b373
c1bbc4b1c0b3c41f
c87bc893c59cc833
c68ac666c5a7c5d9
c0c3c622bc43c4a0
c025bac7bc72b999
b889c218b0e4c1f8
b68f319fb566b411
c8c1c37ac089c88b
c4a4bf31c5c4c080
cbd6c4e1c443ca54
c7cbc34cc85bc32f
c4b9428daec6bc84
c2452490c02120b1
48c04baa48324ac4
4429486d45e34834
45c6492f4715488d
44e847ca451a4744
4935462244704882
482e4360478b4325
4d4d4ab248fe4c6f
4a63487e4a5548a2
3be33e7241043e4f
3af741473e7a41dc
cc0ccc5fcad9cc1d
c894caecc8f9caf3
c87accd2cb16cbc9
c479cb34c6dacb69
c8efcabdc61ecab0
c53fc5a4c6a2c5b1
c9efc6c4c2ffc7fa
c88cc2cfc8bac126
b7d745013f954339
c21a4049c1624136
494949fd487c4957
456f48ca4724489a
48a044f4457e4767
45b844bf481044f3
441e3c18402b44a5
41903aed44c03d39
4850427044664765
449443b645e1436f
4b2147c3471d4922
485c46e2488c46e8
477b49d2474a4764
480247ef46be47e6
c3e7447eb5f2b8b3
3e1b3b10bbae3417
c98bc294c886c6ad
c7f8c7eec8ebc82e
cba6c455c893ca18
cafac817cb59c837
c944c82cc608c9c1
c81fc62ec891c652
c636cab6c742c80a
c50ec839c515c812
c606c8d5c657c677
c614c745c46bc714
4149b22c404c3cbb
43b93d7a45043dbf
413b3f6f45dd40a1
4745458e473c45b6
3e6c42db451d414c
411045a3407b45af
4bdd46a845ca4a08
47af4610471f4625
4973408b3d7a4822
46493c5f46263d84
c779bfe5c27cc49a
c477c22fc2f2c1b0
bc4844fc43df3a9c
2c5c44c43d1d4494
48d44a6349bc49a9
47fa4a01486849b7
3f953da23e98420e
1e503d2228453c70
c7ccc9b3c8bdc884
c899c8efc908c8b2
c82fc8b3c872c936
c852c876c92ac847
c2dac901c82bc89b
c02cc83cc4bec864
ba5dc757c66bc618
4213c6513e1ec6c8
c36848303e8f3dd8
36fd3ed740683ed9
b6584b6148034829
a2fb4744430047a9
4aca49f24a274b52
48ba49f549a24a09
49444a2449f74a48
48604a7c483b4a36
c10a493b45c34519
c0f446bcc0a14639
c3ecc3fec30ec22e
c625c342c5eac2b7
c54fcca1c94ac9ef
c5adc98dc63bc953
c705cc8bc938ca7d
c6a6c94bc705c95b
c3fdcc22c90bc97d
c466c91fc640c933
c574cc8bc9ceca92
bd7bca02c579c9c8
c5aac882c502c7ff
b8b9c52abfbdc4a3
49c34c4d4a274ba6
48894a1049c44a1d
4d164ff14cb94eb1
4b904ca74c534cab
47c14e9c4a934bef
464a4aba486d4aa6
39db4c30491e47a9
410e498f44bb492a
c3e941333d22ade6
bf124061c0753deb
ca27cae8ca39cacd
ca16ca0dcaf3ca0f
c89dce3dcc22cca3
c8abcc4cca09cc30
c5accd9aca56ca9c
c3c9cabdc60aca8b
c7abc989c5dcc6e2
c6e0c600c608c5f8
c0cdbf943eedb9de
c3413f5abf0d3eb2
470b415c46b9444c
47574627481f468c
489a498548c64919
48d74869497f48c4
3ad4c7dec45ac122
3b06c43abdc5c48e
44b7c39fba593c92
43b0bc314280bc66
b57c4759451e3c68
baf444e5414e4546
3cc14a05472e45b0
bdd047573bf04770
bc0a448f3d2243ca
c2193ee7c0533ec8
c82bc46dbdf3c4f8
c57abd63c3ccbc96
bd993cce45f6ab9b
4139455243a345ac
468c468c46c5466e
48394656478e4690
b4f4c5a5c1ebc341
40d5c19fa57fc18c
c5d0cb37c755c975
c280c6dac54cc750
b778bdf1bff4ba66
bdcdbe09be72c015
451cb70fc104400b
40c2c18e3f01c17d
48e2484642fe47f7
45dd42ba458c4259
49fd4f344b274d8c
46b94b4248864af7
39a646ec3fbe4738
b7113ec53ca43e64
c74ccc85c929ca33
c40dc939c54ec918
4192c736b9f0c3e6
441db9d54054b9fd
43623f414442374d
441f441c42504433
c827c5e1c39cc8f9
c62dc34fc689c237
caf2cb0ec966cb66
c9d2c970c9abc92f
c8dcc918c892c80b
c8adc8d4c797c8b4
408249e044c847ac
bbe145853c02455a
47e24b5648874977
420a490041cd48e4
c2accb0cc620c72e
c3c5c6fec4bcc6c5
c598c897c47ac42e
c251c551c0cac55d
48554d7449cf4c26
480649f7486449a2
48f24c91496649f1
47dc49a448614960
404b448a456f3dbc
40c145c3444545dc
c2e1c841c007c668
3c6fbfde3134be18
c5aacb5cc86fc986
b838c87bc24dc85a
41ed43f9b7fb3de6
407bb46039dab507
486fbc52bacc4034
465bbcbf4123bc73
451acb29c638c101
44f8c74940eac722
3ba742a23e8f46c8
3c253dc243963cc9
c632433a3961b071
c4703c58c1843b64
c8bcca8bc4d4ca84
c799c4bbc795c463
c11840824307b6b7
c5c443dcc23e4407
be064c5845da4860
c47f463bc13145fc
b8a64023b2123941
353db9e0b318bb48
44603dc73db43912
43163cc042fd3b41
b8b048ad3b803c44
c0a83e83c0b93daa
c07d4011c054396d
c41cbeeac3f5be56
33a3c8ccc4a3bfdd
c091c49abf0fc484
c401ccf2c8bdc9b0
c251c8c3c4ecc8c0
bce3c3f0bcc4bae1
3f48bd69b53ebb62
44344acd48684939
4637487546f74894
3ca946e8464c419b
443c467f46194626
3bd5c661b127c362
44bbbad34427bba0
4510c946c444c40c
4516c53c4206c4f3
463c4733427744bb
4169429d42d042ce
42bc4baf480b4893
3d11482142ad483b
4043bedbb8d73a6d
3effbcb83c29bb86
b87ccad6c7a6c6bc
2d22c80ac0d8c819
c82ac989c6f7c8ff
c61cc69fc73ac6d9
c75243bc37bac0db
c7bf3db3c6053c49
41df4ea549554c1e
bd3549d0400f49a2
bf734aec43514840
c05c4479bc5b4477
cb31cd4cca31ccaa
c96ec9daca34c9e8
c326ca59c6e0c8c9
c687c6e7c7afc775
43f2c4cfbf6339fd
3161c146b460c1a0
3cd2c907c01fc1a7
42c4c2724402c120
4c414c204b9f4c23
4c534af94c9b4b3e
4bf54a09497d4a8a
4b3049224a944939
c7f7cc6fc974ca53
c4b1c933c6c6c90a
c881488d3459b466
c3433dd7c1b03dab
b0d34dad48c94874
4230493343ba4909
b3efca86c56ec891
b1a3c583be7ec562
42feca72c4dac60c
398ec5ad378ac563
3c334611421e4454
b55141a23a4f4148
c5e6bc13c1a735e9
c6ecc071c68dc152
3d9fc09cc32e4141
c494c2f6c409c348
408e43e52bd9434a
c40ba9ccc0b4a9e2
c8b3b9ddbd32c4c1
c82abc09c681bcdf
c7a5c7a5bdbcc82b
bd76bdf1bd8abe22
4317c4e73c28c115
47f3380545fa3c75
482c473c4544461b
484a44f3472e4555
46d1484744504677
469a443c45a743ef
0ec4c6b5c655c1b0
3db1c681ba35c679
c5c2c73ac85fc529
c56ec830c6c9c82f
c5033fb9b40bbeef
c64538d8c547285c
c212c0a140c4c221
c2954152c09940d0
bf54c1d43d85c003
c0083e1ebfa93ddb
ac17483144444338
bc82450b38504494
40bf496245b445dc
405f45bc458b45d8
489140c143d74653
485b40d648fd428d
4b3fc040424d472b
49b73ecc491a4083
486444da452847dc
45e644be45c244d5
3d7e4a1044b946d4
3c1e44f33afd4507
c60ec132c69ec4c0
c4cfc672c6f4c636
cc30ccf4cbf6cc25
ca7dcbdbcb17cbe1
cad3c9abc850c989
c8d5c7d3c8fac839
c2dfc48cbcb9c676
c004b445c274ba2d
c312c6b4c095c840
c2d8bfafc30fbfb1
c18d484d3ee94125
c4003fb8c0e93f1e
41ad496544e847f2
3ecd44dd408244c9
4574c82436ffbf1e
46202e5c454f36e5
4879c85abc64b713
4828be0b471fbda0
4955447540b148dd
47c63f23475c3e6a
be6048ed42d04732
bf3f423734954283
c8b84b4e453042d2
c7d1450fc3d2458e
485b4ad1491548eb
458d48ef46de4909
4cabbefe455145cd
4b024541498a44e7
be13c556c18dc66d
a955c013c089c12b
ccbfc327c4abca01
c9fcc3cdc99ec430
cb9dc898c6f2c973
c89fc6e7c842c6c4
21c4cbb3c964c7cc
b977c996c25bc967
4877cbb7c8b0c10c
440cc8e23935c8c3
446d44263d21481d
3c5f3b7d40f73c0f
b83d4c7b488b4989
bbe54862425c4866
441645d746f64450
448846de45b24716
470a429b45cf44e2
459d462045524650
c632490b434d34a6
c71044b7c5c04454
cc08c0a1c4d0ca53
cb43c3d3caadc472
c615c8ecc65ec85e
c4bac6b9c4b0c6b2
4015c6edc469c04b
4390c49a3f51c497
c240c951c8bfc6b4
b373c872c393c8ba
c3dfc829c87bc411
c28dc8abc4b7c8db
48c74627465248b3
482544bc485a4579
4ca44b024c714c15
4c8f4c2e4c884c71
49f549c64a9c498a
496d4abb49a74ac3
402f443a40eb3b0d
3d8641873d514146
c2f4c483c578c55b
c3b3c56ec4b8c54d
c560b6dac483bfce
c7c2c39bc630c423
c55b42c3b589bd30
c539394cc2cba2cc
c0f9c4aeb91ec35a
b944b68ebb63b959
becac5e1bfeabd87
c150c122bdc3c046
bac63f04b5264115
c2d4bb46bbbab881
429c469441534686
30f440883c084060
c2dec0d0beb9c0b5
c0e5bee1c167c005
cb77cc37c9b2cc9d
c879c947c93ec96f
ca0fc808c8c3caec
c825c822c981c82e
c025486b39513d83
bc1b3d48c0b73dd4
437739b136fa430a
44482d79436b3354
48c4c79ebcdb4211
4744c0a645fcc045
4c194650482c49e5
4a7346d44a55474f
4c254bcc4b874c2b
4baa4ae84c2f4b0a
45af3d3d471844a5
469d468548254680
c7fdc918c3edc89a
c6a9c320c545c2ea
c5f54536bdaabcf6
c8a4a7a9c805abe0
316d4992415243b2
c20e4424c33e437f
c97fc7d6c5ebca18
c5bec4ecc839c5ac
cc0ec947c963cac9
c97ec92aca66c96f
3d8f3e09bf934149
ba28c06eba36bfc1
4c2a499248d24b91
49f548604ad048a3
4a834ae149d94c52
49a149474b304964
4098bdbe409e4468
42fc3c5c45293d52
c213c9e5c5e8c77d
c438c5cfc468c5d3
c856c6dac849c9c3
c97fc6d3c9e0c73b
cc99cbd9cbd7cd75
cb62cb53cc72cb6e
cb80cc76cbc5cc78
c8cfcbe9ca76cbeb
38303ec09e8c42ac
417db58241a0b583
48bd487249f848b3
4a1f49a44acf49bb
49c64b194bf1495e
4a254b9a4b174bcf
4a2e4e4a4c584cf7
480c4c6a498e4c79
48b84c1f49804c2e
4411498545d94989
3c82c8d8c415c218
bc89c4d0c179c4da
c228ccb3ca86c9b6
c42eca80c75cca9b
be41c60cc8acc3f8
c40ec858c5f6c87a
c567c263c575c613
c4eac523c57bc576
c8f2c976c6c1c9e5
c6a7c698c684c69c
c4bac3a7c1e6c313
c12fc1cdc038c173
3dc74909450645e4
440844ff44284501
417d49c0489c46fe
45b148a8464548bf
4777465148b847d8
46c648b8483e48e0
490742bb4690468a
47bb463848634643
1a5c33aeb6fcbc11
2427b603b6bdb849
cac3c7aec8bac9ad
ca4fc850ca5cc864
cb61c97cc9a9ca8e
cb99c979cb39c993
c3f3c884c784c567
c7a6c817c755c80e
483cc333ba73427b
43b2bea243cfbd5a
4a874c2949aa4b87
4a2b49a54a9b4983
b1104b1a4779484b
43c247e4440a4754
c943c81ec4c3c851
c46fc4acc6c8c4c6
450ec8581f24c2c3
471bb2e9441fac50
4b3dc02644464548
4a3843c849784462
2a264133b66e3cf0
31bab926a91892a8
c6cd461fbd08bfd2
c65bbb2cc5fcbbcb
c5bc3969c1abc3c9
c885c041c7aac12f
c6bbc22fc5dcc40b
c9c6c5b5c88fc5c0
38e0bf78bc312ec9
bc81be162a19bd3b
455f4088455b44ed
473044ed47bb4545
46294a71483d4a96
463e480c48284838
483a4933479c49c2
47e54777482c472d
af8dcb36c352c947
446ec2363c34c38f
c7c2cdadc9adcca8
c21bc969c639c993
be0b3968c01abcc0
c092be95c1b8bef2
c33d49fd424b4094
c4014402c37c43ae
ca9cc6c8c5fbc96c
c8e8c610c8c7c5e6
c61fcc07c7b5c83f
c525c87ac4cfc84f
3d05c3eebb0a3c0d
be86bc7ab8f4bcf8
3d34480240bf464f
c1454139b5884140
4a414e67495c4d56
47f6490448e64935
4c604f544bb34dbc
4b5e4b914b5b4b99
48753ea144a540e9
46d444e6468744f8
4020cc3ec380c82e
3cd6c3aa3c6bc2d4
c6a6c96ec437c88e
c110c302c491c330
cb71c887c6c9ca9d
c891c597c9eac637
c7c6388bbf1fc4dd
c615bd45c61ebeb0
3d4d44c0b2e740a3
b164b88a345db845
c23acc1ac9f3c7a2
c265ca90c3b0ca76
c1fbc956c656c2fa
bfa4c779b641c731
bda5438542b73e0c
3af141f140d3428f
c410c964c394c82c
b13cc46bc073c3e7
447f442540db4455
425e41294027413b
4a3c50414c4f4d85
45254cc247414c81
41164abd48a7466f
3d7a4960414248e8
c462cb01c5eec878
bca4c5f8bee4c5e5
409cc9d5c7f5c3f9
b8ddc844bf91c822
44a6c5cbc0c4bc70
40e0c15838acc0cf
43da48ea48c946db
46a048e147b04917
bb834a9b47a647ef
b04a47b342f947da
c837c593c60fc565
c840c6edc73ac6ad
414145c642404272
3da640ea3dd541f4
49d94a2248604829
4869489047f24883
c37dcc2dc948c9a3
c063c919c55fc957
cb1ccd19cc01cab9
c987cbe9ca1ecc07
c6d2c1adc2fec205
c6bcc23ac577c363
42cd4777447841bb
3f2a44d13f414444
436745a342974423
43e34210432642a6
c6c6c8c5c4eec55e
c29ec5fbc17dc53b
c714c796c513c651
c539c5b4c485c549
3d683ccd32d1b9a0
b56033112ccb3552
45cd4779455c4430
43a745c8446145cb
486e4983488548e7
480848e947b148d7
42203b1141e04304
445f428c419e4210
386fc0abb811b96a
3d8cba3d3435bab7
461f40b03e9f40fd
424e3e6a42093f13
c023ca20c5b5c87b
c065c5a1c11bc5a5
c82bcc6dc822c9ca
c395c85dc459c863
407a4d6648144b1e
3e4f4824433a4811
47c8515c4c614e2e
41144ca045ce4c82
3dff44ad41fc40e2
bc064312b70d4234
c109cdf8c8acca37
c26ac8c0c493c8d2
c352cc19c709c8e5
c11fc7dec3d5c789
c717caa9c6f6c907
c2dcc7cec46bc731
c40ebdf3bf26c16b
bddfbef2bcfabe2e
aeba462a3f06438a
3c2a3f743da43f76
c2f2c855c74ac34f
c145c7c3c2f2c734
bc10b95ac136bc7d
b94fc0f7bc64c022
426f4b1447a945d7
4312482144de47f4
430e41f543ac41a3
3f1742d543534239
46993c3d40f44459
3e603f8240a83f44
3febac04bc2a255b
bdbeb6a2c13bb8ea
bec6c8d3c489c71a
be4fc2abc32ec3c9
44f146d7470d4488
45de47a745af473d
450b4a13491847a3
477348e747c24915
be1ac6cfbc91c1b5
3e92bf783b2ebe28
c77ac0bfc51fbc1f
c5d6c57ec486c5a2
c80e4243c34b349a
c681c393c4e6c3a3
b467c757c4c1c5cb
b803c4fdc108c4dc
4519c1fbc0efc124
3f91c10bb8f7c0f3
4130459640d043d0
3c0041bf3be84166
c568c168c0a8c1bd
c4ccbf48c3cbbf6a
c832c814c592c819
c67dc58ac5f6c4ef
c56cc8a5c16bc666
c101c25bbff9c177
38f2399941f23fe0
3b3f419c40d84119
4395c7e1c3abc1d4
3cf8c46bbd5cc444
4505c2edb9a6bd58
4068bc41378fbb25
bb6a40e93cde3f81
be8e3d681f533d52
c8fbc64ec4f6c7f9
c7dec42ec6abc488
c7963d78c0dec473
c5f5beafc5e1c04b
43344ac444f847c2
3c3b44f13ea54550
3bf840c545533c1b
4109457f42d04602
c81ec8383941c701
ba6e3c00ba2a3787
be1ac1e3bd3cb7f7
4039bee13dd3c0a7
4ab63dd53d814577
49453492486739a4
4822412b408a4268
460f401244bb40e9
bbf8459f40f84319
c0604262baac421a
44f646a4445b46c9
349c44b841584487
3cc6c684c4d9c1bc
c1d3c537c1b0c4ff
c8c4c96bc96fc844
c863c9c0c8eac962
c963beb3c3eac4c2
c64fc42ac645c32d
c4ecc5a1c14fc68e
beadc10dc04dc119
4210c3eeb5f6c02e
42062c0f41eeb86e
45524b0b49224838
4718495c48854918
bbc6475d46fc3eba
442e46f344f946dd
c582cb5ec7dfc92f
c426c7cbc5aac816
b96dc666c753c20c
c5e3c6c6c786c74e
447a482d3ca64733
b9aa3d62c0453ce5
47eb4a4645bd4aac
4340451343c34545
48254a7e480d4aef
44ca476746f847e0
3fb8bdba437f3119
4072438f415d4470
c302ca4cbdc8c8d9
bcabbacec0b6b994
be7ac54bbebec588
af51bdabb634bf3f
c023bfa5c25ec3b3
3894c36c3c08c362
c5e6c5cdc5e6c5d5
bfaac6b3c00bc62d
bc9b4028bcc4b804
ba2cbcf6be10bccb
401748134306417b
3c3f442f393243bc
c65d3e92b96db85c
c4b0b272c148b3f4
c682b0fcbcff3ae0
c734bc7dc30ebcbd
45c4bef540ef409f
42a440ad431c401a
47b8c484359f2cf6
4803341944d5b128
0d36bee4c24825aa
3227c221bf59c2b8
399e40e3b5504202
b7d9b885ba4db308
41af450d43fe41fd
429f438342964443
bea4bd8f39e5c3af
2e013b32b80a3b94
3efdc679b879c2c3
3c23b5e7b1a5b357
45be450a44e145c1
422544ec43f9451b
c0de48ca41244334
c16040efa6c540cb
c799c624c705c625
c601c73bc593c757
c472c844c6ecc4f0
c486c732c4f4c758
c36fb9d3bf29c095
c3c9c0bdc1a9c03c
c6a2c810c52bc828
c453c586c48ac4f9
c782c72ac58fc7f7
c4f8c4a9c6aac501
ac8046a541324379
bced43b0bd8641f9
4c464b5d49ab4c67
496749cf49b1499b
4d624c6e4ae14ce0
4c234ad34c084ac0
480a470c45cd4567
483a458047594576
c278c8c9c26ec66a
beaec344bfc2c2d7
c8b2c828c58cc6ec
c623c59cc4f9c541
c97bc4dcc435c832
c40ec459c2d8c41f
c841ca43c4d5cab8
c3e5c4cbc45fc4c9
c3ecc674c11ac647
c448c07ac3cac025
43d5472e452c470a
4161449643574545
45944409442145b6
43c64316438943ed
b6e8c020c4b3bdce
c297c439c435c454
436d4369c20f44de
bd8ec1bfbef1c22a
49064b5146fa4bd4
42ce46894507460f
42ee4c3447b24a63
37d24786415e471a
c40f29cac02bc323
be35bf4ac10dc033
c3ddcacdc5c9ca58
b453c4cac216c544
c7b2cb67c5dbcaa8
c001c53ec317c544
c9e1cbabc8e0cb01
c4d8c95dc602c90d
c5f4c85dc652c7a5
c45fc6e2c4b1c6b9
3fba3fee4039405a
369c40d03c6340a8
420d40af3bab430a
3f6f39463ff43be0
c128c548c48cc1bb
c2e4c4a4c176c495
c12bc3662f92bff7
bf3d35ddb1fa3374
48d04ad54a2549ed
48204a3348c34a35
4c914f0e4ced4d68
4a964d154b254cff
4c274e494c554cec
4a1b4c7f4a384c71
48bb4836461b48fb
46b445b945f24655
c46ec8c4c771c66f
c2e5c810c48cc7bc
c7b7c8f3c88dc8ee
c61ec88ec76ec8bd
c5b3c7edc685c6c2
c67fc5e3c6f7c684
cc00cd4acb2acc39
cad1cb25ca87cb48
cc64cd83cbcbcc9b
ca54cc19c9dccc09
c4f1be13c080c1ad
c00ac037be9dbfa6
b08345523cfa40c9
3a3d3e7bad353f14
c452c68ac508c69e
c1e7c5f9c417c594
bf6bbe7a3d2ec2a0
b8da3a21337b3bf2
45364b38494b490f
44af49904749497f
49894b5148dc4aaa
488848e948d948e1
4b7346f6464748b7
49b4462948a5462a
4c34465c44df49ab
48f9446d47f24498
498f45ec42ef492c
45214198446d41fa
c415bc993a55c14b
ba6b3dbfbcef3c6d
c809bff33934c67e
c025401dbfef3d75
c4b336fc39bfc113
bfdc3e92bc3f3c2a
c803c5edc286c76a
c4aac0f2c47bc17e
cae4cd07ca9dcc38
c928caa7c967ca89
ca16ccf3cc00caff
ca1ccc43c9cecc2c
3b6f480b3251462b
c369b36ebe6c2a08
46654c6147d74a9d
388c475241c647d8
3a643d66ae184202
c0c0bba3bd9ab990
437b434c3ff94206
42513f4640b63f84
482c46374709440d
49504741482d475f
454cc7d440e3c237
48bd4156466c40e9
4230c50c3f2ec199
462c402b44733ff6
bc844a70469943fc
3be44726410c471d
c8554142b87abfc4
c5d9af1fc433b917
c515ca8fc78cc807
c53fc781c646c810
461d33d9bc8542b2
305cbeebb827bef9
4030404cbde344a2
c00bc092b8d0bf1b
c84bc74cc646c4dc
c782c664c55fc5d6
3bfd46a341684456
bc9b41a039f94211
4acc496b47b94954
48d4477d48e64752
45b9c1f8327db97f
4804383145fc358e
c7edc81dc652c873
c2d9c57ec563c573
c90ac7c4c5a4c839
c76ac570c82ac549
c573bf4f3cc3c3ed
c2373d96c2a73d07
bda842ca43923be3
beab4431bccc43bc
44e94490401a4641
3f403eeb402b3ed4
46b746b73d7247cc
44ef3c3644b33c02
b69f415cb26d39ad
3d96b6233e69b509
bec4c46dba4cc507
3cdabdee3db5bcb4
4545b4263e963578
445e3e5e43f53dd9
41fb3ecb38a14079
32af3b9b34353b1a
c597c075bda2bfcb
c590bf50c3e2be64
c2ea40963f8d3464
c34d3f53c0483f44
3871bdf4baa5bff3
bd9cadf5c18db0d6
a9bcc5b4c338c19f
b921c354c0bac320
39d0429441d243cb
38dc40ab40124073
a81f41ab42523d7e
b93343133dc34209
c1ecc6b8c3fac55b
bb61c300bcb2c323
c1e2c505c3a7c118
30d6c3fbbc7cc310
41c3452741dd42e8
4355423040e741e5
461f3d6b3cc63ca1
474e3d3d45433ba9
41c9bbd1bc183c8f
43f6be2d4355bc04
37d347d343e644fa
bc7343c63aa7445d
34fb43753fc440a7
c1bf408fc07d4041
41a74192b21f44b5
bf3eb6ffbf69b46c
41ad485c40c446f4
345b40463b473fd0
c31ac02ebfbfc323
bd06bec1bde7c093
c7d7cc42c885cad0
c54ec88fc706c88a
c881cc68c91ecb7f
c6bec95fc822c93b
c95ec8f3c71aca02
c67dc756c5c0c734
c869c47ec069c6f1
c556bfe6c1b2bf8f
459b48bb490d48a2
4592494a47034939
4c6b4deb4cb84daa
4bd44cdd4b8c4ccd
4ace4be0487e4b63
48cf48a4484b48a4
3b9cc3e8c568bc32
c075c599c14fc579
c817c93ec6f5c813
c6f3c717c666c710
be7b3e8d3e00be4f
bf543dceb81b3dbe
4639433141b53f97
418541ac42b4414b
462eb62836cb3d34
43a7381e427b2b85
407a433440ff42fb
44093fa4430c3ff0
c2adba9fb992b6f7
3699be24b4e3ba77
c687c982c810c81b
c442c80bc667c7ce
c4bbc61fc6a5c4e8
c51dc62bc6cdc647
3b0648383daf4639
c1873f39c04a3f87
b8723cb238c33d67
c0203ba2bb773912
c061c67eb962c407
bdb8b8fbb96cbc34
42d24887465d4643
40e845f443a7466f
3e3e424041f23c1f
447f40fd44d4421c
c874cd15c844cbfc
af8dc853bd9fc87c
ca1ecc38c88dcb9c
c692c848c6e1c892
bd8e466831e53e1e
c43e37e3c1c2389b
48174c2846844a4b
42d745fe4485467c
453a47194408475b
42ee43b042bd43ce
39a9c13fbc2abd1e
be32b6f8c017bb92
4222b813babf34d1
bc12a39ebfeab959
4537467d441446b3
411a44973e754445
4464481c473f4775
457b4742457a4744
435c45d3451f434e
45f544f6460944f8
3836c6b6c2ccc475
b8b5c41ebb5ec33a
3b14c93fc587c282
c2a9c6d3c1dac5af
c063c2e5c23cb824
be53c40ab99ec2c0
c8c3bda0c403c58c
c49cc382c3ffc404
c43b460d3da4b47e
c2df408dc1093e82
40a9403943514093
41374346411142e0
415bc8243d65c148
45803c2543b93cfc
4174bce84222b4ea
435d42f8418a4307
c5a7b99ac23bc40e
c1b2c167c329c188
c7dbc56ac859c5fe
c5d6c855c6bac84d
3fbb48723578464e
c1cf3bfabd833853
407d49aa43f946a6
b3a2448c3e1443c7
438ac0a439523638
44a5275143853104
4a34b858450d4630
47b94494475c44d8
3e46c41e361db8a1
bde835bbac7b34a1
cc09cb6dc995cc05
c9c3c992c98bc992
cac1c20bc62bc8c3
c843c5d9c894c5df
c4d747213e7e3333
be083f0fc0c73e8f
bf87c4a3c073c331
220ec13abc0dc09b
4a61bc8643bc474b
46c0427b468b43d4
4d8a4bbd4b614d1e
4ada4b704b064b6f
45b4498e46b2483e
454f475b462646d6
c59a3c0bc28cc076
c41bc2e9c03cc2cb
437e3d4fbde0429b
2a9ec0b7383abf6b
47a1be1b32d34115
460ab08543e72ee1
c2b2c61b3133c6ce
427837353f023506
c871c0f13ce9c6cb
c1733ddbc0d33c77
caecc4bac47dc894
c91ec40ac8b6c44b
cc52c8cfc8c3cab8
caacc84bca92c86a
bc41c3bec412c02f
c2b9c324c488c403
48d840103c3a472d
44e537c944b33821
3c0d46af40a045ed
3ab53e1b435a4063
418f49da455b4878
3dc24549420f4595
4a69459244e4481d
4841453a468f44e2
46c3c708bedec0eb
4535bf564298bfee
bf1fc786c3c0c58f
bc96c43bbf95c42c
c181c706c1d8c5a1
bd91c232c0c6c241
c5bfc6ccbe1ec6fd
c128bd06c139bc7c
c50947dd42824077
c40b43cfc14143ae
c04f496f414644e7
c28941a1bffb40dc
b66bc55dc26ac2e1
bc20c371b9a3c2f0
baadc5b5c415c1c2
bd9dc477bd82c392
3d264a6d43c347a8
3b4743ca3ef543b1
47db48d146b84839
46d946594740465a
46fbc12943093ef8
4649426e45ea4308
b47cbc584095b973
4013419f3fc640ea
c2eac729c1e7c411
b554c0c5bd51c18e
ac04c881c39bc403
add3c331bf38c34d
453e44cb3e8d45a4
3b823d4e386a3ce5
3d5b467eb93f466b
bdd2bd1ebc0ebd2c
c8e4c889c776c8c0
c62ec79ec5f7c796
c931ca02c57ecb2f
c6fdc519c5f8c557
b9afc10e3e7dc364
bc9a40a2b807401b
40e6498d456c4638
3b2b46623ad34665
c2884c6041a745ee
c4c942c2c39942fa
c58abeb7c395c44b
c468c49bc401c43b
c216cb45c4ccc78f
3c80c5942db0c535
4869bb97411f4491
48164167467a414d
4cde481b47bc4b18
4b04471e4a284743
46393d483dc34723
4483351a449d3adb
c762bce5c194b991
c5a6c1a7c3c9c159
3ddc3c47419b3141
3a2c42333fbe4198
489a39f344aa3e99
45f9444b462f441d
410d447c41d540b7
4039415640aa411a
ca3abd0ec2fcc7a3
c704c10dc6d3c1d8
cc51c480c641ca50
c956c490c960c54a
c2f9b93ec15ac0cb
c262c04cc4a5c101
a4cfc84dc649c2d0
c1c5c6aec4ddc667
c6ecc79ac59ac5d1
c733c54dc68dc537
c474b893bc20b78a
c45abc99bfb8bb99
41c942bb416344c9
41d73dd344d24081
4beb4abc493e4b99
4a9948df4a914906
4e074ae9498c4c3f
4c4049674b3f4953
481abc60400d2d74
459b3fd643d7400b
cb92cba8c858cc0b
c9a9c7edc932c826
c8b2c1bec17ac511
c724c033c5d5c119
49124cdd4a184b86
48f54a0848c34a1e
32774136b277407a
35fbb70abc01b425
cc78cdfecc4fcccc
cb96cc57cbabcc50
cc3fcce9ca31ccb0
ca04ca34c942ca0c
c566c2d1c088c5fe
c1b3c065bd7dc06a
49c44a3a485249e3
4900483e49264806
49944ae547794aac
48864732485646e0
ac11448c2dec4284
ba9a36b7bfa23638
3f20454f413942a8
9f0f42adbe69431c
48cc41af40fc452c
4483414040d04166
429dc65d3acabafb
440f38c9420a38f7
b979c005c41dbebd
bf97c385c26ec3a6
ca4ec5e3c8b5c8f5
c956c83bca33c87c
c7cc48593ef8b6c8
c75141f0c78e40d1
b91c48be449d4490
c1fe455cc13e4520
3a54c2bec1c03ade
be00c2c6b87bc281
b7eec8d7c59bc40b
3894c6e43ec2c65b
bdbfc75e3a02c613
4260ac26441b34a0
423d433647983eeb
454e478a4622477e
42b54847466e447c
441a46e4444746f2
c11541154053bf4c
399a41073c1a4142
c60ac34bbeb2c363
c273befac00dbe4a
c45fc69fc4b9c0c3
c3f4c466c488c435
45a9c47ec4f13f86
a755c494c289c4ac
4990440cbe6c4899
3ee2bf782d85c06f
a82648ab402b4625
c1253fc4b7b83eec
c482498645ea3d0c
c17d465aa77d4656
45b2444a45df4355
444345ed44c345cb
4964c41f407b449b
480d3e63475d3e36
41d7c720bcdbc38e
449dbf38442fbe66
c631c4f5bf20c820
39c8bfe236f0bf99
c80f410236f9c060
bfd939febffb39d3
c820bca8c1c2c43c
c56ec02ac619c067
c86eca1fc878c9ab
c62ac802c872c83e
c69bcb3ec9c9c919
c5aec9ddc814c9cd
c34ebda7c6a5bd46
c625c79cc558c6e4
c17d43a3bd8f3ea6
c4f3bfb7c25ebf2b
41f4c144284f3c8f
34fab3f7393bb5e3
48f04a064851490a
441f4889455f4869
48d14d314a364a31
45374a8946ce4a53
48ca452d47b546d7
48a0474248bf4780
4749c27d45824464
4803455c481b45a0
4246426045f044a3
4361467344764613
437a474e44fc45f6
43de445645704492
c237bf6cc2cebf72
c096c418bdd7c307
ca02c9fbc9c5ca2f
c880c9aac956c9af
c47fc9f4c77fc8ce
bd0ec75dc3b2c773
44d3be393dfd3645
45cc402244024018
3a57489642f7451e
2a05445ab962442f
c7f041b7b164c047
c63d34e0c549a90e
c6eac8d1c33fc8c9
c48ec303c395c397
4273c75ec1e2c35a
3e30c2c13413c2d3
bbd0b9acc16fbd9b
c0adc24ac237c261
cacd382ac4b1c666
c9a6c45fc8f1c43d
c888bcf8c5adc237
c885c593c7eac529
447fb395c14145fc
b80dc33d2a83c2a7
47333a0a3da64528
4462387044fa3904
4435408643a73ee7
459d443945b343a7
450fb99e41a73e9d
4527423844f2410c
48f43e8943e14649
479f42ac473242a1
4ae14c4d4a584bdb
49fd4a484a2f4a68
49c64c1c4a9c4a3e
49384ad349a74ae7
41b2407e43233d6c
437b43eb42b64426
c486c642c342c52e
be6ec2a1c31bc250
c7a4c7fdc516c875
c530c54fc68bc503
ca2bc318c467c900
c8e1c482c878c42f
cb4ec69fc774c9e3
ca1cc6b4c98ec6e7
c953cbe2c98eca64
c8a1c969c8b1c9a7
c262c88ec673c463
c25fc6c0c3f5c6ce
45a4463b41b64813
413d420c3f824248
4882462c448d48a7
4537446245344425
b581c4f6c019bdf3
bb21c19c36fdc1d6
c2ea3e7fb44f333d
c3beb656bed7b4de
46044c26485349d8
44e24879466d4864
428b43b140193ec5
449e3fbd440d3f72
b16fc940c5a6c7fd
372fc60cbe2ec5d9
41b8c34db141beb7
4314b1f340abb2cf
c0c6440642c5a43d
2dd3447331734445
bc8d493346594359
bfd447ebbd8c47b8
4421456944f04531
40d04524415a44f1
3ec9c6ccc461b91f
3e5bc5ef3c08c5ad
3779c4f3c77db6aa
bdbdc87fc1bdc829
478044fa418d4696
465a40b844ea417f
4a20452c49174780
4ae448ef4acb4900
bc47c83abe6cc570
2e1bbf963961bf90
ca63c969c7d4ca01
ca4ec728c9a2c768
c9cd43fe320ac440
c9563ca1c7863b94
c714495142073e63
c5c042fcc233428b
c455c787c4cbc60b
c137c46bc428c4ab
c5c6cc4fc98dc8d0
c464c95cc7afc958
b821bf6dc56c4076
c199c5dac294c59b
4813494b43834953
43aa41a7458041ce
46e548e64544466b
45434534462f44d3
3ebdbb3936f5bd7b
40273a8e3e9837d3
b1abc6eab7d9c36c
389ab7502eaab066
c3783bc44183c043
bb2941e2b9d442d6
b77649104641417d
39c64708396546ea
462e45f8470d426e
451c480e42954779
43dcc2cf3eb0ba44
443f3f783cc03f3a
4681c2bbbcb243ec
456fc07c43c4be85
469f333bae00463e
46c3be2a47bdbd9f
c2413d26c0e5bbb2
bd54c31f38c8c35b
c75cbfe6c50ec57b
c81ac581c5dbc54c
c34bc777c4a1c494
c49dc4c7c170c4b3
405dc003b5f33ad8
3d00b4a13db3b80e
4333474544764616
3a2145043b354503
b4e3480244cd44a8
be2c45d3b84c45bb
c721bf49bd62c4b6
c46ab542c3ddb96f
c8dac868c71ac811
c78bc6f7c77ac6bc
c43bc3c2c532c070
c1cec55dc2bec524
41c43eea363c35c8
43c2385440103766
47dd45ac448543ed
4596446640fc44cc
45603d723fa5421a
43793e0e3c173e92
c8f4cae1c75acb23
c5d8c712c626c79c
cc15ca67c69acc4a
c98bc5eac8a3c644
3b4446674649452d
381d46104182462f
4b9a4c2f4a534c52
491449fa4a244a07
4d9e4ca249f74d36
4b6049ac4ba949a0
4ca3472a424e4c12
4aad40164a024091
c7e8cb22ca5ac766
c580cabac5a2ca98
cd56cb3fcaffccbd
cc14ca9ccc01cacb
c62eb626ad44c5ca
c24a3c91c4c638af
c096c44b4235c528
407643063c1d42dc
c8b7c888bb46c9c7
c47eba84c376b731
2681487246d04407
b66c476f3c0c4783
496e4c9f492d4c02
45614966465c4955
47594494b2de46bd
3a30b8ee3eadb430
c1c6c97bc8e5c534
c430c978c31ac90c
c6fcc9cbc8e8c5d8
c297c970c3fbc92f
b060ad84bf4d30ec
3b3dbf7abaddc061
475f4699429f43bf
4472434040f74261
40b8c19ec039bfdb
3b21bed8b6a2bf8a
c701c6ddc074c77d
c40dbd87c2b9bf44
bfff44c54786359a
af9e48123fa94776
472e49b04952483f
454f496746da493a
45d64a5b480a4945
431d47f545544803
bd8940393d4e415d
bab83a0d9ec13b36
c57fc99bc698c783
be69c70ec399c6be
c2bec786c782c4fd
b254c7eec1ddc758
45a8c04fc2f73de5
4420c42441d9c3b2
45e6c4d2becec02b
4313be1c4269beab
c92bc4ddc401c88e
c6acc2b3c637c270
ca903c1dc172c4ce
c878c19ec7dac082
419e408040fa41b9
bc9040b7adf14109
471bbe03412c4152
181a41c63cd940bf
be09c2d1c017bc94
c362befcc241c02b
bfc2452138a441c8
bcde3c42be9e3c16
bba7426c3b9f3eef
3a123dabb27a3c3b
be40c5d5bed9c402
40eebf473d73c034
485649c047704811
48c846e548d646ed
49d94c5a490749e5
48f948bb497548b4
bc7dc64cbeedc437
3ac3c0393e67c034
c3a8c9b2c57dc60c
c3dfc573c32dc557
459c48064457480b
3aa944e5346c44e8
3a9b4842443e46a4
333c44c6baa444f4
c7c1c6edc65ec551
c6b7c67ac6e1c64d
bb1bc866c6c1c511
c4a1c6f5c4acc741
3d1bc4dbc20dc290
b8cac27abd44c242
c53ec400bfdac652
bd7ac0bcbc1fbe40
c0c0c0213f19c423
40c03ed241b84072
bef9c54aacc1c472
41b9b53c4087b373
c80dc50cc4e5c666
c4d2c574c41fc58d
c4b14535b5a9390b
c53d2eaac3e2b5d0
3f9f435842ef42ee
3405446cb4f343b4
4532408342844580
41cd423c4203421c
497d4a7d45944b08
4556457e46b84551
4651488e3feb47ce
40c7419140344007
c3a1c00cc0e8c478
c09fc076c24fc0d1
b2bac553b9d1c2d5
3cafbd123491bad8
427bc819b97ebfab
4198baea3c09ba8c
c47ac6f9c127c643
c34fc045c3a9c04c
328c471d42334074
ba6843173aa242fe
48ce4a0047d848eb
47f847c247c8479a
bbd6c041b898bce6
4110bcef3e42b78d
c8aac998c885c819
c5a5c91cc45ac86f
c152c07ec421bc9f
c277c506bd77c49a
40824aeb45e747c3
391446343d9445db
37f841713bc43a82
bd7f3ea7bff43d7b
c66bcd78c970cb5d
c5bcc969c766c993
c9b7cb59c7eecabb
c5f8c7d7c739c825
b75847ff459a4125
4259464a414b45d2
4ace49ea49b84a04
49f549d049aa49b2
49a6466646f84933
47484673477346b1
b3b34445a42c4542
c492344ec1f3351a
c803ba05c644c18b
c9dac563c900c5f2
c393bd96c40fc426
c55ec426c534c468
48f9472645ef45d1
481a458447d44607
48a0460a4694452e
482346f94874473d
c934c927c5e5c960
c440c574c44dc60c
cabdcb5dc882ca3a
c4f5c8bfc624c8dd
3f6b38883fea405a
43f63a2b43fa3e9f
465d438642a145ba
440540a64485432c
3ef5c52ec2ef3393
39fcc350b710c209
b55d2effb789acd3
375cb173ba3cb847
c4633f7d2e44c395
c4303875c3c0ad1e
c59cc21bc3b7c44e
c791c2fec652c3d6
c42ec168c1d2c0fa
c615c0fbc528c21f
c01a3f3b3757c09d
c0f83dc5c27b3baf
4a874c4048d14b47
483e490147b14919
4cae4d354b474d65
4ad04b0d4b3a4b1e
44f038fb439840bf
464b42fa465242e1
c4facb30c81cc88b
ac78c895bd08c860
c810c9dcc794c6e5
c3c1c832c3c3c819
c5e1c466bd34c46a
c5a4b648c4ecb88b
3e5f406c4101a8d3
bf684275be7942b9
bafdc219be3bc4d1
bc1ac002bdcac000
caaccbd1c947cc30
c790c939c87bc960
cb52c3bdc7a6c82d
c902c6dbc92ac706
c0644b034209468c
c1d942c1bc1842b6
4b0f4816465e4948
482d459b48b545eb
4c2541a244e24a3e
4995435c49b54463
4344448443644787
44a6421646504316
3dac3c2543703c25
40b0438042a642b3
40783fa942053467
ac0643efb844420b
c1b440bf38ffbe6e
bf8a3d69c0ec3c97
3e49c6d8c0a9c446
43b2c1f53da4c112
3c6aca73c55ac6bc
3f4fc5b4becdc5ac
c8f4bc04c428c4fe
c7fbc31dc81fc37e
c719487bba01349e
c623b676c517b845
410c3bf7a8383bd0
3c05297e382eb462
b984c4bbb6d5b011
bce5b4e8aaffb346
c1f14257402f42e1
c38e4094b855419d
b80341d73c76393f
c1463d2fbab23dcc
a5cac904c406c6cc
3797c45fba80c47b
47b0404c4379446c
481842df464242da
45b649ff4672476f
457746dd44c646b4
c910c54ac540c7a1
c682c556c634c55a
c48bc1f4c1abbe2e
c128c395bf9cc281
4c2249ea48024b3f
49ca470e49b64762
4b0140b4422247e9
489540dc483040bc
c83cca08c7a2c8d3
c63cc733c64ac744
ca06c56cc374c8d4
c80dc0a9c763c191
ad6f448e40ed399d
ba9e42e0b81e4172
be0fc37bc2e8c274
c0a9c297c25dc304
c9d4cb12c8becb25
c838c8bcc8c7c8a9
ca14c436c344c84b
c87cc33ac80ec365
42ac4ae7486f4902
40e9484d445d4841
4c6d4b7f4a134c30
4b3049b34b2c4a00
4c12493548574b57
4a1d47b74a3d4856
4822481f46164987
454245f0469e45fe
c4d4c992c497c70d
becac415c12cc45e
c98ecbb6c844cad2
c629c808c745c7f6
c1f343fabc4cb495
c3b8b99ec3efbb57
c740bdcbc5d1c70c
c718c593c83cc5df
cb56cbb2ca45cc7a
c93cca27c9d5ca2a
444bc41ec417b09f
383fc444370bc498
4c4e48cf45a94b05
48504543485544fa
3c8343a2434841fb
425a42ef42384344
c5743a263eb33844
37d63d943b8e3db1
432d46c7464d4849
40bc460a43ff462b
4873496349aa48c7
45c649cd474c49fa
4a934a4649c7493f
499249c5499149d7
47173e9f432e40e1
45aa42d5452b4229
c9ebc9e4c5e4cabc
c8a1c4ecc866c569
ccc5ca35c952cbcc
cb1ac8f6cac9c8ea
cb45c91aca9bc9a0
c9cdcad2ca03caa9
ca85cbdacbcdcb67
c944cbfcca0bcbfc
c5a1ca21c939c877
c38bc938c55dc952
4610450f3c42471e
44e438f144b33a10
48ad4881463a488b
46e14535476445eb
49a8475b4863475b
48404868481e488c
49dc4a9f4a9749e5
48fa4b3048c94b0c
45794b434a114961
45484a4446904a47
3f244648452644b2
b90f44da3ce444c2
40a8b8a5b7ed40ec
be3fada8bd52ba10
3ecbc5c0c4542e29
30f7c474b78bc489
c13fc915c616c54a
b445c73ab986c6c4
bc69be88beadc0dc
c147bc81c199bbd7
c29ac215c00ac1db
c4d3bf57c28ebdd7
c3d0b479ba38bccd
c1b6bbbfc118b9f1
435343403a7d42dc
43933ae439f73aca
3eebc2dfc431b636
3d4ec4223125c445
c67ec8aec7e8c75c
c6adc7eec513c819
c10ec0a8be92c21b
c109c004c0c0c0b0
44c04822476845de
473c47194687471b
4292492548a1463d
475a48d0478d4903
c30542984265bb93
bc5a4349baa24372
c95fc6b1c4d5c885
c84ec4e3c803c54e
c337c493bf89c418
c00fbed0becbbf81
4a96469a45f748df
490b4644485d468b
494645d33e324861
454f3c9544803d05
c090c432c5eec05c
c531c66dc493c642
bc52c637c4a0c27d
c445c4a9c4cdc43e
3d062bbaba7b3a25
be32b4f5c119b9bc
3dc34476412b4182
3cee42873f4740ae
be9dc2193bb1c37e
4028385643243b3f
c7fdca9bc517c9ca
bd07c631b9d0c543
40e23e6b3f0142fd
41cc3ded42353d4c
4a0a4d934a174c81
477b4a5048274a10
3cd44a4046ce464c
41b3472a41cb470b
c622c4e8bfcdc333
c366befac2c7bf87
bf9bc70ec3edc1ac
c567c3d7c493c3a6
c407c892c531c775
c310c575c41ac4f5
c483c950c6bec844
c041c75ec34ac708
c1d3c8aac813c846
c4a8c85ac6a9c853
c9cdc93bc832cae4
c828c804c910c813
c7f23a5fb0a2c1d6
c1c23c10c12b3861
479b4c7149254ab6
465049c047634974
4b924cf449864c3a
490a49db48a649be
4a214a0a45f34b3d
47034564477545d2
4049bdd5adb74344
b252bec342dcbc32
4061c832b666c01d
3fefbea743e0bd3f
44a9c4c63c99bb3f
45073c3642ec3b82
c779c77bc5d1c8ab
c59cc519c77ec5ba
ca40c873c889c97e
c8dec852c939c87c
c42ac049c2e2c07d
c129c347c083c29b
c063be5eb49bc3e9
bd5a3197b99d32ec
4084401a464bbcc2
410747a541a04708
4ba64c404ca54c0a
4b714cac4bf74ca7
49014a7c499e4abf
490b48e0499f4959
c6ea3adec787bc76
c7a6c824c7fcc7a3
c2b141b9c65439ef
c528c64ec63dc67d
3560c602c1ffc460
32c9c291bca1c304
c8d2cc56c90acb99
c850c8d1c8f5c8df
cbf0cc3fcaf4cbea
cae2ca65cb2dca87
ca51ca85c9c8c9e4
c89dc98fc919c9b8
3feb1eecbe6b3e80
30c4bdf7bc02bec6
4acd49de48ad4ac4
485b489b48d44898
48f04925495b4998
491448fa4a58490d
405f4635464f4588
44b3457946c545e5
475b46b445a947f6
452444fd4618456d
4a07484d46124890
480d45ce48094600
b7c242a9407bc02a
3a3640e1349f40e1
c654abf341a2c60b
c13942c0c28141e9
408941d044393d3d
40a8451f3ce5447b
44c5bb49bdb03f55
3f89b89e3776ba99
c2a4c8ccc7bac5d7
c37ac73fc53fc72c
c9dfc87ac85ac83f
c87ac85ac847c84d
caffc6fac832c73c
ca40c868c8abc855
c868c942c814c817
c83fc871c6d8c849
3e83c239bd21bfd4
419bbfde3dcebf35
445b468e44ab444f
452944a044b04461
ba7546e342df4315
ba95440a34d2438f
44f747a3449e4679
419244ba414e44ea
4b5344cf4609483e
496a4551486a459c
4592c45d344fb4e6
470c305544f23166
c4a8bfc3bce0c194
b9adb881bc01b81a
439348f5443b47f4
b9034470352f4477
416b45ef400e45bd
c1573dbebbcb3ec3
c8e7c814c458c801
c79ec4dcc54fc4a1
c317c4a9b8bfc57c
bcb9b3e6b8ddbaab
481045a445dd443e
48dd465847c045cc
3fa2be973d00bd18
461d3c0144573cc6
c4e6c8b6c530c7d0
c2dec571c30ac560
bf6dc18bc478c148
c496c41fc48ec46a
c2e6425bc1fc3de4
c52fc136c50ec0f5
c7f940b9c1dbacc9
c810c121c6ecc065
c54c2ef3beacbcaf
c58ebd01c44cbd66
3d65c195ba7ab8c9
3c7ebba13968bc7f
43b5c07cb4d435d5
4302ba36406fb9b5
41a7b0fc3e70ba18
43503e1b42943e06
33d5c26d2a9fc30f
407b341540af3019
401ec1a3bca798c9
38cdbcd69ce5bd2f
486c45d64525476b
4607449d44d644ca
46f547b5465047ce
476e456e4798460c
40b0465343684804
3ac442b6420c4349
bef94471440942b6
c36844a5bf7d4423
c6eec400b882c79b
c4c32abec47cb68a
bd6eac20bc24bef2
b57dbb27b57abb28
41c1490d44f845c9
44d8450244bd454b
c2cdbbacada4c56e
4098b2f43cbf2f78
c17ecc02c98dc975
c046c9c9c431c9d1
c101ca7dca1ec686
c66bca23c7acca41
c88ec0b3c521c456
c8dcc475c854c492
be2445a6423a4425
c27442dabe5c425a
48b74765473c4904
44f14734455b471b
48aa4546456d4720
46584573456945f4
40dd42813abc4105
41893c8e3ddd3d62
c90bc6d0c45cc875
c571c351c4f0c46f
c990cad7c4d7cb08
c567c4fbc36dc54b
b9c4c3b6bc95c33b
40e6c0d1427bbec4
42cb4338b19c4231
42a9bc6841b0b94f
45b9438f408644d0
41bd3fe33e943fca
48de4a07480e4a74
45a347d7453747d6
44e94a5446d049b6
401c46ee422246a2
c29dc0f6ba69c07c
c2eab869c24dba04
c48dc877c551c7b4
c436c4ffc576c489
bea9c632c55fc648
c091c436c26cc439
3d45bc342e37c077
41753d2040fc371e
3f6b4799466d44eb
44c946ad44f64666
3e3e45e8454044ac
423b44eb433f4531
40e5b9633b063b1c
410733c541d73536
bf0eb717c10a2fbe
bf5ec2a1bc6bc20c
c8abc76ac893c633
c900c8eec856c89e
c7d1ca49c8f1c89f
c8f4c944c88fc924
2e293d013a713002
bd3b3a2cbe0f3732
440046d145d542e9
445f46aa439f4664
44cfbc9d415fa8ff
45b4422f44f2422d
4496408842814346
454f4262444f4255
4135465d43ec449e
40bb44b93fa94489
415e316a3a0a32a1
3c4c3d3b39353c9f
c015c493c253c229
c04bc348c036c366
c786c31bc434c30a
c718c4dbc506c4e7
c61fbb96c328c0cf
c5b2c3f7c473c3bf
c456c1d4c467c24f
be9bc47ec299c42b
42ef3d373f0f43ad
44453ef841963f7b
4a3f496a49024999
498248f9495348fb
4264406f4280b4cc
45d8433844b44337
c823c712c502c881
c4fcc464c5cbc47a
3f1d3ecc3ee63cb8
bfc13f7fb9a53f19
483b40f2423644a6
3dec418c4333413d
c197c756c7dcc21a
c677c81ec57ac80b
c8dec3fdc712c3dd
c842c720c820c707
c5e444ff44693465
c02344b6bbae4420
400d462548134312
4390483d44434817
48d644e3453c45c8
485a4525473145c2
47633e4d40204272
479a3de046ae3e64
ba47c35cbcc7bfd1
4103be534109bfe5
bd3fc673c4dac40e
3a80c4ccbb36c45e
c0ddc42ac5afc461
c1f9c588c4d1c50b
c59b34acc0c4c16c
c70dbf06c671c08e
c4443ba9b1a324bb
c5e13782c44530da
c468c1aac20cbca1
c451c323c385c207
c4cac534c5a0c458
c3a7c672c458c617
396a31a5b67ebd75
227aa20eabf6b6a8
43524507457640ac
41014640441e45bb
42593c3744a73c1a
4102448a44b644b7
485c42a745ec45ce
47414584478b45e7
489d49264832490c
48874858479c4834
388143a5429f42b5
412442d23e69425f
3d08bf55c0913d96
bb13c2babd65c1a9
44f240a5c021443f
38f6c251b8c0c1b1
c549bdf2c51dc388
c1b9c4edc4ecc557
caa4c951c92bc97e
c87ac8c8c8e2c8fb
c779c85fc4a4c785
c65bc411c4d0c43e
bf85ba7944b2c240
3f5744f443044502
b4b53c714250baa8
4491421d44f342cb
3a72b490bff4b04e
309abeba393abf06
b399c05dbfcec1b7
c3bdbd9ec1febf59
b264c077bb26c141
c22cbb2ec233bbe6
bd3e4041bd263c40
c39dbd0bc3a5bc9f
41f2481041e1471f
2c9d420636e542ca
49d8488947ca4a05
4875472e482447d3
495e457245ce4882
48d84553481b4579
3e2f318a37333504
42cb38a24063301c
c411c440c130c4b2
bf57c1d3becac241
c38cc478c112c3f0
c2c6c1a9c0abc198
c599c809c42fc6a2
c2c1c429c284c446
c4eac741c3adc5b5
bdfcc4a9be45c454
b854426c3d4d4069
2b2e39af3a683cf4
38bc4663427a4355
b89f4401b14c43ac
39ff44603fbd3dd2
b1c441ecb8a94108
443649f645c54753
3dd0466f3f304606
418c485f44a3459e
352644ef3d6e4492
c917cccdca0acb6b
c6d1ca20c6f2ca09
cafbce74cc52ccef
c8afcc56c8f9cc40
bdf0c527c21bc38d
bd4cc123c092c1cc
46d7452144ae4544
44a7451342e8447f
46d2478945934815
453944fb45984532
47c948c746ab48ed
466d459646284671
494749f7486a497a
480e4866465c4882
45d7487947d24632
4544483344f74813
bcc83c243cd8be86
3b113afe40293d4b
c4d1c1c3c3cfc43d
c211c453be0ec3e8
c871c5a3c4e2c695
c797c46dc577c4f1
c3e0bf18ba1fc160
c3f7b9a1c130bcd1
44173e293ead443c
40033cb43ca73bd3
40a7c517c1283e86
b204c1e2bbf0c1f6
c1e5ca42c8ccc647
c45dc917c4a9c8d9
c4ecc4a3c705c4cf
c46cc703c4cac6ac
c04747f1422e40bc
b41e4371b712435e
bfe3408d43e2c012
3d3c44573974445b
c48ac75fbad2c89c
bd4fb4c8bf8bb90d
c40ec717c3cdc7ad
c003c323c090c3a2
c490bed4c41bc279
c237c3d5c188c3ca
3aeb4449390b42cd
bad83e47bc6e3c9e
4b0a4a2b47fc4b57
48934832475b480a
4c804c384a294cf9
4abd497d4a8749b0
483149e748f94a1b
451b4893471348bb
c26638183cf8be7c
c4b44010c199402e
c85cc9e5c5f5c9a4
c578c5f8c4ccc5a8
c19ac959c382c661
3a26c5243a93c4f1
bf32c472c2fcc3a2
3551c488abfac48d
c7f3c677c785c8ca
c4e0c751c577c757
bde1c3acc3e6c3b0
bf53c27bc104c2ee
441944773e0d4510
41093ef73e5e3e25
bfb040aebb963c55
bd43bc01bd9ebab4
c4b7c516c408c451
c629c3d8c523c36c
415d409544374189
352344aa3c734455
451d4849489d45da
4720490046d348ba
b61f39693467bba1
3bb335902b623878
c131c4afc558c238
c4fec5c7c54bc523
c0bebd44c0b53954
c430c044c219c049
418943be3f08454d
ba1e3f8d3c103e1d
445e443341184328
40b2405840a6400b
ba56457e40f63fc5
410940b33d714078
bcb038733bc32a91
41f83a9b40303c2a
3f54c68dbd95c34b
44cabf2e41dcbd5a
3e6bc1d22b15c050
401834af3cfd2c25
c3d9c18bbb7bc3f1
c414b634c16fba60
c7e7c5fdc43cc831
c5f6c41cc528c414
c63ec497c1bfc705
c40ec241c2abc230
44383b2f40b5414d
3fd23f0f41c53f37
4bb4483244f14ac1
48f844b3480744dd
480844edbc3a48bb
458abd66417ebbfb
c0eac3d5c57cb823
c33cc680c228c5e1
2ebd431141ae4080
b4e341803f7941b2
c424490146153e28
c00d47c3b32646e9
c9a6c344c225c8b7
c8e7be7bc87fc05d
c52dca27c588c8e4
c536c589c589c565
bd14c5e2bdeec2e4
342fc08d3ac2c00e
3df744a044344315
42f1436444904395
46e34836477a475c
46a647f745db47ab
439d44ca41ad42e4
40e7432237f3427f
398141ffbc68409d
b9e9bc7ebea4bcb6
bdaac7f2c65ac1c3
c038c6e7c106c705
3d72c683c348b6b1
3a80c43d343ec42b
44a948ce44d94855
4392447b43c74520
c3583aaebc87c239
c13fbc49c0ccb6e9
c466c6f2c36bc8b4
c14fc342c1ddc303
c23ec483c2c4c56f
c076c34ec04bc3a8
c318c7eac462c663
c1cbc482c021c4d3
45efb4e8447c3f04
450c44cd457f4466
450146e344cf46e0
445d44fe438d44cf
bef23c82bd963e3a
3007c018b023bea1
c010c07bb337beb8
2d7eb89f3b7db4a5
38ba45d944504157
37db458230bb450f
3e53482c427044bb
b4104497bfae43b9
c53dbcefc46abd1a
c7bfc42ec688c485
423b437f43824587
32a64309422a43aa
49fc46774845486e
492348134905486d
c003bfc2bf9dc0b1
294cc192b425bff7
c694c4b2c468c427
c285c5b5c006c539
c64c49413d9d3e3c
c9f84225c66b4605
c6354cc4482e45cd
cb964687c8054a23
cb2bc9b0c49fc8b6
caa4c8bdca09c82a
c8beced6cc52cc6d
c3b6cc35c8dacd74
49dfc311bd6240fa
49f6c1fd4555c4f7
4c294c5b4ac44cf3
4ac947814a30491a
4c904ce049c44ce7
4a2049b84aa549b7
4c6149cb4871499e
4964491d49b14822
c32ac4f5407cc5d7
3b8d343e3bf0964b
ccdcc4e4c5bccad6
c63ec0fac606c2cc
cb2bc516c9bac920
c8abc583c87ac8d4
cb89ce04cdc8cc11
cd07cc58ccf0ce32
ca93ca76cbcec9b5
cca6c87dcbe5cab4
3f9e4536410a3f6e
b5cd458d3963471d
4925becb450444d0
482e414644f846c3
3c72c28644c14246
4317bdc940404562
c66a407c44d8b6af
41dbb4fd42d14691
459e4442430341d7
490b3d2548744143
4e5d489849974b50
4ba6448f4ba9434f
4c484ad749bb4941
4a6446e9498845be
cae6459bc5fdc6ac
c2c53e4dc7b7bfe2
cccdc811cb51c9eb
cc34c455cc24c811
bd92c6fdc1c1c068
c5ad3649c269bf45
4008421547594574
40dd466944ec4682
c469bac53677b984
c942bce5c44b2e73
bd81c928c7a0c842
ca4cca20c6f9c999
43e34079457c3daa
44cec4d145503a14
46894ce24cea4c34
4b6248c04a0c4c80
47c049cd48b94a63
49014925467c4933
48a5c3d9bce63f9b
46ec44794515bd56
3d1dcb22c6cac5d8
44f2c32d40c7c7d5
cc18cccccd00cc68
c63fc8d1c9aecbcd
cc31c580cc7ecc03
cc6cc417cc89c904
b6813ea5c816c44f
cb9cc0dfca3fc617
449bc336c663354f
bfdac2dac430c7b7
44af496146f84692
48214861457248ab
485a4c5c4c1d48c6
48cf495f49754ce0
bf93c05544e1b512
4414c40146e24464
c6a7c5e8465b3def
3d9cc70f476db32d
41fe45df4c134960
44bac28b49f144a5
3e12407148324455
44c0c4bd463cb9b2
3588c0d74110332d
391a30bab5a3386f
4305c610c3fcc194
c4693f91c568ba00
c021c849cb3fc8d4
c4373ec8c8afc6cc
c8b24416ca26c7a7
bd48489ec83231ef
c554477cc831c088
c43b475dc8643a8e
4a6dbf7ac58945a3
c0d6ba52c3a4c85f
4aa2474b430648b7
43504269454bbe68
c4514aad44a2b901
360f454941e347c2
c4eac7103adbc4a0
c10dc484b4ad3b0c
468fca09496345ff
4472c60548b14076
3f4ec20d49243ef6
4332c5d848684332
c9cccb44c984c9c0
c982cc1bc921ca60
c99cca73cab6c775
cb3fc9d5cbb6ca8b
c94644fbc31cc1e2
c71f3e11c79fb443
c5864520bc02bcf4
c0de301bc0e23aff
39de382132b5ba6b
430ebdc03b053748
41d5460640ebad86
4a6a453246664402
48424753432c4230
4b56489b492644c7
48cb44ec44144531
4809491747d94597
47da47a0489a487d
49134b29490e48f2
4e314cea4de74da6
4d4f4da74d8f4d65
506f4eaf4eb04f35
4bb34d014cd14e7a
be64c306c454c028
c930c681c807c319
d071cfaecf31cf44
cdc4ce04cd8ccf2f
ce76cd65ccfdcd00
cbbbcc8acaeccd48
cc63cc20cc35cb97
cb56ccb2cb45cca3
cc4fcad6cca8cc0e
cc5ecc5acc74cc59
c55fc056c75ec53c
c8b3c137c911c288
469b438f481e4639
40e7475139d548e9
4a6649fc4d544abe
494649fb497c4d16
4b234b384c4c4b53
48a0496f49b84c14
4af847a643724837
4172403b44fc3e56
47d349744127422b
b994baec3b52330d
3e8a44bc443d438c
40afb98840d434c0
c435c996c460c168
44fabddc420bc6d9
c822c859c8acc7ee
4325405ab4a4c615
c633c671c828c55c
3f924026bf95c4bb
c810c75ec7a1c61e
34b3bef3bde5c4d4
c8b23c5cbf1cc6c4
2f93bf6b3ac73dbd
3e2f463d45f633c5
426bb6b445164553
452241d444444163
426bb60142283f70
c127aa61bdb5b889
c435bcd3c647bcc0
47db3cab41d045d9
c4bdb652c46a3b6c
4d14466048e74a07
452544f847094644
4aa8486048bc48ac
486c483648cd4885
3dc43ab83eed4108
3e2740bd40c54038
c7b1c5fcc52bc20d
c477bfeec2fec516
c1b142f344f8442f
3ad846ae43f145c2
409545de45944494
bb854500424e46a6
cae0c3bfcadfca45
cb1fc7b9cb94c891
cc8ebf24cab1c9d9
ca52c72ecc06c64a
b9adc879c514c156
c004c8d8c24cc585
3b07cb2ec629c6cd
b720c940a9f7c95e
ca1dc46dc522c972
c0cdc13bc25dc611
ca43c910c5ebc936
c556c8eac686c92d
bd60cb74bf49c355
c3a2ca20c0fbc90f
4c3c49284cc24a27
4a014a274b624c45
4f094eb64e7f4d87
4dc04e464dbc4f22
4bc24c1348244c72
4bac4b544a404905
bdbb471ac32b4668
45ad47913f96337e
c2f72a83c6fac53d
b4bfb06dc3ddc2f1
b63bc4b6c860c7f6
c28ec6a6c52ec843
c830caedcc0cca69
c826c998c93bcbdd
cc53cc37cc36cb96
cc4ec988cc7acade
c1ec48b8476946a1
ca104257c6b14924
4bf54c754c6f4c9d
412946e448164bde
c33dc623be87c4d8
3462c46cb4cac3f4
ce08ca4ec83dcc2b
c8d0c727c8f6c7d0
4a5945814ac248e0
454540ca49ca4873
50484db64f2d4f0c
4da64b884f854ddc
c3d748a045bf45a3
470a491047c848d1
c9e1c9bbca62c930
c4fdc255c7e2c91d
3946ca42c863c8e1
3f6bc52dbfffc99e
c977c9bfc877ca92
bcdbc5c9c700c8f3
c88cc8cbc926c7a5
c8f6c7b9caeec9de
c4b2c6bfc9b7c607
c954c77cca56c9e5
c5d8bf20c6f1c573
baa8c25fc4fac42e
4bf049f14a084ad2
4b4948494a844a32
4cd449624ad64b31
49fd48984bda4a16
cba3c68cc8e9c9ae
c870c6fdc6d2c62b
cad2c89bca11c9ac
c9edc987c96fc89b
4c1444ca4772491f
40b64239464544fc
4314496948d64792
377a46c143ef4959
c94245234319c1ae
c801bd8fc55245c8
44ee43ec44c343cb
c578b2dabecf4144
c194ba60c152bb2f
c4d7397ec5eac309
cbb7c89bc8c3c96a
c25fc0edc930c871
4471c20eb80a32bb
46b242ff4225c041
4e094ab94ab24c50
4cca4b454cdc498e
4cbc4cf84b6f4d5a
4dab4c114d494b51
48e8482646b94a47
4bae47834ab54721
c1f7c3ae3a66c455
46443c3b45233f15
cbcac755c274ca87
b9a5c230be72be9f
caabcb57c9d3cb0d
c82fca41c950c977
cab2cddeccaaccc4
cd65ccddcd5fccb3
cc53cdb5cc60cd08
cfd1cc88cdd4cc85
c78ecc32caa6c9a7
cde7cbb3cba5cb4d
4883afb53c144502
c29cc68abcaec1f5
45fb4f3d4ca04c2e
48444ae348b64ce4
c0144ea6499a48f1
485d4ba7471c4c6d
48f73ed9bf804332
4977b89f44d9c200
4a03437c44e448e4
48b73d0c472835fc
b75049c7494347c5
41da48d6458e49b3
44653fb146373ec3
45f4470a468d45bb
4914c47b43084488
46d6448046c4387a
bc0ac643c0af3534
c15c4098c147b8c8
c7e4ca46c8dcca3f
bfa1c069c5eac576
c6b1c62ac4eac9e0
465a3f9c3e3cbc89
c2bcb0c2c023c1bf
43263a763d8fb970
c37ec9bfca21c559
c656ca82c81ccbbd
c86ec85cca1dc818
c8b9ca77c9b1cb1f
c3814ce8466a4670
c1ac4486bb2e4873
4b1c4df54b4f4d44
46cb48a3499d4aa7
4d73443648904c2c
48a3431449f3442a
49d544b34a524594
46c0482c48a34a34
2bcc428f493bc052
43ff47e046a949c3
c8eac927c58dc756
c7d4c327c61cc51e
cb17cb2fcaf3c9a1
cd76c9becca3c997
c988c715c515c931
cb65c803c978c23e
c9ccc37eaa80c7d4
be9ec425bf60bd33
cc28cbefcc3aca86
c893cc29caa4cce8
b44fc9a8cafac458
c533cb59c7a7cc46
4c2f488e48414880
4b2f47604ac54726
48904917483145a2
4b6d4a1549c948bd
435c43b53f77443c
4769461843ae42a3
458c48a647cb48aa
47e549b147944995
445e49f248474703
47bf4b4e47e84a59
c4664631be1bbeff
3e7b4772c0d23e7f
bfb046b2ba4f4464
bf2b4622c4293e75
4c11448545d34ae1
407f43a845ae435a
4bddc5543da040e3
4797c4a4477ec495
c12ac9a9c824c860
3f22c989c278caa0
c9ebcc19cacfc9b7
ca31cc79caa9cc81
c836cb2fc4aec9d9
cb12cb8dc871c833
bbb443354a463e4d
c5a6b8c1435349b8
c00c49c94a1046f0
c15f433d44b74aae
cc044401c306c86e
c62d3c91c5ac444e
cacd4371c6c0c5e1
c6d54390c70342d5
3b59af4dc2f444e1
c4983cf9c0bcb58b
3a3ec529c37dc126
c0353951c142c25b
429f3b2d3f633976
4662464841673c7b
46e7b07a41b546cc
493241e74686c0c8
c084c857c6c2c53e
447cc51cba10c92f
39d7c02fc1e5c423
46f3b9713e0dc3a0
4ad64ae74a2d49bf
4b1f495c4a4c4956
47d9490a480147c8
47994716471f4786
48ddc358c1133eae
40e6c4843d47c4a6
4cd0407844f348b2
435cbd3345e33d61
41de456046cd4550
c5d6404bba3445d2
cd2ac965c95dca87
cc2cc7fbcb68c898
cdb6c9adcbdacb67
cb7fc749cbd3c970
c46cbeacbdd0ba67
c4193d5bc16d3f6b
47c6c09d45f1452e
44fbb88846fa44a4
47af4808489e46ae
475240834916489f
c0b3495d44a735a9
3bf442d2432246b6
cc0cc886c9e8cb08
c63dc7c1c8a2c944
c9e0c990cb54cb0a
c548c7ccc9d3ca3d
40d24584ba624183
c24f42d9c4f73c9e
4090481c462748da
c19645fc311245fb
b94d91094093408e
41c9446841af4028
4753c4e43ea2bb76
49064426476fb488
480f3aa3476442c1
48e34431495a43b7
46be4a174b67498a
487345db49d1498f
4a764705491c49dc
486f416d485644e5
4a0eb9e4bd16447a
4380beb03f34c42d
488c4465be3e3e1c
ac88bdf6b9062d49
c198c3dac4d3c537
c59dc5e4c593c035
cd78ccaecacbcad3
cc2dc9facb48c98e
c906c567c4c7c380
cc1ec473c890c191
c1514278c2e2c0f8
c80939bec4e8b973
cd5dccb4cda2cd34
c7a9c9a5cbaeccf8
c9d8cb77ca33cae3
c5d0c893c960c9f4
41854b3f49ed4608
34f64751412a4a99
be7349a347bc4543
47e8470645c54822
494b3c9945c0480b
4d2346504bb542b6
4cb04a184aca4ba2
4d094aa04d204a5c
4571490746604774
4456466346e4456a
3e74c1beba842ee9
bf33c28bbc48c54b
47353722455b4024
3f123d2041674167
3866442d46083c04
c4c44221c13a47ad
486c47d6499448db
c4eb42d23e0049a5
4c564cdd4c8a4c01
47624a3c4b8c4cfc
c5523243c5ffc4e8
b5033bcdb9cbc036
c9eacde8ce5bcb5a
cac1cccacce3ceec
c4a3cabecbb0c63d
c843cb56cb3accc4
cbb5c956c914c98f
bf6ac72bc821c90c
cc6ccb97ca65cbbe
bfadc76bc784c8f5
c62fc7ebc867c79e
c1d1c3b7c5c3c46a
c875c5d1c3f9c78f
c352b621c270bccb
c829c0133c96c569
c4593dac3d303b75
46a7488847dd4644
c3e244ae446244e2
423c448144f24343
c2923ded3c473696
c0c3473f45f442fb
428a3f41415a4527
4cef4fbc4d234dc6
4bfc4c0a4bae4e05
50dd4eeb4e8c4fdb
4dcb4cd04e314e24
501148664c734ca5
4d1848bf4d294ae8
493ebcef429c4277
488f3ecb45a1423f
cbaccb04c8eec931
c50bc4d4c787c933
cdb0cc85c9f9cc13
c95dc6e7c86ec9fd
ccd0c956ca29cbe3
ca22c83dc94fc86b
ccebcae2ccd5cc81
cb9acb5fcc40cc3c
cc0ccca8cd14cc64
cbf1cb06cc70ccf9
cb64c4afc978c9c6
cb3fc50dcb8dc6ea
c8dc44a2c471c226
c8b6c2bbc9aeb86f
48e542b73cd248b7
3dedc05cb9cbbfee
4b1f44cb46604961
484544d6470c3eeb
444f442947234238
4920467048054711
4c4346bd4c0149e0
4c7846d94ca64ad3
4d3f49214cb64b95
4c2148fe4d934b25
3fef4a1e47364655
407b49a246c24923
47b4491e4452498d
bc5d465f4027464c
4a25a8b544014899
3cbbbe5a44acbe7a
cadfc8eec6e6ca9f
c545c551c7b4c7e3
ccd9c32ec643cc43
c890c02acae4c100
ca87c85cc8fcc9f8
c9b7c703c9e3c81a
c6d0bd8fc962c819
cc65c760cc22c87e
44cacb45cb9fc4c4
caabcaa3cb3ecd38
4972ca52c57543d0
402cc7a2ba2acadd
c66ac926c8d1c8f7
bbcec82cc5c0c963
cae6c6c6c84eca89
3cbac6dbc2f4c724
388f486f49624591
4a8c47b84a514965
494a49eb4b7c4a5b
4ba84a9d4b9a4b95
45313ee141894134
47a544f1453f4237
b59cb77c44c8bade
49ee443a495b4546
3d1cbde947cf3e55
4b4d454e4ba54825
4c2d4592480c49e8
463d439d49364658
4c2f4cbf48aa4c0e
c32a4708425a48cb
c74b4a863eb04313
cb2f4784c974469c
c9d53f0fc31fc3ff
cc7c3ccacc552fa2
c805c3c9c734c7c9
cc0cc89acc25c5f1
ca92cc22cc03cb85
cb4dcc54cc2ecc06
ca29cdabcc98cc27
c4c8cbdcc87dcd1e
c842ca1ac949ca20
4531c7dd3452ca1f
c701bc4fc39ec610
427cbc1e2527c262
446d471b440745f9
45b74596454d4495
4d1747e64b574bfc
4b5448984c5c497a
4e6e44844c914cc1
4af448eb4cf649b8
4b1a490d49834a7b
469a49cf49e748ee
ca414362c48ac695
c51f418dc4213d3f
cb7fc7dbc864c92b
c933c7d1c8e9c5ce
45ffb9e53f1a4449
c07fc456bc47a9ed
442145ee45db438e
412c3cb127c244f6
c8473d7440d4c518
b5db3270c4f5401f
c263402f437bbd3e
3a2d39f1be7242bf
44543e4f3e403bfe
45a13d85427940d0
c2a1c92fcb2fc897
42e0c506c089c9ec
c6d0c843cbe7c7da
bfaac4c3c5faca08
362a480f3f434541
c1f544d7bd3743e8
c1783d3c31a9bb0d
c5d53c74c142bb6e
c72bca75c800c8fd
c8e5c6adc657c902
c2c7c312bd23ba0f
c831bfd8c2cbbf39
46f5491b483b4a3c
3da942e4465f4700
489f413647d74680
4841297848cf4445
4295c28a4169c103
460db790444e31fa
4ae64ab849ce4a79
45e44767486648ea
4aec4c764c684c15
4181485d48264c2a
c5d2be66402bc3f7
c766bac7c7cd4478
cc6acba1cbeacc17
c888c87acc0dc922
cafeca9ecbd1ca91
3dfdc6b7c683c9f7
c75bc7cec83fc718
44b6bed8232fc811
c705c5ccc87cc6bc
c2e3c02ec54bc80f
bb96c3c8c41bc375
bfdebe29be0bc558
48773f62441144c6
45a83ed946d0b773
4a6a49f8464449d6
461e440447794447
48414ac84753481b
463f45bb48c148c0
3d77386345fb344e
461c44644917466f
42b3c428437e3d3c
36e1405943853d75
4921466945af4871
bde74335b8ff456a
471a4acb489f4914
b76142e2bdca4955
c742451740c7b91c
c922c356c9b74449
cc73c879c715c8bd
cc7dc933ccb1c64c
cc16c9ecc7aac934
c8eac846c8c6c85b
c120c7d5c669c640
4292bce9414bc574
4750c7c8c61cba7a
496a3dd547afc58d
324ec64cc427c172
4849b0354596c7bd
c619c084c35cc70f
40022854b4c1c655
c5d4c0a1c79ec64e
c19132cac59bc499
3f3b4099c223a7ad
becb422fbc633d3c
4c2d49924a2749a7
474748234a5749d7
4bd2481b4c024a90
497845094c0b4a00
42e1481c486446dc
3fc038dc46a8475b
c65c4427bd1fb8e5
c799c26bc533ba26
cccec946ca37c961
ca86c971cc25c974
c8ddc1d8c652c456
ca5bc659cbbfc404
4c64484f493649ad
bc58441437444825
4855c2bf45a042a1
44bc3ca343e2411f
c850c7fdc4fcc71e
4216b8beb90ac3d6
40013911c0a1c06c
477344fc453e3736
4854af22be84b058
47a2419c46e82cec
3bff3af0bec24162
4460359a420bbe88
b189494d43a24958
47fa4549461f429d
c1af45113f62408d
41cb40b4418e4073
c56cca16c4dcc923
c4e9c489c181c5d2
c68fca76c64dc883
c2ebbc79bf13c65b
cae44269c6f5c6ec
c9274381c8c9b182
be38476abbd0c102
cbd23a29ca1e3e79
4c17c59d49364151
c428c6353c8b3342
c027b55249803890
328dc5ed41af4597
c6ea4b5149e645b0
3cd63dd83d4b4aba
4bc43b6b467e498f
472bc47644e135e8
42b3caf1cb52c234
4554c9babfb4cc8b
ca75c523cd32c972
452b38ffc33eca48
bd5b38d5c8863674
465a484f3d9fbe9d
4408c04636be4521
4021434041143d2d
4527443046d244f6
364243c345b946eb
4736474646f541c3
c2793f7f44d14654
c85ac64dc46bc9d5
cab4c803c6f3c5ca
cb0a29a1c01ac62c
c9ac3e7cc84f3cbd
47924c354b6d4c02
460f4c5c455d4c64
4cda484e4bcd4a1a
4bb149904a754a79
4834acf3451f3bc6
48733574475a4079
c1463542b72c40bb
42dcc4bf3d54c379
c8b9c6bfc555c43f
380ec91cc28fc8a0
cb9bcb56ca6fcc38
c718cab6c901cada
c76fc880c983ca19
c5c9c7a0c750c877
43ecbf0fc409b6fc
3ae93e33ba7db9c7
c1dfc2dbc794bfba
c6663b0cc79ac25e
bb62be82c4ac3191
c86ec1f5c7a5c3e0
49da422847804664
3a203da144c242e9
c4ac468946b0bd47
bc89489242754809
ca574417414ac186
c04746f430f545bf
4a21443848924ae8
46f33c3f48194551
4bbf48cc46054b41
41ef4080449c44b4
c4244315c64db9f6
c7e4b61bc62ec340
c36fc1bfc34dbf3e
bff0c50ec105c5ec
44fcbd7f45992c47
4975bf76476e3958
455039674875b763
4b2743104a0e45c8
ae83c2a34245c073
480b2f64474b4013
c7f2c924c895ca55
3bd8c61bc280c625
c811cac1cc4dcb3d
c446c79bc966c9c1
bdeebf7bc8003fb7
c824b9d0c922c447
bda049a445064813
c95c46eec6b24720
39c944e33ef639a9
c7a73eb9c2d2423c
40a23164be37bd0c
3db6be0e408db84d
44db48d348c7487a
48234678496548ad
468d46e64a2f4984
4460459f48ea48ec
c708c859c2f5c7ce
c6e0c492c56dc534
c80fc47dc789c736
c724c11bc86dc7d1
be454004beee401e
beec3d7ec1dbc0b0
b924c2e83ec2bc16
3d9bbf3839d2c021
4bea430b4a5248a9
493c42c649dc44ef
4b3b43d147724832
483d439b483b439e
ca50c960ca92ca6c
c4bfc6c4c83dc827
ca47cb55cc38cb05
c501c980c8f4ca49
3f7b419ac2c6401b
4043c03dbeb6bf7e
3ea74c5e46824811
4204479b41d448c9
c47b4522bcdebd93
ba5d440139653f5e
c48ac7c0c4a8c65f
baf3b8b53740c24f
441a40de48994625
42804501479248cd
4496476c4a2f4795
41ac4650478f4a25
452ac4604258c23c
b723c29e3e6a2dd3
4966be42424e4492
beabc657b990c0ca
c4044176bccd43dd
c70fc243c828c1ec
c87bc41ec727c7e3
c8edc080c99fc6ea
41f3c0f3c440bf38
c70cc105c66ec54a
c8dac265c719be7d
c700c48ec88fc45f
c990c6edc8c6c819
3ec4bfcec267c42a
44e6c028c693c5e6
495543ad46b3c2cf
c02939cec225c593
46c3451243d7bec4
be3543f344d84087
47b6457c4772446b
49e348264a774b6b
4a4345054ba7488f
46a243d349da4920
48793f8a49f64722
4379447d48a84455
43df43b24800484e
4aa1492b497048c2
3de547e2467349f1
4ac744b4463848da
c0b33e0db6864369
3d62c654c58cc03e
c8a4c8aac959c834
cdcacb89cc9dcd0b
cd40cb78cdedcbf0
d007cc1ccd0acdea
ce1ccb4ece70cc35
c898c407c57ec64b
c858c4dec784c64c
4585424441b04292
458944de460e4144
43ae46943c4a41d7
48164987455646d0
481d4aea45ed48c6
499349f147424924
49d044e048ff48ad
4bca405b4ad7445e
4482c8453ed3c136
4a75c4f54995c513
44bdc67fc1b4c187
4433c408429bc452
46fac08842ce445c
3e53aafa44384094
c239444943a844a8
b976457344224613
c85b4784c504bee2
ca8d428ac8a541c3
c7a62a2dc8d6c76d
ccf0c3a8cce5c3be
c52d213dc24ac209
c952baaac9e6bdcc
44ca433e460e4616
3cee43dc411543f2
45f2c59045b34242
44ffc27c470ebf82
c096c566444cbaec
4802c63446bbbfcf
c19641ab404a38ec
4941c16746783ac9
c572c857ca29c920
4362c856bcc6ca39
c6a5ca5acb59c91a
c192c8b2c72ecb01
45a3492346a04920
3b1547223ac5484a
4a904cc24b704a95
44fa4c9e48754c9c
46173f3540deb623
3bc6499f439346a2
c282c69ac1fac505
c6203883c3a9bcf3
bd852a8440003891
c5b8bb1dbe90334e
42263d7741913f85
38dd36bd41533b8d
bc963c0e34b2bb1c
4029b1efa1913b79
c0b345983deb4095
3c3abee9c19c38f6
412d42ac45cd461c
4429c53d4141b3e3
436dc41d459b441d
4391c7c14724c134
c665ca19c884c8b3
c6e7c8adc3dfc9dc
c9c3cab7cc3ccb7c
c954c6c8ca2cca3e
c919c3cbca22c816
c5d9322cc90bc2ac
c7d84268c866c560
c609430cc8ec39d5
46b544713c193c52
bf5f4505c287454c
4944b4aa445044eb
441b433542014453
3bd33e9b43664614
458544e144ce43e6
41644a964a244a00
48dc4a094a2d4a50
489a4a2e4bca4a8c
4ab0484f4c5749e7
476bbf00475e4412
4901c4d749cbbe91
330fc1debc54bdfa
b7b2c81db587c829
c3ed487d39b63922
c881bebec7c6b9d1
bb7933a44162c268
c753c2b0c4873218
3c71cbe0c41dc864
c370c72bbba8c7f4
428ec96cc6d5c539
ad3abf23a50bc644
3fb9be0dc46bbdd6
42f1405e3d10b833
c841c217c8e0c4ca
c120b0b7c4c8c220
cb6fc6f6cb43c816
ca5bc2fdcb8ec6ef
ca0531cdc4d8c5ca
ca1ac0f5cb99b520
c49e494b47b840e8
bf0042b0c3fc4910
3c12414944a341dd
4827441f452b4574
4764c459b2c6b91b
4a093b92488dbf3b
47a5459844e63e73
482140c448ef4359
472c47e847fd487e
4631425c4954448c
4b504054485c4ae5
4786424c495b3cc7
48244812495e4817
3ec9484c4449485c
45614bde49ed4a36
c0f749c041324ad0
485d4652461e4a6a
c0673f3941b542e1
c857cb57c9dcca68
c843cb01c8d5cac9
ccb5ce64ce0dce6d
c9a5cc95cc12cdac
caf9cc3bccedcc02
c754c99ac96fcc67
cc05c8adcb77caed
c7adc8a8ca96ca66
ca44c80cc912c9cd
c672c866ca03c90e
338f446d43bc3dd0
41254077411d4334
4a064c3c4c4c4ac8
4a434b134bc14cb1
4cd34c384d274c95
4bfe4c484d044d78
4a724b984bf6496b
49c54bda4ba84cf0
3c394c09482643d0
3e7849e541634b9e
49b348cd48fd4b55
ba6c455a3de447e1
4a4bc8b945b148ac
b5d8c57940ebc4b1
ca1fcd32cad3cacf
c9cbcc16caabcc85
cd17cc38cd35cc4e
cd1fccd6cd8bcd46
cb17cc1fcc7dcb2c
ca75cc3bcae8cd28
c57acabfc979c9d9
4449c6e93c1dca61
bfb23cc2c273c427
496746004675399c
42624a7844864571
493b4b2a469b4907
4ce14d494cec4c48
4d384d8c4ce14d9a
4ac34cc04bed4a07
4cd54c5e4cae4cf2
c5853fb1c3b0c152
1060c023bc4ebb06
ab22c3a7baf13efd
c449c821bdaec3d9
3925bb6c45454422
c5a3c6993c093c06
cb5ac9a3c8cec8cb
ce3dcc07ccbfc9b7
cbadcbfecc74ca71
d075cb8dcf9ecc73
c0523df1c1bc3af5
cda64464cc2abb0a
473749cc49e84994
c30249a3bc9449c8
4c4948094c534a6a
4c1045a54ae6495d
4c5645364ab4451c
4f80456f4e80473c
c4d6c6dcc81ec955
4dcf27074af3c5bd
cc6bcc75ce1ccbed
47e0c94fc620cc82
c76ec91dcb00c838
3d3cc9b3c63cca22
40ce412e4488b688
435ebd1544f0429b
40354264485f4420
3c74473a44ac4887
463e428b47d846ca
c847486ebc564829
45aa468c464143c4
c95a4692b8b646e0
c7b744dab0cfc054
c4b24207bc9b426e
37ad4a4445614662
41b744b840644798
4b3e4aca46db4a89
41883ebb41fd4390
c482c920ca01c4ac
c695c832c895cb01
cb89ca4dc982c967
c71dbf44c8aec734
bc9f4652473f40d7
b210485840a74912
410935c943f44290
3cf4bd7840e89d29
3694ca28c713c48f
4502c9b6a992c9ec
393bc72dc6e3c582
4572c86a34d3c74e
4542412e431b445f
4245c25d44773df1
41e0401c44193ca8
c0f2c02b38333caa
b936461f43fe3d06
c4144437bdc045d8
cb12c047c7c7c88a
cbf1c6b7cb7cc71b
cab5c5bfc86ac702
cc0dca47cbb6ca05
491045c946754612
b6c4bdd542b03e79
4952bd733f1e4017
454cbbf04577bd1d
3cfec8a9c4af3b19
c0b2c639c059c7e5
4811452f41c24660
c4b43453b2253e58
38a7486c3fd8bb34
c022451dbd6444e8
c69fc2403803bf05
454640f33f363db8
bea4c84535eeba10
495fa8234749bd88
c0c43f1ebddbbe1f
46843c1143e3b8c6
bf934a9b435e42e1
2e9644533d894771
461cc5393d35bf01
babbc140402c34d6
be95cd12c8a6c9fa
b9e9c8a2c1ecc950
caf6c7d9c738c6dc
be43c176c5e9c1e8
c65243253f96b811
bd354298b82c4492
c35343a5b99bc5fe
c15037e8b560b4c9
c24844a4c24bb6fe
c098bd5dc1eabfbc
496a46e13f5049d8
38f33c9db8cc38e0
4ca6481945a14b17
3e64424a3eb93b6c
446743b33d70447e
beae2c77c1c2bffb
ca69c913c80dc967
c5d6c5eec85ec82c
c658c5c7b527c434
bcf934d6b96234c4
499844d04af94898
477f48194a2e4a35
47313de6469a40b7
449d4476484745a9
c657be6bc650c4df
c2b5bc79c22bc4a3
434fbc7b3bf74594
35a8b49b39e6b11c
47d73e4b47504677
42cf433f44e7470d
c5cc465eb9c3c5c7
c14d413ac0b24582
c4ea493bb8a2c07a
c1ea400fbecf451c
b7753f14360d40a5
41603642429d3459
c7a1cb81c8d9c69e
41eec7c6bdfdc9fe
c5eac97fc84bc822
ba30c879c542c96d
3ef1c163b875c22a
c12bc67ac39ac49a
bd33c985c642c4c0
c043c872c67fc91b
c1fc380dc399b5ba
bb9a1b60c503c005
a62a4ab24690462c
be9348693ec94945
474d44e246f046fb
bc9e442547054577
4613446843714022
34e541d3469941b5
c827405dbed9c6fa
342242b7bcd73ff6
c047c0033ad5b8a0
42b0435cb8613f9e
4b5d492d4aa94b67
469948c6485649de
425345934583454c
40fc4269440345af
c896ca5ec9f0c8c8
bd83c796c56cc9c0
4855c524c12344de
4272c43c3e84c64f
4c07c3ef42bf48f7
40b0c58842f5c0a7
c560c9dec8aec92d
c6fac823c8acc87f
cc393fc7c8cacaa6
c8dcb574ca89c21f
cc3244b4c580c87a
c8f73afac9543114
cc87bc15c4d1c92d
c869bb01c829be4a
bc28459e46ed42b2
40bb44c4445d470c
4c7846b04c234b38
48a446c24b4149fe
4a22401947834610
45f23dae491a41ea
430c3840bcb03654
475ec138471bc3b0
49e23a3646314876
48bdbc66491e3d53
4cde400a492c4bd6
467e412a48e645a1
48163da235124705
4224447841c740b5
cbf538e7c8e7c991
c42b43f1c84ea9a0
cd71bd17c994cc22
c52e39a6c965c017
c818c60dc92cc85d
b512c49fc5ccc81e
c801c91fc98ac72e
c781c8b5c9e1ca81
c8e6c8e1c49fc59a
c9e8c852ca5cc77f
46563ce6474c4449
c0b23fde3c404600
4ba648bb49394828
41a848c647924915
4055483546904402
3697456b43a54585
c9e53dfebdc1c455
c4b5c50ec097c02d
c983c6d4c863c897
c7cfca7bc6ddc96e
4154c726c1a2aec5
b947c972bcffc8a3
4c60ba5e481c4899
4895b27f49313d56
494846004827471d
48cd4982499848d0
3f59483d443e467f
48c84b2e47724952
48dc482343d94819
49f34a7c47c14837
4c1743a7465e47de
49ab489248cd46eb
401f3c123de9339a
39b040983ceb42a0
cea3bc0ecb6ecb30
cd35c608cd15c736
d040cc11cd5ccd71
cef6cc45ce90cc8a
c90dcccdc884c94e
c91bcc3fc891ca59
4a94c0d7437344fb
493ec05f4825ae39
484c4a8c497a4777
4c19486b4acc48b1
45c14ba64a4e4864
4980461f48de492e
4a63b3ed41124789
41ffc2b53faac242
4537c6f8bd073d33
c4e7c404c13dc584
c6603edc45833ad8
c9794094c1c145c4
c24a461c47a93fa1
c97f4591bfbe48d9
46e347a2457b4142
c15a45f93f484815
c0a841b6c5d9c293
4554448036a83387
ca18c9f9ccd3ca13
487bbcfcc3dbcad9
c711ca3bcc0ac954
477dc679c412cb94
35c64024bdf83361
4473c0313a1bc20a
45b3adec417a42b6
4203bc0a4410ba75
3afec9fdc4fac60b
c30ac859c20ac7a0
c189c46b3db6b47c
c62bc29ec2f53994
308349bc4bcd494f
c41d4917442d4ba5
3ffc47a34a304444
c6fc447642e4494e
45adc31141ee36c5
c29dc8173f69c1a0
4882440b43d34736
457ac38f4432b8b3
446c4b30456c4812
43d145fd3e264889
c2e0432dc101aa49
bcba45d2c39e4486
c2c8c554c7a5c2fa
b7044286c42ec17f
c47ebc6cc777c1d6
3c35440dc117c2ac
c823c3f7c8d3c6c0
33833e0ec28fc71f
c456c334c53bc5f2
b9f0bc4dc332c52c
452746fa45874459
37d5baaf40734206
484bc0d241004235
42a4c72946efc47f
3b2fca1cc1a3c624
4362c8614434c870
c604bc5d44d3c429
3e803e493ebe452e
bbff442648b04456
3d61465341b448e4
47093c7140fe45e8
3c063e903d343a18
4098c683c86dc44b
c04ec44dc59bc76b
c9a8c94dc923c93c
c58bc704c844c654
c0d548a2493f456e
bfc13e7d423b4a79
48094bf94b39482d
2c9e44dc47594bd1
c962c600c8dec9e8
c754c5dbc6e1c807
c7e5ca17cb10c74d
c40cc563c75ccba5
4b5843f1b43c4a89
468d481141a5c185
48604bfd45b44aec
44104a993d0447fd
c454474b3ca03e16
c0b3433ec214440d
c03bc858c56bc669
be4ec5cbc236c7a0
b76ac6bcc0acc41d
4096c483b6c1c551
43194348488844f7
466e32e3481946ce
485a3d3949774612
46163f624a304745
bccbb63b433fc3ca
adce423644c84186
c8173af0be75c838
c4083c58c151306d
c2e4c524c618c218
c68dc43dc641c548
c10dc85dc58abda7
c842c46dc76bc3c9
3d6d3e4143fb31fb
bbd140c2b755476c
47464be0482b4867
4861467b46114a28
46ee45e6bde74817
4811c0b24229bd13
c761ca06cb3ac747
bd9ac92ec690cbce
cc34ca06cb36cad0
c682c697c967cb25
c416c9c1c847c797
bc54c469c461c9ef
4570c4adc158afe2
4327b3b23f76c5ff
3b2c4a1b481640d3
42c7479c44304915
bbe24a134ae83d08
40d5453a462f4bc9
491640464a584757
386f3cb248254814
48853d5f47594807
c48b431942c2431f
b0a24377439b4547
c74c431ac0f243b7
37083e9c40534636
c75a3b46c35e40e8
3bea3d183c7142a3
c2d84071bec940c2
427e48cd44ea3c04
47ba471345884861
bea43c89c5bdc4c9
493f3d68416fb78b
ca09cd2bce45cabc
419bca43c861cd6f
c689c8f8cc2fc848
3d58c8d5c688cbea
48c64c4648994668
447646ca43e5485b
4690450747164228
38f44539407044e0
cb21cc00ca2cca19
c7fec521c831ca10
c870c38fb852c043
c6733cddc175b4dd
470241724c804936
9d6b424448cd4a13
34d4c9b945a5c412
c436c9cc42e1bdac
c731c8f6c73ac8ef
c81fcbccc6a1c942
416448132ff146fc
3a59bcd9bf12baee
4aeb4c90486f4ab9
48cf49714710494f
49d94c22494b47b1
46054a2346f34b77
432f44f444e1462e
aa5b4735381047c8
c74ec54ec8adc1a8
c0bf40a1c7b0c41a
c996c5cdcc59ca66
bfb1ba9dc892c8c6
415cc62ac72dc444
4645c47c41b9c7d1
41e4c807401d32c6
48b3c66c47e7c549
c96ac876c006c858
b732c549bf53c6ad
c10dc128c007c44c
c46735a1c39ac238
486f48b848524923
3c52470e44f54885
3d4548de49954813
3730463e46bf49c2
c3dc41714024be7c
c730408db9ed4349
3dd1b9fac42bb9ba
c91fb94fc621be6d
4023c6d0c649ac59
c8bbc5e5c7c4c68f
450fac7445244606
c258c17eb4ac3f18
3dc84c124bb946f5
44dc46b146154c47
c87548d941c8c45c
45f0447a3ba448af
c629cb05c9fec896
4508c692c129ca0f
b35ccd42cad9c8d1
4616c930be69ccd2
462ab5acc2bc3a7a
483eb4e93f9fc61b
495d49f047cb4a78
488f473b470f4589
3629c5443028b17c
421abc0d42ebc1b1
c83eca76cb2fcb31
c473c5fbc681c97b
3be8bdc4c826c1fe
c3d6ba24c3fdc2f2
b3503a76458543ca
c556be984100433b
c9f2460d47cdb400
cb66c324c248466f
c49e4ba6455d4557
cc453cbcc8624810
44703f643c134295
c8ce3be8c6843d12
429ac5e644fcbd95
ada240a23d1e411a
46fc4c6f4cfe4978
49874bfe4a274d2b
49674d474c354b79
4c984c5a4bbd4c9b
43f0c905c748bd74
4c36bc5f475ac82f
acffcc5fcc75c9ba
4acec8af409fcc66
c28cc89fcc09ca06
4527c7a2c3b4cb06
c96dc85ccae7c87b
c7a5c70fca6ec99e
bfc2c2cfc3ed4364
c9bbc36cc8d7c1df
3cdfc3dabc2d4095
cb91c130c8a7be68
c8eec6fbc1c5c94e
cc41bf40c9d5be6a
c6d139e147a9c546
c43742473fcc481e
c39b437f492c41d2
46473e98494146ff
bbd940d341df42cf
47e1c17e484abfc7
4b294a4548cf495b
4a0a3c854b484509
4cbd4b644bdf4b8d
4a8540e74c00490f
497a494849b04a95
4778413347344805
498447f345d548aa
b7b74510b3d646ae
b83fc931cb30c848
c9a8bf72ca64c959
cdf3cc7bcfc6cdfc
cc64c631ce14cd51
cc33c841cc25caf0
ca13bfb0cc2cc853
3148c243956d38e9
c1193c7bc0f7a1d9
c44c3904bc88b6aa
420640a637653673
c621427c432ebe7c
4595448d3ca446cc
28e540764a3d4275
46d64470470249ba
bd96c320453cbc9a
44a3c28748023c1e
3d79b95cb727bc78
3fc4c5c6462dc589
4d5d499a4a6b4c36
487a43254b294617
4d3143af4ab24ad4
49813f8e4a5e470a
c8cbcbdec8a8cb1f
c56fc9d9c710c8b2
cc21c8e9ca2dcb29
cad1c635ca03c769
c0a248df390a449e
c6494902c4e4471f
46084c253dc24992
35394aaac0b148a2
467d4991c0aa480d
428e468cb5a33fb7
c538c12ac482c4c1
3181c24ec445c640
c728c9fbc4aac979
befbc86ec5afc8fd
42a5c8a83570bef4
358dc893385cc774
3f32c3fa4402b989
bc7fc6913dd2bd83
3616b9064488bc22
4340384944b14333
4355bb39429d455d
480642fd49293f8e
36703a13c15140af
be6fbc1b4449c22b
c8e14822c459c46b
c96a3d4ec57e3eab
ca49431e3667c5ad
c80c436cc53a469b
417dbd6d44c63f54
373840053df1458f
4c83486c48124a91
482e469045954833
4959438b3ca1481c
465f44a4b9514214
c2b4c931c84cc4de
b1b2bf06c72dc703
c60ac2c0c5bec55f
bc043b6dc493c40d
c97e3656c15fc806
c160aae1c494c0d7
c8c4c7fec3d5c8f5
c197c580c45ac6a0
46fcc457c1c844c4
35b0c3a638a5c4ee
458b4216b9c9447c
954435593db63901
c25d40ec438ec532
41d5371f454b4446
b5fdc1ce4450b456
4487c4aa48c8bac7
bc52bc80371e4047
bd9ac73c4401c599
4520497d475d44bf
3b9c394c44d144ce
4d234b444cfb4b63
485749004ad94c12
4cf542534a614ac3
447647bf47a54902
c491bca5c537bf6b
c7183ee6c8eb3b6b
ce3e3836ca1fcb14
c9a7b9abcc58beaa
cdb9ca2acc64cc03
c69ac721cb3cc9de
c82eccb4cd3ec8e1
c231c8b1c94bccf6
3f34c70bc848c11f
c086bc8ac479c8dd
4918471748ed4858
424d46c7460746d0
48d847fc47ef48f5
4347455c44d7467a
c9e6c860c8c9ca87
c567c500c7c2c775
c9b3c733ba26c805
b155c4a64001c062
4d334c714d914de2
4ac146cf4dbd4b97
4c6d4baf4a864a28
470f43d74a95491b
c576c165be53c830
be62c0fdc0acb79d
c1abc10b35b7b9f4
b83930a7bf463a77
c0e2ba94baaeb6e6
bb033d5ac3163fc9
c5f43d01c12dc279
3c1243d8c4024189
44893672c52e3c17
4106419abcefba1f
4a76ba7ec2ca43bd
4256b6cb3fb1c390
427d3a3643703cfc
393abe0d3ed8af11
c9f3c9fdc2bcc858
c5e0c750c603c641
c749c66cc42cc31f
c940c2cbc856c60f
c74fc7a5c9a1c821
ca6bc844ca34c976
c880c93aca34c6fa
cb8bc9a5cc2bcade
48403c1345924816
3a04b5e12cb43d2f
46acc478bcc441a9
42ed3dbf388ac416
c480c1d4c60fc12e
3d633e6bc1bcc53a
bee34ac249524525
477e483b478d49e6
361b4b004aaf4803
48ba4a1349a14b6e
3c60bebfbe1f39c4
b18042244006bd74
c6f3ca4bca24cb82
c896c91dc5b9ca4e
c9e9c3d3c883ca13
c43fc675c120c572
4af3470545504b45
4860415a48a544a1
4acdc84d3d194659
3cecc7c43c55c4b2
cddbcd23ca67ce23
cba4cafacd01ca2a
ccddbd65bf74cab5
c9eb31f5cbd23faa
49ac4c194ace4b33
bc6c49ae3f534b41
48f84b8b48144a97
28c2496242d149dc
b81a44a0bc8dbb92
401445c63ef043de
4422c8e0c7a6c268
487ac4984606c8e2
48a5c5c7c54f46b7
49e2c7484844ca58
4ba048f145564a9e
48dd3a5f48993931
32a3c45dbe07c0ee
3bfbc04c38ccbfbe
c90ec777b1f8c4b1
c04eb826b6f732d0
477b4bd54b8749d7
44404a15491d4c08
3a9d495d482e416f
452649fd477f4a1e
cae2c8d0c463c910
bf1fb7c7c1c0c24e
c69dc6eac465c609
c8b5c677c826c637
c47bc1e8c4d7c654
c9aac79bc9bcc566
c5e6c66abe60c787
c795c7f9c895c0ff
489e492e49784624
34ac3ffb3f2049a6
483e4936409345e4
b9d53df131c74410
ccf6cd7ace82cc98
c935cb54cbc4ce27
cb22ccc1cd9eca3c
c251c8cfc8c0cd1a
4aad45d043c74a22
494a4638486942e0
49e7484249db49fa
49084833491548ae
c2da46ef430539d4
41db45f73e4244dd
377c47c53ee73b66
3a76457f40df4237
4850b6c445013ec2
403041cc47f74102
401c415a4661becb
32f5433745bf473e
b481481345054201
b5c04184410646f0
4676c6523e3e481e
4246c5933ff5c435
4b4bc624487d49ac
4613c2d744143bee
470244d249a045df
3ae242323daa48ec
c9d73c2dc01bc811
c540337bc5a03d71
c9ba3334c750c82e
c1d3bce2c53ac423
c9bec5edca26c723
c4b0c513c746c8b4
cd7cccd1cda2ccd1
c8dec9dfcb16ccaa
ca00c69aca1bcb14
c497c1d3c785c812
4a274a8e481148e3
45f048c848534887
4cdb4bbf4ac74c33
48a0493b4a994a6c
42e74bea48ef4524
401948a3446b4aa9
3936473b45373aa1
c333410935964529
4935cb11c2103db2
be08c92c3d39ca22
4286cd1ac72fc0d7
3fe9c9c9bcf9cb48
c5a3c842c262bc8d
3d9ec57dc267c4a6
c4ab457543553fb9
c011be1cc0bf443a
39254c994b894825
bbdf47b640184c71
3b204a154a1f48cd
bdec490b3d714b9a
c879cb21cac2c981
c6e1c388c843c9e5
c99bcd7bce64cd8f
c0ffc994c89fcdea
44e7c2a8c8ddc1bd
468dbf223dbec85a
4892457c42024787
429e448844264103
c49343a3449a34c7
c07743a63c3b44fc
41d446d646f34493
419846a0449c47bf
4c7048f449744a3f
494f49104a1a4932
449841d748be4237
493842c54a4446bb
c82cc1273fb4c5ff
445fc57e4428bb87
426c405541b33084
3e9fc37039513f2e
4794478d49ad485c
3a04404041a4493e
c507457f453c47d3
c4ef3eaec24644d1
c881bf77c8bac242
ca15c23cca8cc7ae
c9dbc794cc07cadf
cc5ac78cccacc9e8
c9a1cc0fcbc7cafd
cbe6c9bacbf6cb32
c6c6cb32ca40c9c7
c87bc66bc84ec9ed
cad3be45c9a7c982
c6cc3f98c82bc533
c553b554c63bbf54
be68b81fc34dc41f
4c16c567b18846a2
467fc75746cac56b
48eec3eebcdc3dbc
46bbc64e4618c46a
c602b6684246b64d
47db3837460c3e65
43bc42e04b3e480c
49c543f24b1448cf
4c604a944ced4be2
4a5a47eb4c424b91
4e5a4e134e744e33
4daf4d0b4dca4dc5
4e7a4df94f014ddf
4f364ef54eac4ec4
488749cb4bb147c1
49194c2748874c4a
c6934713467335a0
c6164722c52c4953
c8923fbdc117c108
c81c41dfc71441f9
cb26ce05cef9cd0e
cb6ecbe2cc5acdf7
cf91d0e2d1edd0b2
ce56d000cff6d172
d0adca30d0a6cf36
cfcacd83d04ccf5c
c40c4bf1c59e443f
cc5ac0c2caf9c0d0
4d6fc05e446049fe
b3a1c2b3426ec2a7
c526cd96c87ecab4
c505c94ac5b9caa7
c9f3c4c2afb1c891
c34ebd5cc3483ca0
4c794bec4f3b4cf4
4b354a614d4b4e1d
4c4749b4503f4c18
4b7f49e14e6d4ee3
c429c07048dcbc01
32d7c2ca44f44526
bf32c699c4cb418b
3e0fcbaec22dcaf5
481bc478c25744ec
4b78c9ca4611ca13
4123bd44c6f7c1b8
4c5841834816c493
42db49fac25544af
49674c6d45d94819
42d64c313c4e482a
bd244d01b69e4afd
c97b3c9ac82dc83c
ca6f4915c9d641d6
c498457bb65bc0fd
c83248edc65245ee
48a44c8d4a804a6b
ac754978446b4b1e
becc3f733824bf36
c460bec3c073ba90
c847cca4c8b7cb6a
c723ca96c697cb8a
4926cc24373ec042
4444ca51441ec8e5
4c89c91f42ac481d
49eac87647bcc553
31b1c42438814205
463ac4433ff3c20c
c94645a040fcbe35
bb893f33b1b54190
c8df48b9b8c83a88
c83e4274c4f6441e
47e14acb43a14901
c11946ad3663487d
4df04bd44a534a84
49d048524a8c4a05
c57dc687c524c8ee
be98c771c213c6f1
cf10cc69cc5bcd6b
cc72cb68ccbccb8f
cbef37903e92c5c4
c84a3abdc5794528
cc95cc48c54bcb02
c751c7f2c643c6f6
c999ce77cbe9cbc0
c9c8cc98c977cd5b
4c79491f47a74ae2
3fdc43b04791452b
496c47ea46894a19
47ea485b48734738
c6e0c770c932c458
414f3b0fc32ac701
451244d3c54338d2
44cc4732bac7b853
45ff413ac08c398c
455246553ac6b4f1
43a9454b40cc448b
453145c53dd44276
4d4a4d1f4b334c81
4a324aba497d4c1c
4c834af849ac4a05
4a7949414aa14a7b
39454cb74ac946e8
47a848e049614bfb
bc2e48fe4ae940cc
4478408946f74981
bf74cdf0c53dc7ef
c426cc74c491cc42
c432c837c32b397a
c924ca8ac64ac9bf
c44644d64241bd43
c69dc420bd364102
c4afcbf8c74cca47
c0dec825c15dc7d1
cc78ccf9cb69caae
c94cc8f4c9f2cabc
cd49cc4acb6dca94
cc65c915cc2cc9b1
c3f1c4c5c696c3c1
c8eb3c29c701bdec
c1c3482fc2aa3955
c29e48a5c0cf4393
c50bc8b1c950c802
b7aec328c59ac8d6
45e8c2d6be5e3564
4531379b3501c29f
4c4c511f4e5c4d1b
4a924eb84bb54fbd
4de750c04ee24d7e
4bea4d664d044f97
4bc3bd8b445c49a2
46e2c4994719bf4e
bb79c2dbc11342b3
2eb9c49cbddbc6d6
c31fbe70c05fc0bd
43f0bade3d51c402
c672cc7ac9cec987
4254c931bd4ccb47
cc28cc53ca77cbf4
c581c9cbc812cae3
c54bc7e7c4cfc64a
c3c6c59bc398c4fc
4645c02abeb23c7b
406db9b24018af29
c42bc175bb87c388
c440b87ac09c3e8d
ca49c82fb5e7c6f3
c9c1c523c6ffbdfc
c286c2963a37bd60
c62cc056c41aba38
479e405440424279
3e794456b9fd4110
3fecb5343eb03a8d
42933ea32e43373e
48574d034af04a18
486447f049544a41
4f0f50514d954eef
4ac04c744cbd4dd1
4b6e483e44b74a4a
44e146eb4752472e
c8bfb572c44ac186
c4aa3093c0d939ae
c9aac26cc512c70c
c791c245c407c218
cbb2cea6ccb3cd40
c9cdcbb8cb1ccda2
cd9fccb4cc71cd4f
ca91c901cd2bcc90
c97c4484c4d3c76f
c7a94392cac2b6ee
c091c583c76ec52b
c24dbefac710c5f7
4246c91dc00b3ca4
446dc59744d7c599
4aa746084aa64a70
4a5142ad4ca848a6
3f09ba2444114080
45c0211748bf4086
c91cca35c98ac9b2
c39dc84ec612c97f
4ba8490843764735
446c3fc741c7450e
4f864fa64e0f4eee
4aa34ac04c164e0d
40cb4a724c6c4b31
485b43ae49ce4aea
c78cc6064373bf1d
4688c448459cb6df
4510c8ccc292c4c5
4697be6540fac36e
b60ac0e0c27ec4fa
b8374503c0d53b6b
ca3348e2360ac591
c99d4a59c84a482b
ca2c414ec5b0c60d
cbb04730cb64bcd8
38fcc934cabec458
c7eac40ac944cc0a
4cf0b544c4f74537
43083b09425dc7ea
488c460f3ee347f4
40b23e38452e3d6f
ce45ca8cc874ca4b
c8c8cc89c733c8a9
ced7cd25c9e3cd0b
c915cdd9c95aca9f
c68ac673c3a3c412
c396c783c4dec57f
4445418a3f0344b3
bf5a4152bc4a3cc8
44753bfc44b63a96
400a44583fe84591
b925b75b443ebdab
4564459942ce46c9
463d4692484f4564
4859477c47aa499a
4b7d4cc54bcb4a89
495d494149b94c7c
40e249e1452246ab
3e9446fd40e74663
3faac84fc8a1c065
c5a4c1d7c595cac1
4c8c40f5c0c34689
3e51c044402bc74d
49024cfe45664a89
482845a5482a4710
3a9a45f542d24532
48e244f3477e4440
45bac9f24193b70f
4677c339460bc20a
cab1cc16c531c96d
c5e2c908c363c782
cf2ecc6dcad3cd34
ca22c974ca5ec93c
c998c6f6c2ffc7cf
c583c19fc748c031
44314880497546cb
40ce4910427d49ce
48864a284b5c47e0
450f4b1e483b4bcb
44073a4f42c6b93e
c21a42c9b5444223
ca02c715ca5bc9d2
cb46c597cb3ec8fe
c8cd3c53cb45c618
ca97c496ca92c828
43cc3d2fc9f63a34
c548c80cc650c892
42e6c682c8e4a893
3cebc96fc3a6ca82
46c2c492b85d4531
47d6c4b4444dc5df
4b85408148a54825
4a30438b4a7046a8
45bb45584a3744bd
4aa548124a784a35
c97dc8384374c67c
47c2355946923f66
c8bbc940bc32c93e
bcaec57ab6f5c18b
47e84daf4a5f49f7
be05488f374b4c26
4c4150684c404ee3
432a4cd445144d82
448c3fffc011481b
c2e7421cbd10c46b
c9d1cd61caf7ca79
ca26ca3cc930cd11
c616c768bc06c812
c48bc577bf61c131
44634792490f36c6
429c469f482d4ac1
c5c6c678c809c87e
b9bb3b81c442c3ef
cc63ce30cf48cd3a
c6e3ca3ccc9fce42
c843c4c8c844c855
c742c447c7b1c433
3c8f48f64a194364
bd8c4439460849be
beedc820c02dc511
44a5c75d42f4c81e
47aac03640ec4265
481cc6304643c3d4
4c4b4bf34c994d1e
487048604a3f4bc9
45e0484744b74aba
437c484d43864681
be50b6a3c959bd94
c0c63cfbc71bc6c7
45a34998bdc53ece
ac7b464ec35f435b
494b4cf04aa84ae8
457c48a945b34b57
bb1ac4ca466a4061
b781c6a13cf4b9dc
c44dce5ac384ca55
c6adcbd6c407caa8
be5dc9a63b8dc801
c3cdc1383911be1a
cc4038efbe3cc92d
c5ca45fdc2ca4589
cdcfc814cc2eccb1
c998bf96caa2c766
c55cbe29ca83c37f
c479bf58c69cc75d
4bf64ccd49214d50
4c0a49524bd24a0f
4d4a480549364c6d
4dec45984d694788
49d2cc43c6e3c26c
4895ca554619cac7
c81bcb28c8afc97f
c6a7ca74c6e2caf2
c9624a2242edad36
c91544c3c644457a
c4e34c953e21bce3
cc1348d0cb2b4875
ccd0c916cb8fcbec
cf31c55dcffcc999
cb67cc87c615c736
cca1c8e6cd16c940
4c2a49b34dff4ba3
49b1482d4b814c78
4f884f78504b4dd6
4f1b4ce150274f8d
4c7d499f4b944b59
4e3143d14e6b48c8
45d3c982c5753e5b
4c4fc8634b46c95b
3b01ca18ca38c7b5
4969bf6b46d3c923
ca82c82ecc7fca7b
c4f232d0c833c869
ce08ca02cddbcba3
ccd0c512cd4bcb03
c533c557c95dc446
ca933ce1c9f7c579
484849ae48db47b5
bdcd485241c5496d
c40942fa450f3b37
c406c099b7844415
c660cb76c84fc7d0
c93ecbe8c8afca09
46f242ef44db40f6
c65dc53fc6833c2e
47664c604c0047db
391545d9c03c4b43
c200c503303cc236
4118c527c107c308
40c4b9df414b4716
4464c2cc4680c16a
46574a3c4c364a66
46dd48864b954bc2
cac4c9fbc497cb6f
418f2f9940cfc1ab
cc6bcae5ccefcc88
3d4fc195c5f6cb88
498b4821bd7747ea
4a5848c647bf4156
4d7335eb45dc498e
4c4e47064b084323
b89b3da5c1e63ef4
c58435e6c328bdc2
44beb5d7b615411b
3c8cc46a391bc437
bee0c03fc873c376
c31ac856c86bc91f
c691bb71c83ec4f3
c7bac8efc99fc8af
ca35c712c975c96b
c759c9b2c8d3c972
c83fc9b8c9b7c987
c0a7c620c614c893
498645d643a44866
472b48ed449d4637
4af04aae498f4b23
49bb4c5e48bc4af6
41a6bf3041ce3125
493148314695449a
37a1c4563f65bd7e
47b54045467740eb
be1e3fa9414eba65
42123dc645e64436
c904b153c28fc8c2
c0e6b528b305b34f
ba61404841833f95
c49abf54ba284089
49024b044b404c37
c4c0b1054165497b
c4374ce2496b431f
c6f7452bbf194a21
c70941cfbe98c69d
c6e340f3c67638ad
4c16cba2c46d4417
b088c7812b45c971
4ac5c879c1fb43c7
4465c6334386c8c3
cae0c240c9a8c827
3e62bbf4c4f5c850
c9b6c921cb3fc6a6
c312c5f7c91fc9e7
c1a5c9b4c8e5c7e7
c5ffc785c899c89b
c8c2c5efc787ca06
bc363c4dc51cc1fe
c28140b73da03f19
45e647d343ce453a
488a48a34b2b4a8b
45cb472049054a91
449ac1db48213e98
39f1c4c045dc41bb
2169c0983fcdbe45
bb52c74f418dbfb6
46d54c444b4848d9
400a467348304add
422e48ed494744ed
3cff45af45704803
c303c146c716c066
c59bc499c566c8a5
300d39c5c894c175
c612c20bc72ac6f6
42ac4138c3a8bb19
3c563c5fbd07bce7
b9a7c1a2c4e93cc5
41ac375fb10fc2aa
c5edc804c853c5be
41734248c434c109
c8a6c740c6c2c8b0
401342e7c6edbac0
c9a8c5d6c273c501
be1cc00cc645c2f4
389ac0144042accb
433a2cb940aa3937
4dc04b004c594b0e
497b49284bcc4c01
4c144d4c4d794d0d
40ad49be4a7e4d59
c735c3feb658ba9d
c881c358c301b9cd
c672cbb2ca10cb18
c84eca2ec841cc04
c336be4fc46bc6a9
c54dc858c453c88b
c3ecbf8dbe333d59
c01cc662bbbcc4c0
49e0c00943cf478a
44fbad64479d3b98
46d94041459a2ad8
459543704807451c
c9ab403cc145c74c
b6e0bb4bc02833f8
3f0bbeb3c83239d7
3f16c4d7c0d0c760
487bc1f1c63745fd
462638913e64c5cd
c98c4148bcdc3ebf
c00b46a8c52b41f5
cc87c43dc6bac8ca
ca23bd19cb60c0e7
c89bc9c3c91eca88
c714c56ec99cc812
c6f4b531bc63c69f
3b4f418ac1213b35
c30b48324631a549
bcc3424a329b46cb
3a633e7c43b53c22
c345c1493bc44254
48c9480848204693
42b6468d486348a7
4ea949914bb14c6b
48e2498d4bef49db
4c39c37546c448c3
4330bd0f4740ba8a
c77343673712c166
bf90c0bbbf2d3767
488b4bb94967496d
481345e44824496b
4dc12fa448624bdc
4ad2411a4ac941b8
c7eac8d3c9f9c7bd
41adc0c9bf9fc8e8
cdc2c8dbcd4fcc67
c4ecc4bcca53cb39
c8cdcb6aca5bc7c9
c7bbc855c935ca93
3a0fbe6b434a3a11
c46e3aeebad041be
c78839c5bb07c878
bf8540adc0494239
cc5bcc7ecc33cd70
c875ca70ca99cb26
c0d0bfd8c0cdb163
c79bc777c645c25f
45324ca74a1a4bb6
b8fa451f41b04a24
c9d2ba27c11bc7e6
c4d8c678c5cec392
c5a6c6b2c41dc813
c5a5c9cdc516c89d
4b4948eb4b7549aa
45ac4574495a4920
4938451d4cc9476b
488949a44b794b90
4aca45564b664ad2
46b04a454a654a2d
4d664c0745324d77
47e74c9e4839496d
3a8346a6c9e1b11b
4426494cc420b752
ca15c4b0cc2dc8e9
3cb7be10c876c939
3cddc0d8c7ee429a
44a5c40bc057c870
c084c857c4fcc589
3cd7c61fbffdc6d3
c990cb27c590cb9f
c5fdc862c4d2c66a
c789c3f62716c5ef
c6b9c613c02bb758
c88fbaf64108c511
c53dc556b9393cdd
bd22c4ce4423c243
c2d5c5c43f9ab951
4a4dbfd7485b4634
c1f1c2a043943fde
45c94831476746fb
c50f40edbf5746e2
c63b4b2b3e1f4276
c803480ac70447be
bb0cbca9c0c6c0a2
c47f3ae6c1d2c06b
46fbc8ecbfb8c1ac
485bc62c454dc76b
3b853b3cc4aa3ebf
4ae1c07144f8c354
c82ec08cca67c46e
4722bc18c0f8c695
ba48c6dfc8b7c5ac
4715392abd26c6a7
490d476546f548f5
48d146b5471e4556
c126476e48e04925
b8f84065438146b2
c899c5fd4332c41c
c8c8c516c1c0ba96
470a35f44854bfc0
c2c94430408b463d
46474ac64982454c
306b4ac443ec4b43
c875488d40533d34
c750461dc371477b
ca73c895c9c3c91e
c98bc505c8e6c7d3
49c1c84dc8febd50
3f85bf1e3442c877
4ea844bb3ed54a80
489e43da48653d3c
c823c2b2c404c6ba
c6a9c4f5c642c151
cda2c6f5c8eaca70
ca21c8facac7c871
43c8be84c2db43b3
bc3bc618c17ac63a
4892c8fbc1d2395f
4225c6f73940c77d
bcca3caf437a3447
4248bc4b3f143dba
c95d4a14480fb8c8
30164314392f489f
ccb5c942c5b1ca8a
c25fc74fc58bc5d9
ca37cae6c7e4c878
4292c724b506c889
4cb44c754c6f4c7f
4d0f4c304d734c83
51835009509f5060
4f5b4f7250835069
4c24472c49c549f3
482f452a49f947f1
ccd9cbaaccf9cc47
ca28cb6dcc0acd16
cc71c98dcc80cc41
c91dc51fcbdbcab8
c5cdc57dc838c4ec
c8babb55c957c4b4
43d0c39cc137382e
c927c485c73dc320
48be334040873cf6
c619b916c0c93d6c
c03cbf10bedac26c
c810ad87c5d03b5a
ca55b989c45cc5b8
c90ebf10c882bd9d
c82f422bc521c28a
c606c062c810c486
c1d1bc00c678b95b
c05dc60fc589c7fb
ba3042f0a9af454a
4210c1b93e27b1ee
c2f6421234ab38a0
44783d1f41643fa7
40efbfff403236f2
455f3f74466bb1fe
4997420749e94875
48c9466a4c0b4836
48143fcd49314427
4a3d47754c054959
c516c24a379fc5d8
48d8422144c04243
ca9bc764c178c8ea
40c8c06cc448bec2
4c89322a494348dd
45e0b5a146924498
50204c774bef4dc3
469c46424a4c49c1
cbfe404dca67c878
cb39c40acaffc78b
ce07ce16ce1ecdf3
cc57cb88cd77cde4
4ce6c62e3d9f44f1
4625ab5d443cc47c
47fe47d74341471a
44a646c143204326
cee13d2fc73cc8e9
ca18c026ca75bea3
cc524666429fbe39
c8983d2bc64947a2
4aa3414f481e4723
41c8469b476247bc
48f8c621c25abe6f
3d5b3d1244a2c356
ca483fa0c569c41d
c643c452c37dc288
c3ed46193faf3e8e
36ecc5562a3d3868
491e3c183f2b3fdf
47b5b4ec42ae361d
44e644403da544e8
42964643b6444457
3df7405a441d47a7
bb993936b9744011
4809b503481e464d
4213c237454d3b79
40ce428845263402
477a4166464d4451
cd98c553c9bfcb73
3d02afb4c49ec50e
cdb1cc00cd00cccf
c676c7d8ca0bcb8c
4e36c3383f2548e8
446ab6254560bef7
4e7c45354a024b4e
44f746734954481f
cc62c8eec7f7cb5e
cacec42bc8ddc5bd
4868c41936c93be4
ae35c2df4286c0ee
49c94892489e48c0
493144ac4a174706
cdaeb836c55dc969
c5babfadc68ac0d7
c5f2c3e4c08dc4cf
c557c663c5e5c2bd
442a481e47ad44d1
3deb441c3cb1483b
44844c08494449bb
3b8a4a523c2e4adf
44f4469945b34891
c3b343e0c3e944d8
c95fc5e6c64fc766
c74cc4dfc870c60d
c90bbeb1c8a7c754
a6153c86c20cc489
31623a46c7683d56
450642e63c3bc338
40d2c724c7463946
3ef8c48db4c6c816
4e0d457d49744ad2
47f7b4df4a554540
4e0d49b04cb74c2f
48e041274bdd4996
ccc0ca52c6e0cbd2
c340c834c503c879
ce04ca39ca53cd32
c3a5c5c6c615c87c
43c9b9844295403e
464d3c64487f40ca
4356c664b7aa2971
43acc0314567c226
c9bac433c914c9c3
c5e8bc11c898c490
c6aa3d7bc18dc417
c89941f5ca2b411c
4b9749c84bc74c79
c2514831bc534ac0
498e4c074b134a2c
c2984704b43e4ad8
cc0dc3b3c7efcb5a
c849c6ecc974c575
c532cb9cc8d1c596
b96cca48c3f3cac1
4c3ebf4ab9514961
487cbb9447c9c4aa
41cb48a6c12540f4
4755486345dd3afc
c83f4503c031c081
3e16449b40c6b07a
b406c0a3c2d2bcf8
c4e9c2d2be6bc3f8
39d9c134c521bd98
c6bbc178c444c064
c3b339f3404a3e20
3d73427741e544fc
490f398848db454c
4a5444674aa846c5
4817bff24644bc0a
48663d8548384190
cc5cc977c560ca34
c804c6f1c840c711
c9fbca67c570c89e
c96cc87fc931c84f
433b4a824a2e4823
a9b348033fb54a8f
48774efd4dc04de4
45e74bb348c94dd0
4895474a46ae49a1
35f63c483f9f4315
c186c4e2ca46c8dc
c2ffc404c8b4c796
34e4c594cb1bc753
46b1bec2c17ac813
4a30cb29c960c007
49c9c847460fcb50
4332cad1c99fc8ba
3ccfc9b9bcfdcb44
c4c8c059c6cdc69f
c3dec441c4c7c594
c40f4c22489d48e8
c4a448883d8a4a3e
ca394c2f486943ab
c7844a2436f94ba1
c864c6c4c290c8a8
386e3e5e3f34be7e
38dfca1c4082c389
448dc457458dc2b3
cac6ca9dc02bc8d2
c95fc963c869c72e
bb08c5ee2e82bae5
c9e6c67cc94bc3d5
4d6549dc4bc34c86
c2ef48a43cfb4b28
3e4049b946a74674
c7e5494bc42749c8
c25341cbc43d358c
32ec3d24c1c5c10e
459ac44dc7a93dae
49f7c5954395c8db
c5cac790cb7ec8a1
48cac5693e17ca51
c856c064c8c8c78d
47faaf0f4384c635
459d354f41924268
4774342747c94009
4bebc26243054299
4532c04a4741abd4
486d4a094902484d
456d473f480a48c3
bbe94de54d8d4bbb
46d64b6849e34e00
44643b7449bf42bf
470641f04962485b
4355cc01c856c8d3
ba97c8a0bda8ca89
cb89c783ca1dc9a0
cbb8c865cc63c9b3
ca9b445fc465c57e
cd04c2decd0930c6
c2f2c232c74cc4e7
cc0ec590cc13c453
c743c8b7c8d4c4d5
c9dec629ca7dc8b9
bc2dc034385340d3
c2523ddbc094bb18
4374c3be332bb29b
44fa42b9459638af
c09744b6ba35bde9
48c546f7479e4532
3d4649e947a84624
4a5548d649c848e5
48a1431f490c477a
4a9e45c64b0a447c
4d10449b498f4a1d
4b8d44d64c2d4501
4af3be454250454f
489fc3af48a9c042
c95cc9ebc91dc9a4
c4a5ca1ec53ac9e8
ca65bcbfc719c47c
c8a4c483c759c32b
cae9c615c978c6b5
cc0cc6e9cbadc7ad
cae3cc75cbb9cbfb
cce7c9bfcd5ccac3
41fc451544984056
c706451ac66c47cd
3bbb4c034a7147d1
b4bf49963c724bb9
c83340ec3d6bc512
3e783fd2be7f3f9c
4bf44999480e471a
4b8b461149d64616
4d844982497b49e4
4d0d46214ca84755
c5b7ca23c73cc62a
4708c58942f2c88d
4008c6c1c1654603
434bc077439cc5c2
4c754b794bb04d84
492a48f64b944a8b
43f649a2477c4697
42a34856458249e5
c5e1c3efc88bc765
ca58bd5cc919c1d1
c8a0cc53cc22cb2e
cd93c968cc11cb30
ce32cdc1cd38cde2
ce35cbbbcd25cceb
ccc4c964c953cb14
cac5c87bca85c966
49a9463a494947e1
4815416845ea45a5
45b2489449bc454a
492c41714496482a
cc1f43763e51c7eb
3a8bc1d9c5d93ec1
47e646814a1347d9
49ff441648db470b
4f9e4b724cbe4df3
4d314a534d954b04
46a949a7b69648a0
4791463f46ae41d3
cc49caaace1fcc2e
c729c801ca44cc5d
c966cd4fcce7cc0e
c88ac71bc9a7cbef
456a40f445094566
bfcb4641416444f2
45344a0947bd4566
be34481b429b498c
41ae34843ca7bbe8
c15e3c9f3cf942ed
b1e8c68f41a621b8
3d8ec0ad45c4b394
c088b4e045f23a6e
44623530469844d8
477545d447ee4827
4301390f43334733
46e73d3e429d4952
c1a3c762c2a5bf86
b96642883e6a4142
c284c4dec4a2c24c
be974550443bc129
3d094325bcf141c8
c4cbc2ebba9ec37a
c316bc10c5c9bb13
c803ca78c91bc8d2
c646c65cc848c8fe
c472c9b0caeac9dd
ad90c07dc1e2c94c
c4b24905c79fc46c
40544891b4ce4099
c454488cc3f7bcaa
3d41488fbda142d2
4438c8a6beb83091
3c7cc5163d59c5bb
4a1b49f244e849ea
458f486a471947b3
4b0b4cd447194b9c
42da490d42b44a1f
c70f3ee7c27fbada
c7a4c18fc87bc0ad
cdc9cceecd1fccb9
cb9fcbc0cc94cd4f
cc46cc50ccbbcc9d
ca1bcb71cc18ccca
c9ffc57ac89fc8d9
c424c80cc890c903
c977c9e0c924c9fe
c2f0c93ec68dca7e
c029c92ec2cfc74d
bfaac755c026c76a
449f465349a246a2
453d41064577485a
44b9447745fe4509
42f6326d44bd454b
489fc521bdb24170
bc87bf5541a0c310
4a5747dc46cd49f4
427748ee45fa4799
45a34c1848d3470a
45804c0145204c28
42443b97404abc35
402c472a42d246a3
3e31c559bb133c07
3da83b9f4484adf7
c8e649184469c28a
3fe345e842f148c8
ca0c48ca42a5c83d
42fc421840ba46f5
c5feccd0c99dc837
3e61cb55c00fcccd
4019cd4dc984b815
c549cb67c808cd37
44ef1db8b9a1445f
c75cbd5bc898c102
c30a43d4c5b4b952
c809bcf1c8e3c18b
c3b53ca7c8d1ad17
c803c1e0c7e6c5d5
454a465543ef465e
40a8456c415c45ad
4199460e4971403d
456347ff46de492d
b97d44724841bb19
bda9444242c3487d
48024ae54af44871
44f7485948134be8
48cb479a480c4820
494945b548c8482a
3e5fc50ac062bc4c
4234c3fc425ec295
45a8c496b8b63978
433ec2e44512c0e4
437bc0debd0c3d15
45dfadf144e9c114
cc47c7ddc812c894
c163c678c645c8b6
cc2fcb86ca63caab
c403ca54c931cbcf
3865c5a9c8cec4f6
c4d8c4e6c80dc8ac
c140b65cc81dc1d2
ca81bf10c997c618
c851c0dac5e6c7c9
c8d9c320c92cc39c
45f1be6e417cbff6
411438003d874327
48d0c5cc43844431
41a62197472c35dc
c62f44a3464a3d4d
bdaf4381453c452d
c5354b144a8441ff
4722499f48dc4bd5
4b7148e14a434b8d
4c0d498e4b0249d0
4c904b1048074c88
4718490e46b9481b
30a2498f41e6444c
c8134618c431482f
c73ac453c1cec553
c845bbdcc7443c9a
3f983f26c5293998
c2a9bab9c4ebc2fc
bc214660c45c3ea1
b9f9c23dbd80c449
ca86cca6c940caa8
af6bcb1ec2dbcb22
c1c0cd98c949ca9d
3cbeca17c5d9cb7b
4b13bb454447444f
48223aa842cdacb3
43efb9a64552430b
4357bc9b44cd3868
cc3dcadcc9bccace
c980c8f8c850c971
c8d3c3e5c7e8c8a1
c48ac0f7c4bec43e
22814961475a4263
42bb44a344154788
c83a459d41a9b849
c8cfc0c0c4de3f96
c23dc10bc5c5be0c
c9e1c317c6e7c4c7
467f4100b0a9456e
3bd74715403d4453
3e594a5c48c94703
45bc4bba46314c4a
47e04a474ba94826
48b74b0e49ed4c79
4ed6466a4bd04cb1
4c9047534d1d48a4
4f0e48e749b04d56
4d58476a4cdd4602
476f4414b01b3e0f
4a334436457cbe3f
cd3fccc2cc5dcdb5
c75ccb2ecb8fccfd
d004cdcccd42ce64
cd3ccd4fce4ccd7b
caa72679c6e4c472
c996c4f2cb4bc49b
c434452cc3fe3cdf
c1133c79c645ac41
ca6ec6e7c91cca50
cb85c676c952c516
469fc01940153daf
cb05c569be322cc9
4dc9472d4b964cb8
39ea40d2499f475f
2eb9469445a34294
bd88467440b94773
c3b6416a35e4b956
ad3645c32f624591
4972bd3d491a486e
4ad7446f4a7c46dd
443fc1de46f32e11
4bef3cf24a704409
c6a8c093c78dc8cd
46f8c4433f70c590
c98dc609ca48c96c
bc59c5dec5b5c9b5
c8f2c893c976c6f7
c59bc100c932c934
bd093221c6313e36
c1933eacc84dc432
b7b94447c155ba5d
b7403a51c294b9ff
c489c09cbd3cc616
c0e9bc7abfadbc55
455748a84ad447b1
44f2489d47874aa9
4d764c364d934d22
499d4a3a4c4c4cbd
4fa747084a544d27
47d33b3f4ac3453b
4c29488a478e4aa2
45ba3f154756442b
c81f48d94323b272
3ddc45dc417a4610
cc0cc2fbbf95c74f
c841bff1c24ab053
cc4aca7dc740caad
cc11c6dbc9f8c46f
c9f3c9dfcae3ca55
c9c6c62bcbdfc845
c575c91dcbfdc710
c6dbc80ecaf7ca22
ca2dc5f9c9aac9a1
c889c61bca4fc7d7
cb3cc7b6cac1cbf6
c590c6a6c904c9fb
c212cc9acbc4c86e
37f2c92ec407cd16
4075c990c2ca38cf
4040c3da3f59c863
480f4b194ad1485c
4707477d48904a7d
4c9a49ac4c144851
4ad2441d4bfc4a8d
4459c67545babd86
47dbc5cd4974b519
c5494acf49ea4903
432945bd47984a0b
48ac4e084c424d1c
48094be649604d03
4c9c435f46fb48e3
46cf485748bc45dc
4bdc4b584a944afc
45d04c0c487f4bda
49d04f504c044cc0
45c34d8146344e11
ba4cc64bc8f1c497
c55fc24ec770c768
cc8dcf0dcd49ce1e
c8cecc03cb0ecdaa
cd2ccc5fcc03cdb6
c253c908c9c5cbca
cdefcd1cce10cd92
cb05cc84cd48ce0c
cc21ca86cb8ac7b5
ccaecbb3ccdecc2c
44033c7740454797
c31fbff0bde82c7a
48c5bb2741ce4385
42ad33bc45e53e0c
4682bc15457a443d
3fe0bf0645974251
44c83cd4440c4105
34a4c5eb42bb333b
426d4c3a46e54291
4201447d462247e1
40794d954b424733
47114c8049854cc1
3dbdc63c46703772
4495456246ab4433
468fca1041593f3f
408dc2a242c1c0a9
499f4c0949324a6a
44ae482145a84ae9
41624ba341584670
45d5478843714864
c77dc8e8c8ddc81b
43f9c293b6e9c920
c9e5cafec9d1cb28
b260c5a9c5fdca5c
cae9cbd6cbd6cbec
c828c8d2cae1cb7d
c5f3ca08c942c54f
c93cc757c9b9c939
49d749b544c049d4
c2964680bb7b4812
4c3a4d47496e4beb
43984a2d45584bae
3eab3e0e4509431b
4757441a457343e5
beeac2b5450534fe
46243eab45553c8a
43f748b5486b4556
3e324527458546cb
41993f6c45194269
3f6dbe6c45fb3e32
3993c9ffbcc0c3b0
42e7c85344d8c67b
c77cc578c443c80f
c21cc646beacc522
c80f469b2c47b87e
c832c242c506406b
c050c00bc251c23c
c814c6dac73cc0a8
c6dfc95bca3cca4b
c8bac702ca1ac932
cb1ec784cae2c871
c943c421cb25c96c
be32c560c52e39a0
c435c031c5a1c638
49f8c30ab35743e4
433435184367bfb4
42e645a7b43d42ca
45a5429841d8424d
c2714846442c3b1b
471c459d433747e4
41f2409a48723c81
493f473f493f4864
48cd451149374807
48e5485d4aa74898
471f473046894846
448f4384478044e4
455dc12d3e124095
4342be9d4299bf94
4927401048a0462c
457f4608457b456d
3db24c534a18455e
c0074ad72d0b4ba2
c64e482ac026c153
c89344adc80f44b1
c44bc806c7b2c2a3
c854c5e3c6ddc77c
c8aec734c4a2c51c
c8c4c773c513c65d
c946c7c9c998c8ac
c5a0c8eac628c94d
c53eca1bcc05c87a
3e27ca19c62acc65
b197c7a6c784c176
44a4c832c038c96d
40e2c0b9ac5036c6
487abf3c4463bc2f
40dfb61240193d57
487235b944d64057
3b0cc5123d0e2e49
c403c499c046b40c
c209a90c40c8bbfb
ca07ba56c499431e
c45a477145103c2a
c4874829bb174829
44a6c41a42a04178
409642044153391d
4c4a424648c34802
4576430b48a34545
47d54faf4c6e4a1b
44234c2b48e74da2
c6684c3245a5441d
c2af4839b4da49d2
41d6ca9ec859c3fe
c1fec7b6c3cac94a
4765c45fc7ecb1cf
4260c3363105c918
c83abc62c8bac33e
443ebeb2b741c86a
ca89ca4cc6e0c790
44c3c4f1b64cc840
c1e9ca8dc1efc5f4
3a0fc38cbf6cc57e
c4f3c842c82cc80d
c907c303c996c617
cc58c568c82dca49
ca86c2f0cbf2c2a4
c88f42594366c5df
c50a3decc5af46a7
4c714d314c0f4c84
4320491d49264c4e
4b43490b477a4b14
433443ee48de46e4
c3d0cad1c4acc798
4066c87240a8c860
47afc4ab45283db2
481cc47e4800bff4
4cbb4a344b7f4c2a
498945494a3248ac
46974845468e48da
46ab414d465244a1
38d636d5c3163578
43d1bf523d37c255
345240cdc1ee3ef0
3e4d4236b5aa3133
c9acc384c682c6f4
c51a4162c682bef4
ca4ac8f1c925cb3d
c97ebfdfc95bc6e5
c2034037c53fc49a
c6dd4646c50c3a27
c357468fc46b3096
3f2e48fdbe764389
c86ec8fbc8ffc772
c013c731c7abc8be
c738cb9dc677c7c4
c869cc43c7b1caa7
bc7fc8ee3b8ec17f
c6eeca46befac757
3798c73fc059c433
c628c97ac51fc84c
3c234c1c483e44c9
bbb64095bd58489f
482a4d394e464a77
4a494adc4b374e80
4d15c4014c6e48c2
4c08472f4c8749de
4bed437246a34920
453f48bb48d445e7
c7324b61b7244254
c1c54b033f054832
c89b43e7c828bd3d
bcc24885bfdc3900
471fc239c9934445
3d2f3d79c161c824
bca3cb49cb55c5f0
c159caa4c6eccc79
cbbacb32c948caed
c3f7cbffc880ca7c
c84bc146c444c64a
b662c759c53cc42c
c6c0c7adc84ac6f5
c1adc85ac48ac8e5
c71bc581c073c827
34cfc58f3cedc1f6
490a4bc74c2944d8
4b3147524b684c2c
4c9e4aa94b5b4a50
49804896498649ea
4952449f45c74b22
c73c46dec3e341bd
42d2498548ff49db
cb4e48edc6954987
c8eac67bbb0ac842
cbb0a5ebc8b23250
cc9bcc21c9d1cc59
c997c8d0c928ca17
c5c94102be63c251
3783c3ad33c8bff0
44af386cbebb4198
44bbc1223df2bfa9
b77cc991c970c29e
4073c390c546c894
3cfbc60ac752c4ad
47ee33024152c547
44e6c500be8ec434
4b47b61049ccc04e
44e347d847774606
4b654570499d480a
4c054e7c4c704d9c
49514b014a524cad
4aba49ae49cd4a40
bf7547b346a44960
c753c6e3bb49c4f0
c94bc05ec4ebbd98
c9b3c899c794c597
c83cc5ddc7a0c816
c691c3d6c7b1c1bf
c82cc41cc7d4c5cd
c90545b7c3abc568
c859b953c7fc40cf
c666c164c218c846
c56dc5d8c2a0c202
3b23cb65c1c7c677
be95c8db3a4ac91a
bf4bbed7384ab96a
3db9bc5e3194bc50
c30a4453b67eb3a7
43963cf1be853925
450fbeaec0da3246
4796bbe4bda4c607
4a2b44404416457a
4928466e3f5e3b83
3dc541f643f0bc72
42c048683d7245f5
c46dc52cc241bdae
c5e2309ebd1dbe64
44ecc3f4c33d4555
c681c745b875c4d0
3d8d445e39752ba0
c58ec375bd18449e
ca0b43993c66c473
c83d406dc5ae4780
c42cc876bce0bc4a
c486be3dc1a9c1c8
494ab23f46284511
47553f4748e242a0
4a1d4de34b0c4b8c
4ac449e84c004c23
47554c2248554b43
4a3647754a0b4858
c11bc9c8bc80c4e8
47dfc48845a8c506
be7accf0c578ca09
3a7fc89ebbd2c971
bc48c8a3c8b2c730
c816c712c9ebca87
cccc3fbbca8aca58
cbb0bc28cd33c843
cb2b4501c8ccc7c3
c90243aaca15c212
47e1457dbe35480f
409a45eb3e083d87
462145b145c34806
451b463f436a47ef
b537b70e468736cb
b22933c940584689
407ec5b339a2c0c6
c28cc80f411bc074
bd4fc1f8380ac3f3
c040c6c6417cc224
405d417c477341f5
42e73d68460d440d
4c88bb83495b4a16
497c40504a6e4505
4825ca073a502f11
4855c33646fcc042
c9d4c88dc873c81c
bb72c260c6c5c594
c81b4a06ba2542b6
c6c445ebc7604332
c58d4d45440242af
c8a748acc4394993
c7d9b9b0c8b5c5d9
c544bd87c758c387
c4becb79ca15c656
b60ac8adc844cb10
3cc2385eaec0c1b5
382bc165be39c055
41254864b4d9bc17
41f043ff436f3dfe
4531be56aa3b3ee1
46a54245458ebc52
4a1dc4a649fd4685
465b40b5495d4587
49973b564b424848
41204014492447e1
34f2c10338acb9eb
32edbdeaaba3be81
c5ec3e6fc337c330
be553a6ec5b1bd62
bf364ba645e54821
c6384523c39e4922
c54b3ce3c12d3e01
c8e7c2f9c78039d9
ca98ccc0cd03cb82
c7e3c9adca38cc9e
c422c886ca23c658
bab3c23bc521c940
45b145de44dd479d
44ea45c4447345e3
b4da39d84062bc63
444f3b18447c3d97
c846c9cdc827ca95
bf2ac66dbad0c8df
4439471c481b45fb
409142b3481e4592
432c41fcb589c0b4
c1b1c134bcddb7a6
b7b8c73fc7c8c382
c267ca49c495caa9
3403400844d947bf
458ac50b42a4bba7
3a79475b42e1429b
48c138e144f844a5
c5fbc6f1cae5c638
4310c491c49bc9a2
c41fc7d2ca70c1b0
c27ac5c0c86ecaca
46f4c5cdc4354252
c163c5fdc3dbc7fa
44ccc39c44654412
28cac10440293699
c5ac3c3b48bcc15a
3e4b42de45094895
40d0c03647d4c2b2
456d432048b246b6
40e5c1ed44e03a3e
3dbb40d246594123
ca7b390dc129c7ce
c9893e03c73f3c38
ca06c28bc82ecb53
ca0dc044c986c29a
3dd04377b2c7269c
bc50abd1b90a3ed1
44254aee43af4a57
451044ce42a5472d
42354332c0ca4914
462b3cbb3801ba75
4763c464c0f64418
4638c1e03f83c500
4249c334c265c5bc
3fc9c0e2ad77c437
c9b5c48dc868ca8a
c569c1c9c85dc73d
c85dc435c4ebc644
c60cbc35c741c4a9
47fbc62241d84575
3892416f424035e7
4c80b77f485a4b11
4869456e499c4496
4b744ab14a074b4f
48a546ec49cd493a
c7e842f83d67c672
c369bbf5bc684255
cd45c6e6c744cc9f
c8eec7e1c7e7c62f
c801491035f0c273
c4abb4c4c114411a
47b2484545e04806
bfb840fa3633468b
4433ca413b1f433c
bbf0c53db984c409
c1a7c47b3a8c3cde
41fdb98c4068bb15
43bb4a5345ba4689
45db484445d6489c
466eb33ac095423c
441e386a3fe9c09d
4524ca87c955c409
42dec6ddbfc1ca26
4582c1adc242bfaa
449bb34db917bd70
c45a40a23f9abf0b
3efb40afbe3b4294
cd7bc301c604c9db
c76fb8e0c8a4c23b
cbbd3db4c488c868
c8de41cfc81b3c3f
478143e7440643de
c54a3a563b6c426d
4182c820c21dc41c
c86cc997c1b8c8f9
c7aac68bc7c4c5b5
c80eca34c5b2ca5c
bf453e61bee945c1
425dc27a41c2c2e1
4c4d45d748cc4a02
4ada48664b534859
505e4b3b4df84d7c
4c3d4c3c4d7f4d68
4ad649014bbc4aa6
488d49d649644c0e
c8a346ca3d67bdb4
41db4897bf324853
ca693dc1c613c880
beef42bac80c3d84
cd79cd02cdadcd84
c927cb08cc7ccd08
cc6acccecd79cc4f
c8a0cb87cbd1cdb3
405942f03ac444c2
c081c3c9c002c145
40f647b6462b488d
c3f7c1e8a91f4224
c97bc439c489c62d
c80ac58dc5fec479
c5c5c8b4c1cdca92
c213c09bbc0ec2bb
4b8abd3d48af400e
46f944ee4a3d45b7
4faf4d7d4df34e55
4b1c4b304dc94d1e
4a3c4d0e4c254c2f
471248be49cc4c1b
c89ec912c860c710
c490c72ac862c887
c20cc9fbc9b0c3a7
c464c7a7c83bc9f9
c476410ec2013d4e
beb640fdc366393c
c9d9beb8c727c615
c1f042b2c764c145
ca0ec9adcb32cad9
c3ffc061c818ca54
c141c5dfc5c0c6d7
41b930c13ed1c496
4a3d3f48482647fa
473c3eda485746ac
4a36483f492549a8
411db93745644752
407f4bd8481e46e2
3c2a43ad3f97493b
c42e476e43f23782
40f7442ab5aa4703
c40fc74ec0e8c609
42aec1f534a4c526
b897c8c8bfbec479
401ec73c4181c750
c257c01736213982
c5f0c7c4bdb9c141
c7fbbcc2c237c43d
cb79c506c850c086
c9b2c740c7a5c939
cc5ebef0ca97c3ae
c8b0c54dc47bc32d
c9cdb7fcc8cdbff5
4a5f448b444548ea
45cc444d46b84205
4fea448f46ae495a
4d6b48334c884264
4551c324c0b9c54d
4c0f430e4759c172
cd53425dc631c5ff
41d73fa4c609b6f2
308f4ad742904a24
430c4795ba3446ff
4aa74126434648e3
47a744f245914042
4188c667c168be3b
426eb86f413ec2c9
3f30443d41b3345b
c3c740c83cc744cb
c84b40b242cdc622
ca6eb908c3a6454d
ccc0cae7c6bccb32
cd47cb41ca2bc8dd
c497c5fcc39fc46a
cbaecc39c76cc927
44194734468542bd
3786c71445263cc8
b914c17c46d0b865
489a34d247e440b6
4a8f43c14b584a9a
4c764b124a8449ec
4d264cb54c5a4da9
4cf64d524b184cf2
b98631d3c7b0bad1
3bfa442ac541b7c6
cc6bcd11cf44cd62
cb2dca17cd3ecd14
cc74ca5dcdfdccdb
ca24c951cc86cbff
c9d4c862cb93c9d4
c912c930cad4cad0
bfe4c3a3c6b2c280
c630c67cc6e5c868
41213d183f3d3bf7
428e3f54423a3b65
4c1345bd4b464a5a
4a3948294c2348ae
4e6b4ed850014e0f
4be24d1c4eba4eef
b6cd4d864cf5480d
44d74bc24a314d86
c99bc5b6b863c218
c027c3ebb9fec344
49f9c831464f4875
452fc8a4482ec538
4bd535c249334a25
44afc5c847514166
c596be33c5d8c341
c62cc631c8dbc3f5
cc78c895cd3eccd5
c910c55fcc31ca5c
cc1acc11cdafcd0f
c6b2be59cab3ca8c
cbb3c759cbb8ca3f
c66941a1ca39c5b8
b5004c2639a73a0e
c54748f8c68f485d
4d474a3649b44b61
3df847c8454b483f
456fca2034944575
b194c64541b4c844
cb77c9fdc68dc9ea
c55dc92bc43ec861
c547b9d24584c448
429fc3db447c426c
4774459f4c444a5e
4a0c39474b7848c3
46b44249460f44de
41dec09944ec4164
28f4c65cc943c84e
c6e7c68fc82dc85e
3809bd90c23d3e9d
bd73328abffec0e1
49d64b8f4bd54c32
482d4a404a2b4c02
4c464d8b4d044bd1
49f04c434c214dad
c17c435bc39fc4aa
42ed42783c2d39a1
ccf6cbe1ce25cbf8
c46dc997ca4fcd38
ca77c9aecc06c8b8
c08dc6adc884cb25
c52dc72ec665c530
c550c031c85bc705
2e23c729c3f3c127
c8f5c37fc94dc6b1
3cc33382406c3aef
c494b6fec4183b0a
b8b9490a494143e8
438047d344404a10
3f5e354c4615bae1
44c144b945654633
49d2c6a22d4c3b5d
433fc289465fc3c0
4da54c344bb54c88
46fd45b84bd74a46
48904ca94cc54a75
4055477d4a6a4c9c
c8d8c2c7b9abc560
c7c0c527c00dc04a
c89dc7e6c7cbc67d
c780c67ac689c824
c63bc7e5c494c74c
c2e4c399c68fc1eb
c9e9ca85ca95ca46
c6fdc89dcacdc95a
cbbccaf0cd13c8ff
c64ec914cb1accb5
c3d4c2b5c8b53575
45e74206c14dc75c
3c7345f2c0013aaf
47594969bcc3441f
c504c684c8b2c71e
bccabf45c6a1c5ba
4861c57bbd7b4245
41aec54b43bfc4a2
4d494ef44e294cf0
49874b164ccb4df1
44104e384e264917
47574b3b4c0c4e4f
3949c53e47453c57
41e8c422484bbe46
4b5bc11945df4672
4444c5c4483bc651
3817469444a5b241
abc5b9763c123f22
c888b7b72a0cc21f
c621c03bc6323f3c
48fcc39842df4663
c4b1af77bdc24262
46aa416a41394664
c4244569bdb04752
c95c395bc805c494
c760442ec85c3f95
cd7ccd7fced3ce04
ca08c876cc8fcccb
ce12d025d0c1cf6e
caaaccbfce2ad034
c956cbdecd8acab3
c617ca14cc4acd89
3d273f42ab6231a8
468f3dd93a49c050
4985492f4a2b48d4
4c6448394c584949
4cf94e324e424d87
4cdc4a764e0f4dd8
4d7d501a50234f1f
4b154c434e234f8d
45684af34cb44a9d
b64048024a154b3b
ca84c77cc0b6c825
cc32c515c838c5dd
c9ffca44c805c99c
ccc5c7e9cbdbc8dc
c4f3c5c83cabc00a
c83bc4bbc6d834dd
48c2454c49d04737
48a5340447d04891
4cc3480f47884899
4d4a44454b4c45c2
444cc882c947c553
4c20be4446cbc88f
c37fcc34ccc3cb3c
469ac6e2be10cc2e
bbc54123c944c2f4
c25a3ca7c712c5ba
cc393c43ca0ac807
cc78b39ccd4bc5a1
ce32cc7fcceaccd9
cd7ec940ce78cc45
c67bca60ca28c709
ca48c753caa9ca57
3f22453f3df74625
c7993e8bc2964021
48804a814c314b34
3b5246ad49154b42
4b0f44494c0349d6
489b3e754c6d491c
3db84637477240e7
4797358449a345f8
44ba4beb4c2f4889
48f548f94b1d4c32
4b8448544d594a56
4a7a498a4c844c90
47a9470349af461b
481e474848b049d2
c6813f05c42ebf5d
bea03f3dc4283bac
cb0ecb41cca4ca49
c82ac5d8cacbcae1
c877cbc2cd88cbf6
c6c0c86ccb80ccf5
b935ca35cba3c807
c29fc910c9fccc39
c40ccb68c914c857
ba3ac913c83bcb15
c433b41ec214c43a
4090c185bcf2c4f0
3efb4ac5468548a4
3f5b43eb435b46ac
c02d401f3d11398d
bff0bcb2b7063b59
3e51c42b3eb7c458
b788c40e433fbf2b
4c5049c84cb84c20
459f469a4c0a4b08
4ccd4e3d4dfc4deb
46f74b9f4c114dab
3be3494847114333
b839472c3f4448c4
c8fac63cc5e1c699
c7493255c823beae
c87cc1efc566c4f8
c86941e2c88ab253
c6bcc886c8dfc7d3
c8f6c405c908c728
be6bcd3ecbe3c95a
c605ca1bc83dcc28
c4bbc94dc9e6c8c1
444ec46fc1d1c90b
c3c4440dbfe3387b
4985429b4211b358
3ec7c1af2ca3413a
4785c190442dc1e8
c7c6c8c9c58ec844
2ad7c7c6ba36c6d6
c4a948c444eebccf
b7f540f83f064796
49e44d5b4cb64a43
44ca497949164caf
480a47c749824657
426844b047194744
3421c5edc362b016
c568c536c442c7e0
4820c80fc6704462
c823c8cdc801c9cf
4c67432245d54981
ae18baa740c63cb8
45054ca44b3348f4
461f4b6e48f54c7f
ca0949a848614182
42714b2345cb4c18
c58ac7f53d283097
40df3a2d420d3efe
c3e8cc70ca2aca91
b90dc8b3c4bdca13
cd58cec6cfc0cfa5
c813cc80cca7cea0
cb1ac86bcc0dc9b8
c0bcc84bc96fcb2a
45374d1e48c448ab
44ea489944924910
bef8409bc142c65d
c53eb778c2e8bf59
46c2cba5c61bc5fc
c8bac971c51bc950
4c7444424a404aa6
bba741bd460e4762
434b4ce74c2c4c48
42e44b6a472d4c23
443e4a1649f04b1e
461c497147dd491c
48b943f5469748ee
46f142ed482f441e
4447b86937a93d27
45d2c1c244c5310d
429dc45ec10dbed8
476bc5fd43f1c146
c66ec575c5e9c55c
429fc3dab9bec170
cc41c03cc698c8e9
c4633dd2c6a0381c
c793463db109c355
c4054756c307466f
c4b63666c571c674
c7714246c7b1b885
c9d7c798c94acaad
cb5ec1eecbe1c834
45c7c4bf3c84b412
c6ebc31ac493c445
496ec88841f64588
3d8dc98d440bc70d
c770cc54c621c79d
3bc8cd23b0b8cbe4
3ceec891c13ac450
4757cac04623c983
4a1a48e54548492c
4910450d49a04413
af97478d365245ad
423d499b416f45f6
c7a341c1c331c3ff
b178498bc1ea440b
405f4f6d4abc485f
310d4e4840cd4de3
4ae650554e734daa
bb624ea2480d5010
4b3abf69496e4a47
ba8eb4b245144750
40c6cdb3c6f8c64b
bef7ccaac3c0cb6e
c569ccecca89c9c5
bce1cc93c6efccbc
c882ca78cb0bc984
436fcab4c411cc1c
ca13c406c6eac83c
4755c16bb08ac574
c6773ad8baafbea1
469f46f2410842d3
b899461bc5b2bc57
416548c0bc194044
b87c4bd0c2243c70
c43549edc50e4732
c647c46dc0ffc620
cc99bb96c98f3381
cb9cce50cb00cd1a
cf85cd55ccedcce7
c62ec6b0c6edc605
ccb1cc4dc942ca2a
4d0d496b4c9b4d2c
488ab8fc4bf148a0
4e0649f14efe4dec
4e2145004eec4b73
49394a2e4d794b3e
4d8145d94d464b08
40b747544a014411
4bfa49064aa34a64
420f411b3d7fbaf8
4a774ab947b547df
46be4728c59444d4
48764a273a8b4195
c050b277cbc2c25c
bcb044d8c969c6bd
cc84cc45ce56cd44
cc4dc79acddaccc6
ccaccbf0cdddccb2
ced8cacfce96cd42
c9f4c9f3cc80c99f
cda8ca15cd1ccc26
c823c93fc6edc7fb
c7aec82fc7f7c7cf
be2332b149634141
4475c1de46a146c6
434347ab4c1347e3
47ab3aaa4a704a0a
4b6d4cad4cfe4bef
4b7548654cca4bb0
4dfa4e8a4ef44e38
4db14c014e7b4dd1
496c466a4c144897
49dc48644c044ae1
c5c5c7efbffac87c
c8033b86bf493652
c61fc0e3c453c243
ca04355cc7be3a71
b552c61bc6d7403e
c5c7c470c7f7c5be
c28bcb5accd4c91a
c94ecac1cc36ccd4
ca60c94fcde3cc64
cbcbcb73cdb6cd23
cd1eca6acd42cc29
c986cbc6cca0cd08
3549c29e3a173bf1
4888bf884726c112
c30ec9b2c91dc46c
ca36c891c9d2c9ef
ccc0cd56ccfcccb9
ccd6cca7cd20cd67
cd08c840c92fcc32
cb45ca39ca4fc974
cb04c86ec752ca79
c819c9ffc679c8ef
44c1c61942223edb
450ec75c4579c355
499b461448e24a23
49a1425848c04557
455a479d410c464d
4a47483644f44408
4dae4dbb4c1d4cbb
4ce54d554c0f4cdf
511a506c504b5097
4d864efd4f3f502c
4bf74a674b794bc6
476948e04a854a8c
ce19c887c983ccac
ca0cc65bc9a5c60b
cd2bc672c8c1cc32
ca45c482c97ec291
c49fc3e1c53cc0cb
c4dfc22bc4f1c487
ca05c516c793c605
c536c5fcc7c1c7b2
cb53c823c8bac8ef
c383c81bc65fc886
38e5ca69c8d9c4c6
b665c7a8c081c979
4453c9d3c734c578
c267c634c24fc854
c8d4c6b8c495c84f
c4c6c501c5c3c480
c3ad400f41633c64
40763857b98a418d
4ba4430c47c248d8
46493ae5455842c5
4970c4ffb6d93e3a
bc6cc47eb71ec5bb
3a4ac3bcc480c064
c756b94ec5c6c4e2
aaea43d23d56b589
c7324545c23043ad
beb9493a44b43557
c0d347f6367448c9
3f7548a9469c486f
480148424701491c
48864675488c4b79
4a5a456a4aa04716
bac34859442641d5
429040aa464542a0
cd69c403c883cc39
c716c496c7dec5b3
c8b1c03dbdedc515
bac4c168c2f533a0
4aad4969497c497b
4715440446c648ca
3f54c801c61ec61c
3ecdc5d8ba62c834
c639cc09caaec772
3e1cc8bbc347cb6d
4a51c0f6bc084814
4475b8b23a31c1fc
4dc14898477a4a50
b88a46f736fe45a6
37544714458f445f
c6d34883bff646d7
cc04befa352bc60e
c756415bc0e941d7
c6543afc40c4c755
bf55c2d13ecc4450
489dc61140ebc22c
4571c7fb470abd4f
4148cb1cc4b9c440
4544c8334409c92f
cbd2c733c8c9c687
be39c170c4eec890
c826bd91c4d1bc41
c46a3eaec67dc202
3a8a4503433c4367
c449433bc1d44576
c4684a24456f4587
c0b14497b990486e
c77442bbc454bbff
c0c73949c429bf28
c4494225c6a8c421
c4ca38b1c66cc1c9
41e1493ab7393d40
bf9b42d9bf5a4509
4aa5c86abdddb20a
45c5c33741a7c328
490ccaecb59dc310
42a9c5e33622c70e
b271347b41a8353f
c254bfadc13db9db
4309418c45ae44e0
41413b4543d54162
47ad45fb4aae4766
4863469a4a21494d
46bc48d34a55496e
47c647434a514a02
3ee74317ba7545bf
48514072482a3b42
c0d5bd70c45a3ad9
48c03b5b45b8c28e
c62a4007bcf4c0de
bde93e5ec0d33aa2
c824c070c5a1c921
cbb1c0a9ca3cc10a
c34fc8f1c80cc8ea
cc01c69ec9dac8aa
c661c98cc8ecc82e
c894c72ec812c97f
c981c978ca17c925
c472c6e9c768c8d9
c88eca4ec917c84b
c193c6dfc708c85a
417c48b8481d48e6
448345b03e3148a4
48ba501a4d8b4d40
492d4c5148b84e56
46f946aa45204596
476b404a451c41c2
4b67ca56c20f3846
4779c84646a2c99e
4b46c02e46b53fe8
44e8baee48ed3eb5
4224429148953e09
3e434418463b4851
c517423542df42e3
4116450e40e545cf
cb8fc40ac80cc842
c827380cc762c407
cb8dc79ecb46cc5d
cc80c5f4cbcdc955
c5063d0fc863c54b
c9efc2beca37c4e5
45004543b80c494e
c2423c79c24338c3
c0f4c762c6023b27
3e02c4eab84cc6ed
cb88c947c8cac98a
4816c717b8dbc859
45e44942493446db
4c9046b749b94938
4eae4a594d294bec
4c0649a54c564c2c
496dc0294696440d
31353f1a45354004
40173a3143a944a9
c58234bc3b2caea8
48a7b45447313eff
ba224038444c4332
c6acc5f8c3f2c90d
c59ebf6cc505c059
cb944016c8cbbff7
c847c3c3c8e8c59b
3f1c453ec46341a3
bff2bf46beedc16c
ca9ccc31cc28cd0f
c954c8fbc958caa9
ceb0ce75cda5cd77
cbfbcc2fcc53cd2d
3f09b85d3f1b4613
3dd0bfad386db727
4aa34db34ce44c6d
49e04c2649904d23
43e54df34c07496c
49a34c5a490c4d00
4ae74b7b4aa74840
4ad548de4a844a5d
4c2541dd480e4629
4944434c482c4453
c41bc80ec515bf58
3e7ac06bc361c676
4207c697c19b42ea
3d80c475b330c575
4c38c2cb3f39472e
c027c63a3fbec0b8
cc19c941cb40cab3
cc35c8e6cb36c94a
ce93c9b3cc0acc50
cac7c6b2ca43c944
3a78c5b8c0eac00e
b807c1443d89c441
c0cbc804c5a7c68f
c32fc3b2c26ac6d1
c57943afb436c26e
c19341e1bcdd40ba
40454bd048ca45b8
409647554436495c
44be46fb46bf4555
3cf545053fd14525
4be13784487b4984
462c45ad481145a2
4a4f46f54924491e
4999454c49904914
c473457740c5ae9e
47cc39d943434507
c9cecba1c8b1c9c6
be96c901c66cc9a4
caabcd55cbf8cc6a
c98bcbc6cb03ccd4
c8d5c18fc888c88a
c911c715c982c86a
429a4aa044a848f2
396c455a3e8c4635
49ec4c9d4a8c4c72
47664ae349154baa
46b64cf44999473e
457b4c0147d54c33
445a43363f1d39d7
4759449a465842a7
4833ca13c2f745ea
48edc4e74735c847
48dec6b13a284888
3dc5bb4941abc31e
c688c804bfb3c93b
cad5c160c851bd9c
cd5acd1ac943ced3
ccb1c9bccba7c886
c3efc63dc1fec5bf
c6fcc512c4ffc350
46334c6344754954
4394456942f14677
c7143bbfc745c15f
4166c434c1f6c5bb
45fbcabfc81331d4
442ec91ac086caa7
4c66481145434a1d
478c42b2453b4124
c7b74c68421c3c3b
37c6491c32f748f4
ca33457341a9bd20
bb9d4455395645bb
471abebe4ac9483f
48883d094a3b4769
445bc4dd4551340f
4847b4a5486c4116
c5b5c7fac665c8ce
b70ac0efbfd1c43c
c5b0c825c2a2c8d6
c5ecbd0ac457c014
c58bc3bcbfcec559
c997b933c671bd9b
c3764598c0d93cbc
cbafbedcc8e3be29
b9d0484cc45bb426
cb58bc16ca2ab791
b805b85cc900a730
c517bbd5c8f1c531
46fa3c5bc04f4947
4a3640a54528c23e
4b574473477648ff
4ce745514bd8420f
4816bec0445dbe6f
4a3c422c492b4037
4334bdc3474cbca9
4838387e480c42cc
aad53422484a444e
42e7beb0452643eb
c819c0cbbdaabe55
c4e9c360c1d4b5f7
c775bfc0b8fcc5b6
bff3c0253ab13871
c38ac1ed3c86c396
b587bdf43a3339d3
c5acc8f5c8dfc62f
c92ec7d2c9c1c7be
c34bbf71c8c1c4b1
ca78c55fc950c73d
4acb4cad47cd4965
34454a194548486a
4bbd4c4349c44c30
43924b9345a24a22
c450469e415d44f9
c5564462c4804459
c9f5c789c6e1c999
c3f9c3a7c581c535
c9b8ccd6cb5dcc31
410dc88fc50eca4b
445ac74dc277407b
4a21c2dd45ebc40a
4c38481a49ce4a3f
4c1245484b6547db
c28240e84381c5b8
4007bd683d3341c9
cd6bcb9aca82cc82
c938caf0ca4fca6d
c9adc9ebca62c6d3
c80bc861c88ccad0
485d474942a9484d
c6b14543bba0416c
474e3428437141c5
cad93c96c52e40b5
c2b9c93ec3eac22f
c9d7c56cc7efc4ea
41794c21494c4916
421349f844b94bb0
46814ed44ccb48bb
4a634c794a964dd0
485ac452465a38e1
4bc6c65f4a92c269
4c8039ba4a094bd4
4d6ac56a4d453c3c
4bd64eb94ccb4d76
4daf4c514d9b4dad
c3f334b2c771c594
4457475d38c83a3a
ce30cf2ecfa6cee7
cca4ca2fcde0ce44
ccfccb7eccffccc9
cd0bc677cdcbcb9c
3d903d6cc19fbdad
ca6340cac9bac028
42c1c814c77bc103
cb82c6ccca68c925
c72acc15c91ec820
c95acaedc9c2cabf
c298bcb2457f4437
3d57c4da3e7a4096
b84b468044dc4467
3d48bf39412c44f1
c8c14598c75ac74f
b5a8c101c1ccbce6
c5d547b3408cbc9d
48a8460a47824653
4dc149884ee14cbc
4d4c4b8e4f054cec
50f64b3750244fd4
4d9e4acd50124d39
4ae54756486849b6
486c440f490b46db
c9413861c860c919
c0c53d6ec800c1d2
cb17c882cb54ca0a
c6b6c3fcca22c9d1
cde0cd7cce11cd05
cce3cbadcdf0cd70
cc8acb1acc6dcc63
cdddc961cdfccadc
3f3b482e400a4571
c8bb44afc69844c1
bbf84be544514818
c34b46b0c08548c7
c68fc158c13cc822
bc8ec193bf953699
45a9cb52bc24c7a3
489fc688489cc6e4
4920c38941be442d
4a4cc3b34a8bc400
484444d3480748e8
4a043d4349f04337
484245ea49c14803
4a61474d4a11479f
48734931494947d6
48454855485d48a5
4b4e4b164aeb4b23
4821486b49204a78
4a8244d7493d4967
481d467948964830
c892c82ec79bc833
c735bd2ac888c3dc
d003c9ecce1bccef
ce0ac7aacecccb34
cdd5c82ccdb1cadd
cddac85ece54cbc7
4237c032c6cbbf42
ca0cc5ecc94bc5a3
42a840bcbbb34026
c463c348c297b7f9
bb2444ff34384148
43a4b4c640e83b7c
4b5a43cb48464932
4aac412c4b23443b
49cbc127492d448b
4a5539d64c0d42e4
c853c49c45c8c8e5
4543b4a447ec3c3a
c6f743d04683c678
3fff451543244500
4646475748ed458e
b05547ad41d64873
42d1c6b73db3416a
c698c280c23ec151
c12ac94ec7b6c1d7
c8ddc918c875c8c8
c731c79acb46c6fc
c6b6c82eca3ec860
cd29ccbfce9ecd81
c04bc999cbb0cc72
c9ccc60eca72ca32
476cbeddc1ebc65d
4d364d3b4c244d96
4c384ad54beb4c33
4ee44ef04dde500b
4ae34c4d4c794d38
488c4e954c174c1f
43e34cab49124d00
3d5d496a4a6f43fe
370f49ae46af4b52
451bcbfd43cac20e
3fbfc6b245d7c504
46dac8b1bd46b200
34f3c7144421c864
c56844e4c2d3c08a
c823ae73c5c4c0d8
cd86ca1ccc0ecceb
cc5ac88accfacb00
ca45ccb7cc15cc3a
cb9eca86cc75cc7e
3f22bcdcc2384014
c726c5a8c667c5bc
c7f843a3c15bbb69
c5b0c445c564bab6
c533c81fc5a6c88e
2b17c68ebe74c0da
4764c67cbb283c1d
48acc2a246913cac
c7c73c65bfe23b0a
457eba363ba43c96
c8a8bfb7bd0cc2e4
402da8c6bd2cc10c
4e1041454a4c4bce
49fd462a4ad443de
4dae4c654cfd4c8b
4c7e4c454d054c8a
c7154d3d48e9b133
49e34d0048de4cdf
c888c478c63cc860
c40140c7c49ec024
bffece6dcb66c9bc
cc73cabcca99cc67
25d2c604c69cbf20
caf3c4a9c83ec491
3f7e4cea46444a07
c4ac464bbeb94930
c5bb4810439e3f72
c5a8c1d6c4b73d20
c21ec1b73aa5c605
bb0bc888bd5fc656
49383c4e42134557
48f3c56d4723c248
41e1c85ec2cc3c1a
486ac62c4435c605
c212c4d8bf67c463
453e398c426ebd3f
c449449fbb76c27d
b34f44dbbe43401a
c98aaa5cc62fc4be
c5ec41c9c857ba78
4657bab741ee43c7
3f60479f424d4449
4d52bbf5478d47f7
45f845a5489844b9
c37ac0d0c4fec2af
c510bd45c62abb01
cbcf4012c4b3c3dd
c7d9ac1bc7e04006
b6fa3ffc3dae39d2
bddcb3f438b83f59
3fc4c1d5c0573d25
bc87c3babad8c4bc
3f5bc0183bf74656
bcadc4eb3d7ec34f
3b2038a5435736db
3e0bc4994408bc05
c131438944abc3c4
43d7bd42438f3f81
3d72bf69460cb9a8
443bc02345873c4a
c4f5ca63c43cc83f
3acbc4ce3451c6bb
c81e43c8c588c5d8
41e8474ebf1b40f6
45014db444a544f3
44bf4c353f884bf1
44abc20bc4c8c5cb
c6a638d5c7aac03d
4429ccd5c829c4a5
c8b7c8cfc8bccb1a
4816b860b0b14b22
b814c0f53411c55e
c1b04652c440491e
bd1bb7b6be0ac0a3
c3d5480639d04237
c14f3983bba04467
43c44ba04b0646a3
41ba41de463e4a6c
bcb544014917b917
46173d4f459c4790
42d1caaa3cc4c339
46d3bd3e457fc385
4589c8aa3e8cbe9c
42c2bc62464bc13c
caf3bef3bffdc8a3
c0813607bf3540dd
ca1bc431c84ec818
c04bb734c5e7c1f9
4134c3ddc97dc45d
c350bc18c5f1c6de
c6fec19fc9bbc9b1
c80539e9c9aac4b3
c555c207c36dbc12
c3672d67c622c23c
49bcc0de46794a3a
441fc4484767c095
48a3bb1c440e43c3
4146c522458dc1a1
c1c0c045c45abe9d
c814c5a5c838c5a9
c59fcae8ca46c801
cad3cbc6cb79ccba
44dec4f6c156bf75
c0c8c681c379c6c6
c081bc82c2b7c380
3cbe358dc1dca6a3
c1eb41bcb2f43c78
3f8d44a9bce8426d
46ed4ba34a3249ca
4573498947164a18
c1d8444e3ea1a15e
412545c941d041ba
c8efc8d8c95dc924
be8abd5fc242c790
4293c431bf3137d2
44ca33dd45eabe03
48ba47cf49624977
4a7f46364bc44933
3d3c45a7458d4341
45f4421a464c4704
c698c40fc78ec730
c8abc61fc93cc617
c7f7c577c44cc79d
c9d1c50bc9adc43c
3dc9bca544e03497
c19d3645c00941a8
456845d9440445e8
307440b0b6904221
b6a848163cad4246
bf2b4127c1f04134
be2b29483712bd45
3a5cb904acb52c2a
c20eca52c653c566
43dac762404fc8f2
c6e1ca32c922c6a8
38c3c76fba41ca7d
c048c1eec418c426
c26fc00dc109c482
43e343fc4171b87c
c14e4093b6454352
3a9d43d2419f3e13
c2c243a4382643da
474341fc41fc47cc
bdc6434042124370
4a824333441848f3
438c4002469e44bb
bdaeb484bc8db0fb
42e3b4294127369f
c889c582c3fbc625
3edebc39c167c141
3cedb3af44f8b49e
447cb9183d1a4203
3f844b654a88478d
41ef40bb43f549f3
c60c44a93bae3ca2
c515c1a4c4383c1e
4158c8e1c743c557
c441c636c4afc923
42efbfdcc113c33f
3f96419c399dc152
ca3ac1edc82dc71f
b89442f3c668c273
c709b1a8c66dbd82
bea23dcbc77bc234
445c461d41744588
400443ac3e0e4159
3f73c474b9a4be77
409e3cd04283be9d
4631c42b3937b90c
43af3cf34684b84e
4bbb471f499f4877
48b444ad4bbb4880
3f4f373645be3fc4
4112bf89472c4326
cdcac924ca07caea
cb3bc912cb22c8c9
c47dbe47c5f0c129
c8b0c2a6c8a2c396
4f784b9a4c6f4d8b
476946d249754aa8
468248e64b1548db
375a3f5a41f749c9
cd01c1c0c1dcc93c
c8d3c2e7c8cb231e
c4adc4fcc5d9c20d
bfedbeb4c142c546
c024c990ca43c415
41a2c520be14cad8
cae4ca86cccecb93
b96dc675c786cc49
c9cac0bac88ec910
c2283a20c6f3c5da
be30373b3deab8ed
c07842a0c36340d7
4c1cbdc045754865
457a3bc044554149
4ef34c454bba4cfd
4b2948504c2e4adc
48414c764b294815
486547ad4ad84b7b
c454bd0d4451c452
3c9dbf80446041c9
c49dc143bf84c27a
bdb8bd72bb9abf0e
c8bcc477c5e3c57e
c56ebb78c75bc480
c16fc3213a073a0f
c2d33bcfc43eb4f6
beb641ea44bc4239
c01b3f40b8b24476
c6cfc26fc3ffc6d8
c5abc556c521c38c
bd4ac787c812c60f
c60cc7a2c61bc879
c310c6a1c890c1d6
c416c3a5c4bdc774
c590c70ec972c4a8
bcd1b827c341c780
48574899461f4865
429b475c444846d6
4a894c9f4ca24bbf
45b3488648de4c0c
c26ac4d3bac1c137
3e08c5123a39c3e9
c902cc5bc9d6c96d
b993c95bc434cab7
413ac154b39bbdcc
3ff0bbf2401a340a
477f471e42884290
ae784459412c451a
3f5146843d10426a
b20f43c53be44030
48344a1848fe4847
47b046d9473f48a4
49234a824a214847
48b0489146bb4a99
bbad407144f13e98
4372455034ea4615
c32fc6fe3d88c2a0
ba78be26af9eb861
ca07cc5ec8fecabb
c86dc94cc732c9c3
cd43cc3dccbbcc58
c994ca0dca53cc3b
c6553b67c964c481
c339bee5c44cc7c6
44e74773bfec4607
c2a040abbb92be5d
33b8be81c2e94022
c67fc469c5d2c45f
450bc4b1c488c008
c03bc6b4c2fdc567
4126c40cb893bec8
b5ffc3603175bca5
c53e402247d83f59
410f4380443d485c
472149744adf477c
48c048fa492e4aa4
4c2f47cc4ab449b8
4844469f490f4889
444b4821497b495c
417b44c744774894
c791467240c83138
37304438bbca453b
bff4c670c16dc553
40cdbd80a195c366
48d5b9f3426d445d
45ba32814657315d
478d4134c0e53f3e
43b93e00442ebbb3
c6eecb75ccaecbac
c3bcc715c644cc01
c972c958cbfeca6a
c735c455c8d8ca8a
c807447bc32c340c
c67843b3c847b11c
c61c46c44150446c
c5214425c5ac452f
3d6f442243ce42a1
c2583b13bd7844c7
b8c0c82ac100c4df
c454c807c1e9c4cb
c925c7dfb95bc549
c309c87abf83c231
b60448f449714558
41c73876482c48d3
4c56424647e244be
4671c02249b94065
491ac3283e5a3bc7
431bc26b4043c31d
c1bf44583e65408b
b4b343f2c4a942a2
43af46be465147e9
3cc54811391d48e0
444b462a445045f1
417848a8405a4869
bf65c4f6c8efc57b
43bc3ca6bdb5c7de
c2d0c93ac9eac6ad
4730c4fe3ececb26
c8aec1e5c50ac434
4377beb636ffc56f
c577c572c46fc540
c1c8c252c322c535
3d81ca68c654c580
c629c881c35cc933
c405457a2ce8bb92
c8213580c3244127
3c764dc2490d48cc
c5e14aa3382d4c8a
485e41104778481d
3a6a44b444de482b
c228c9d43d4cc4e1
4305c5d841ccc025
c48240cd455dc407
3e9bc08c405b4426
458b4773464642a5
ba7c39833de54563
4577420741f44610
c18b3f9dbfb03dab
46a6456c463e47e2
c0964455b9cb447d
4676427a3ee640a9
bdafb8aebafd3c1c
c41ac87bca75c608
bda5c72fc585ca19
cae9cb67ccd9c8e4
3d47c374c741cc13
c8cbc8e9cb09c8ca
45f4bcb9c2caca12
45973a00b7a03733
48b8ba4d4520c070
4813443f46ff45a1
46c941c3479c45fc
c4763984454fbf81
294141974366454e
3f6747f149fe452f
3a34428a48474934
4b1848f94b324911
40eb3f28497349df
c284c58bbad2c769
c56fc5d2c1f2bf83
cd21c526c475c833
c9efc286ca52bfa5
c824478e3e05444d
c8b94463c8db4631
48303feec53b4231
c30bbc87c577c4e4
481bc48bc6db3a17
3ed7c558bb4cc975
368dbde0333e3be7
445f3c314073baa1
c14abaf6b499bfb5
43f245703f77419d
c5ccc52cc8a3c6ad
c1aa3d37c490c489
c34bbf86c801c3b1
c7bc3c8fc857c33d
46e5393540373db4
37b0443cab924045
494bc181449a4050
4957b8ce4924b829
48ad429447744795
49d0c1944af93f20
486a47d948f848a2
487e38a24abb4669
4382487647b24654
471a40d049544664
c8f042a8429fb737
c0d4c059349542be
ccf4ca47c4bbcab8
cb8ac881cadfc495
c684c4ffbe6dc7fd
c926c09cc997b8ee
476d4aaa484146a1
3cda478eb9544977
bbd84084b8a43d92
bf0f3dbec4c03eab
c5acc9f1cbe7c4e1
c5fbc674c939cb52
bd1ac347cb1dbff9
bf8ebc31c58bc971
c44dc568c96cc6c4
c0e339fcc499c7de
c15bc918c4fec521
c093be02c1cdc76d
45e34465485444df
46d3452547a246de
48d747c1493c445d
48bd4627495b49ac
474e40ff4621432e
44a3382b4796445a
2b9142f043fa4452
4162c0cb46ee3b86
c6b2bcc6c04ec280
bcb9c3423ed5bf88
c461bc09b5b1c3a9
c507bc42c1c93427
44cb4647461245d8
c12638bbbddf4289
4aaa42cb43ec4888
39cec065a994b47a
491c442446f34789
41343a2b3fa6450a
c48c489c47f74342
4361459c3f40495d
c5d5b20ac1f1bf86
434141d3ba0038a5
c447cb70cb12c95a
bebbc0afc59bc9ac
ccabcce9cd5ecd3a
c982c629cb40cc08
cba6c6b3c9b9c887
c7d7c0afc8edc804
49ea49ae4a974b9a
4867478849dc48ca
4b0747124ab348ad
4a6a45654bd7489b
3e86c09cb913c4ef
4511c2ec45c7c02a
48384978476f483a
466b3ebc494145df
45754ab14853491c
40a94624470848c0
c99ec855c8ceca13
cc11c4d6caf4c6b6
cc53cb48ca9fcca0
cf63c941ce71c953
cbc3c257c5a0c810
cea6c454ce08c146
bd71bdbbbba34287
c775c19ac93dc169
4c39c00f46c849c5
4bb0c1724903bb6a
4cee461c49eb4b32
4edb43644d6c461b
4a1248b945794916
4e9d45024cd54494
b72db772c767c476
4bb4b9d146f3c42f
ca48ca6acb70cbfe
3fb8c594c3e7ca23
c7a6c9a7c7a3c823
c483c4dfc121c8f5
bd6dba573ad7391c
c8af414abd633fa7
c2ba45e943223e75
ca7e4952c2954928
47674c2f4bd74975
c5064b6d45ec4cee
47a34b7e4be24954
365f4706468a4bf8
c9d9c84fc65cc600
c4f2c8b3c8c4c840
c3fdb95b3bc7a8e2
b790c09dc4adbea8
4c294d934d734b60
493e4b334a4f4d47
46b3430d45b84236
4858402a47204122
c22ac6e5c83fc5fd
424ac896bbf0c9d3
45c9baf7c660bc62
b705c49bbb9dc51e
c7a6cd1dcd7bca27
caa0c8fecb69ccde
cd56ce50cecacd2d
cd20c99acdd0ce23
c79bc6f8c90bc790
c8f8c404c9b8c827
c1acc181c44bbdcf
3145c38fc38ec268
c806c5c4c2bdc52f
40ffc491bdadc21f
3a5141f0483d404c
456a3336485e46ac
4a324ac24ca84a6b
495b46a74c4b4c2b
4a604a624c2f4a3e
49fd48454ba54ba6
49653daa47084635
45eb3d4c47eb41b4
462040bd43064670
324538de3cdc382c
c17c4b8a48374835
383d4898abf6495f
c5fa47f644fa3b31
40b4458d39e94653
bc2ac4b7c237c308
42c8b90a3bc2c2ce
3e84c8c1c861c2ca
3caabee3be49c704
3a60c128c790c3ba
c23233dec442c2fb
41694ad54297baec
c28147e4bea348a5
3b064835422fc13b
c1a546edba4e4579
c750c7f4c94ec78f
c7e1c15dc79ac9d2
c59ec98fc93ec1fc
c6dbc6a3c6b1ca00
4058c93a31013e2a
4404c7b844c3c5a9
35d8c91d4035bba4
4581c95b4597c5d4
b787c1ee416f3fba
bf7dc750bd94b9bc
43b5466844e246e6
c32a3c93c067465f
c393bdc7c245c06c
c76cbd47c76bba48
c9abc874c82fc9c8
c9f5c630ca96c4f6
c30342d4ae6cc3cb
c14a3e1dc2464471
44b74bda46af4892
490749b048754903
3e22482c3fac4443
4968493247c84620
c552c8aec7e7c867
447e3dda3d2dc506
be303751276640ac
3e07adc3406ac0ee
4759499949c84961
408db19f464c44d0
484ec80d406dc210
40d7c7fd43f2c6f5
461cc8ebc1a3c119
3fbbc6a03d38c8ae
4865460d446347f3
459a42384720431d
44724738449d42b0
46cf47d448a8485a
c00b47d3416630bc
aef549a03b7f4922
c23346553e143ccf
c69f470fc73e47b9
c3ca41b440793f47
c635bbb2c74b438f
c78dc1743101bd48
c80ac4d8c884b903
c8c7c955c7acc890
c9a9c6dbca99c7ae
4495c846c4f5c06b
c124c4c0c321c733
4926c53b34cb4513
45f3c2bc45c1c498
c575c978c8d0c64c
3d08c87ebc63ca1f
cb91ca78cc8bcb10
c58dcad2c81dcc91
ca3bc4eac9b8c839
c433c6b1c4d2c8c7
be8e3f78c018bac5
42bc447e41823f78
44164c6048bd45f3
47d24bd248654c18
478d4e2a4c674a0d
47824c4a4a904d5b
4aed46674a1748bd
453245fc499e480b
475ec129462c427f
37e23a5340c14090
bab43b904755404c
bdb8bfedbe26438c
472dbdb749a841df
4239c5f6448241b8
49bba842496a4574
440a38d4455e4505
472e47f946fd48fb
2ec4489db6274866
c03db77fc579408b
c1a33be4c5ddc19f
cd2accc8cee1cc84
c71acaa3cb30cdf2
cca4c954cec3cc4a
c783c867cb1eccbd
c2aa44f7c8a6c11c
c4d9ab5bc671c0ce
c3504100c01cbaa3
bf47b8aac146369c
bf0dc13dc076c301
3e69b935a9bac012
3f16c975c415c664
35a9c40d3fa3c6cc
b6b8c99da0f9c39e
40cfc5dd45f4c5a6
453c3c4148c94569
467f34a048fa4372
47c3462d4c024855
b9d9449046a549d7
3dc245d54bbf46a9
c4d144d641164b25
4099481a48b444ba
422945b441ec49e4
46b34aad464044b0
4562488440dc48fe
462e4a8b425b45f3
b4634806c20f462c
b08d411cc2884251
c1a33674c5d2bec7
be9940a5c3e0420f
401e32883759c2d4
437e43d7c3a6429e
462a3f464491c4eb
bde2c9c9c7d6c68e
3e81c4d2b743c93c
b602cabec5a8c6c1
bac7c5bcae8cc77e
447bbb36c0763f03
c742c669c4efc53a
497747953d2b45d3
c60ac393c5013919
cc27cc59c9e5ca57
ca41caebcac7ca31
cefdce18cc50ccd2
c845cbf8c9fbccf4
c627c0c0c698c695
4610bf2d3ba2c673
4abaa9c8438744ad
4971415248b73db4
4ab740e9486e4a13
4924466f493c473b
4a1d4d564ae94c18
48184bee485d4c96
48644cd149bf4828
45f74b4347d44bc4
bf3ec3ddc03cc413
47c33d2645c3c16a
bebec954c5a8c591
47e6c62f42a4c819
c674c7ecc512c872
c690c6e1c74ac47c
ca55ca9bc859ca23
ccdec85fcbc9c7b4
c955c7b5c6a3c520
cbf9c785c9abc859
c56e49aa3ed64651
c5b2405bc1a33f86
49f149774880497f
4598480c47924877
4da1c16d47c5467f
4ad040da4aad4231
49a5ba95b9f344e3
4a3bc02146fec244
c99b3fe8c5fbb9c1
328fb91cc64dc267
caf1c5d0c16dca22
c77cbc67c80bbd8f
345a3fe43f78c595
bcc24300380d44d4
46704dd349af4bd2
45d84bda482a4c9b
43c24a9449964a46
453249d348974b13
c56fcc62c822c96d
bcd6c840bd51c968
c50dca57c953c923
c45ac9f9c5e0caa2
46c144f643a742d6
bf4cc0373c4d3da3
48d3c43944e73df1
3904c3d443f7b9c5
c6d0c890c3a5c5a7
c15ec831c32dc80b
c801be28c1e5bd9b
c4fec51bc5f8c51a
42483d913e2144ae
c0512d6ac0c63234
c3b93f66c50daaec
b890428bc554b6f6
c981c69acb71c6dc
c169b98fc8f9c83d
c48a3289c391b6b3
c43c400cc535ac46
bd074a8c47a7346d
c19648bb389a4a48
bfed35ddc059c640
34ae430bb7623740
4a9dc66dbb1f4525
4688be324638c506
4d9d3ca4494a49c9
49ca36de4c154479
bed42a254533c436
4686be4c48f3419e
c96ebee3b92bc4cf
b8b7c2af3457bb70
3b973cc2401f4223
be68bee3bdf33eb8
c1784150429cbb1f
c0ceb4ebc179413c
3454473a47ca459e
bc3b41913e7145d0
487b42dd449547ba
3812415942c341bc
440043383a56434e
38ae45d6330d4308
42f246c744a3456f
416648a43fb04871
41dbc5cbc486c4cf
babfbb0cc03bc352
cd7ecc0fcd9fcd45
c93aca38cc1ccd33
cbe3c9bdcb5bc847
c217c8fcc8a6cbe8
4a7946ef49034a22
4981437549564627
45354b83498c480e
4594486847134a87
baab4494bcaf4140
bd87407ebce64110
c52cca0ac975c7a3
c5a7c7b5c69dc95b
c9f3cbcdc9c7cb3f
c945c985ca14ca4f
444abe5441803d9e
c2b0c327c32a3905
48b744eb492644a0
3d6f3d3144ca4707
c503bc3141ddc7e1
c34abf1a3ea534a9
3c3f4894463b4694
2e48429b4546469b
4c5b495448844cb4
450047b3494c4915
43f2c974c60ec44f
3701b8123f92c583
cc92c88fc9c7cc1f
34c9b987c639c72b
c7424544412b3c61
463a44e8356645b7
4c5348104a4c4acc
484d44bd48ca48ab
4577479a443d4568
44be424f450d4088
c86d45ebbe133b70
438142923c8ebb3c
48ef4899440c4856
4621472b45fe44e8
4c1a48b5448748c2
38cd46f241c146a9
ca21cc0eca97ca79
ca81c919cbaaca2b
cececf30cd96ce3b
cc0ecce2cdc6cdad
c4dcc649c37fc57a
c548c56bc6cbc4a0
493b473f4b9946e4
2bab441d477349e1
3a2e44254b324133
3f023fa54851495a
41a8455c45cd4580
493e3f7f494f42b8
4a57492d44134867
4a7e44a9497243e0
c91abea3c9efc87e
c3a3c295c838c5df
ceb0cd4dcf66cd21
cc47cbb4cdf6ce16
4049c831c9b4b7d1
c838c69dc837ca55
4c164a2548964989
b8f54853454148b4
39ae407345813e5c
bd75465e42ce46b2
c001c7fe3f56b851
3e65bc31452bb8b4
4bf64a7d4bb54c07
493c46694b4a4ab1
4ce94d474c664b58
4abc4a904ad94c8e
c120c42fbc8dc919
48023f643e43c02c
c913c208439dbe20
4603bcd93d50b662
3d504c024ce94c14
4215473344264c4b
b9a82d88441bc0e1
c71cb5dec5204433
c8aecc40cc02cbe6
c7e2c90dc86ccba7
c434c8c5cc84c75c
a71fc630c5a0caf8
c670c95fcde2c92c
c7dec730cb21cc0a
cc43c93ecd42ca4b
cc3fc75ecc6ccb95
c84f4397c18f3867
c7cd3c9ec3e1bef0
43524405451f4374
40683c6b45a54053
49cdc15d48ba3aa7
48e4bb5f4ab144b1
4d3a3ee44c28478c
4bce40c54d144954
483b48074a3f4a25
440f4115483c4838
c95f469e42ab4449
c9d5415bc86d43c2
459f45eb45893d11
c4584675c313462c
4b2b48c949a847f3
468f482d457a4924
c6d63dfe45644298
3cbf4181c022447c
cb6cc4e4c701c817
c4e7c37bc932c46e
ca1fc326cbdfcadb
c158c581c8edc8aa
c238c858cc3ac87e
4347c606c11fcaa5
be1eca78cb93c75d
4064c75fbc24cb48
c4fdc7c8c760c515
2e7fc4f32b07c85b
4d6d483d4b0d4d04
496b44074bfc47c3
4fa64ba24db64efd
4b6a47294d834c09
383c437a487a37d5
440f41df48324821
c5d5417841cbc528
c2ed443a388d45a9
c65d489c3e2eb503
c8ba45f7c64f4768
cd3cc1d7c7e3caf6
cb24a566cbe5bd50
cc37cb61c9c7cb8f
ca5ac21acbe1c872
c78ac916c668c6f0
c9a4c37fca2dc727
c316bcac4108c37a
c710c4ddc62cbd15
4860452248b346d5
4055ba97446a4307
47ffb4273a4c4815
483c3734459ec11d
470cc848c92d386a
4b6cc36a44bfc98d
4ce5c0d8c4e94412
4c15c5a94924c7ad
3c5bb6adc42fc1b7
41d3c6ae4258c5a8
cc4444a8c408c481
c587b392c41ab023
45444d1f495a4b27
2f8949d844964bd0
4752451446124590
c15e45d241d1488d
cb6ccadfc7dbcba4
c89dc0d4c5e8c3bc
bd8042dd472c3bcf
be6c46dc4125483c
483448ce4a894ab7
38ab47f6417049ce
ca0dc533c44bc7eb
c79dc029c933c000
46bdbdc34708c347
40d13b3b43dd40e9
4e0447814ce04c5b
4a4a46354c0b4855
c966c66cc78fc261
b6e4c6c1c55cc88e
c8c4c91bcbb2ca7b
351ecae4c659cb81
46ddb809c5ab3c91
4978c541450ac5ec
c9eac47acbc0c2e6
3f9ec244c72fc955
341fc408c96dbac1
c05eb905c5c6c858
4a9043243e9141b8
c172472a404a43f7
cb673f69be7cc800
cb93460fc82a4541
c9c446bf4742b06e
c9ec461dc2614921
4ae2499d4c384919
41d046e649e34bbc
4558c41b45ffbf21
414fc4b545fc405c
c80ec932c11ac63b
bfbaca3dc48dc8c2
c59fc549c0e8bf8a
37f3ca21c433c8fc
3c82c155445cbe7f
44e9c61e421cb97f
4483428b480843bd
46aa471d45fc4855
3f7544cdc1dd4451
421d4991bcb343ec
41ae3506ca023d7d
3bdc4463c457c4e0
41fe415bc9194159
3ea84168c05bc52b
bfd14555c475b28f
bfcf42fbc28abe29
445ebf623d2fbdd1
c4aa2929beb0b730
4947c5c44113407e
c1dbc0003ceabab6
3d779c173fd9450e
b012be6740813995
c59b475b46d940d6
4364365b46684761
c37646d245b7bf32
46c83bc6482945a8
c022bc5a3719bd01
46d5c1484539c1df
bd6bc27743f5bcac
43f2bcbe42b735d0
38d88f52476cbab1
322943f040534581
4067474049ab45dd
c56b4447b99148b4
c95dc18c3a38c4d6
cc38c643ca233a5b
cc67cd52cc65ccc2
cc54ca59cc9ccbb1
c50acc87ccd5c9cd
c439c66fc943cbe8
c5b6cc3fcd9fcac3
bb70c7efc93dcc5f
4166c06dc8a3c02d
4562bc50be44c6f5
4dd84e7d4baf4e5d
4b194ae84b004afd
4ddb4ede4af64d9f
48e64a9d49d04b0c
4ac64d40494e49b7
48e34a7e4a474ac7
38404a074a474872
49d648fc4c2f4acf
ccbacc04c3f9c97b
c004c89f3b96c62e
cc49cca8c8cfcbd9
c91bcab4c8d0ca17
448e34df46a042d1
bd26373d383e3f94
4534c4e9488f3160
b93b3cd93d174100
bf0cc30a45bcc1b6
c8c7bf9dc72d4128
3efc462e44e14704
ca3833b5c881465f
344ec33fc529b600
c6f5c273c64bc0e5
cab4c8cccc9acb41
aa03c6f6c6c3ca86
cbedc37acd2aca22
41e0c522c76bcb00
4984b545c4d34223
4875b98044f1c670
4d25453a48434951
499444744a954466
c6ac400f29b1be71
3c90415f3db9420b
caa7c465c550c8d3
c1fdbf4fc165c21e
4651459c483642bd
40703f2f468e467a
497d49304b0649ea
4454471a480f4ad3
414944e2454346eb
3f45478441ea4668
41174095447e4358
3376451f3d50421b
c03ec265451ac0b9
c115a1b6c1974198
ca09c0c4b926c80c
c534bcbac7873e39
3b39459e431d423c
bb7c3ce4bcb3447c
4c5f44a148d24c26
407ac01944fa4425
4776c858c6e03c24
bc13c859bd76c952
c93dcc98ce9ecd26
c630ca11c8efce7e
cc12c8aacc95cb2a
c87ec765c885cc4f
ca374054c130be62
c49a4041c10d3b5c
c49b400e3e5534d9
44b445e4430f4594
451746c2462d4331
491746c1487e4738
488448aa47ad4626
45df44ec474b480f
4792c50ebda33644
c436c442c454bd11
3b86c554bd51bf12
c8f4c64ac9f6bb9b
c4a84a34499242a1
c5c93e13c50a4986
3f5048be4a814781
445c3e4a47064713
48e2c1cb491f486f
49fe3b454ade401f
49b6c218471845fa
4abf46644a82440f
bbaac1e3c81cc42a
47b946104083c407
ca0341feca3ec8a4
3fd844d9c45fc201
c30a49b1bb0dc108
3195453d36b14627
3e01c5fec6d5c37a
c70fc4a9c3dbc5fd
c077cc62ca7dc787
ca88c8ffc969cb4b
3f823bd5428e417b
c6a0bedfbda538a6
be6944fd472e44c0
c0f0c01140a44476
c9aacae8c745c7f3
c663caafc6bcc94e
c605c970c80fc6e1
c5a9c95ac770c91a
37f241aac0ac3f1d
c55f3ca0c730ba04
c46bbcbcc0943cd7
c84e3cc6c984bedb
44cb4a3c49ec489e
40c54806428d4999
4cb0501b4f4b4d19
4cec4d9b4dec4f84
4b3a49d24cc34a0a
4c6a4a424d504c27
39ffcca8c719c946
46cdc67c46d8c8fe
c97acc03cd91cd85
4307c72dc459cc2e
c5bc4098ca91c5dc
42ae3861c686c6d5
3e0f43fabbbd47a4
3d0b32bdc0fac0b4
c40dc453c288b5c3
c44ac466c401c5a7
c97ac736c649c838
c995c5d2c89fc599
c116c557bf48c065
c895c3b8c4cdbe13
4ae644f9493f4ad8
ad694060468548aa
b833488949654722
c537424fbd7b4a53
c81cc398c48cc928
c9abc508ca58c387
4cd4c738bf0d3d4c
4356c61140ddc87b
493fbac047c346cf
490eb9ab49693b1a
cc2f3d53435fc46f
39013d053e954392
c80147cc39b43104
b3014428378b44d3
bc4449c7bcdd4117
42d94855402e45b2
c48a3b27c4f3c4d3
4115480f3b50a307
482cc47db8a941ea
41bd40b743e4c12b
4531c253c09f4415
3b7fc46d344bc491
c99cc7a3ca27c813
c51bc6fec861c92c
bec3c7ddc790c6b1
c45ec42bc4fdc6d3
4b9c45e8491c45bf
434c40f1480947f4
496149b54b3e4904
45aa461548c44a84
c999c1b5b879c2d2
c10f39e6c48a3aaf
cd0fc9c7c9fecaa9
c816c75ecad3c969
c460c608c4f4c425
c336c7cec73ac7f9
46de44ea48cf4486
3ef833083e244560
c280461d46003f27
bd843d22bdee43b1
c18a3567c25040c4
c074c1b3c06cc412
4cfa3d0a4288479d
48b43c5f4a00427c
4ce74021410f4428
4a8e441a4bb94421
bbec4356c4753d7c
4130430742cbbd30
c7f546463ea9416b
c346468abe7a44d3
c936bb0a41d1c421
c4f5474fc11846f0
3790c50eb7c6c06b
2f8e44043c374115
4acf3586423c4679
4529b84f45a94135
c8a7c6bcc7a2c6f8
c489c861c6e5c7ee
cd1ec6f9ca69cb39
c879c776ca99ca1c
465b48e545784491
b4f83decb99741b5
48f4453c477a48cb
c05dc38bbe9d3962
c2a9c739bff1b972
c68ec814c809c846
c05d36b43cb235c1
b5123f9cbc2c23f9
c826c493c735c747
3d74315cbce8c4d1
c8b3cc34cbbfcc52
c404c913c5e2cadf
c403b91c2c01c361
c435bc2e30fa424f
39a746774649466a
4293481f47dc48ae
49b54269457945e9
48c6468949d24636
c814cba9ca5cc914
c0e5c97ec661caff
c489cdeacc22caf9
c647cc5ac82dce0d
48543954440241f2
bce7c371424fc4e2
452ec960b933b551
3834c9273ec6c907
c81dcc92c88ec8ce
c4a7cac9c777cb0f
cacb38dac33fc7a0
c40f3f30c8253827
c266477f376ebc8c
3e134859c3664560
40da41e5c0d842ff
b8914356c439b6ec
c217b855c4fa364a
c21b39ccc449c0f0
c309c1a7c1eac408
3caebd303b33bfdd
3cfaba0740523e61
424fc08844d73b3f
41a4c4c240e1412b
4276bdd045cf3efe
49d53d6348be4522
478e464349f848cd
48a345a34822436d
42d8460b48524891
c96fb387c778c645
c87cc492c6a2c424
ca004545c31cc402
c894c31dc74fbbda
4129490b484644c5
c23342f738fd4716
b6d044f8413a3f00
c52943a3c2444033
c703c3d0c836c498
c19f3cadc742c799
3f50c546c7d03c50
44bbbd4fc3b3c88c
462fc999c5c0b8fe
41d7c7b4c430c7de
46f7ca94c42bc47d
3f0ac738c06dc5a1
464ac1801f2c3d7c
4554b4324457bb5b
b9dd47b1477345e4
46a8446c486147e6
44624de74d894a60
49ba4a974c214dcd
4a7e4d034cb84ab8
497f4a624be14c6b
c12cc89fc632c406
c45cc2ccc332c79f
cb6dc98bc931c983
caf3c84fca6dc8b9
c74545683afac3b0
c8eac0c3c58a3f4d
bf14c4cdc32cc4ee
c455c491c183c53e
ba3dcab1c91cc2a8
c019c651c55ac9c3
c690c587ca2ac436
c622c2c3c93fc86e
cab7c9a2cc52cc00
c70ec5f2ca07ca53
c6ddc9cbc90fc930
35cbc28fc40ec85b
46d1461746544879
464746b746dc456a
4a5e4a7049934983
48b249044a4d493b
4bd14a784c244a47
49bb48eb4be74b78
4c164b744df14c95
488d48c24c024d14
47b148834b694813
423142e747da4a12
c83ac8aac6eec906
c7e4c985c83fc8b5
ccbacd07ccf0cc8a
cbd7ccaeccd9cd2a
c828c6dac936c6cb
c3bcc723c8a7c7d0
3f4449c24070482e
45ed46663df5468e
c11b48dab89e44bd
be8d44e2c2cb404f
c2e1c955c9a4c91f
c514c229c7d6c9d8
3a77c62fc70ec4c1
b392409dc171c593
48514c23494a4b5f
46f249b848ba4a5c
4b56457c4b1c48c7
4b0844384c6d48fc
a898ca764049c7ef
4884c35d48b5beac
cac6c266c1f1c80c
c4f139c0c1cdb19e
bd7b43e13ec6a0fe
ca5f4016c4ec41c5
4020c35835b3b068
cbaec492c71abf6d
c616c6ccc49ec173
c989c797c873c5c3
bdefc001c2fdb94c
3ae0c517c1ebc3aa
c62341aec679c3e3
4332c039c3ebc271
c8e9458ec834c4d8
40303e1ac63ac087
4a65bc96a5b845d1
4968411d44cbbadb
4cffc60d45d6484a
4b5f40914958bd71
bdb1b5004460357b
46d8400445703a9b
41cb444446694565
4606411648a645cf
49224824498c491d
469446814a124985
c5c24c6649db414a
c453484540734b53
c50f4a0446f1b49d
c8f940b3c26146e3
bc6ecaf7c733c65c
c834c910c6d4cad6
c98bcc87cbb8ca03
c969ca5bca8dcc8e
c84dc059c8d7c29f
c97ac216c97cc455
c4ccc58bc985c570
c847b8fec8cec0f8
cb7ccd2dcd04cd6e
c6d6c8cecadacabe
beecc87cc686c6d4
3f98c633c0f1c4bf
4c1d4aef4a974c0c
493b485d49f04b10
47f24daa4ac34bb5
49554b7149964c31
48b849a248a049e4
49f446cb4a044644
4ccdbad64a7e4a1b
4b033c3a4c474031
4546381449674432
4522425c4826433a
c7bf410e409dc10a
c6843d13c57e34a0
c40247d2442a3fe4
c67f3d78c4f94180
c48d47c343fbb937
bbc842f1b4184528
c272c950c709c8b0
4035c39ebc0dc695
c009ce36cc4dcb01
bb81c9ffc6a5cccc
ca0bc935cc41c9d2
c7f8c7c7ca43cb1e
cb3cc513ca76c8d7
c942c5c3ca34c848
c807ca8cc7e2ca92
c65fc5c9c718c564
b4463fb8439f3bd8
3b7d407c41d846b3
4c194af149a04dcc
4603436949e44974
4bd04a7047274c27
40c5415a47d54866
bdec4d8446c440ea
c30549a3374e4c06
461648ad47cd46ac
b92d461542074810
4703cc77c065b95a
3a99c920b62ccab0
c57d404d4428c65a
3a5e4205c1363f73
43c54e474d434a23
47e24d1848754deb
4424c144407d47f3
48693f25468cbecd
c9a5cf19ce30ccc2
43dfcc43c6becf25
c68fcccdcc12cc1d
449cc8d4c4efcc35
41d7c4843a453927
42e6ace43df13825
b7a948c84699442d
c0a9442042a5487a
3d404a7745084378
c5c6441e426747cd
3caa3b36b9fa4352
c7fcbc48c102bc9b
c6fbbc71bc23bde5
c895b3a6c665b8ed
c890c412bce7c860
c7e1be7bc4e1bc38
c457c914be9ac4f0
c5b1c81ac3c9c49d
4783392943df46f5
4097c26135f13f28
48de469c37b34501
46a2408f3ca14090
c506b9a0c880c5a2
c0d2c086c727c446
c83cc1ecc82fc5e5
c712c377c850c450
b95bc532c635c5fb
bb26bf95c0e6c5a0
442e3c1c40f8382a
4614420145a73907
4542493c4984491c
496046794a1e4891
3ed345d345134405
4a0d43f84953446e
48cc46654761487b
494647b549394660
4ba2498f4aa04c36
44084a0c48754a44
be4c3a5a41cfac95
c6644520c1ab446c
c30ac27340abc24d
c6503d4cc4113ea4
45ff3b8f48fa46d5
3e1c407844654539
c21e4179ba0abf8b
40d7be3b2de6b98c
cbf7c7aacd7acc4b
c65eca00cb3ecc25
cae0ce30ce83cd01
ca1cccd7cc5cce56
383bca5bc657c599
c3e9c80ac2a9c81a
403947c9466b4415
3ee1448a43a0482d
c6d642893ccaadd1
c08a39a735a341d9
c5a3c573c086bd61
c491c5dfbb9dc44d
c7a7c6b1c24fc69e
c676c5f2c4dec3f3
c57ac428c023c662
c47dc0cbc539c030
4c8c484248ed4b3e
46964530475345d5
4ceb49b44b5d4bbf
48014794491a496b
bd964918473db1f2
405e472640ad48b8
474e4daa47d548e9
486c4a0846bd49af
4aa5498045ce4aae
486145fb468e4456
c872cbe0c896c701
c0f6c5f7c5fcc951
cb43cbc4cbebcafc
c42ac5b5c8d6caa7
c256c587c51bc737
a9dc3d8fc086c051
43e63588476b429a
467848da486d48c5
4a1f49694a044c1f
4b254a284c4c4ae6
49904ae848b64a0f
481442e44a244917
c3f7c743c0dfc80b
c76bc942c016c4bf
cb43cd8ecb65cc39
cbf3cc79cad6ccad
cbdec829ca27ca8f
cc72c9fccc92ca3d
cb4838c6c67ac9f6
cb2cc44ccc08c15a
c943ca9ccb5aca97
c776c78cca9aca4d
418dc994c942ba50
362ac487c58fc9e7
49e74c6b49ef4ac8
476d4a64467d4b3d
4b344fd04d074c5e
49194d154a264e30
49d4482148b64a99
4332437847864490
c220ca95423e3f26
c22ac90640b3c810
42aebe7a4a1a424b
4792b1b84a764143
4a5348ba4a4f4654
4b96472b4c7547c8
c4923a62be7fbf6f
3fa0c05e3cbbbc36
ca42c9dcca4bc928
c776c944c990c88d
bc21ca7eca3ac86b
3cc8c68dc5a6c6fe
3cc2bce3c6a2c0fb
46023e95bace3bbd
c532c4c3c87fc719
3c284071c4b8c1ce
421fbfebc302c042
44a748033d833780
495a4fda4c1c4c5a
45e74dac48b04e10
b6624d42488d48e9
c8384a14c2064b3e
caa6ce6dcc0fcb12
ccffcc16cc60cd43
cab2cc41c9a5c950
cc56cc4aca84cc39
31884842467d459e
c73cc45630823cbc
4393c79c40e0b45b
b8dac7e74438c6a3
39f2cb46be5ac622
45dec6b345a9c78d
463f47f048e34569
4b7d48ce49b149eb
468e4c564a614827
4b684b94494f4c9b
465b459643aa3eea
45cd441241be44e7
45a7c02db87f3d52
3a29c252bfc0c46e
bd1e4499aafc43af
b662b6a1c269bdff
c0b6422fc75f3aed
c4abc207c7c3c61f
aebec69cca9ac064
c839c846c92bca74
c81ec8fcc85ac608
c71bc6c0c615c74a
c913c4639e71c3f1
be42b5743b7d41a0
3b5a42d148734498
3e154485469848ab
38dbbd244853c01a
401b4449485e4706
c898c7a8bf5ecaa1
41b940ad44c4b6f2
3a1b2a98b410c034
4530420343f5420c
4b13463847474886
4794432f46754868
b0bbc7e3c897c74a
b47ec607c5e7c80c
c5cfc999ccc0c8e7
c7a0c974cb66cccf
4a974a5540324c68
c10b4400c327b958
49734e684b5f4d4f
3c284b6141154aca
c9eb3fd23be7c809
c4f93c15c591a87c
c81fc80ab40fc954
c4d5c4a1c0a5bcdc
424948a3498e47a2
b3f145fa46d54b5e
4164413341e6448d
b7783b2544ff4315
464fc5afc046400e
4107c67d4597c834
3c32c19441cb43d6
46fdc4e8471dc1b0
befebf9043903dc5
48d5296b45984012
1f55c767c4c3c4e3
4369c052b5e1c4c8
c903c9e4cafbca8d
c587c705c862c937
c839b99cc6bbc6bc
c1914287c7213b5c
402646fb3b5e3e3f
b43d49c0c32847f1
c59ec4ccc6d1c7b3
c4943dfac789c35b
c75cc957c881c889
c2c5c672c643c8fe
4bd2431f4919492f
410bbc15472e44a2
4b3043114ad0463f
b80ec13e483e46e6
c6a7c80fc52cc79d
c75ec8d3c375c837
c10347b63c2d4734
c419b65ebcb238ca
c14a4e994b324912
b6504a0742724cc1
c5a44a6f461d411f
b8df46c9b9d048b6
4365c93bc50a4302
41cfc460342cc8f5
4719c965c5c43cda
490fbdd84639c85a
490b3aa3b8f63de1
4ad0454a48c73ee5
41e8c629c536c5d7
45dfba92386ac210
caf1c954cad4ca42
c516c64cca0ac925
c4ae4737bd144036
c4f13b83c5ac38b7
4a9448e64a5d4907
3aa044ba479f489b
452cbe2d46233f04
b90a3f2d457c43b2
c4e449ba471b45d5
c5a046923b384900
c7824903475f40fa
c9144466c27d4935
c948cceac8cccb40
c8ebc808c8c2c93e
c855cd45cae4cb5e
c0fec8bec7f0cbc8
c4b7ca91c813c714
4151c91ec331c9d0
3ce5c844c360c0a7
4595c8da3ed0c843
49124b92481a458d
4946460848bb4923
4b084d3f4a0b4a3c
497f4a7248e24bd7
415146c93de54889
38254428be323e23
c694c2f4c83ac239
c701bd87c891c61c
b84ac95bc877c6d5
bfdec49fc12dc878
459a45214546462c
3d5e3990467842cb
40144d594b7d49d8
c12149c2458d4cc5
bfcd3ba7411b3b3f
c2de4543b1df4497
3f78c7aabee4c0e4
3da9c24d4018c4fe
43e044f148314055
402ca43c445d4693
b95cb37c43983a32
bab925d2b8cb3fcd
c6a9c870c88bc5e3
2ee0c41fc374c98a
c55bca17ca0fc83a
3b8cc77bc40aca4f
c1f9c88fc8ebc4c0
befbc545c672c81c
c740c476c94ac6d7
c2e0c3d4c85ec862
c558c76fc632c7c3
c0b4c71fc4c8c808
3eb2c5b84040bf43
ba37c0463eb13c69
2cec470344eb39a2
3bbf486c42d748d9
3e94493f45e140e2
418147b4442748ac
4bcf47784a424b0d
44b240d448aa4831
4b1a4c224d074c84
439347ef49414bfc
c5ec49eb48a9236d
c12e4416b4c748d8
c7a1b189c274c220
c42dc348c587c0cf
45be32aab8df4744
44e9426c41c73961
466fbc90c3034263
48e8470745c1be73
4154c5e0c9fdc222
43d3bb93b9f3c9b6
c768c9d6cc33c9d5
c8b8c8dbca0dcaf8
cc29c91fca6ecb20
cc01c871cb90c878
bec13a7b445b3c5a
bf5c256d4102423c
482b44ca4ad44831
477643484a0c494e
3936be62447c3951
bf25ba273d884069
c111c689be4bc434
c60fc5c2c379c68b
c448c4503a38c431
c11ec755c010c533
c5fbb2c829bfc3c6
b320c522c1fdc0fd
c644c873c85ac85a
4053c6fac4efc875
c6adcb83cae5c96f
4406c752c517ca70
3f7e47c5c21a3bf0
464046c1365e41c5
495c4fd2498c4a8f
48744dab47324d79
4b454c4b49794c05
481e4cbf48694c05
4b6cc41246314ad6
406144bf47543f17
42bec4b642104188
c59cc00e4119b774
c46541a34102c163
c831bb1db8e44647
4091468a4896431b
bf9f40d044db49df
455144bc49104746
444d4030474b4595
c1a8b13d403d3dc5
35c1c2d9b90bc34b
bd7f3acd3e2337ce
c075c4e1c1b3c24c
c615c67fc686c6a1
c412c7bcc7f1c84c
c60ec4d2c8a5c584
c6a8c7c6c708c887
c6b7c06ec6d6c3a7
c82dc922c652c807
c1ccbca83c27a8f0
c666c92818a5c398
c4c0cc76c580c86b
c921cc62c407ca64
c79ec863c067c682
c917c804c645c4f2
2a554c3c48734689
c0aa48a432df49a1
461f423b383c3edc
40b643d832b03bb5
c735c958c8e6c94a
ba08bf82c7d2c61b
c80548442d4fc0f7
435449c0c0d848a2
4b7649e548644a74
4bc94ba249de4a05
4eae49604bf64d37
4d484ad84d224b19
4ce44bca4cda4c8f
4ce54b7a4d7e4c9a
47f3470e499346f7
4b2748a94bea4948
c2c8408a45443d44
421f41d745944597
c750c36ab43dbf28
c8a2c652c44cc2b5
c86ecaeac919c9d2
cbc1cbf2ca2ccbdc
cb5bcaa9caeacb58
cc37cbe1cc2ecc11
cc3acb21cc33caf9
cc1ccba2cc9acc92
cab5c8ceccb1cb6d
ca68c954cc3fcc2d
c7613ab3c9e6c88f
c82e33a9ca4dc5bc
ba69c459c722c40e
c02d32ffc659c533
45c4b4dfb8d4438c
4778bb834268bdaf
4b624ad94b3c4c22
4ab946244b0b4a9e
4a9e3df64b7648bd
4ad646484c2b49f9
4821c48e474a3db5
499345344a9c45f4
474649ac48f448fd
40d9485348194966
b803482c47dc480f
c774448f354b47dd
bf98c23e400a3f27
c47cb0beb77d3709
3eb749ba476e45ce
3e274701438b490c
c7ef4b033a4fc12e
c41d45d8c3b64845
caf7ccafcd5dcc59
c839c9e2cb08cd49
c4bccbd6cb34c96c
b792c8c6c7d7ccb8
30ac4ab644633cfd
464542e2320a46a1
c10a3bd5c3f7bcfa
4049c693c399c255
3011cc7ac75ac462
ba8fca74c177caa7
4704c40b46794030
438f409b46dc443b
463c469a473944fc
432e4833467a48e6
41c63f0543dd4441
bef0433e3dc443b8
448b450b486b47d0
b8b3474b43fe4823
436145a446d04594
3efe46fb44c2465a
c138c632c160c467
c0c3c4ebbd7cc6c0
b742c2d6c166be55
bfc6c549b941c557
34f747353b843a5a
413c44ca4299453d
c69f2474c57ec47b
3a8a3e70c0c9b963
b8aec59dc93e2c86
bde6c581c696c8ec
441444c2c819338b
bed928f1c574c41d
bfc849daadf2c1c6
c1fc43dbc29d454d
c503c38d3e1bc38d
c2adc829c04fc048
c714cc52c37fc632
c06ccae5c081c994
c51fc90d3538c0c5
b9a0c1a63c45c2cf
c673be3240f6c2a6
c3ac40ccbc5141b6
b6f8481246df3073
c3fa4427ba8f4837
4c6c4b834cc64c1c
4557491349154c2b
4947420d48634952
466c476947314646
c7a1c7e8ca02c7ca
2cdeaf5dc519c87b
c1bebd28c7efc030
44773baabb85c39f
41e0c2ebc4943e88
4873b93c434cc1d8
bb27c515c7e3c58a
42f4c06fbbf1c52c
46e44933483b41a2
408a42d845414885
4b274bdd4c2f49c4
3da540a148d84ac4
bf9c404abeec3c02
c883c431c3a7bdf4
c9d9c947c9bbc653
ca34c474c8cfc962
b589c1b6bd2331bf
c2ba4017bd28c16c
bea140cc3fbcc029
3a2340c5be2f3cc1
c79cc4fcbde3c67d
3d90c1b0c348c418
c045c797c302c193
44dcc5c330e3c7c8
c2f2c66cc659c231
442ac5dcbea3c7e1
c82fc3bac8eec55d
c162c522c7d8c743
bd333ff2c6243ce3
c560c177c53bc270
45d73cb3444a41c9
b5dc3f3e415b44fa
44b5401c48c4bd7b
417c46bd455e4a06
44c1496f494c4267
4418483f47ac4b4c
466f442348804605
4720448e490d47a7
4957c30847834627
447d44a0481742af
47b5477a47c248a8
c53446be403047a6
c1b94b23480349f1
c9664466c0bd484c
c54a459d3bdc404d
c9843f60c5de3ee9
ca97c9e8ccb4cd11
c991c72ccb8acace
ccd1ccf0cf02cde5
c305cc36cc19ce3d
c688cb33cc0ec718
48c6cad4c277cd3f
41afc86fc592bb24
4afcc5f24510c946
4513450a437e4318
49cc3fb2461342ae
4a62485a4ab849bd
48e4449049b3486f
4b783bcb4bd148d3
482943394bde4852
49f6499b4c284971
47d949554aed4c5b
48a74c8449fd4ad2
3fa24bb145e94c6a
bdd0485340614331
c8e148c2c5a447d2
c90947b94148c050
ca954074c8f046ec
cb88c713c7f3c9cf
cb9ac9dbcb3cc800
cc34ced1ce39cdd4
cb28ccdbcc29cea6
caf9cdbecd1eccdc
c61ec9a9c8dbccf7
c90fca50c91cc87a
c3a0c4eec714c8d8
364a4221c02d4303
c40d4255c5a63881
485d49c146f24913
3f4d487b411a48f6
493c4471499d485f
486643b749b2481b
4a6c4ade4b17491b
49a344d14b454a14
4c704deb4c704c27
4a9448c44c1a4c4c
49e4396a47cc48fe
48ddba4e499038c4
c00bc54e3b9dc01b
424dc4f63fc1c587
c20e48e3468e2fab
3fcd3fb239204509
3d15bb80b8c13ec0
3161b98fb9c2c125
b905c8dbc938c1f4
bba0b87ac2dbc8b3
c871c670ca82c836
bda9445dc725c3b7
cc2eca78ccdecb64
c56db0d9ca50c759
ca33cc16cc78cb1d
c551c5a6c8ecc97e
c51dc65bc3fec516
c443c325c308c26b
c022491e47dc44b2
c55239e334634691
46ac46fb492044a3
3cabc41346d74302
4aa6c9fe4682395d
4818c9bf490ec681
448041a747884497
af82be714005405b
41a6506b4c964b0a
c9534bd4c0a34dba
472f4b814b6b49e9
ca41477ac1364a6b
c868cd0ac7d2c761
c9e6c877c919ca2b
ccb2cc43cc70cca6
c500c56fc9c8ca4b
bce9c651c8f0c745
476e4079bbeec1fb
49fc3c4fc34f47a0
4c6a448e479b3159
492e49e6b8f549ba
4d064648491b4231
48664bcd47d048aa
4b1f46364ac34847
446d424348b540c7
4808ba604b2d44d8
b76fc9eaaf32c540
351ac7244588c59f
c4d1c98ac54ec647
cb71c2c8c87fc618
c8cabd31c421c39f
ccf63fdbcb1fb83f
c8084059c0f5bf08
c774394ac7e1ba94
c08633b1368cb76c
4050c031c04fbfd8
b7cec0fb4111c419
40b4bf6d27ea3ce2
c499c213bc10c80d
38703593b58a3d0b
4271458e3ca74746
438545af41824108
4a0a477c422e4b98
458c441643433de3
c360c4d8c818c657
c557c6efc84dc77c
c4acc3aac6a6c6bd
c8d5c687c884c50b
497546be48774941
4363407347a74639
bc41c48344a0c167
4772c0fb47d33bce
c927c8c2c431ca93
bb57c59bbca8c4c4
422c48d5450541db
c0ea4519401a46d5
45984abb492649fd
bd2b48294457497b
41872d1746c34840
b9294106413c4384
4783c8543aa8330a
4095baf34137c070
ba72c71ec82cc802
42b6c15fbb8fc680
cac039b4ca4dc787
4031c1a1c5dec703
c652412bc88ebefc
42822d2cc489c4ef
3498c648c839c0f4
3f74bc5ec49ac706
c501c6f5c61ac516
c247c2e6c5aac519
bda942d542c53002
c1973c5e40de442d
45ce3da1460c422f
c0a64223462344c7
4269b9c145e8393f
c5bf3fbc34a0442d
46644b8d4c6a4823
c005482343424c37
49d54a164c534a75
42d245f848054a6a
4265c65a2cf04093
399dc6263a2dc701
bc60bbbabe2bbbbd
4039c38234b0c510
bfda48da3e2db4e8
4663440a41ad446a
cc0ac8d2cca9cb19
c0d4c6a5ca4ac9d0
cc30cdd1cf51cc3b
c868cb56cccecdee
38aec904c909c3c8
c048c3dbc368c813
451ba8e746dd3f2c
409c44a146e54620
462e46494b3f46e4
4608452a4a664948
49dc49114b1f4a82
496d44044c0448a0
48a948cd473c4a06
481442924877459a
3e2a4939440a456d
c06d421ebdb244f5
c3ee48be46763e4b
c9fd451ec70947ea
c446c3a33e50c112
ca983f71c8d23e7a
c3c9c9afc911c8e2
c83fc4e3c95dc8c7
c57ec8cacc76ca70
c19ec69fc84ecab3
c90ccaf7ccc7cb70
4161c6c9c5e2cad1
c46ec540c6dbc66c
4872bd743e02c482
44fe46d8451d4685
493044c5474044c2
b598445e46d2456a
4434444744704600
448844244982475f
40b04367475346dc
4d374b424d664d23
4717484d4bfb4b71
49a0464b4bf9498e
428e448748dc4a1a
c8b4c9b3c290c995
c63bc732c427c338
c4e745ebb53abc49
c603c1c7c2583ae2
3cb54a1d41e14644
c534be4dc09d3fbb
c93acbcacb47cb23
c870ca2fc9afcc3c
c93bcc35cc6ecc0b
c637c81bc9a7cc20
c17ebd5cc947c38b
c42db095c809c6d6
c59fc830cbfcc4ea
c4b8c3e9c963ca3b
c66bca48cac5c683
baf2c2acc703c8c7
4552494849f1479a
48ea4966492b4b90
4c1f4e4b4ebe4d89
4d254cd14dfd4ee3
4b1d4c6c4cac4c75
4b514a3d4c234cad
48f5482d49db4551
4011436a455748f8
4644c5e242e7c177
bb2cc40b40d6c203
c4e7c9fdc791c812
c7ddc8c9c55cca85
cbcfc3c9c8dec9aa
ccddc869cbdcc888
c98bc54cc8a0c686
cb54c6b2ca74c7b0
c4cbcb2fcb2ac60d
bfd3c5e4c6e9caec
c89dca40ca43ca37
4363b8e7c521c88a
c0feb900389ac4b6
491046fc438244f6
459c3c3545e343b7
495841d1480c45bc
40ea3911474c454b
4558bee745fa42cd
496c4ced4c784c49
478948504a574c12
4c214ee54c5e4c89
445749144a764cac
4787486f430d4662
c5ddc0f03dad4089
bd363412c2dc4058
c845c4b8c579c4fe
c966c7c4c8c2c8a2
c9e2c598ca07c89b
ca26cd11cafecc2b
ca09c8dacb28cb7a
c780ca70ca05c83f
c469c3ccc894c933
c7e5c66ac8bbc43a
c2273db4c748c463
3b11c7fabd65bdd4
3fcb928938cbbc62
4572bed63d53b69a
4994313147903395
3bec47583ddd314d
4894443f45c74351
4a4b46c04982481a
490f449149d64741
48d5452f495a4685
4a0941904a404694
c21948e445c54384
467e455944e8476a
44d049a3497e48db
443c48274444493b
bb3643a445cebf51
c4c244f6c1e24684
ca61bf46c519c9cb
cc06bb9cc983bcf8
441640fc39bc4700
c8fac51ebe37c18f
4715c5c9bd9c4839
c82cc9e7b9ebc835
cab9cccbcc15cbd7
cac6c9dcca09cb92
c89dcbdbcc69cc32
bd63c617c851cb26
be30c886cae8c5cd
480fc46cc44ec9ea
c23141a8c58f39e2
452a415bc283b0c8
416e4c4d49394840
46904a2f46234bdb
48224b1d4bd04820
47ea493c4a104c05
489548ef49cf4896
46d5439548e54878
3a36c07941474602
ad66c3243de2c042
c2f2cad2b9babcc3
c88bc606c463c5bc
4450bd7947813dfa
c68b2970be82455c
4268480845863d86
c07e3fb3bae2461f
c5423d31c5bdc4a4
c33fbd7fc45bc47b
c60dc719ca0ec861
b085c351c3e0c99d
c340c6a2c9dcc822
476ec2ce3bebc946
c493c3f0c756c794
4839bee041dcc516
c0d2c095b662c4af
44843b7d40573a67
45653f9746274407
4272442a44f84481
4ab2493d4a964a5b
44b548c2490b4a65
4ab7494c4beb4b06
3fd648f948324bbd
3e273d8447654741
c5eb4269bcc74525
c672c21bc097301b
c99ec242c83cc35d
c2ac4244b5b7bb54
c98ec419c82ebb4c
c8853c09c4e4c5eb
c8ebc728c96ac378
caa0c8a9cc5cc977
c27bc983c9c6cb52
c25bc51bca51c4bd
4611c4e2c042c977
c2f3c7a8c87dc4d6
4408c543b720c868
c73dca2cc99ec8d2
b843c681c468c844
4883475e45ff4560
469548db46404914
4cfa4d114d914c90
4bde4c6e4d0e4d59
48ea417c4a0b4434
4b0344804c5b4754
b876c95fb7d0c836
3762c4a14147c310
c2b4c33f3275bc60
cae6c368c794c161
baf6460a45d64709
ca3bbc36c4173b78
c01b4790479a422b
c48b3d1cba9045aa
c8e2bd39c240c5aa
c5f8bc24c84b3194
c9f8cbe6cc30cadb
c638c691ca7aca83
c2e1cca6cc68c9e8
411ac5cdc603cbc2
45244538c4ad41d2
493a465443be2057
49a550314c064ce6
4b8c4c8a4a844d80
48234ad34b754a90
4982470f495d4ab7
44e7cb6bbc1bbb62
401ac61e447bc835
48be40b540fd446e
ae373d5246cb37db
3beb477d409740eb
c59bbc82bc2543f9
c78dc88ec4ecc588
caf2c9aec9e9c830
c879c839c1a8c65e
cc22c7fcca28c687
c917c574c0f9c623
cb06c531c93dc140
c9fdca22c833c94f
c6c2c51fc83bc5d8
c679c94cc9fac6eb
c64dc617c772c8ef
444f4286c4f1455b
c5c6c524c285c3ed
4a324c9149f54a84
bd4632db460e4815
41ec3d2047183c53
be9bc6024011ae2f
2b8ac7e63407c41b
3ecec605bc90c542
4537c774bd43b56a
45a8bdf2b636c585
43d3bd50be2b42a1
45354558c04abbd8
c6794882bdc2b6d6
bbbe49e7c8284708
ca754603c61fc652
c7414603c9b0419a
c894c5cbca39c6e6
c6b6c3f8c612c820
bcf3c920c6e4c544
bd2fc7774117c7e8
3b07c21040a0c12e
4044c5d447273453
487949494a7c492c
465a403e4ae348ce
4c864b044dba4c77
48e3483d4cbc4c01
4486c28549203631
41b5308847a6454f
c5dacb1dc586c95d
c5a3c821c55ec80e
bd6ab68dbf48bab1
c684b995c709c146
c80047dac11f4082
c79944cdc9343daf
ca3dc45fca51c511
c840bf98cb74c7b2
c329c9e2cafdc6a4
c50ac586ca53c9ee
a4ba3767c650bc67
343b39f5c448c10a
b7314112bf9c3779
45cc441b443040fa
443342cd462f454b
498946ab496f4683
487e4e3c4c384b42
4a334ae84b3c4c7d
48a7482b42fe41f8
46463f71473d4369
4618cd2fc7d0c849
32d3cb9a3e5ccb4d
4046c6d6449ea716
b4e9c970456ec3eb
c25334eb45a84072
c0a1c53440893c1a
c2dbc5e8ba20c3ba
c627c26dc493be5a
be7d39e837a1c4c0
c51f4336c5464208
c73d452bc21bc10d
c2204801c710412c
c7ea43edc4c49b18
c3dc4776c8223dc5
c0ebb713c414bf54
c25b3c9ec636b919
4157c63ec6b4bab2
3fd9c40abf02c7a9
b4aec449c564b4cc
42a6c1ea3d1bc7fd
c6dac466c550c7e4
b908c588ba1ac719
c02e3524bdb3beb3
3325c1633d09bf32
492e49174a8d4add
417047a148db4a04
4a013f7f4afe4845
c01345b448ac4939
4887bda049954610
bf6e40e245ea4774
474b4add4c464aca
4107476b447b4c2e
cab0423bc226c85d
bd6ebd40c7dd40c1
cd6fcb14cdb3cdf0
bac8c998ca4ccbe0
41a93d93c5a83a38
4210c0cfbe29c2f7
486b2b4cc2364413
be11c253bcfdc65c
c58fcb11cc2ec930
c176c8ccc65accd0
c2b4c5eec6b8bfed
42ccc1dc337bc7dc
4608393d44bd45cd
46163e1a473b3eda
bc283eb042c8b2bb
41be42aa44d6428d
41204c7f4ae847be
425c4b19479e4c58
4c7e4c4e4c1e4b45
44dd4b88498c4c4c
483fc2ea395242c3
b8663f893b61bbf9
c4c0c2a5bc9fbd91
c681c256c739c06c
c80440953d16c295
c6bbc303c6f93f54
c9a8c5f2c838c75a
c4f8c7c9c830c5e1
c735c7d8c7d3bef2
c489c87ec779c835
c25dc822c2b6c46b
c2f1c82ac3c4c737
c92eccfbcb33cc88
c4bdc8edc6b6cb49
c41bc8e3c683c811
b982adc635a1c433
4b864cb64cfb4b0e
4a2c4c6a4c854d74
48ae4ceb4c734a1d
4ae34c914bcd4d46
b8f5b63cb524412f
42a8419339fcb109
484fbef7b667443b
bee3c557bd57c4fb
44da40c8b77530de
c27dc697bf8ac27f
c4d3437abfd63918
c5b7c58fc5b1c101
44194aa244844985
c1dc3fa8bd734432
b2a04596c477b89e
ba18434cbfa6be6a
cb33ccd0cd05ccff
c659c754c9ebcc2b
380ecab9c901c737
c38fc787c6f7c8e9
48fd41c944bb4783
45ad40da44cc43fc
c9f1c635b667c655
420f362e3d8cb9ce
cc9cc7aa2d11ca1f
be16c2623070bd77
2a243df348d73fbe
43ebba5c4864457f
4b61442249c64a88
4742415049da4677
489f460946424916
b85345d0427045fa
ad8d47f0b3e34092
c5bf4644c5c445cc
3c674012c5db3309
c2f14460c8163ba9
bbc7c36ec65abba2
3cbf42bec2e6c1ca
42cb44f745dd4168
495f4494489a45d1
4b154b354adb48cc
4a6f458b4ad64a67
45da465a415245b3
3cdd39fe40953dd9
c791c8aac735c7b1
c822c78fc7fcc900
c80bc808c284c99b
c8acc7e4c796c589
c865c244c0a4c58a
c865c609c5b7c44c
cb3ecd6bcc26cb5b
c9a7cbe9c9eaccfa
cb1acc8ccc28cc1b
c9b8caa5ca7dcc08
404b4cf746d4493f
b6e948753eba499e
4c8c4cc84a0e4ce2
495a493149c9496d
4cc3c35244054820
4ad4b3d449d2bfed
482041b7446f474c
4a4744c84922437d
c8fd46a7a557bfbd
428c471936a2452f
cc98c95cc8dbcc37
c844c21ec9a3c566
c4aeca99c5f5c832
c589c30ac6a5c48e
4358c20b433e3c1a
413543974218447c
c444bedb406dc569
3c3d42ea3ee944e0
40094737444640db
b1da449b403f4764
4a4a4754460a4882
b0423ece442d44f1
484539d53ed04751
c12fc41a3d21c1d9
46374c6d48a14cfc
c1b240cc40a44644
3e9d4d9b4ab74bca
c11945f940174a0e
3cd0c28640b6c20b
3f06c44b266bc109
417ecca4c739c71a
48b1c8c33de2c9ef
c8b3c7e4c98ecad4
469abe8ebe97c6d4
cb5233ffc955cc84
c04c4271c5a1c299
c900cb80cad9ca50
c5b5c4dec756ca3a
c4bfca28c839c3d3
c224c1e8c434c830
449242bc44b54401
416444be426944b6
4a8a388e467c479c
424abf9b45263dd0
447a42973c5c44ba
c564c45bc03db720
ca36471dc288beb1
cab53924c9783e08
c31841cd42fe2eb9
c5d241cfc12e4387
4cd2441c4c224923
489444ff4bc34947
4838bc28493f45fd
44c63c424920465d
cc98c78dc8d5c8fd
c92ec4aec974c4ce
cbf43c62c97cc868
c74b39bfc9e3bd27
462448e743aa4755
4983482b463347f6
49323c92b23b4664
4bde416747cf3022
430dc62ac8e2c128
4569c789c01fc9b1
4127b99bb87438e3
3db5c7ca3eefc6da
405f488d49df464f
4517424f48ad47ab
415148df49d84456
446c489047134a12
447fc2f6439cbc44
c1023f5539003d97
46d0c8713d03418a
c5c9c0c6bcc1c460
bfbec866c47bb785
c8a5c404c7a0c707
cba2404fca15c998
cb5bbad0cbe7c57b
cab848f6c8fcc8cd
c8ec4520c9453933
c50dc80dc725c4e8
3ad3bf9ebd00c4b4
c127c8f3c30fc14d
4596c6fe3ea1c558
c10dc584c4ebc528
410dc797b89dc5b1
c1cdc9b6c4a4c85b
2970c74635b8c789
46b849eb4c314895
483848184a6a4b0d
4ed54d854f084e63
4c434b904d7e4de8
4c393a13484649ac
4819419348ae44e8
c90740b2c5293af3
c619388ac77db348
c81647c7b5ef3f0c
c8a6445dc8514462
403c34313e1fc07f
c6633eadc3d03bbd
bb803e16c5e3c1d4
c554bef8c573c418
c730c9bbcbecc7bd
c77bc957c94fcb99
cb7acf42ccd6cd2c
c869cc6cca65cd82
cbfac950ca7dcc20
c034c796c7e5c950
3f954bdf3d934500
48d547b44461469d
4b31471d493f494d
4b1f474e4abb4876
4d06bda44b854aa3
4c99442f4d3546d2
4cef4add4c9d4cc3
4c7d494f4d614ae0
c5734849450834e1
c41a45d8b57b47ae
ce4eca15c94accd5
cdc0c652ccf3c736
c82d3f3040c9c19e
cbdd371ec8af41ed
49824cfe4aab4a7b
c71c470f41544aa9
c242c369c7a4c4a7
c84dc74dc696c842
c642ccc5cb0ec789
3eacc93bc668cc8f
497ec5d8bf7543ae
49933704424ec4be
38623f9dc48ac2b8
441a3f24bcc32ccf
ca463b94c80dc5c4
3c9335c4c4b4ba4f
473d4087441347b4
485043c045e14542
4b22441548ac4836
492f440449d94801
c41ac3c3bebec4e4
4067c4a841dabdd8
ba59c7a0c03fc12a
c35bc7c3b9f0c486
3da54795469942ab
c80b3d62bae7459d
c9eb497e43adc11c
cac94190c7014590
c928c998c85fc817
caedc788c9f0c8ee
3969c972c73ac417
c341c2ccc4f3c864
3e2a46c743b83e05
47ee4861456a443b
c18942553f543c34
478645f043c04072
49523c333fb347c9
48bd4211463a3ae4
4ce1466b46174a21
4b5346c349bc4591
3c7cb91f386639b7
45bd4095425e3c33
c98ac5b1c3d2c962
c49ec548c435c45a
c1e920d1c079c7d9
c088c4edbd3dbed2
3de6b5acbeea4044
c156c441c001bc0d
b80d3f304407474c
c863c29fc40a3d1b
2b36490f493c4591
c6bf3d99b4944698
b857b70740e63ae5
c024be0c34a93425
c2c2c6a4c3dbbef0
bcfcc17fbbc8c10e
c867c507c714c95f
c1333d2ac523b8db
c764c931ca7dca99
c15ab584c8d2c62c
44cf4480c16e4282
458042cdb3a53c34
4a744b7a479f4995
49cd47e048e247fb
47a23d4f4333465a
466a41f64746b325
464c441647bc4a28
45b3418e48a94268
456145994755463a
441941d847c54698
c92ccc36c973cc5f
ca8ac736c9a0c89c
cd0dccf5cb4dcc92
cdb1ca4acceecba9
c925c0e43c0fc414
c980c741c6b4c379
38eb3d7a46b9ba2f
3ff6bf2642823d24
bb1ac112bec3c106
45d234ff401cc146
44164416c39244b5
48d2446a4319b874
4d2f4d5748b14d0a
4c454acd4a7749e6
4cc24dcc4a3b4c6d
4c2e4af64a9a4b5b
c47438f8c466c685
40debd38bef92908
cc1eca49c95bcaf4
c9a2c90bc976c7bd
b920c8173e643e02
c819c62cc0d8bf3f
461dc05f48434266
be76c063436144a0
c7bcc21abd70c778
c4a1bc93c3723e17
3b9cc3d7c0443615
c16c3801bdbfbed9
48b43c924633480e
37393de543d13d9e
c6a341513d80bc38
c4583a5dc1e83acc
c90ec639c87dc804
c566bdb2c675c6ee
3ac2ca23c954c5f0
3487c35bc097c9ab
42e4b8e1c24bb660
45ba3e533f80c182
c4684aca38a8359f
42aa47f4bbfd4626
c7c34912c18abf49
c56742d1c7aa4221
398ec071b91f2c91
c4f9c2ecc291be56
4433c762431eb35d
408ec4974523be9c
41cac06345773e8f
44c0bf02477e3bf9
486448f1498d48ad
46dd450549834849
481f48e24a2e4868
47b843df49c3489f
c127c32544fa3f1b
40c7c49e42463911
3fa6c2222a4c4155
38e7c26dbd0abcb9
469a44b8c1e837ef
41e14150bb1d3bbe
c653c443ca5fc924
be2435aac7d8c61a
c85eca52cba0c824
c793c321ca46c92c
2a53c15ec30b3caf
c795bcdec6d7bf0e
c45f4132bf6cc41d
c4f7391dc47ab711
c83cc524c63ec6c8
c025bd6ac48ec65c
40f3c204412d4425
bb22b6c43df2b80d
39a841c645253dd2
c0af3db4400f43ee
bece481244fa3b71
3c5c454c42c745c1
490a494a499b48cc
44d744db48ad48ab
47f5462c48fc469f
3c0cbcc2461946a9
be89bc2543af3c71
30afc0b940983a5c
c308c917c58fc398
4487c24040bac6e7
c362c862c9c6c84f
440fc476bba0c8e2
bd9f3d32c4a0c327
4307bd01bb0bc190
ba233d25b6b53ede
41dd31d9bdfb39b1
c47ac94ac8b2c6a4
c5eec4cac967c757
c88dc391c80dc9b2
c8dab37ac9c6c0e5
c83a499e4417b838
bd2648b42308490a
4ba448894ac14c6c
4670489a4992493b
50af4a844d994efd
44a7481e4b674b72
447c474e46ec447f
c682b700b5fe43fe
cd0cc923c89dca60
c600c94cc70ccacb
4290c15443193991
496ebf004885c0d7
375a39202a80c4aa
4a2e4276466e3d9a
ccc9c8dccb9fcb87
c188c2f3c8e9c847
cb58c554ca87c636
c8bfc375c9dec696
bd27c799c9b2c3fd
c818c79ec881c8ec
46b1cae6c793c468
c50cc990c439c9b4
43e5b1c246bd41ff
40b8b98746574415
48e84e5b4d714b64
48e94b004c1b4ddc
4a934ce14a2f49d1
4662498e48d04b47
c729cc03ca39c723
c5fdc55cc91fcaa2
ca09ca9bc65bc4d4
c91dc2d2ca2ec7b3
446c4d704b9a490b
c6084a00bb8b4c8e
441549ef4559b435
c2c84463b9c548b6
cb08ceeacd36cd42
b997cc36c784cd82
cae1cd20cc32ca5c
43feca31c348cd14
42cc3c0eb98b4041
46e241674516be46
4a8d45cf46a94847
490247234973466c
49b94aa049484b3c
494347a54997491a
4610493b48114854
45c5447a466347e8
42664812493944e6
40294304460c4811
45004a774ab548c5
3741457e46d64928
418ac0cd3adcbb11
c2d43a91be42b973
c6a3c8f2c70bc916
c8d9bfb4c992c439
b2e4469a441642d7
c89041f5c64b46a2
c2bec47ec4f6c03b
c4abc240c616c5ab
45ce3d8bb64545cd
c47fc388b1cfc11e
bbb6acc0c5682e93
ca56c8abc5b8c727
c83a40ca36b8c622
c932c597c44e3315
42d4451148613f62
477a308248124746
47f2470047594615
4c1a473048f047f2
3b65c1082a1d3eaf
494845ea3cc735cc
3587ca08c1eec2f8
489bbc363533c601
452040bf42443e49
4993444a45494289
44a14a794518458f
472e49f844ef4992
b6ce4068c32338a7
c1044583be8b3d1f
c12f434ac53f3ebf
ca83bb61c716c45c
c3c245fe418938a4
caa7bc45c4643eb2
c13ec63a4676c44a
c1d8c0b440fb4236
416dbc6244ceae57
3d88bd4b43903fc6
3f5db8dcc30a4055
c0aac5f1a986c5c6
b82ec9d2c57f40cd
3394c8814069c917
4142455848c047b0
46544513484247ab
40b8417144c0c021
3b6641be39f54608
c972cf57cde9cdd2
ca6fcc9accc7cd93
cc47caddcd43cb16
ca7ac935cd27cc0b
c2b24c14447e47fc
3d7f4936c06a48e4
3f8c4669422f2fc9
4755451343434587
41464666bc052b9b
47563ced42d4b222
48fa48484772490d
489e45a248d8444f
47c8c68b43653cd6
45c7c21e4753c074
451d478646404470
4215ba47457244ad
491b4d504c054b47
429f4a5849624cad
42cfc13746f13df0
bf0044f0465946a9
c788cb65c3cac78f
c5bdc5dfc1f8c620
c4b8b9eb3c6c3cc1
c28c4044c2ed3f73
c5de4924454cbe19
c0cb488ac12948fe
c59c4078c30ec559
c4f0b004c63abff7
3886cc3dcc4cc43a
c4f7ca1ac8dacd85
c49ecc96cd10c8eb
bdb0ca13c8c6cda9
c538c459c892c4ec
419ac466c2f2c712
465c44334168474c
445c3da9432a441c
48f94ac1481d4986
40c146e744624961
44714a0648b74634
986c45da4177495c
3d8dba3248ac3b90
8929be1744b344c0
3fe338ce49ce413a
40e134a148614660
afdec30645d0c04a
3c553d4f463a41cf
c6fdcb32c82dc8fe
c09dc545c09cc873
c94a2f78c8b5c473
c047ae1cc615c0b3
3c764d4745354501
3cf74b2ab5384c5a
492e48d744ca45a6
423a4832407c4847
c6c8cc59cc15c775
c4b7caaac900cd47
ca19cccacc60cb35
c5edccc5c970cddf
446f444a47543578
4577c43345f63f61
415f44b1481e445d
402f393342e84424
c44fc9eac949c5ce
c83fc75bc8c8ca44
43ba425eba334436
c12d4071be0539b6
47444d004c4c4bb6
44624c1848cb4d30
4254414d48724258
41f64954468949ad
4681ab4f416e43ee
467446c146c8451c
4711495f4673497b
486048fb48664890
464c3d5241c342f4
4681468b45ef40a5
3d94c481c17bc2bf
3c7c314f384ec3be
ca8bc48cc819c9a2
c600c7b1c66ac73e
cadac8edc921ca56
c58ecab4c7f8c9c3
be75c911c790c156
c420c9fbc6a5c971
bcacb84cc687b483
c714c653c840c4eb
c5353843c5dbc3ef
c7fdc69dc8e5c161
b98ac3f13f4a3391
c5efc742c5a7bf2d
387f463a4927408e
c01040b63b304688
bdf6486d493eb99b
3fe1482845c649b5
ab71c6a43f77c0c5
408b400a45433d35
43a4392b30914056
44a9448a455030af
48ca4b3f46cb4987
486649a948b54844
48bb458442904914
45fb476d47a64431
40eb3c8bc315b017
3fe044de3e65a9dd
c493c92ec8fbc957
4358c1f4bf94c859
bbf0cd0fc8c5c758
4704c8aca4fbcb1a
45d7ae0941c947cc
437dbb3a4070b445
c6434008b8963d44
c8cbc404c7a1badb
ccd2ca61ca0ecc10
cc1fc9dfcc4dc8f6
c52e4c1a45ebbdbc
c59b4865c50b4b47
4aec50154d794c8d
46084ccd49734e98
4866c15f44a34581
44cac46646bbc15a
3d2dc9ebc6ccc254
b727cad5beb7ca92
3a37bd31c2323ee6
be46c4eabb7ac428
c7accb47c871c856
c1e9c659c16ac8cb
c4afcaecc99cc8c3
c1c5c456c465c95a
48c74b9347a9499b
43ae49e844ab496b
45ec4e754db34b0f
48c24cbc4a864ea0
b0a5421c490a3c21
480847a948c848c1
3d9fc8b8c4dbc4c7
3cbfbb9e363ac6d0
c7b5c899c81ec99b
c6abc494c7cbc78a
caa8cb71c9fdcadc
c865c9e5c981cad6
c6f1c250c630c38d
c824c926c8a1c841
c4983210c245ae91
c8ccc855c8d5c2f0
bff3c9beca75c466
c54fc8c5c8afca3c
4991be80c700422d
4708386b40c3c633
4a914915480f4a40
4b3348ad4ad0480d
452147324a1949dd
4a0e49074b4b4a25
48d04b0a4bf54975
49414af64b854c81
45b34b504935449a
4357494a47474a98
c7d63df0b97ec2ee
c99eb8f1c7d8b30d
c900c5bac3bbc72e
cc79c33ecb81c40b
c4f5c86bc443c89c
c9cac382c9a3c3f8
3d96b6e93decc1e0
be9ac36ebc0d37ba
2e1fb23ac2ccc006
42abc6443d49c533
c4b6c8c9c9cec547
4830c8233495cab6
be40bb983d164321
4a5fbeef475cb833
3d803ea9447a44de
45c43c27466a41c8
3a3ac66dc642c4d8
beeeb8e7bc0bc64a
3c644017bbd3c020
2c3344bd38e84032
3e3d448c4495436a
3d09461b42504785
458a3c784339451e
36c941da433643ca
49474a8647ae48ed
3bbc45cb445247b1
bbb4c452c269b5bd
c3c9c292c587c585
c7e0cdcbc901c8a8
c800c941c972cace
bccb45b746a24257
c8453f8cc48647a8
c6b64d6548f843e5
c97044ccc5394ad2
cab9c88dc990ca4f
c69cc938c8aec9c2
c4c0ca2dca3fc867
42a0c767c21bca7f
42d2491d3f324034
44f9464c435b4535
423dc5c8c669c1b1
4090c24d3d29c757
40e3cc3cc967c411
45c7c7f94097cb42
43de42b646cf3ec6
4a5b470749df46cc
498549b04c2448bf
4b064af74c204c06
48de45cb4873490e
42fa480246644814
3ce04a6248c146ea
c48547c9bd254a0f
3d564cfd4b404996
c154489734b34c71
423546ce44a04807
c21fb6e8bd7244df
b10dcb75c793c627
c511c9d0c3cfc94f
c738cc3fca1eca50
c4bdc9e8c5c0cac8
c9bdc206ca3ac8aa
c461c505c811c87a
c99bc7beca7dcaa0
c405c5dec812c961
3e29cb84c7c9c63a
4334c77dab21ca36
4a5f3dbb43674a4b
485c3c6a46a6be58
c3d7491640f24453
bb644545b4764449
caa13e2abdadc83c
c6383d71c2743f4a
42ea3e8e45413d87
be723f7641b84263
44a5293946674285
c4aa40c2b45041ef
c6adc7673235c4e1
c85dc0d2c731b873
43d6b7123c3543c1
bcddbfc5c06b3df7
48d647ae41c446ad
42a2435c3ffd4689
c5b941fbc5bbc7dc
bd2341c3c444411e
c7124366c0edc401
41263e01ba273e57
47334819493848d2
4b5d45234a5b46d7
4807c2cc383241ae
4a2f40664905c222
416bc454c31b3ee0
3d7cb42041c2c41f
43c04a82492f4934
3dc54224479d4908
bb303d9db15cc161
40d0c4414287bfd9
c67ccb26ca05c9bf
c426c7ccc713ca8d
483141b2480248be
b85c46353acf46eb
4c5446264a9d4af5
420d46eb44c448da
c481c8efc860c869
c924c835c98cc97c
cc1dc48cc955c94d
cac2c7cbcaddc8bf
c946bc44c4a6c2dd
c323c19fc4f7c1c5
c6bac3d7c5b1c7c4
39cec054c0d1bfe6
c7fab069c1eec894
b7843d56bf583edd
c801c14ebca4c3d1
c33f35eebe9db971
43c7352b43a74560
ba0642cc43033fab
49c244e945464864
44a3467d478d441c
4742482a42934808
4410443445334489
48f04b78486049c5
45b44642467549ba
472040cb4559421e
464040fb4432449b
c62fcc01c69dc999
c18cc868c623c8fc
c4b4c997c545c819
c4acc8b3c692c742
c28bc8f6c7a8c6aa
34e1c844c1fdc8b6
c93fca17cb2ac97c
c14ac96dc616cbc3
c6e04271c0fec3b9
c3d4c378c263c050
39884a8d488245dc
4177448f44b948a6
484e4b2548dd4a6a
4807492747d4497b
4bee4c924aee4ca1
46a24c1848ba4ba9
489c4437477548dc
bf14486944ad469e
c0fdc9a4c5d1c518
c5abbd1dc450c558
3a45c2edb3fcc342
421d449cb086413d
458e4606488745ce
45ba48a646014928
c42447b2457c431d
c1854410b1fa46de
c989c73bc46ec8e9
c68cc87dc626c597
c0b7ccbcc8d8c8f7
bebdcc10bfabcc0f
40183aecc4f33cec
418ec5fe40fdc685
c73b4955c43bc286
b245bfd1c055386b
c881c784ca9cc9e0
c22cc8bbc80bc9ae
c7a0cc08cc62c9aa
c68ec870ca30cbe6
c11ac4ddc4d2c29d
c59dbc4bc73bc0db
484a2cd5484b45f4
44d73b6f45824437
3d31c59d440c3cf9
409eb94f41a0b9fe
c4ff44d84485b464
c86f4801c3a9472e
42e548dd49954765
c74348e7329c49a5
46afbbce47974763
4171b91044d23d8d
47da479b4971476f
4a164145494a4762
48114ddf4c0549bf
4bc04a234b454ca6
47d1487a365e4691
4aa34654494043af
47b0c9d3cc10c3e5
4665c2af3ffccac6
c3e5c8e9cc21c835
c628c3cfc818c9a6
cbffc4dac9f9c86b
cc51c0cacc03c60d
c8af40deb203c2b6
cc6a3e17c9eb3ee5
3bc145a94a5b4465
c70544333c1848ec
44fe43764b9a463b
475c431248ef49e5
455047b849484476
49ed379d485e487b
c1bcc524c0d5c357
443cc9a2bbd9c6db
c758cc7fc8e5c75d
b467cc25c650cc21
c181c8a7c5efc2c9
c0b6c880c469c882
c3d2c695c8a6c825
c4bac316c328c809
c16ebfaac9c0c601
445344b83c5cc6e9
44e54699c47e46d3
492e49484586b9a4
44944263bd2e4527
bc52454fb2fab090
bd20bdec3887c4b7
c7ac3bf0c4ee413d
3cb0433848ae255f
ba0d44213d5c4989
480d45c8497f470e
407943844645488b
3da637853fb43847
c32abfdd34d1b898
c84742163cddbf47
c80db852c59b4156
41304ab4496f489d
c45a47d9b8404b68
4b154a5449d34b7c
4375479b45bb49ff
4062c43dbc4240f3
45bbc60040d3c629
ca26cb9bc89acb8b
bd00cb84c40ecb33
cbaccca1cb94cd2a
c80fcb84c8aacc65
c870ca5acb9ec866
c46dc78ac6facb6a
41e8481fc2b9467f
3fac47423bb13de2
47c7490634c14830
40d54907404044c7
4407bed53d7a418c
466244c644c240cf
425843d048c83e42
4a26470549d34982
435c46d348423d8d
47b6468247504937
479c4227459446b9
448744da41bf44bb
4af64aac4c184baf
48d148e6490e4acf
458d4a9b4b714859
45444486473949ec
c86fc9dbc688c839
c801c99dc7a1c961
c9accd0bcc8bcb1a
cbd2cb70cbb5cd05
c92cc978cc35c983
cc52c9f2cc4dcc07
cba2c9dfcbfbcadb
cbe9cae6cc3dcc1d
cb24c9a8cad8ca63
c88dc93fc91dca44
bfedb76fc2b8c114
b450bc163b6f356c
48cd4735486f44f6
4781454b4a434906
48eb442449e244de
4a3e46514c3b48f5
494d4a4a4b294ad9
4b6f4ac44b704b22
4d76508f4e474fcf
4b884f154c144f35
4c734eb54d354d95
47db4d8848e14ddc
c4a3cc34c693c72c
c5c4c801c91fc8dc
cc45ce97cd1accc5
cc03cce2cd37cdaa
cbcbc87ccbe3cbda
cb0ec846cbb1c99c
c8a2c6e4cb04c9e3
c2bac4dec7d9c85b
b983c060c6acc07e
457ec25b2267c699
42c442713eef436e
4757366545e0b8e5
adb6be1b3e1ac01e
4564c1a94553b817
c31dc6963e30c58f
3d2ec5594461c2cf
3de7bbe8495d40d7
3c5e34c5488a4463
486b458a4af148bc
43774164486748ac
4104bcaf416c426c
c560c12ec303364f
c60cc588c553c294
cc7bc4c6caabc385
c2f1b996c576b84f
caa6bd8bc92cc189
45ea4aec443348ee
442448de434d47a6
49db4c60486049c7
4ba84b614aaf4ad1
4523c24dc521c409
4b0640f846f1c14b
c1ddc954ca3cc8e7
4614c4bfc135c8f8
c216405fc2da354c
41683baabf8ea010
b87244da3172434f
4423404930ef3c4c
bde8b54caccac2b1
b805bc2bbf90b643
c5cdc42543e2c863
c747c187c2c54072
c891c843b53ac7f2
ca47c529c82ebf4d
c535ac4bbcb14239
cb053933c838bc80
c3b3455d422a42b5
c7aa40d7ba0b403b
c561c4f0c075c7f7
3631c6e04244c4ea
489ac545a82243c8
488ac540488cc64f
4421c567beec42ae
42cdc5f340f6c4f3
4107497b3b664685
3c442a033ce042c5
a4064c4842244419
c5cf43b9bdcb4826
46e4c3ef38b041b5
c7e3c60bbf43c419
3415c2d53bbd3c07
c9bcc0f0c6cdc3b9
c8a243acc065bfcc
c9904470c92bbd31
c810447dbe0030bd
b729454ac38339ea
c6c5434f414cc171
481d4528415a45d5
c5d8c9d6c7b1ca4e
4614c489b90fc667
c92fce75cd7fccbb
c088cb8ec8c8cd56
c9ffc942c8dcca04
c548c5ecc75cc6ad
449242be49224247
4453443447fe4898
4b53bec2485d4695
4a593d7e4b3f449e
4077401c384338ab
46fa32c8463c3e2e
c49e494dbf01420d
c50e3e9cc3143fd7
48cc4c1d476b4c04
c4a2466e31e8478f
4d1549b04bea4c8a
450a465a490648e7
4883c46945284451
4499c4864674c281
c838c9c5c94dc893
c57cc8adc7b3ca46
cc73cb71cc7fcc66
c9e8c775cc6acaf9
c652c4f6c862c760
c3dcbce0c88bc620
490f4c4148a54918
46bd49d646d14a90
c031478147604072
3e8548fd43d149de
c9e0c9b8bafdc942
c4d2b470c0e0b758
49654c134c6048fa
459549d44a054cba
4c634e774d274dc4
48e94ab24bf04d41
3f11c818c4a3437e
379ec74b38b1c83d
3898c9aac815c55a
c0b8c99fc0d9c928
c610be5cc548c6a2
c50cc853c4fec4ff
ccadcc27cc19cc2f
c79dcb05ca7ccc73
ca2bcc62cb1ecae3
c44bc8edc972cc1e
c88bc840c961c7ac
c841c4f2ca77c949
c988cb3fcca9ca4e
c97bc861cc14cc30
45e7bdc1c63dbd1c
41c83ab2b827c377
4c364cfd4b114a58
4b3c4c044b994c44
433a498c4aeb45ed
4afa4a604b574b3a
435942db4b274784
4a75471c4b824a25
4c974b284cec4cc9
4897485e4bc74c54
4a62471849e348d0
c2c83d6e45424749
c899c63bc150c70f
cb3cc627c837c5e9
cc4845bfc4dac03b
cb6c31c0ca64bccb
47e24a84448849b7
c36c4517c0664671
4d9ebd0340164535
47473d3244cd34b8
c0f4c39fc87cc723
48513a1ebbf7c418
c55b3e11c4db386c
4a59405944c7bd92
42e6c66134fa3408
4a1dbda94911c2e1
c5ef4113477ac197
43cc426645ff464e
c53c480d48463d38
c43b45e73e444930
c649c8fcc8b1c6d0
cbc4c49ac983c6ef
c80bc9aac8fec5aa
cc43c8b6cb08c8a9
3f56b9773e5340c7
c79ac811c417bcbb
c93cca86ca7ecbce
c8b1cc10c9f6cb8a
ce9bced8ce7dcf28
cbd0ce58cdb1cf41
cbd1ce0bcd69cc68
c9e2cdb6cc1dce63
ca03cca0cd0ecbd8
c7e7ca8aca01cccb
c50ec681c70dc866
c2b2bb8bc58bc548
49ee45bd46c0465d
4466484b44be4735
475b4a9d46694887
47b64c2b46974a04
4c134efe4d8d4dcb
4ced4f534d174ead
50b050da50dc50f6
504750af50ab50ea
4fc1517650b15083
502650a75081512d
4f8c51a4512150ed
4fe6501b50905128
508f4ecb508e5127
4d954b3c4fa64e9d
4bd047ae4c014aa4
3f0cc2a0487847cc
c9f5c76bc62fccad
c818c94bc827c745
cf4dcf49cf44d037
cca7cd7bcdf8cec9
d08bd186d1a7d0da
d034d00ad0e1d144
d0d6d1dbd21ad11b
d092d049d162d1cd
cfccd061d077d002
ce29ce6bcfecd06b
c831c9dac964c8eb
c93dca3fc9e3ca40
c521c9f3c6eec828
c98ecad1c704c89f
cd6dce77cc40cd78
cc95ccaacb3ecc76
cc4ac3d1c179c913
caa8c498c843b818
441c4da14b51497f
43ad4b05470e4cf4
4d7b4e444cf54d6e
4cef4da24cbe4e10
4dfb4d8e4cb94d55
4d514cfd4cd14d20
47d9480d44b94878
4afe47d748b0456b
468d2d6fbee54676
4ba944804853bccc
4de8488c489e4c6b
4d4c48864c484543
4f144ce24d434d10
4cfa4a384d424acd
48e74ccd4cb849a2
49644ad94ab54c3a
415f4aa14ae74a1b
45524ac047c14bd2
4a8c4a2e4a874bdf
43094a1347ec4a7d
3fc13faabbe5bc35
c8dbb886c5e6b536
ce03ccd0ccdbcdc0
ce30ccb6cdcacc86
cd27ccabc93dcc3b
cc76cc85cb19cb2c
c7b2c9e9b73dc893
c5c0c9c5bd76c6ce
cd74cdd4cd04ce28
c8e2cc34ca5fccbc
ccdfcc43cdc6cc9c
c847c944cb7fcc32
3bde4148c5893b61
c02d42e3c436b57b
4695447838a844b9
c2c34587c2224438
47af41854460487c
390044a82e5944ff
45cc421f44a5466a
470c43af458f43c5
43bec435c292bb0e
47ebbae84574c407
411e40c4c1053da5
458a225f41a1bdd4
bc914b6647184085
442744a1444048e0
4017c2094550bc85
4678c213478e3887
48a9c45d46f946fc
4840c070487cbd77
45494d564b9b4a03
45524a4947274bd7
c00b4ae445ca3dc5
c0b947edb9e44804
4319c3b4be063e9a
c4f2c35dc194c627
48dbc12a4116483c
2e2eb42b4192bb05
348bc872c4bcc1a4
bb87b5d0bfffc031
cc13ca9acbc0cbac
c968c6f4cb60c8af
cafa25f8c955c823
c95fc428ca3dc474
c3faacf8c4d4c4d7
c401c1abc35fc373
bcb3c8fbbf19c441
bdbec76ab811c6ce
44d1ba7446cd45d6
4403bcc9469342f0
46e8485048223fdc
4775486448fe4982
c4e64295211bc921
b6944718342844fc
cb75c8ddc5dfc7db
c7f0c478c802c592
4036c06a44b5489e
34edc11f3fa7b87e
4d104c054ae64d27
495a48c849bf492a
49d948c63f09499d
465845d2426441f5
3b9530a5c7b3c364
b822bd44c50dc3ba
b820c42cc860c70d
bf24c465c67dc6ec
c29ec8b5c812c19d
c05dc7e8c5c8c935
be7d323e444c4431
3fb8c222435a360e
c0db407845a3be5e
46912da9489d4392
c454c253be44c889
46b3404f4625394c
3faf448d48723ecf
450b496346a44947
b8e14431495d441b
be7947fc418148a5
c72ac46ac2fac257
c8f2c4adc6d4c44a
41c9442d36354604
c884c2d4c5513672
4505458144cf444d
c6a0b816c1bf43bc
cad8c8fbca56cca9
c880c68cc9f7c8b1
c86fc778cc3bcaca
c4fdc639c97fc9b1
48cd3c4dc78047a3
334bc4b0c10ac752
4253c4fec7ef42d3
3b0ac618c15cc8ac
c333c7d0c243c014
44c5babb3935c445
483abdfd494c4583
48b5461049834677
4c3948714c584999
4a5349404c1c4b41
42254ae44951489e
48ac490148ba4ab0
bffb455a463c4456
3ac8408a41934610
433d46ff4a133d6c
c39d406441d248c7
c56f4b5948a835bb
c489474a365f4a3f
ca36c755c93bc653
c310c467c61cc893
cab8ce0ace2bcc6a
c664cc64cab8ce75
c3e6c776caf0c839
c73ec99ac8edca76
3a3ec55fc698a417
c185c40fc3f3c663
c3a1c9c8c717c48c
407eb808bf6ec6e2
410246e244b4406a
46f6491d4580478f
493f4a1248d74884
472449bc4856497f
423cc7eb3a80b0ee
b872c0d03d07c185
bfc146fc48cf3b55
c34c41b43a2248aa
4a4b50314e314c26
386e4c1c479d4ed5
47de43b241a24516
c617befcc3163178
c5a7ccfbca6ac79b
c932cc16c9cacc90
441bbbb8266a42bf
297cc59d3302c23a
c7a3c6c3c939c835
4094c6aabf09c8ac
ccd2cb21cbffcac6
4441c578c16eca21
462046a0447e4969
4bde49004a794754
4ac14191419d45c0
48fc44fc486443c0
c443c64ec408c8fe
c040c24ac1b6c01f
bf06479f488d41ed
436a463245ba4908
46db447847d24649
4304434b46144500
c1fac95fc688c64a
c9f7c88bc8fac8cc
c5b9c6bfc4b8c4af
cc19c6eaca78c619
c7f244d33ae0c4e3
c9e64184c8b64344
c97248213755c599
c8ed45a4c85a459c
444f4a434791497c
b61b467f42674831
47d042ad45cf4947
49933ed8496940fc
ba28cabac98dc689
4931c7383ed3ca4b
47e4c86bc971c092
46dec592b820c971
47ef44784423471c
47aa438b467242b0
c26d44f9467240f0
47af44d2475c4519
486523ba465142e4
44d9b4b3470d3fb5
481b4101485142f2
c2c43cd0429b4632
caf6bca6bc9cc87c
c8a83ff1c5d0405f
c7773f5ec308c54d
c66b4228c6083ce1
3db7485fbb3845ab
c66e4231c55842dc
c5a6be00c50e405f
c804c488c74ac41e
b985c962c207c483
bd32c856bc37c638
c2dfcd26ca95cc42
3a8acae7c412cbbf
c5d7cb58cca5ca3f
3cf3ca08c7c4ccc2
4aa44d5f4b014d09
4a1c4a32492f4b59
48d44ec44e4a4ca3
4a0d4dbc4b7b4f5f
c6e0c83fc507c8c5
3a371c0fb983c25a
afc7ccafc9aec747
bf22ca69be56cc3f
bcb54800474344d2
c1f73f6142264556
c7b64c3048813c9f
c87e47fac11d4a8f
bdb1c3d8b88ec1f8
c9fcc332c738bf36
c1f5caa9c06ac3a1
c765c7dfc51cc795
bc61c55f3f76be39
3858bf5e399fbe3a
493c44913900472d
4227409540053bd9
39814224c9813de4
b55d3467c63cc55f
c875c330ca09c88d
45443d56c411c67e
4188be1f3bf5b483
4c1845d1487a3dec
4c8d40b8492f4a29
4c6045404bab45b2
4e0c4bb44c734c5d
4b1248af4c7c4ad5
48724e244c744a76
47f54aa34aaa4d0e
c88d46a14085bc99
c68d3c60c0f64661
cc30cc83cc12cb8c
cdcbcc00ccf1cbf8
ccd6cd13cceecc86
cec5cc5ece29ccd3
cbdcc8c2c9f9c993
cca8c8ebcc78c92c
caf0c89dc710c807
c8c1c8a1c8f3c823
c8f3c95bc3f0c81a
4088c769b000c6bd
4a61c48e440d404b
4ba63d2d4a59aaf5
4cc242e448864821
4c1248154b974582
c59346e83fe5c229
47b7489a44124566
c3533ed3bc00c483
43a5456130f642e1
4b0b46f448b24a73
44fd45f847094849
4c404d1a4c354d93
4821496f4a984b3a
4a8e4a3246eb4a59
412e44fd466945cc
c40cbed3c7f2adff
cadcc380c986c4f1
ca08480ec238acc3
cb7342aacaa24475
423d494c46ea424c
bfef4851bf60496b
480fc7e34523bc5f
4603b9c545c3b671
c633cc23c5afca3c
47cac93044c0ca78
cc63cc9ccd3dcd9d
401acc41c6bdcda8
c8d8ccbccc57c9bc
bdf6cc08c868ccdb
418dc6e9b4623f9b
41cac560402ac269
bd7647093f49baa9
bd52417d3a7845d0
c7dc45bbbfcd3ade
c9d73f3ac701424a
42d73dea45174888
c6e44098b0614360
4a454723497a4723
4362493a482c499f
44f94bd148cc46de
3f034b8e43294bd8
481749f24a204b5a
3a8c482442a74993
49b3b5124a4c478f
46773bff4867446f
c9b5c3b5c00bcaec
3eb5be85bd94ba15
cde8c2d1cc2accf5
c82dc5b8cb4dc84d
402cc374c864baab
bc7bc608c22ec915
4984395d3669469c
4889b0084808c2f5
c029c5f4c8f2c1d8
42b2c1bbc058c81e
451ecb76c9d7385c
c121c9e5c626cb77
4076c3f2bc563edd
b82ac74db6a2c4cd
c8e544de4455c500
3d2443713ec846ec
c250b10346adc025
34af45e341ab47d4
4090b449458c41d1
3519449241b944b2
426c4799460b44f0
3f7346dc42db46ad
49424c694bcd4987
3ba1497e466a4bd5
47544a33493d48ca
c1f846533f1c496d
c620c4bec761c02a
c526c16ec672c480
ca2fc960cafbc9bb
c679c71bc891c9c1
bd2ecb5bca3ec8a0
c005ca47c3decbed
466cca5dc836c024
45bcc9aa4288ca38
be09497542c04184
446b422b44b2460d
c2a14c3a4902380f
400348f244764b0d
3c12c612404ac473
41da3e2b42bf3fa2
3b26c89bb9ce3d93
bfebc266bc3ec3c1
28b3447f40ec4521
c7abbd65c63433a7
3fce45c143343e9b
c52b39b0c5e14279
b4b7aff03748423e
bf45b1f8c3f12bc4
bc61c1cec3a93fef
30ebc19ebf1fc52d
c45cc814c7bcc7e4
41dbc33db4bfc80d
c8f2c747c8bdc933
41683a4cc1e6c608
b190c091c7dec1b8
3c884419c34bc2fa
4816be71c4094172
3f28406138e3c07f
3c5048c94579459a
47004647481a46dd
491b4e684e264bc9
4c604ba74da54db4
4ce54a4a4e9a4a6f
4a9147cb4d9d4cf2
c17dca3abc44c5f0
c7a0c91bbeaac512
ca62c4edc862c4bb
cb57c6f7c9cdc662
45d7417244fb46b6
c8a33e8cc34345ec
45a2c8feb972c696
c8f4c4afc70dbf1d
cdcbccd0cdf9cda3
ca70cbb9cd7dcd16
cb0d4089c2b4c4a4
c6123e99c79a3c4b
cc04c9c2c867c5c9
c843c4a1c91ac6f5
c409c807c810c38e
c70fc135c69ac704
c3a43c8cc6fec546
ca30bf51c86ac54d
c7e8c3c7c701c83b
cbdcc5e1ca38c74a
c60fc890c834c696
cbecc68ecafec851
4b113a1345904858
3bcd357e44a1401e
49a8c32645893f0e
4c1dc2874acbbbaa
c500c64dc537c880
4c18c85e45eac872
44eb47e143bb47c4
4c42c410491a3405
4998440c47ec4a3f
4b83c48e49c34143
42d844d6a7233f86
c07dbaa4c4133c7b
bead4c5f3b3545a6
ce344895cca546f8
c6b345cf40d4483c
cee246a8cc494564
b9c0c7ee44ec3974
c405419641aa4494
48ffc0fd4aa3bfc1
4d54484c4e244a05
46c4406b4a7a3887
4edb49734f064ac1
be51c4193d4cbeb6
4c38421d4b9f40e6
c764c985ca51c877
3e8dc640c35cca0e
c98aca7fccf3cabc
c686c87bcbb2cc6d
c756c839cb49c879
c5b4c5f5ca87ca84
c55ec11bc8b9c5bd
c867c44dca5ec81c
c5c835fac559c5a1
cae3c4cbcaccc422
bb5a44b643e2be27
ca51be54c5c641a1
bd08497f45b042d6
ca32402cc3ea46c3
45114e0849794c7d
c83d479cc0494b8a
4d614eb24e084fd8
44a74a7749d54d96
4c75c4114a004b50
4a273d114b8941dd
c48dcf3cca48cb0e
4842ca694176cca4
cba0cc43cb8accfc
4178c79cc501ca8d
c93dc356c8dbc9c6
bb6338a9c5a6c454
c7c4c519c860c8a5
c06abb48c678c568
c4f7c20ac506c7ad
4092c1ddc373c524
40383ec3ba08bdfb
44c9c1ed3ce5be5e
474640e241d644d5
4158bcd1450840d0
4abc48384a9c4bf0
470745ea4a88492c
48da46e84c084a6c
464e471b4a894990
c5293d2d46bec111
c495452f407b4674
c2a148e846fb4344
c083492d417f496d
48864a4648e34a63
465148c447de4a0e
47b146283f0c4799
3fc341a83de34462
babfc1a9c880bd8e
c01bc41dc683c798
c832cbc5cc52cb8d
b474c8d4c947cc81
cb1ecb90cc72cd34
c3e9c80fcb12cc38
ca86c652ca7ac9fc
c9e2c864cb7dcaa1
c39fc832c929c4e3
cacacac1c977cab7
3ddccc20c760c711
c898ca8ec577c8ff
3eb6c1c245ea3f22
bfe8c0c341f444fd
48164df34e174d34
41724a164a0a4dea
48c54e234dd34c68
40544c0b49744df9
3f6a480b47d3455f
45664909454b48db
c2a5c04fbdc7be03
494c45ba44d23e80
bb6a40273899c2db
490e48524740461e
401fb6b7c2e2bf25
45f443df42c5baa3
c174cc6ccbd8c88b
409cc88dc427cca9
bc2fc7cdc5f6c593
4285c6063513c8d2
458b47bb411b44ad
420cc105421dad7b
c0d0cc1dcbdcc859
c6a2cca9c92ecd0c
c8abcaa9c85bc91c
c9e0cacec989c95c
38aa4da24c024a8b
c531488d41014cd1
4968478f480e4b08
37d944d143664636
483d3d7444f147b5
3fbc4681407c4257
bf784c1148f844cd
c1a14bc036b14bdc
c750c739bf4ac8a9
c5643edcc4b2b753
b60ac8f4370ac685
44c2b7eb41cec06d
c130420a3a22c255
46974018453342da
c9a1cca4ccb5cc2f
c40ecc14c7d6cc44
4821c70dc6fa3892
ac7bc9ccbe6ac8c3
4c1d50244d094dc7
47404b8449924da3
c718497745ed4182
b6d1493035ed491b
ca09ccacca93ca27
c5c0c40cc86fca38
b4aec140c327b2e8
bea5af06b8c8c291
bcce417e3db741c1
b9f32c4c408434ed
c1d2c565c231c1ca
a919c469bd5bc679
487ac086415b40dd
46cac0e7443dc04b
4c6544cd4a6b4aa8
48263cf548df46cb
40702c7246124111
c041b8a4311e40c4
cca3c95acacfccc2
c986c5f4cb03c98e
ca7bc63dcbafca72
c73ec557ca40c90d
43fb48ab40ef48bb
4083433e3d254505
48614a3448c24a10
470c472b48ac4905
40c5394f2f6cc3eb
441322a2451c3dfc
c420c7b3c31fc79b
ba87c70b3158c35a
c1a8c950c28dc192
c1e3c78eb4aac48a
bdcfc684c114c3bd
c6d5b97ac119bdef
c925b674bf8ac57e
cb184199c8773a63
c93530f2c2d5bfd0
cacf404ac99132c5
481b488d4687488b
3d5f48b1b8684894
4d294c884cd84c6c
4cd64bed4bb24c51
4bc84b804c1c4aa0
4eb14a414d504aa2
49e64ae247754992
4dfa46604c1746b8
483f41e5c0ac4594
4a55c4b446e5c581
c81acd45cc4bcbac
c185cc15c5dbcd3a
c845cca8c9c3c8bf
c763c8f6c6fdcb1f
423644ff47644901
c8dd41bcc0ee4417
c9f438ceb777c815
cdcebdfacacf3ad4
ce63cb53cc2bcdd5
cf32c8dccdc8c9b7
ca77c87fca56c87d
cc0bc616cb33c897
c76bc870c871c8e5
c54dc57fc704c6a6
c715c97cc845c93a
3ac5c813c476c744
48d74606478149cc
49aa3d9247d646b0
4c524be14cd94b39
4a3448f24b714caa
494b49cf498445d7
439345e447d4494f
43ad4a5544c245e2
44e945c844ed45eb
3452456a4402b3f7
49e7473048304563
2f02c8efc0c8c13f
4a1cb68c47d6c5db
45aac0803cca4976
4a649eee48cac3d3
4b0a461f48e64b9b
496c43c049c345d2
452fc15a407a31fd
c0ce384b3ab53e2f
c4774475c4e03605
cac741f3c8b83bea
c449483ec64441bb
cc24435eca793c30
c8c0c927c833cacd
cacdc29bcaadc6f1
c85fca10c219cbf1
c13ac401c45bc611
b17c46bf3e9f3eca
4593b24f41643393
c5a54352c898bc16
b789c532c785c71d
c93bc643c96fc998
c5adc7b8c9d8c789
3968c35f4296c45b
389dc39a39c04216
485fc74945783e1a
462dc54247c0b8c2
46edc33f44c34804
4527c35c47f0bc74
3a9b413c48794980
42e24042481c471f
3477c31f46df3f53
42a744a648324530
441038c342edb66a
3c7148b146a0418a
3c194785b6fe412c
c3f0495ebbbc434c
b7114b6336e5443e
c5c04906c5e3482e
42fb4e294484459f
bf53489bc0ac49e9
c4a8bc0fc86cc77a
c295c7f1c70bc803
c960ceffcc71cae6
c5eecd46ca81cdf7
c527cc49c82ec44e
c141ca52c5edcaed
c5fec877c71ac7bf
be07c72dbe11c6a4
c087bde53bb3c230
3bd5c2b13e8342ef
481349444b84490b
488e46f348fb4bda
4a21487b491d4803
4c1e49af4ae24905
4a0448e846e748a2
4b8e49cf4a344570
49c0495149454a96
44f648ce47af4716
463cb8a43d8943d3
c4963d8dbd2fc05f
bda040dfc06fbe7f
c60bbeeac447c386
c49a49a1465a4179
c22a37e2b54b4696
cba5ca5dc7b1c972
c91fc835c916c5b6
ce58cf76cdf6cf2e
cce9caf8cdd4ccca
cc1fcb68cb94cd1d
caa3c622cc2ac906
4229c00dc3a5402e
4149b94e3b39c11a
4c3a49b148b44d6c
4a41457d4b164724
4ac34d2f4c5c4ce6
484548b34a934c42
4503492d4844403a
b5b941bd43e9492e
c03cc84ec837c857
c568c77dc45ac8ce
c00dc243c6a6bc16
bc80c2b9bf6cc8af
43064a354836483e
458947f2470447c4
c10cb82742e8c20b
43243e44440941a0
c41bcb01c4b5c895
45cec66b4017c786
3e45c95cc2d8c29d
47e8c34e4190c53b
3db4bd98bf8bafb3
351f3d22c2673e9d
c1d744c7c2653d82
c6b4434bc85641cd
c59bbd24c043bd9b
c58f30aec618bef1
3cc4432e487343bd
40f042b0443044ec
4bb14d384c974c41
48474b504a404be1
4c414c884aa94b17
47d74a86496a49cd
bc11c7d1c50dc433
2c5ac497bd5bc73f
c918cafdcac2c975
c8b0c9b4c961cad4
c7c0c594c872c85d
c991c7ddc8eec60f
c451b4ecbd49c117
c349c567bdf13a83
c378beb4c096bc57
bf79c549b623bc51
cc33ccadcca9ccf6
c9c1ca52cacbcb43
cb00cbabcc1dcbee
cac9c9a2cb40ca52
48ad422e45f64934
bd8fb89440ff3da1
45f03ca24794451a
46be404247303d2f
c6f6449d3dc4c2ac
47354695410343d5
44f54c6948d94933
494e4aaa48794a5f
4a87424f470c4851
4961438a49c540fd
480ec2293de241a0
447fb554458abd80
48114c1e4a404ab4
44804a8747d94b46
4b804c664d7e4c7d
4a304cc84b804d28
4c2246864bdd49e7
46d74a0c48234ab6
423f44ff43af41d3
c53242e8c0d147aa
cccbc3d8cab2ca79
c5eac66bc885c5d0
cf39cf94d047cfad
c6f0cd80ccf1cfe3
c880d013cf45cd28
bf9dcdc6caf1d042
4833c585c582421a
46ddc78d4062c982
c2a648ce45d74120
bac23fa53beb45f7
c7d14bf448f53aa8
c8fa4697c20b4aee
42b149a248054612
c9a1456dbf494930
4424c001383b404e
cc3bc0cac63c3c06
3cf8c12a3d71bdde
cc44c3d0c7f93c21
bd98c5ab4157c2a0
c41ac1b6c15fb82d
c594c5963d77be3e
47f6bfbc4327c118
437f451941a2468c
4be33f4d4951b96e
495bc23ebfe0420e
4bb5c0c3496fc753
c197c901c70ac6dd
4491c76940d0c826
c9744575c2d8bebb
c1c82d93c2f7435f
c6f146bfc31d3ccf
c805468ac6ac44dd
b3edbc34c117bdb8
c67746fcc2e53ec4
4bc841c54853484a
4a5d48fc49d64809
4e344a894ce94cd9
4e944c4a4d9e4c5e
4a4d4c964c9b4a04
4c024c4c4bc14cac
bf0e40a2390dc3a8
422640e639753b9d
c12bc8aac6fbc361
b6d7c616c61fc872
c10047f745f5439d
c5e93b41c5d745c7
cba9415ec49cc82a
cc3dc6bccb5ac363
cce9cf6dcf65cdc2
cd28ce87cda3d020
c9c7cf96ce14cd43
cafdce54cb47cf26
ca05c92cc731ca71
c90bca20c71fc7d6
3ee84bca49b1483e
c233452d42994a4b
4e3f4def4d644e1f
47a84b024c0b4d41
4c764385477e4b77
484d46be49f04650
c369c35ec3583974
433343023cdabd93
c9dcc569c51ec877
3d62429ec15aba1b
c58e4431b9fab58d
3ca44599c14c4465
3e04499c4546473f
3ca9443db98f4796
c0eeca00c425c90f
2a35c831bd2ac829
c6beccbbca78cbd9
c1e5c9f3c407cc83
44cf45a13d7b4471
401db4834310be10
4c4b4b0c4bf64bfa
499b48324b8b4a10
46f0478049e04675
487b495f499149b1
c2c94842440c3e4b
42cc49483c1548ce
45d1428b3f474206
44a245cc37d945a6
448fc68ebe95c13c
402039f7be551b1c
c9dac690c77ec598
c804c145c926c4d4
c973c179c82bc311
c9f8c651c9dec82b
454d46803fff4145
c4afc24ebd31ba53
44d9451344b544ad
c15ec3b13eea3f0c
c5d6c946c41bc316
c6b5c9bdc34cc785
c802c9e3c87ac9c2
c1f2c8f1c15cc932
c66dba71c585c68c
3e2bbe202e82c1c1
b44041d640a141ea
30be402b3e8044d5
417ac2e5c0f53db2
3ebabfea35f6c097
bd3fc6ffc910c075
443dc0f2c2edc8b3
bd58436b349d39d8
407447edbc814107
4495489548b44275
410a497145c6488a
48913ff8492c45b8
4440423748a04511
4739ba4649a9465a
3c50a47b46d845aa
39be443144e23e08
c4433c13ae524450
bafe49423c5d3c65
c1964476c0ad4514
420033ce33692b6d
45fb40f33fbf3ebf
41d5c5b1c445b0e7
4877b90141d9c404
b5cd446dc0d843c3
3de2400abfce400a
c49c43e3bee9380b
c3843cecc61f42d6
c7c7c8e4c8c6c6b4
c3ebc607c71fc8bf
c9edcd62cb36cb76
c671caa0c87fcc68
c96dc53ac5d2c9c1
c7b6c598c813c4b1
44fe4c6e4916465a
c06447b843674969
4ad2496d4b854a05
45fc46c54c0348bb
4107c44f43c43734
465ec3da499dbdff
a17e3ceeb3d138d5
3d58c53c413bc00a
4c564c534aed4d36
44bc487a47bf4b2a
49c0440d46b04a73
445448633e0b486c
cc34cd46cd84cd3a
c84ec626ccb2cc31
cdbdcd04ce98ce6e
cb13c8adcda8cd3c
c889c80dc85dc618
c7b1c4aac920c895
4579421d457245bd
bcecb9e541893d36
49294a3649884845
43e13fa54862471f
45844ac94a314864
4830426348b4491a
c0f2be34450bc132
44d2c11645be4430
c5a8c994c0aec846
3c32c6d84227c428
43963f623fb6425d
45cc3e74479d3dcf
47ba48d244994562
465649c146b248e5
bd7b470f401fb542
444a4ab33a0a490f
bfdbbf02c45a3c70
3c5e447ac44e22a2
c817ccd4cca9c8c2
ca8ccd28caf9cd82
c939cef9cec9cbde
cd91d03acd9cd05d
b4b9c214c68ac557
ca2bcb4fc884c96c
c2be4aa14407ba32
c1f53ae1bb59475a
c18f4b2e48812f70
44d54957448a4b36
46ff467b491cba3a
4a374b0d490149d3
448e426847784426
4beb4a354911474e
44d2405f48244b6e
4a2c4776481344bb
47fec4b13e4d47b8
46f23ddd4493c1e7
3c52c576c4ffc21f
40f338313739c445
3c05402e40c44118
b9b84353a8ea44e7
bb89c572c3b9c0b0
c2b1c279c344c055
c350c8afc931c6bf
c2d1c848c1b4c901
48c94bbe4a384a7b
ba7a449f4816494a
41174b164aa545ee
c638465741324acd
cb41c965c870cc7b
ca3cc5edc915c628
3c95448f3d9db8d5
c49fbad1bade4037
49724dc14b0b4c41
444746bf476a4b13
c9a2c9b2c8f2c8a5
4048c78ac518c8f9
ccafcfb6ce58cdec
c137cb57cbe5ce4f
ba89c4a3c830b76c
bc2bbd29c865c7c6
49d34428433949ed
45d644dd441e3ea8
476f41523fdc464a
480645bb46c13f4e
3ebe4c0646cb4555
447d49344484498f
473f4b1249af4561
3fff45b3461c49ef
4838c838414834cc
bfa7c6e24318c3a8
c72dcad6c1b3c6fd
c6c2c821bf08c63e
cd72c648c184cad8
c807c402c45938b7
c6abc3f13c2ec52e
b496bd2e405b3c04
49e5bac244a8450e
473f41e448823ed3
44a844abbd9043ec
404e42f13cc83b2f
c4d04469c70c403b
c4db313cc87cc27c
3805449fbd4240d5
bce73ddfc57bbca1
48ea4574440f44fb
441e3ee53eda3e95
452aa97f3e414325
4297bdf73d4baa3a
c762c470c421c42f
3d1fbe61c099c164
c118bc15c4a9c0c8
380ebd2bbe39c1e8
487e3f994080436c
2da13c2a41204049
40c63c3e46eb410b
bd6d4558441446cb
c040440d495742d4
c03243e4460648a2
c2ef461a4792c11e
c54fbc4b39bd4782
c582bc94c5ebc645
c590c25cc74cc38c
c4bec86ecb99be12
bd5cc4efc7becb96
ca0bcaedcc4ec9a6
c51ec99dc9b6cc73
c501cbb7c981cab3
c443c96cc80eca02
4bae2ca1449c47b3
471943f947b342a9
49ea4a9349b44958
490c4ada4a0e4a90
b715476d48134324
48be489648044887
c59eb6b1422640c2
48773cb344f33e75
bdf7454645b24006
40d13ee5432e45a3
4bf64d9a4d224c14
ba38497a48c04d1c
48584aa84a544a68
c5f4454042b94a00
cb51cab9ca6ec9d9
ca9ec8b6ca2bc9dd
c47cc980ca03c93e
c18bc4c4c651c910
b16cc854c996c896
3fb0c476c463c8df
ca24cc5fccbccc47
c658cbb7cb02cd28
bd22bde5c1cebfb8
3ea6c554c0dac638
46e249c049864916
459345f3476c494b
c1b9c50f3c89b895
c44dc1fab0ceb556
be29c714bfa22522
3102be133fbbc43f
4321477a456f480d
480348b347404757
bcb4428c4101b7b8
40cb446a3cde4645
b507c042bfcec56c
c498c246c3262c99
45e24aab45a94790
c49c452fbafd47ee
4afb4c0f492f4c5c
408348cf454848ce
4856c6d3be6b3f52
458dbbc44494c50b
cac3cb2ac9f3cb9b
c11cc552c6d9c8cb
cb55bc44c53fc5bb
c7a0bb21c921c1bd
421144d842f04359
bfdab164b3893d00
45a942d041e1b8cc
44783a7c45d0418c
c3d4c5f5bf23c495
42ebbc284089c101
c4e2cb2bc0adc5f7
3d12c7663c57c6a9
bd82c05e3dcbc09c
40e2c464421c27d6
411f4bc7486f4891
3ef445f64468492d
460c467347244825
bf5141ba415a45b0
397ec616c0d8bf21
c3a8c345c23ec21a
3f7746cc3d0743bf
3da5456bb07a44ba
465548273ea444bb
47984846455b4447
c64fc761c95ec685
4179c14bc372c8cb
c97bc701c926c608
c5ebc5d7c9f2c812
4508c40bbc10c2d9
c460bf33c44dbc97
45fbc829bc19c60a
bd77c1393c2cc43c
c855b079b9f2c0e5
c451c088bee8bd0a
c815bcd0b9e7c011
c1e1c561ba0abfc6
4835c4c8429f380e
43b2c4a74567c058
4a2549c6491c49e7
423147c245e448c2
c3b14847bc714641
c63c46b3c4db447e
c7b6c40ec7e5c472
c704bf0ac79ec497
4641485d466546f0
4551457c455f4702
4b764bcc4b094bd2
4b0249bc4b644b26
3b02c31ab89dc0de
44c2bb7141e0bd7b
cc6fcc39c9ddcc2e
c541c9a2c8d8cae7
ca40c879c0a4c926
3d21c37fbcd0c3e4
b8433be04144c65f
400841d3406f4537
442bb566c09cc3ad
c76cbda3c4ea28d3
419db2fdbd5d4556
c5cdc2bac203c1fa
bd95430ab5844745
392cba3234bbbd6b
c4e7c594c754bc34
c13dc498c3f7c7fd
3d10c11dbef53df1
c4d2c220be5dc285
4a5e4a7d48c848f0
3f2745b34615488a
46be458a45354411
474d44af460244bd
4386c55543d7373d
4a29424e48923c2a
44953db8465c3ed1
4a4e46df48d7456a
c4fc4317bd24c559
42e14379bd0e42c4
413441f7c001bfce
c3473d9ac4c840ce
3b0ec506c62cb4f8
ca13c4d5c900c5b2
ccf6cc9fcc11c96b
cc73cb60cc84cc38
cb87c5fcc6e1c8b4
c8aec7a2c8b1c668
409c494644beacc6
b86541ab3bd244c5
406a3c44409a41c3
3815308a402bbc1a
482c49bf4b384b35
446547ab49b049bb
4d314dcf4dd04c72
48694ac64c6e4dc4
467ac89dc217c0ba
4596c5384247c3cc
c9a5cc57cc23c8dc
4377c8bec603cb8f
cb31bd50c9bdc886
394eb483c6a9c6a4
cc53cbaacc5ccb72
c87ec6ddca83cbb9
c788cb4ac82bc8b3
c95dc37ac85ac800
496a49f149c844e9
b87b48f244c74a73
4a5f4a1e4a0748ee
493346f749f44902
3accbfdb40394095
4999b6ba4874bc00
485c44b447674828
48974352484144b4
4e184d024d294e39
49f749264bed4c0b
45904bbc4a2049bd
42fa4647481f49d7
c981c429c47dc8fd
ca1dc599c899c081
3c5ac572bd45c1a3
cb54c683c96fbbe6
c67ac5c6c723c4e7
c9e6c5dccaaec546
cf3bcef3d035cf1c
caebcc85ce9ecf5f
ce9bce81d01aceb1
c955cc24cd6ecf13
c6434566be25bef8
41c444583e0e4034
4d404d324dc84c77
4ca44bf74d814d3a
5047495f4e0d4dcf
4d41491b4ed14b9d
4994bd3346334863
46773f8749b7394f
c96c46cfbdcac0cb
c6944501c46e4072
c63348f13eacbc19
c70b481bc57646e2
49773845449e4695
3dcd3f0d414f41e6
4927446347f648a8
458bc0ba46414503
ca12391fba76c44c
c2adc4c5c3c23cad
cd5bcdd0cc1fcd01
ca12ca6ecb3dcc0b
cbf8ce33cc9fcd59
cacccac3cbd3ccae
c972c90bca5fcae8
c902c768c9b9c8eb
b5f6bd2ac4d8c0ae
3ad3b680c0acc1f7
4c384e2c4ba74ca0
4aeb4b994a9d4c28
4d854ed94d554e67
4c454b4e4d154c8e
486abd71466f4805
4933c31349d9beee
c165c3a83d7ac219
45d2c31844e4be34
c098446344402ca2
45a045fc44e04690
4509440d44f542b3
381b4707406e4793
4893483b46174672
c5eb4676bf474875
3cc63dcdbec440c8
c76b415bc6e83cfb
c976c9e1cc27c867
c964c3a2cbd4c9d4
cd38cd8cce51cd42
cc9fc9cbcdddcd47
cb29cbefcc10cc0d
cbaac9e0cc11cc1a
4821469542e646ec
43bcbd8e44ea38b0
4bd3445b49b249c0
4c21b18f4c3e43f9
440cbaf349b5400a
4aa6be6d4bd24410
c13148cd4a1343c9
4759429d49d54950
c18d3f2041c23bff
42acb8ee44813e1d
c26ec3e3c0dec399
3bcec13fbd0ac346
405146ab45ac411d
ba2f4521bd924823
40033cf640363174
c88e4152c6ae455f
c6b6c2ffc8eec719
cba1c146ca9bc46f
c3ec419cc822c16f
c2fc40b1c583bde3
4456412fbb7040af
46ae461543463f43
bcdfc3e1c5bdc14d
b820b8e4bea4c4f4
c6d0c848c8acc56f
bb76c550c272c8c1
495746324887493d
497f4467495c44ea
4e8a4c6d4e634e48
4b29490b4cbb4c5e
43adc2e948f044d1
464cbbbc46214122
c9c8bef6c01ac862
3996bcdcc216c0dd
c5e74a6dbeebb602
c8523aefc6464102
c9daca3ccaeac96f
ccbdc9accb98c983
c928cda2ca10cbdf
c992c87fc8ecc9cc
c1e2c555c500c692
b25b3651b2f5c401
39383defc67cbe23
425f3d743580c3bc
44aabf50c30542e8
452d3b322e66c1d0
c0e93a1bb87b3c8d
442b3fd8b4513c92
c49748244267bc92
4445437340aa47a6
4cc744614aef4952
499b3c3d4aa34836
4dcc3c404b334acf
48fbc1484b264357
b9af4c6b485046b0
c48744313a4d48f0
c74f49cd3f9b3dc5
caf6447fc86746d6
c8a7ca11c973c77d
cb55c4dcca78c905
c95cc76cc68ec660
c69ac211c67dc5c9
3285c28f45703d96
460fb6ae45c34063
4684c20741edb0f4
49e63e6348b13b8f
c4f0408fc811c735
449a4351b083bcbb
c941c72cca32c74c
bc24c0acc6c1c828
c46acc46c8bfc662
4371c61cc0feca64
c40e45583a1fc1b3
459b439e3d884062
3c574ddb4a7a46c6
3c3a4910437a4c26
4a0dc2c2411744bb
c4a4c3be3ce5c045
4989cc11c7df34c9
c90dc97cc528cb4e
46c548a2463b4a06
c927404dc3724553
b61f4b31487e4862
c55f4731b6ca49c9
c444c5323cb3c755
aafdbe173f6e3ac6
4a31c42249de43e3
47d3c0d64969459c
3e09414541554480
486d3c4344cf4190
cd3e21d6cb5cc972
45434247c6b0c5cc
c2b0419cc10bc1e2
440c43b8bcd33e0b
4757c83bc421b891
b140c6cebcb1c742
c4fdcac6ca87c819
3acec881c405cb98
c4b645f4b405bbc2
44ff40de41a73e3e
c4d54875382ebc02
c45e3d0abc344445
c43ac178c40ac38e
cb1fc22fc7e6c257
49d6306b4881484a
c6a341f73d6644ea
49a146924b0748f9
b8ad454f461249a4
c79445724850c39e
c4ae43702cbf4935
c93daff743dac7fa
bb674055b79a450e
403cc1a9bf9e42a3
492527fa44f1c4db
43f0c579c95c447e
4a17bde74149cac5
45d1ca77ca96bc32
485cc418bd26cbbc
49bfc8c8c39144b9
4560c5c33d4fc68e
b984499b42bb434f
c2a43eb5be9347ee
c98849a83b2dc5d9
c6f145c7c5dd48ba
c395bda3bf8bc6be
c60fb3d1c57241b2
46f9493a4412404e
c76335babffa45f6
459645c446114376
c331ba9d43494063
c351c80645b9bd07
3dd8bddd482fb542
c3802e9648eb409e
3a6a424348a44549
417fbcb147384252
b88ab861434f3cfd
c51acbeac934c8a1
c271c86cc91cc9dd
cb28c65bccefc8c8
bc1ac3a6cbd8c9ed
48374b29b4364a6a
4a78486842334349
4cf34c734aa74c5b
4b3749fb4aa64a26
c95dbadac745c86b
c5cb3544c6c5c103
cde8cee0cdc1cdc6
cba7cbc9cc26cd65
3bf5cc49c5d0c68c
c5c3c8fdb995c919
4a40473f48d1486c
25d24324475247fd
be3e46bf46553f8b
31e33ee140cc46f4
b9f64850480fb93c
45373c8546554807
4761497849de46ac
468f42fc48834918
460748974ac049d3
43b9464945d24a38
4b9a48e34ad34b5d
473249af48704a97
48d238b9c097439b
4308455c358ebd4e
cbcdcc29cd16cc05
c950c885cc85cc6a
ca91cbcccc85cc0a
c9c6c8d2cb2bcc1b
b134a28cc545c2a7
bc07392cb3a5c507
c116b638bc9f3e53
3f50ba753cb4c25d
c6313f70bf024091
bf83c44ac00dc020
c46bb6efc0ecc049
c097c64dc0b2c314
40d7c74d4224c090
42f6c57d4463c0e4
48494af24c1048cc
46b148d54a164c14
47ab4ed24d7d4b44
46cf4cc44a524ebf
46adba5648b6450a
4911481948b44891
46d7c9dac45820ca
471b3a50431ac425
c6f0c87bcc67c934
c8c5c646caaaca6d
cd7bce07cf7ece15
cd6bcce7cedacf01
cc79cc0ccd84cbbf
cb76cc17ccb1cd2b
44144a51453647d0
3e953ae442c6463f
4c784b6c4d5a4ab9
480447f44b344c1a
40a1abaf491c3dd4
c1a240784409453c
c5d4375c3f203c3c
c64337a4bff234f0
4acb4a5a4abe4b0c
48dd486e49a04956
4be64b0d4c084c03
4c4049b14b5c4ad6
405e3c6141044342
482b3e6543fa3dbc
c632c819c9bdc9af
28aac51fc50dc877
c7b4c8fdc93dc808
c534c951c74dc938
3f1ac2bac4afc559
c6e2c8d3c273c5d6
4d324ce44c3b4b00
3d6a43ce492a4a90
4ca74e634d204da5
460d48f749a14cac
b9de481f47d8495f
409f4673410446fd
c3f5c917c512bc99
3c0439aec045c803
3d86c897c8e1c218
38274038c2a8c870
ca52c82dc985c8eb
c7d2bc50c92ac5e0
cca2ca24c88bcb61
c7e9c62dc8c0c680
c7f3c542c467c814
b161c251bfa8c0ce
352149ac46b13d62
3fdb450341de49ea
b93a42924351c1a6
bc8f390042e544fe
c508c923c558c4c9
c2d3c654386ac7b7
445c4287459748ec
3c023c3c40ad447f
4d434452492e4b0e
48203d484872444b
4b26c8cfc0f73b65
44c7c7ef4463c92b
ca8ec8b9c9c8cb12
c84cc800c97dc955
cdd8c49cca83cc86
cb75c388cc7ec7bd
373d4257c44daf0d
c61a3f91c72ec24a
4c764966488a4c11
4592479d46d6475b
c13c4314411639f9
457a44e442bc44a6
cb044107c415c88e
41c944dcc0013fda
40583fbc444144b3
46e244ef45b245f0
4c5d3ef54b924c6e
4abc445b4c654970
4e334fe54f5e4e5b
4c7a4c444e564f54
493a4fa64ced4921
49774a9c4b604dc2
cb11cf9acca5ccde
c6d9cd58c91fce93
ca5bd165cf03cd26
cc09cf21cd0ed0bf
c5ccc5edc912c5a0
cbb4c5dfcbd2c87f
cbaa2e2cc836c690
cc4db484cc0ec3bb
cc0ec3ffca39c8f4
ca0ebd70cafac760
c6ff3b5fc652c672
bce84360c420b618
45e945fc44914680
4642476646074654
4cda4b154b044d01
4a45490a4a8c4a75
495dc3da4484451f
48ecbdbc48113db9
bf9dca65c1f8c87c
432fc8d442f3c6c4
440d4b7149db3ef0
44553fcb48f24996
3ff548ec49a84265
3eec42d147f6489e
c87dc52bc0adc233
c5d1345ec40fc24b
b4c2482a98f2464d
c75f4626c7c243b4
428c3cc63c0e4074
c77c41c7c6664234
c93ecb37c7b8cb65
c601c333c6bdc4da
382c408fb4d133cd
46cf4149430c429c
4c974392463a4b13
4ad03f4b49d43f44
4858c9d1c5c73ec4
45c9c6e241a5ca3f
c748c059c996c5f8
b456c39fc644c963
c9b0423fc62fc788
3ac239b4c436c420
c32040153e75c0f2
472e40f1458e3f69
3fdf463348384627
47c5428f48984823
3a974325489d44a9
bf6a3dce41544767
45bd3cf545db4213
c8c50ce9c15e4401
382cb4d7c16e3be3
cb0ec3fbc8bab79a
cb15c360c95ec618
cc12c6adcc0ac586
c6b7c763c8a0c666
c8b5c5e6c8dfc86e
481541c042bf3fb7
2dd838963f613c78
3a243a743f8a31be
3a603c1e38324078
c49acb84c862c768
411dc45d1f2ac8fc
3d49c3e239c8c358
48d33df2485bbccf
430a482d49e744da
4a7c468d4aa548c4
48f947df48d147e3
4b4c47d24af54810
461e466d3c413670
474248104440454d
c74c456fc0fdc17e
c7f442afc8de4368
c60ac50ac64ebf6a
c9c5c50fc9ffc5b4
3aa4c6f8c73c38c5
c427c558c621c870
b982491a449d49f4
bd4b4167397c4614
c0a64922459746e9
c1584055416146e1
49f3c6ffb51cc1c8
42e7c4c544f0c612
4b6bc98d40da405c
4876c6704782c6f5
c49a2f1a4193bfe6
4533be1e424440ac
c8ebbdc7c263c8eb
3750bbd5c11339d1
c89acbd4c9d1ca2d
c3a2c705c66eca15
c95cc581c7a5c988
c501c050c519c5de
c55a4c0545733943
c3b74845bb914950
44eb4c6149fe4bbc
c1a8499441b44b0c
439b37fa3f3448ff
c2944513b63140cf
4949c0ba425c474f
3d0e3eb53d843e7e
4d7c493e4c274ac4
478644fc48ee4b22
c0d540d5bcb2c519
33d1b9a2b9503f13
cdbccd57ce41ce32
c7c1cae3cb73cdee
cac9cdadccd4cc46
c45bca95c9b8cde5
486a452c420d4805
4673428b445c342b
4bf84b4b48434bdd
4863453948814831
c7c7c61dc6ebc67f
c234c872c410c5d4
cc1bc883c707ca16
c813c694c55cc584
3c3647c849624565
c3fd45a2456848fc
470c493a4aa8478a
c419450b43544a27
bd0d458a41dd3a40
c4c43eefc23a448e
be7cc110bf7f3ad4
3ba3b976bc7ec29b
495f46e5487e483e
4960463948b4482b
4c4c4bbe4ad549fc
4c164a7c4bab4c32
c29ac8ddc8dfc44a
495538ee3f5ac82a
c970cc29cc13c8dc
4559c028c62bcb72
46bbc47ab5e534f6
446f42c13c272fe5
b908c5de3cc2c4ca
bf7fc1e53925a5f3
c78fc2423cedc590
c64fc616b49bb575
3cae449946b93e23
c828c3e6358b4384
c941394ac2c2c59b
ccd1c828caf8c534
c92c4328c8fcc052
cda5c5c2cd0bc815
47ab4a7940074956
c80c455fc59c43a3
485b4631457f4854
43f1452d427f41ef
48e9b8fa3cee462e
4a233e31480cc1c4
474d40f43cea3ca5
4cec44394ab340cc
c90ac2e1c494c921
4a9ab82c460d36cf
ccb8ccedcbb6cc0b
bcb4ca2cc5fcca7a
c76eca0bc81ac801
c408c867c3cec7d6
49fa4a134abb4787
410147ba48184a9d
491a44d649de468f
3714483a465049d0
c586c9aac4b9c419
c728b801c593c1ee
3aaeb0d1bf8f4406
c6ea3989c571c164
490d49c547804a56
c4da4359bfcd4411
c736407e4247c4ce
c6cb3b09c6ae44f4
ca05b5ae3ca6c6fd
c0ecbb50c0b24336
486948c248c04a24
490c42324a82454f
4b14481748a048ea
4b2346674b0c458e
3cb6c5f1c847c5f0
4451beffbf5ac811
3ce4cbe0cc89c8d4
bc97c975c63dcd11
bfa9c0dec6fdc5d5
b0b3c48dbfacc723
ca9a4b3641b63af6
34e945f9c1c448b0
c345455f416546da
3f34442bb94f4554
3d5bca48c452c27d
c2b7c6f2c13ec7cc
c968ca3ec8c3cb07
c8bfc899c80fc900
c0693500402cb9b0
c499409cbbe043fd
4b25480a4b8049d2
acf14832469b4bbc
48c3477e48cb4704
bd03449643ca4901
b6914007c01f2f71
2df3aa6934f1c05c
2434c1cfc478bc60
4188c120b978c5d3
34efc442c130ba02
3936c090be18c388
c49cc27bc3eac546
a70ebbb1be5dc3e9
c813b6bcc489c686
42c9bc83bc03c2bd
c1f64631408e437a
449e3ee440934233
44f547b047ca48e1
3be341bc444246ac
bd6ec81e327dc2da
c463c430bd20bf42
beffcaaab2e6c573
bd00bfe83703c109
48444897477a4804
3d1e481144d547ef
42bb49c23c713ee0
c6ce3e86c241443a
c522c406c20ec498
c759c695c57ac10e
468836fd3d1045da
46d8381244e9b838
48a5c5c2c8d4bebb
49c4bc5041f7c9be
caa8c864cbb8ca5c
bd7bc43fc8f7ca7a
ca0246a5be40bc69
c6d63f80c739417a
3f92bd9538acbb7c
b2c732f938f83b89
3992c60d4094c1e1
43f8b101425a3a59
438f44d14851481e
43e93f84459e4611
443f495846af48a7
426f42ff447346bf
bd974b4047a141e8
37a2489440194ab2
46c03fd146374331
bd3c42de423d464a
49e0c92540e345d3
3c0bc6004488c55d
c221c1f2407eb87e
a148bf083fc3b186
c8a1c057bd42c84e
c2343cc3b95a38ae
c90ec8fec912cb32
c611c5c3c7b9c8d1
cad9c003c8d5c8b5
c83ac4e5ca5ac713
c4fabd9ec75cbdc6
c49dbefcc670c5ca
45c2c903c8483659
3f4ac570b5e5c9c9
4875b911b00a40e1
4304c1ba4076c11e
4b0f48b447cd4901
4553417746ee4768
4a2a483847214b44
476043bd482d47bb
c85739a3c1d7c341
bd413fbec1cf3ebc
cc5bc60fc85bcace
c8733579c96cc3e4
46f0485449e749bc
ae2246e741d5491f
4ca64c0f4e294cb6
4714489d4af64d05
c798b66538dec880
3d7a384c415d3d2c
cae2c9e3cc5ecb34
c016c6e9c620cbef
45b4c986c7b1b88b
3f55c6abbcb7c9b3
411ec15f3bd8bc97
4390b8943b31bc5e
c98243acc4a3c790
b1833f44c4e5b968
c32fb7bac453c611
bd3bbd15c1d8c0d7
43e03d89457740cb
3f8bb9d54512427f
c38147d046c84754
3c42406642e84602
b261c05c3fe64509
beb324adba90355f
4b5ec16d43cb4708
b4cd41473f5040f8
46d146a84553456b
ba2546d03f6e4821
ca05c4e5c059c59d
c7fbbf99c52ab4a1
b744bc4fa30e3b93
c725bf32c08d383f
49a247213b7b433e
bc4e3ec43cf34294
c4f4cc34cc51cb66
c1a7ca5ac813ccbb
c900cc4ecd06c9a1
3d9ecb17c73acdc6
ba2a4755c0364382
47d23ab73fc6ae8a
43c548c34930463e
455b454c452648b1
42283d9248f3424f
4361422346ff44de
b76b4800479e3dc0
46a547a9482f4871
43ef4c7b4a81491a
46d74a8d47584c32
47b54c164b764a85
316549ca440b4c01
c216c6423b83c4c1
c788bc61c375b1ce
c70dcd02ca19ca0a
c899c993c8ffcb75
3f1ac5f1c95ec04c
c40cc6fbc616c964
c75ac82bcb1cc967
c4c5c883c6b8ca09
cd2ccc95cc8dcd34
c929ca20ca59cc10
c5bfc5afc550c22f
c19ebf09c4fac443
4a644781487b4959
4870480d466b4902
456b4098462e42bf
488e4503467146d1
43a7442348aa4864
480e449049574655
4d1b4dbb4dc54e1a
48984a234c864cb7
4afb4dc54b6a4c2e
408a485b47a74b17
c98dc4ffc62dc922
c81cc65ac898c5b1
c951c98fc65ecb03
c7edc841c83ac663
483dbc593a6d43f6
4085bb88422f2eeb
41f1c982c954bf6b
43abbe9538abc8ec
cb83c8f8cc12cb9b
c326c134c8e9c9c8
c99d47ffc0bac411
c3a6415dc6fd3d63
42ae4590419d4688
3c4243fb39a140d7
45d1cb07c660c0d3
c0f8c67bc002c941
c528c82dc575c828
c64dc869c550c75f
c600494642e8b34a
39ed3d4140004727
441e4542439b447c
45e2424447274653
432f396046594611
3bf741bf42fd45b7
aae441ee4a80462f
c24942f740934880
449ac0e4491c43ca
31f4bde6444740a4
488d3eec47914559
46d83d2b45da411e
39514202b6fcc0be
4597446b3ea53e3a
c817c87fcc18c9a5
c00fc4b6c760ca4d
c8b1c840cc1ac929
c2bcc711c8e8ca0a
c4a947a3c087c455
b8094405c3f644a7
4496475e382242f5
ba83455dbbc44204
4455baa9c3ea46c9
bcbfbc5da7b8c5f6
3997b976bc9e4532
3901be0f4402bf3c
40c1c4c240fabc2a
b757bd0641203de9
45e3bf2447ec3add
c00d3c1b3e5a453e
488548d34c3e4ab0
b812467147804b1a
41294c284c4349b2
c136481845154c8b
c9ad443bc1d2c808
c6efbf02c7713c4b
c94ccc6cccffcacc
c052ca2bc8d0cd15
b9bbc9a9cab9c5de
4569c576c090cb4d
c46e3f80c5a0c5ee
46d33a57359ec48e
c428c891c4d5c567
4751c6154122c87b
48e7c9db40ce3a35
46a2c594465cc49f
46cb459948204434
4211445b45a147ca
c2c249dc4786447e
3d924800428f49d6
3d28be8b40ac3c04
be0840afb8e34471
38a5bdcf3773bfcf
c791407ec5114106
bd6b4c1848fd482e
c7184946c00a49fe
47244cdb4abe4c16
c55149263a6f4b29
48de4779ae664848
c56a343ebfa63d5f
c7f4cacaccdfc895
c2f3cac3c7c2cd31
ccc8cf37ce1acdaa
c2a4cd31c980cf37
c830cc59c9e0cc40
b41bc924c491caa9
35cd3d6db91dc1eb
4521446341b94286
466247a645a84685
46f9482d462f48da
4a0348e34a7149a7
480d46ef48fa4aaa
412946c3493b46ba
4381427d476d4926
bfb0424b47313fa8
330242aa435145d9
487b482d4a0a4647
434e481f46ad481d
464348894874481b
3b1844da445547c0
3903b89740cb4263
c10fc1d8b4343dea
ba00c9ddc64bc6d5
b9edc653c259c8dc
c82bc88cca69c8aa
2864c452c589ca4d
c998c476c979c817
c235c443c75ec85f
ca6bcadbcc43cae0
c8ccc975cb07cbef
c800c438cabcc500
c5c6c4d6c950c902
48e64c25470749a6
477148ea452648ea
49f1490b48c44a02
463946884716483d
38fac3d53dd645e9
c42fc10a36fe386e
44963d93471540e8
c3aa3fc342d84833
459c44a7484ac48a
c41541d341de4852
c5e2c0db3d74c7bc
c730c1b0c2b0b1ef
bd8b46834a2c464b
b6f7430540ab491d
35d6c0604431411f
422cbf2f418db97b
453945563c704559
b9df39b83cda3c03
45f3492eb60c482b
c6f8bc67c23e3a98
3daf4996402047f5
c9473c87c58c445d
c77bba43c275c662
c92fc1aac790bc8e
cc06c94dc801caff
c8c7c87fc8cbc847
c035c4ec44933f7d
c1a7c1c6b629bdc4
4b273c544909487a
463a461b46da448c
44da3dc7b8c0342c
45ff46803c0e32b1
3cf541dbbc883e6c
4603451d41043665
468543d2405f412f
484444e8474343ba
450a44e242f14075
482c431547924619
48a1458f4680494c
45d43ddd485b45a7
bee7c085c36b3a14
c506c4b0bfdec318
cb25ca2ac941caf1
ca1cc964c8f4c956
408ac67d4496c1cb
bf1bc65c419cbd3b
4231c2c644b03c69
423ac0fd42d73eab
cc3dc7a0c8dac959
c6c3c585c9b1c618
cb32c1d6c8dfc8c4
c7e9c4fdca23c60f
c4c8c625c933c48a
c16dc497c8dec8a9
c5f5c8aaca57c786
c32ac3f8c9d0c9cf
c1d54448c086c028
bbb0430cc3203462
43254aba46bc45ca
4744490947314929
48d54987487c47ac
491e495b49914925
4ad4497c4a774a36
46fe49124b27492c
48ce49a54aee49d6
440147d14b4d49b0
4a5445ac4a8648e7
417e42e9497c48b6
4bb9c448479f46b7
372fc12644d73e24
3d48c1aa3479adaf
be66c445c0a8c0f0
c543bef2c42cb9bd
c20dc2bac63ac424
c087c8d0c897c1c1
c195c32ec5c6c80d
c869c49ac886c8be
bef5bc59c57fc34a
ca3546f6c25fc4e9
c0f93c1fc69240db
c8d2bcdbc474af03
bd59c220c5bec454
c8c3cc02ca2fc989
bc7ac89dc623cae7
c106c59fc5f4c8c5
c1c7c284c347c4d1
428f47f8426a3faf
bfea45ee3c6f466a
bfa140793b64c120
2e32439b3c4a438b
bf0cc2e542ebc2a6
c14fbe73327b3e34
42edbb0c4619467b
c61bc4f32d8b31a1
474fc06d435f47c1
b920c72c4121c157
4850bc5d45ab4049
4493c1ec466f3e19
42ee485d46343fd1
445444a34674469f
3931452bc0694241
4603424c41cab98e
c19ec62fc8b4c260
4389ba67c359c77a
c924c1afc8ccc73d
bd65416ec7cac469
c2694588c2b03a33
3e9d4860bf853f95
4b1d458a486f4916
476749c6489148e2
474ab6da480c44af
434d43d947a846a5
c61a408e391ec2a4
c0a5c4733029348c
becd4016b587c0e6
c532c5bfc1d5c109
bf61c8b3c2aabe80
c85cc812c720c84a
3eb737ff461f4591
be83bcfcb2284136
45914935495c45e3
445a46014524499b
37864080be72c1ac
b76640fabd2a3ce3
bc603d94c62bc164
bc8537f6c254c0bf
c2d0c290c7b7c0b6
c1a8c2adc5a5c48d
c6d6c72fc5b0c228
c4c5c3b5c59bc33f
c05a445b43cd3d14
4356452944c14638
41cd3fbe45403857
4818422f486b43a1
c321cbf9c40fc732
355cc94b3a2cc906
c56ac8f9c651c6f9
bfcdc81eb495c7c6
3cc1439cc146b4df
b4da3f163c82b1de
45b5bdd5bd72410c
c53caf18c410c44e
47c6bfd841d6425f
c612b975c34bc02a
c45e446b3cc2bdc0
c5643c0ac5a43fb2
ca37420ac3cac4ea
c52dc0e1c899bd82
c3d3c2ecc28cc214
3b89c503c2d9c419
b293bc8bbd3d35cd
4319bc7139adbdbe
ad123eeac2f44064
42c541dd3818be9e
44294512b9a4447f
48ea476b4656402d
4b0e4c574bca4ad2
4c344b914c694c97
4ca34c604d464c39
4b124afc4ced4d3e
4446437846bb4491
400d432946c246d4
3cc8c1bd3f9dc065
c518ae2bbab04027
464cc507443dbc1c
c59e3b7dbc1f3edf
c722c62dbd76bf1c
c780c234c649c26d
c9d1ab02c408b74c
c580c46ac7a0c26d
c10fc42dc7c8c654
c033c613c5a9c746
c848cc53cc3ccc55
c605caa8c94acc3f
ce08ccb2cdbacd76
cb3ccc2bccc5cd03
ccb4cbabccbfcc3c
cb8fcb87cc47cc72
3de8c843c11abe3c
c35fc7e0c020c73b
48ba4a034ada49df
4709482349534a14
4a5c4e284ba54b50
48ef4c7d4b264ca2
4da048e649394b81
497548544b964711
48b1c1af44b646d6
4552391d462e38c4
c9ce3dbabaffc2ce
c3b1414dc5c63f0f
bc2f484a435e4489
38094405b902447e
47e14854480c4881
48a8440e46a146db
c493c0f9bf77c50e
466639e43ac5b36b
3430bc58bc4cbef8
45b441054042b5ba
48ae482846a9480c
4869483f469346e7
c153416dbf98bf2f
3e3a44f4bf6f4184
c2fec564c325c5cc
c4f1c0afc34eb4a6
4122c8bf35b7c133
c448c6893f4ebd90
c8f4cb8eca05c8de
c92bca5cc6d9ca54
caa7caa0cb22c99c
cc36cafdcb09cb93
c1ffc3a9370dc43b
c93ac49bc683c319
44d6462847f644e4
b42645b6407a468b
48654c4a49f64bdc
40fc491645fd4adc
413448164641461f
b9613ec540c84549
c753ca70c91fca98
c0e8c8aac530c9f2
bf2ec5e1c856c848
4048c2ddc1c1c6f0
4845498f458b4573
48dc484146dc4712
c1f243fe40a44050
493f46f045b84156
bfd5c03bbcb6442a
48cb3f0e44fcc11d
4acf441347894a60
489541f049064342
45cbb8f643754329
bb682e643a3a407a
c9b1c7e5c99fc944
ca97c573cb5dc70a
ca52b8a3ca58c853
c96ac5a5caa5c7e1
c1fb48833c8f4068
3624c192b8814103
40e044db4853403b
4444bbed4526480d
49e5c3c948633fb5
45f4385d48f643e3
49f6c937440540c7
453db97b48d0c1be
c7f4c8e3c75ac642
c660be80c61cc5f4
c979bf37c806c71f
c97c4341c97fbe0a
417949164676444c
40224a8844274950
b63148d9472e442a
44a748c1459d48e2
c84fc6a9c7f9c659
c846c7d6c7ebc83a
c131c43ec7adc156
c952c95fc88cc8da
470645d5431e44e8
aefbb780b0154219
490cbf204457432f
47183b5444483ec5
471344df487b4734
47a143ba465545f1
46f74c3f4b8c4b0b
485648ff48f64b39
45df4464412546ad
47303c3846283b31
c8e4c99ccb67ca10
bd3dca4bc636cbb3
cdb4cc51cd16cd37
c6c2cc0aca43cca7
c9e3c9a3c965c993
c2abc797c463c942
4186bfbeb0a9c24f
ac5c43594328b8fb
48143e43465943fc
403d48ce46414608
49884b774c564c24
46954c5449374ce3
41524c17498c483d
41d64ab942d74c50
bc76c2e0c59ac2e0
c114c486c527c415
4517c62ebf444099
ba62c88ebce4c5c4
be5ac466bb79c036
c5ffc780c584c13c
c801c844c921c86d
cbcec999cbb0c940
c20fbfe3c615b669
ca9bc714c984c79a
c07ec574c3dbc068
c32cc14ac2a8c4aa
c072c5d0c295c662
4490403d409fbf11
460e493f483944e8
4a31496c4a4c4864
41fe48e046e2445b
4ac5481549fc4677
c59d40823e43bb74
473d40be4244410b
3dca48b448a045ed
423145eb44e64902
47e3451446ab4612
41e9451346d945fb
459cc695c0813c00
40272eea4093c380
3a75c270c263bc8d
c25cb8fac012c185
3e66454b335938dd
c4952cffc0823f6a
3220481142ef4493
c1c03b61c2194569
c965c2fec40dc0fc
c6b9c561c86ac20c
c76fcc94c9c9c9e9
c472cad5c6dbcbde
447fcc15c55ac8b3
4408ca20387bca28
bc51c140c093bfcf
3d6dc4eabe3fc2cf
c4a544fdc27445e4
c4753d03c2fa327d
3bfe3a41bce3400b
c2a64066bdff333b
3a1941a7406fc45d
c0484560b53844d7
c1b246c2402bb1cf
c1c8488c374a47c5
c1aabb38c01d3a21
c09f4390b75b9c89
3467c08c40ffbc73
3e313e023da93b4b
45b34a3b4ac847d9
46e5483147dd4ae1
49674c104abe4aee
48ab46aa493a4a21
49a7306042e24588
4835c35847a0c270
48c6c3393cef423e
46f8c1934533c498
bef5c4b8c2a9c0e9
3d76bdddbfd8c341
ccaccc56cc86cc4a
c820c919ca5ecbe4
cbf9c5ddca67c90b
c92ec50ac9d7c78b
c2d9490643eb3c5e
c46f462fc1cd491d
bc0ebc473c5ac383
3910b7033fd83b54
46ccc573b6d63e7b
4426c6034711c684
4c824467483649c2
470a3cd349394277
435b445042d241d9
3ef943b638434453
cbed42f2c5abc588
c93a3d38caa33b4f
c63e40aab88a3e82
cb56b87ac9ce41b7
c3d9c931c05dc0cc
c985c5a2c6f2c260
c78dc90fc76fc858
c162c402c3a6c794
47d540ec322b3dec
4811417245d8bc7c
48e7489f46324800
4b04468e49ce4565
41374462439040c4
4a83448848a842c8
4357c4b53c12c519
4655c3494509c188
44ecbe864033a82f
41b1c07843daae98
457a4266450b48a1
3e2744ef427b4600
43f3460d46d2482a
c1c945c13c5c46bf
c2fc44993c683a6f
c5ca40e5c0bf3c0c
c86141d8bef1bee6
c472394bc4432c49
c49f45a9414ead8e
3c513556bccd44cc
405bc397bed0c19b
441cc3b036acbf83
3cc4cc40ca49c834
c09dc91ac526cba9
c5bdc723c972c646
c714c647c858c944
c7ab45e1c377c019
c2f14333c5154083
c802c507c6dfc76b
c6ffaed9c62fc1b3
c766ca6fc623c950
ca05c776c707c761
c414c248407fc5aa
c416c15233773e73
38bf4018454c4294
443e3e8444b1442e
4a0b4939496e4b78
471d4536477d46d6
4d774e1b4d404d81
49104a704a364c8f
4c4e4c864bbc4c56
492648e0496c4af6
41e0c4a4c2174027
45d1c46541d1c664
cb7bcd1acc0ecc07
c1daca43c71ccc47
cc02cc02cb9eccad
c46dc5cbc7eac982
4934409438d2403d
47e3468f45f0416c
48e9491746c247a5
48e948734818486a
cb53412ec1fec540
c0c03f51c22b3e7e
c1f3be0b416e3df2
c059b80b3ce7a547
4bec45984b154a9e
4335445f485e4819
ba463cb5bf593828
c87bbec6c71ab93f
cb1ec9fecc22c9b9
ccf1c9ebccf6cad7
c18ec5b1c40fc0a8
c889c4fac816c33c
3f6746aa468a4105
39f144d23cd5483a
c2ed37213e0dc24c
b83c392abd864130
c530c04abeadc798
b2ebc3cc2b0ac0f7
c4f04a253946c57b
44483cb74497411d
c4ca3e26c571c166
44c7be803ccfc56d
c06dcd3cca32c527
3edac8bac265cc1b
472acb29c52e3ed9
3f44c6073cb3c8ad
48f6bc07436d4857
41b94102450b3ccd
c096413a3ca63a18
31a0469d2ad24342
c37744d23dcdaaaf
bec945f2c18344f2
4acd4b9e4c1a4b45
431248ce47184c02
4d574d254db44c82
48d949784bae4cf7
4939482c498f464c
4918429d4967481e
c436bf32b85dc2ac
43a8be2a3d3d3af7
c848421cc496c263
c4192c76c3ae3925
b6cc3d44c627b085
c4dfb4b3c3c7c457
c2deca71c89ec655
c2fec4ecc559c9f3
cce7cca1cb36cc3a
c716c894c97ccb69
cd26c8d2cb97cc3d
ca0ec84fcb68c8f8
c48dc540c81bc733
c894c679c89fc4be
41fac725c2ee3923
ba28c56ebdb5c657
bce4b4cfb85533fb
3c98baa1ac85c159
4189485646634309
bd2d43fc3a824635
4add47d5496f4a7b
3c7f4446455a471d
4c1346c24ae34b03
45f645574930485d
46cb45f249ef46bc
465b4403498b48c7
c1a83bc04026b715
467537c74791400f
c79f4691be36c547
45b045b63f2144c9
c23048d237b9bc86
4424486cb875485c
4502c705c5354188
43f3b886b733c673
3d91cac5c819c227
3d5ec49ac11bca28
c4edc573c499c623
bdf5c209c062c480
c467c5b6c4b9c4b4
c123c6f2bc3fc5af
46d2c569bda13819
c428c7febdebc654
493c44da4214455b
c860c035c5ac3706
c0ed4c594733461c
c913472bc80d49f6
c5d04c234b3647d3
c2b9497433964cb2
c76ab93b439ec1f9
b85c425240db4483
cbfdcaf1cc38cc90
c250c663c660cb48
c75bc99bcac2c8e5
3a52c713c411ca04
4453c934c473b223
462fc47040c8c62b
2945c977c766c478
46e4c27437b2c842
465d3cea3b1342f6
48c13f33462fbc69
4cff46f049d14a2b
486744be4b044686
488f46b74790463b
bef0446a457046e9
c5fc491743fa44df
c8194505c4944800
c1f147d94552478e
c65c3d91c3f4459c
434645eb47924433
bfeabf733d23451b
446847cd484e4545
4233b44b455a4747
c138c409b672c1bb
459eb87e41cdba67
3eb43d943cefc256
45c73efb44c13e4a
490fc5adbf1c42ba
4125c58a44b5c4e5
4030c0bd41944877
c71ec71bb7d7c099
c7f8453547b8bd27
c78ab3b2c022469f
b77e445e4458ba8f
c62935f3c03e4456
c795cc5bcb00c7b7
ca59cb5dcadfcc25
cd5bcf51cec6ce15
cc63cd52ce52cebe
cdbecccbceaecea3
cc98cb44ceaecd56
c904c17ecb49c7fb
c894c3d3caccc859
46c5491d44b948ad
4a3e496648f94830
4ac84a5a4c0c49c6
4d7f4c624d5c4c48
4a70468449d2480c
4a3548f54b984948
4ae2440748264937
460c4159497044b0
4b194c044cc74c00
473d46374b094b17
44874c134c044898
3f88456c479c4ad4
3d63b39144a640ee
c1a8bfb23bf43a62
44dec2f9458c428e
2f14bfe34272b55a
c8753524c1eac754
c0bfbd7dc322be4b
cc00c89ecc23cbfa
c579c568c956c94a
ca58cd0accedcc11
c445c79eca2ecbe8
c7a6c816cac7c5c1
c02cc2ddc9e5c914
46383de1c21145e0
3bbb3900c3d6bfea
448dc16f39043dc7
c42cb6acbffe3d70
c876284cc252bff4
c9d1c279c74db824
c042460f41de4374
c4c2bfa3b4353db3
4813475d49d74439
43a743aa486347ff
42bf383342b830a8
41ac402945713e9b
3b3bbfe7b83d3d74
4141be4042f5c0bb
40d7455b465b40f7
4481418244fa4660
47f0489348014687
487f4770483348a6
48243e2843c34712
496b4538485941d5
c447c7e0c4bfc5ba
4104be69c0a5c57d
bdaec5fbc757c7b4
c0ddc3bdc602c795
48bc48e845e64804
3e1344d9441b457c
c5084a90461d430d
bdfa47ca3c8c48f5
cd51ca38cb42cc77
c955c780ca88c91e
c986ceb9cc48cb91
ca4dcc8fca67ccd5
bfa0cb72c68bc4a4
c8d2ca8fc614c8dc
c53f1f30c378c00d
c6a3c369c506c236
42b54b7b483b4a54
3d45466340004753
4cac4f4c4e424e50
4a024b884b104d7e
4c334c5f4c5a4ae2
4b564a434bbb4c4f
48e2c61740f33e88
499045cc48a0429f
4675c743c099bd89
44c3447e3e5cb950
c9e4c687cac7cbb2
c5502f9ac972c74d
cd1dcbfecd44ccc6
c821c845cb57cc3f
bfd6bd06c3513bd9
a217c54ab765c61d
46ea4a3f49374869
42e6bd304874461a
c7c2c9fac419c83e
c5d5ca93bf9ac83d
c8bacbddc6eec851
c8c6ca29c657c951
48dd4ca34b564bc6
c04447a845384aa2
4a184cf64bb64a81
393b4a6146b34c3e
4062c1a541e0bff2
3f4745db3ea5443d
484d443646c44809
47fe485345c44704
c6e6bcc0c848c59c
b4083d22c654c245
cf36ce95cff0cf35
ca05cb3bcda2ce36
c9e2cd2bcd2bcb2d
c2edca30c966cd08
442db783c0bd3dcb
46cbc34b4288c4a9
46de4926480d4703
47c03d5146d245c5
48074b954af7495a
44e1466948094a83
40e94c274ada488b
bd51490445964bf4
4b964ad54d2d4d23
3e2948d949904c2e
4f50450e4d604dec
462a44a44bb9495d
3ba4c203a2aac5d6
c49ab9f3bde1bd2d
ca29c5aac8b1caaf
c477c088c727c563
c1efc993c75fc4ec
4575c5053a54c728
cc74cc09ccb0cc51
c167c8a4c8c1cb7a
cc25c97cccd9cbc8
c82cc6f3cb47cb49
c054c2a5c836c291
bf3ebbffc59ec65f
c4eac051c55ec493
bc37c05dc39dc3aa
3c9645aa3bd12a7a
3dd2be853bd636c9
4a414d334a714ac9
46b54759492649ba
45c048cc49634a11
be9a45324578487a
b6c0c9cc43184064
c929c0a6be8d2c8c
c255bd2c481cbc4f
c637456cad6b483b
c52448e348d139c9
a56749b62bd84a76
46d8477d45ef454a
476b47b344484704
4a614482b7be42b7
49bdbd034768b9bb
4382c61ac88dc0b7
481bca453c66c9e3
c8decbf9cb36c966
40d8cb4dc76ccc3c
cba1ccd1cc7bcc6c
c34ac9edc97bcc56
3be1c0dcbf44bb68
c1a5bfa1bba7bfac
4dd54ccf4d914e71
442349ea4ad54c82
4a12440848b24a63
3b5d46e547b445b4
cc82caa4cbc1ccc3
ca39c41ec96fc94c
cb11461ac523c8a4
c9cc40e3c87840ea
3ecc4a3e48644879
3fdc47814424489d
3d97b6f242db448f
46b43e6145613c5f
b4b944cb4378408b
4407417b40ba45f9
3b09431a40b736aa
3e8c4166ba2f45ef
3aa6c925c746c811
c52bc649c80ac7e6
c33fc414c5ffc621
c8fec39ac8d7c7d1
c8d740e4ba96bec6
bec644f5bcafb4ca
b8c4c68fba7bc0ff
480d3cc04611bf58
4c7bc1d942ad4749
490dc3e948a4bb69
492c40c942ff47c3
4567c5f84580393f
c920c538c43ec8a4
c4f4c8dfc46fc391
c487c016c1f9c83d
c8c6c5c0c4dac21c
44d8493247a0484a
c472450f40e7462a
4270470649a049f3
41bf473b461e48c7
447d4553475f47da
481446c445fa4763
c4214463c19a3ea6
485f468a392b2b2a
c818cb3ecaffc8a4
44c1be5ac5e3ca89
4488c439c63ec1e2
3bd93b05c36dc40c
41c64c6141884532
b9d8486bb40a4940
c8e2ba7ec6d4c709
c508b49cc525bfcb
4413c85bbcfdc556
c5aac553ba3bc46c
4a0dba03484b4473
c577c46944e03fee
c903c9abc4a8c7a7
c9c8c9e6c607c861
cc11cb67c9d4cb3f
ca12ca4cca20ca98
280345d643f1456a
beb53b97b97a4194
48214d054c864c69
47d14a1749134c9f
487949bd4b7448af
4a66492a4a0d4bb9
4661c3463e41b4d6
4b81405a48a03c52
c7b9cba2cb46c90c
44e4c5c4c367ca1d
cb6dcaaecc8bcb42
c6a6c553c9ddca88
baf0b1fdc7acc439
c5f9b7a8c514c573
4680460198b744b6
c43dbc32bfdabf7e
479e4aa748894833
3fe1443b4444474d
4bee4ac64ba74a52
492647b94b174a01
4477c54342fe4578
4406c13145c5bcbb
c8a7c588beb2bee3
c3bec085c2e0bde8
c4b546e9467a34ce
c5744555c16748cf
c60dc133bc22c3cd
ca4abbacc9713c9a
c8d2ca33cad4c944
ca4cc722cb4eca0b
c5e0bccac577c480
3e6d3181bf50c273
41c2499645b04800
499f466a481147cb
4c9649ac44db4964
4b43443249f54396
4c513ecb40ca3912
498a3fb3492db390
c726c9aac26cc90e
c0debe3ebf56c2ef
c884cad0c446c6ee
c5fec5abc4a2c688
3573c5b6b816c069
3df3c5c43f1cc4e2
c7f0c26fc363bf60
bfd1c5f7c0c5c47a
ca71c758c665c3ab
c99fc86fc86cc629
c68bc17ac03ec6a2
c8e0c680c630c0b7
b877496f4543417b
c437457bbc3d4858
43f44c0648b64a67
3c2b4b14418b4b86
4a454c3047d14a73
47864ae5461d49c2
4683c14cc62ebbb0
4372328fbce5c739
c7fbcde5cbfbcb61
c581ca02c902cce3
3d24c5cfc49cc3c9
bff1c3fbc0ffc456
4a8d49d9471a48ed
46a744f8476f4844
40f83ba9461243ea
46913d2d474b40e6
bc1fba79468c3efe
46be3c4a47d94057
3c3e446846bf3cbb
47544340463546e1
bd2344e446983a15
445d42094290475c
45674ae34a9e49a3
b41e45e4456549ec
3dd3481348204396
c7ca44133727486a
c942c78ec84dc980
c8eec2d2c848c488
c6d2c56fca16bf44
c279c480c782c924
b538c851c91cb37f
3d2bc62cc40eca43
c54ece34cd26cc56
c10acb45c885cdaa
c83ecbf0ccdccb19
c52fc8d2c937cc7b
3c0d493a417f4418
bdfa4729bb5246df
3e3d454344e4a850
b23e41c33ec346ad
c573c846c74cc8c2
2f97c89cc1ddc81f
4165481345ab4614
426941a940774735
4a534c554d764ce7
44974b1f49c14d46
47a84a094db94aad
417f488c4a7d4b79
c06e441a4af5339e
be2e3cf5457b47ae
c3b5c81ec2f3c643
c39dbfc1c26bbe87
4688c489c89c3d55
21003cbbc189c4e7
4a343e80c65c44dc
436b3857bc14c42a
c3b7c5c6ca98c6d5
410cc41fc5fbc971
ca113c70c9c8c61d
3413b80cc649c836
c2d94854401d44d8
c12a3e29bd624197
c348c16e4688b111
ac62c22343a14470
b860c5a04824c06e
46d5c067491d44bc
474bc043479e4351
40fdbf66472f4403
4252c3f4354dbde7
c56fc42bbdb2c04b
395748ae4081b4d1
c2b74347c02342cb
3f914afd3c9d453e
bcf7468ec3294599
ca1ccc0dcd06ca26
c54ac6ecca6fcc05
cb88cc70cce5cbea
c116c68bc8dfcc70
495147da463948e7
472245a3467b4279
4b304340475849a2
47c4447347404479
c612c103bf1cc5ed
3d1d3fa8bdc33dce
3e6a48ea49b74051
423247a846754a54
4734bcb948f444f0
419ab72b481d44db
ca27cad1c7b8c8e4
c6fcc8cfc6e6c846
c36d416b34c93575
c8592f6dc5de4156
4b8c4c054a0c4b40
c424480043454a05
43ad47b3425d451f
c4b93ad0b63b4343
b5e140ee3f7242d4
c135c42731c4b17a
4037b865b8a94403
4053c5384104c4da
c946c9ffcc14c88d
3f8fc8bec5d6cc23
cc86cc07ccf3cd01
c073c849ca16cbc0
ca67c981ca74cc5f
c1f1c3b1c8f2c7b0
c4b2c4cec59ec59c
3f0eb7f1c0dec347
4839454d48d345ca
489f46ee48ff47fb
4e854d0e4f164ca5
4cc14c6f4e1c4e69
4cbc4a694cdd4c20
4a6b49f94c624c40
c24cb4d0c0883d13
c58c3788c1debfeb
3a7646e33d6544f6
c70b448ac40342be
488542ff462749dc
be9943fa3aa5454b
c2d3c307c036367e
c513c43dc39ec333
ca792cf5c742c956
c7cac583c7aac5b0
c949c6eac9ebca26
c6a3c5bac8ffc8db
c6f0cc77cbdfc8f2
c494c8d0c90ccc37
bb90cb28c8fcc62e
3e98c8dbc0a9cae7
ba7bc06ec421c53d
44a9c3f33c33c4ba
c60b490c3cdbbda0
32ab4246ba1b44c2
c1874074474e3ebe
c0a03ddf416b470c
478dc4a249a14461
33f932c7477547ae
4a1b4c784caa4b65
4136495a48ad4ccc
47444eb64c534c10
3c664b60469a4d65
c26fc42ac1d8bf1a
c24bb4a9c1bdbd7d
c717cc82cb82c8ee
c30fc8bbc811cba7
c27bc1bdca35c1d1
3f21c4d6c47dc925
c259c7dacb10c601
4262c858c30acbaa
c551c96ac912c935
b8b4c88ec5a2cb02
c45e28a4bfb6c689
bc342cacc4d7bda9
34aebd704043b237
436a42743dc33f97
4a0b416249c848da
490c47144a5c46fb
4ddf48f04bad4b67
4ad849e24c7b4a27
49dbbe48459942e8
446b44db472845da
caf0c2304095c7c8
c9d3a741c67d45a6
c4d24d774b3245b7
c87d495bb5e64ce6
4af14ee54c534d38
3daa4afd47d34cee
c480c5b7c5a04133
c395c4bec4bfc619
ce6fcd97ceaaccf8
c9e0cc94cc9ace20
cc65c7e6ccdacb2f
c904c9f1cbc2cbf9
4402c8e0c805c53c
c0b4c8b4c4e9c9cc
49dcc747c3b03628
4741c55343f6c82a
3ed244d741ab42dd
492e458e46694400
bb4e384b47754305
487745b447ee4661
443a3bc047e54479
47573f4448ec4523
c2ac42de3b42c558
c0dfbc153c8840ac
be03c4fabf4fc870
c83cc502c46cc2a8
4872c68a41944373
c047c39eb980c262
b11744ec458c4642
c05843e8c1f1448b
c07d451a4566bbb9
c6444451c32e45fc
c490c43ec6fbc7e7
c34bbeacc469c3b9
c93ebac1c9e4c48d
399a41dec677c2c9
47074b5345754a0e
45394ae941d7493e
49e9485241b64a3f
42e7454544a14213
c45acc49caf2c60f
c440cb3fc456cc68
c79fca23c4f1c960
bc28c8ea3ad1c859
ca21483c4405c89e
45594500456848d0
418848a7481344f1
46f1458647694945
508143a44d504e84
499040924c834831
4dea48fb4d3d4c93
488945224b9649f7
c41b4bec4a1642e1
b435482d3ebd4b89
41954a3148654437
c3d14825c0924ab6
c713c833cb62c84c
c70ac067ca80c88c
cf40d00cd0d6ceaa
c9f5cc64ce4bd055
cd4ece76cf89cdb9
ca02cc4acd0fcf3a
c9c9c595cb31c901
c7dac5afc969c9d9
c7fabf00c4d9be98
bb3c3197bff0c41c
b67ec4c84156bd87
4260c0cf4547bcd1
43d7c1374622bf54
403fc51e47083aed
446340f347e84276
42c33816482444d4
48744bed4c64492d
482d4a904a5d4c81
4c3450264f964d10
47964d584b69502d
49934d044dff4c4a
382f492d480f4d95
4c7343f149944a66
448c3ca1474544ee
