Copyright 1986-2022 Xilinx, Inc. All Rights Reserved. Copyright 2022-2024 Advanced Micro Devices, Inc. All Rights Reserved.
------------------------------------------------------------------------------------------------------------------------------------------------------------------------------------------------
| Tool Version : Vivado v.2024.2 (win64) Build 5239630 Fri Nov 08 22:35:27 MST 2024
| Date         : Thu Sep  3 16:11:23 2026
| Host         : DESKTOP-ADCQ3LG running 64-bit major release  (build 9200)
| Command      : report_timing_summary -delay_type min_max -report_unconstrained -max_paths 20 -file G:/EEG/Workflow/prj/eeg_ssvep_2to16/output/report/.staging/route/physical/route_timing.rpt
| Design       : shared_bci_accel_top
| Device       : 7z020-clg400
| Speed File   : -1  PRODUCTION 1.12 2019-11-22
| Design State : Routed
------------------------------------------------------------------------------------------------------------------------------------------------------------------------------------------------

Timing Summary Report

------------------------------------------------------------------------------------------------
| Timer Settings
| --------------
------------------------------------------------------------------------------------------------

  Enable Multi Corner Analysis               :  Yes
  Enable Pessimism Removal                   :  Yes
  Pessimism Removal Resolution               :  Nearest Common Node
  Enable Input Delay Default Clock           :  No
  Enable Preset / Clear Arcs                 :  No
  Disable Flight Delays                      :  No
  Ignore I/O Paths                           :  No
  Timing Early Launch at Borrowing Latches   :  No
  Borrow Time for Max Delay Exceptions       :  Yes
  Merge Timing Exceptions                    :  Yes
  Inter-SLR Compensation                     :  Conservative

  Corner  Analyze    Analyze    
  Name    Max Paths  Min Paths  
  ------  ---------  ---------  
  Slow    Yes        Yes        
  Fast    Yes        Yes        


------------------------------------------------------------------------------------------------
| Report Methodology
| ------------------
------------------------------------------------------------------------------------------------

No report available as report_methodology has not been run prior. Run report_methodology on the current design for the summary of methodology violations.



check_timing report

Table of Contents
-----------------
1. checking no_clock (0)
2. checking constant_clock (0)
3. checking pulse_width_clock (0)
4. checking unconstrained_internal_endpoints (0)
5. checking no_input_delay (110)
6. checking no_output_delay (69)
7. checking multiple_clock (0)
8. checking generated_clocks (0)
9. checking loops (0)
10. checking partial_input_delay (0)
11. checking partial_output_delay (0)
12. checking latch_loops (0)

1. checking no_clock (0)
------------------------
 There are 0 register/latch pins with no clock.


2. checking constant_clock (0)
------------------------------
 There are 0 register/latch pins with constant_clock.


3. checking pulse_width_clock (0)
---------------------------------
 There are 0 register/latch pins which need pulse_width check


4. checking unconstrained_internal_endpoints (0)
------------------------------------------------
 There are 0 pins that are not constrained for maximum delay.

 There are 0 pins that are not constrained for maximum delay due to constant clock.


5. checking no_input_delay (110)
--------------------------------
 There are 110 input ports with no input delay specified. (HIGH)

 There are 0 input ports with no input delay but user has a false path constraint.


6. checking no_output_delay (69)
--------------------------------
 There are 69 ports with no output delay specified. (HIGH)

 There are 0 ports with no output delay but user has a false path constraint

 There are 0 ports with no output delay but with a timing clock defined on it or propagating through it


7. checking multiple_clock (0)
------------------------------
 There are 0 register/latch pins with multiple clocks.


8. checking generated_clocks (0)
--------------------------------
 There are 0 generated clocks that are not connected to a clock source.


9. checking loops (0)
---------------------
 There are 0 combinational loops in the design.


10. checking partial_input_delay (0)
------------------------------------
 There are 0 input ports with partial input delay specified.


11. checking partial_output_delay (0)
-------------------------------------
 There are 0 ports with partial output delay specified.


12. checking latch_loops (0)
----------------------------
 There are 0 combinational latch loops in the design through latch input



------------------------------------------------------------------------------------------------
| Design Timing Summary
| ---------------------
------------------------------------------------------------------------------------------------

    WNS(ns)      TNS(ns)  TNS Failing Endpoints  TNS Total Endpoints      WHS(ns)      THS(ns)  THS Failing Endpoints  THS Total Endpoints     WPWS(ns)     TPWS(ns)  TPWS Failing Endpoints  TPWS Total Endpoints  
    -------      -------  ---------------------  -------------------      -------      -------  ---------------------  -------------------     --------     --------  ----------------------  --------------------  
      0.352        0.000                      0                25370        0.029        0.000                      0                25370        5.893        0.000                       0                 11227  


All user specified timing constraints are met.


------------------------------------------------------------------------------------------------
| Clock Summary
| -------------
------------------------------------------------------------------------------------------------

Clock  Waveform(ns)       Period(ns)      Frequency(MHz)
-----  ------------       ----------      --------------
clk    {0.000 7.143}      14.286          69.999          


------------------------------------------------------------------------------------------------
| Intra Clock Table
| -----------------
------------------------------------------------------------------------------------------------

Clock             WNS(ns)      TNS(ns)  TNS Failing Endpoints  TNS Total Endpoints      WHS(ns)      THS(ns)  THS Failing Endpoints  THS Total Endpoints     WPWS(ns)     TPWS(ns)  TPWS Failing Endpoints  TPWS Total Endpoints  
-----             -------      -------  ---------------------  -------------------      -------      -------  ---------------------  -------------------     --------     --------  ----------------------  --------------------  
clk                 0.352        0.000                      0                25370        0.029        0.000                      0                25370        5.893        0.000                       0                 11227  


------------------------------------------------------------------------------------------------
| Inter Clock Table
| -----------------
------------------------------------------------------------------------------------------------

From Clock    To Clock          WNS(ns)      TNS(ns)  TNS Failing Endpoints  TNS Total Endpoints      WHS(ns)      THS(ns)  THS Failing Endpoints  THS Total Endpoints  
----------    --------          -------      -------  ---------------------  -------------------      -------      -------  ---------------------  -------------------  


------------------------------------------------------------------------------------------------
| Other Path Groups Table
| -----------------------
------------------------------------------------------------------------------------------------

Path Group    From Clock    To Clock          WNS(ns)      TNS(ns)  TNS Failing Endpoints  TNS Total Endpoints      WHS(ns)      THS(ns)  THS Failing Endpoints  THS Total Endpoints  
----------    ----------    --------          -------      -------  ---------------------  -------------------      -------      -------  ---------------------  -------------------  


------------------------------------------------------------------------------------------------
| User Ignored Path Table
| -----------------------
------------------------------------------------------------------------------------------------

Path Group    From Clock    To Clock    
----------    ----------    --------    


------------------------------------------------------------------------------------------------
| Unconstrained Path Table
| ------------------------
------------------------------------------------------------------------------------------------

Path Group    From Clock    To Clock    
----------    ----------    --------    
(none)        clk                         
(none)                      clk           


------------------------------------------------------------------------------------------------
| Timing Details
| --------------
------------------------------------------------------------------------------------------------


---------------------------------------------------------------------------------------------------
From Clock:  clk
  To Clock:  clk

Setup :            0  Failing Endpoints,  Worst Slack        0.352ns,  Total Violation        0.000ns
Hold  :            0  Failing Endpoints,  Worst Slack        0.029ns,  Total Violation        0.000ns
PW    :            0  Failing Endpoints,  Worst Slack        5.893ns,  Total Violation        0.000ns
---------------------------------------------------------------------------------------------------


Max Delay Paths
--------------------------------------------------------------------------------------
Slack (MET) :             0.352ns  (required time - arrival time)
  Source:                 u_shared_bci_accel_core/u_execution_engine/u_window_pipeline/result_returned_count_q_reg[1]/C
                            (rising edge-triggered cell FDCE clocked by clk  {rise@0.000ns fall@7.143ns period=14.286ns})
  Destination:            u_shared_bci_accel_core/u_execution_engine/u_accumulation_scratch/gen_state_pair[21].u_odd_state/RAMA/I
                            (rising edge-triggered cell RAMD32 clocked by clk  {rise@0.000ns fall@7.143ns period=14.286ns})
  Path Group:             clk
  Path Type:              Setup (Max at Slow Process Corner)
  Requirement:            14.286ns  (clk rise@14.286ns - clk rise@0.000ns)
  Data Path Delay:        13.294ns  (logic 3.563ns (26.801%)  route 9.731ns (73.199%))
  Logic Levels:           14  (CARRY4=3 LUT2=1 LUT3=2 LUT4=2 LUT5=3 LUT6=3)
  Clock Path Skew:        -0.197ns (DCD - SCD + CPR)
    Destination Clock Delay (DCD):    1.541ns = ( 15.827 - 14.286 ) 
    Source Clock Delay      (SCD):    1.738ns
    Clock Pessimism Removal (CPR):    0.000ns
  Clock Uncertainty:      0.035ns  ((TSJ^2 + TIJ^2)^1/2 + DJ) / 2 + PE
    Total System Jitter     (TSJ):    0.071ns
    Total Input Jitter      (TIJ):    0.000ns
    Discrete Jitter          (DJ):    0.000ns
    Phase Error              (PE):    0.000ns

    Location             Delay type                Incr(ns)  Path(ns)    Netlist Resource(s)
  -------------------------------------------------------------------    -------------------
                         (clock clk rise edge)        0.000     0.000 r  
                                                      0.000     0.000 r  clk (IN)
                         net (fo=11226, unset)        1.738     1.738    u_shared_bci_accel_core/u_execution_engine/u_window_pipeline/clk
    SLICE_X9Y23          FDCE                                         r  u_shared_bci_accel_core/u_execution_engine/u_window_pipeline/result_returned_count_q_reg[1]/C
  -------------------------------------------------------------------    -------------------
    SLICE_X9Y23          FDCE (Prop_fdce_C_Q)         0.456     2.194 r  u_shared_bci_accel_core/u_execution_engine/u_window_pipeline/result_returned_count_q_reg[1]/Q
                         net (fo=1, routed)           0.422     2.616    u_shared_bci_accel_core/u_execution_engine/u_window_pipeline/result_returned_count_q[1]
    SLICE_X10Y24         CARRY4 (Prop_carry4_S[0]_O[2])
                                                      0.668     3.284 r  u_shared_bci_accel_core/u_execution_engine/u_window_pipeline/result_returned_count_q_reg[4]_i_2/O[2]
                         net (fo=3, routed)           1.002     4.286    u_shared_bci_accel_core/u_execution_engine/u_window_pipeline/result_returned_count_q_reg[4]_i_2_n_5
    SLICE_X8Y25          LUT4 (Prop_lut4_I1_O)        0.301     4.587 r  u_shared_bci_accel_core/u_execution_engine/u_window_pipeline/result_active_q_i_15/O
                         net (fo=1, routed)           0.000     4.587    u_shared_bci_accel_core/u_execution_engine/u_window_pipeline/result_active_q_i_15_n_0
    SLICE_X8Y25          CARRY4 (Prop_carry4_S[1]_CO[3])
                                                      0.533     5.120 r  u_shared_bci_accel_core/u_execution_engine/u_window_pipeline/result_active_q_reg_i_4/CO[3]
                         net (fo=1, routed)           0.000     5.120    u_shared_bci_accel_core/u_execution_engine/u_window_pipeline/result_active_q_reg_i_4_n_0
    SLICE_X8Y26          CARRY4 (Prop_carry4_CI_CO[1])
                                                      0.157     5.277 r  u_shared_bci_accel_core/u_execution_engine/u_window_pipeline/result_active_q_reg_i_3/CO[1]
                         net (fo=1, routed)           1.569     6.846    u_shared_bci_accel_core/u_execution_engine/u_window_pipeline/result_last_return026_in
    SLICE_X57Y25         LUT3 (Prop_lut3_I0_O)        0.332     7.178 r  u_shared_bci_accel_core/u_execution_engine/u_window_pipeline/result_active_q_i_2/O
                         net (fo=20, routed)          0.601     7.779    u_shared_bci_accel_core/u_execution_engine/u_window_pipeline/window_done
    SLICE_X57Y26         LUT4 (Prop_lut4_I0_O)        0.124     7.903 r  u_shared_bci_accel_core/u_execution_engine/u_window_pipeline/window_done_pending_q_i_5/O
                         net (fo=3, routed)           0.311     8.215    u_shared_bci_accel_core/u_execution_engine/u_window_pipeline/window_done_pending_q_i_5_n_0
    SLICE_X55Y26         LUT5 (Prop_lut5_I0_O)        0.124     8.339 f  u_shared_bci_accel_core/u_execution_engine/u_window_pipeline/pool_chunk_select_q_i_6/O
                         net (fo=3, routed)           0.302     8.640    u_shared_bci_accel_core/u_execution_engine/u_window_pipeline/pool_chunk_select_q_i_6_n_0
    SLICE_X55Y27         LUT2 (Prop_lut2_I1_O)        0.124     8.764 r  u_shared_bci_accel_core/u_execution_engine/u_window_pipeline/chunk_word_count_q[3]_i_4/O
                         net (fo=8, routed)           0.322     9.087    u_shared_bci_accel_core/u_execution_engine/u_window_pipeline/chunk_word_count_q[3]_i_4_n_0
    SLICE_X59Y27         LUT5 (Prop_lut5_I0_O)        0.124     9.211 r  u_shared_bci_accel_core/u_execution_engine/u_window_pipeline/gen_state_pair[0].u_even_state_i_110/O
                         net (fo=257, routed)         2.034    11.244    u_shared_bci_accel_core/u_execution_engine/u_window_pipeline/scratch_first_plane_write
    SLICE_X93Y45         LUT6 (Prop_lut6_I1_O)        0.124    11.368 r  u_shared_bci_accel_core/u_execution_engine/u_window_pipeline/gen_state_pair[21].u_even_state_i_13/O
                         net (fo=1, routed)           0.687    12.056    u_shared_bci_accel_core/u_execution_engine/u_window_pipeline/gen_state_pair[21].u_even_state_i_13_n_0
    SLICE_X93Y46         LUT6 (Prop_lut6_I2_O)        0.124    12.180 r  u_shared_bci_accel_core/u_execution_engine/u_window_pipeline/gen_state_pair[21].u_even_state_i_10/O
                         net (fo=1, routed)           0.428    12.608    u_shared_bci_accel_core/u_execution_engine/u_operand_service/gen_state_pair[21].u_even_state_i_4_0
    SLICE_X91Y47         LUT6 (Prop_lut6_I4_O)        0.124    12.732 f  u_shared_bci_accel_core/u_execution_engine/u_operand_service/gen_state_pair[21].u_even_state_i_8/O
                         net (fo=1, routed)           0.884    13.616    u_shared_bci_accel_core/u_execution_engine/u_operand_service/gen_state_pair[21].u_even_state_i_8_n_0
    SLICE_X73Y47         LUT5 (Prop_lut5_I3_O)        0.124    13.740 r  u_shared_bci_accel_core/u_execution_engine/u_operand_service/gen_state_pair[21].u_even_state_i_4/O
                         net (fo=2, routed)           0.789    14.529    u_shared_bci_accel_core/u_execution_engine/u_operand_service/gen_state_pair[21].u_even_state_i_4_n_0
    SLICE_X67Y52         LUT3 (Prop_lut3_I2_O)        0.124    14.653 r  u_shared_bci_accel_core/u_execution_engine/u_operand_service/gen_state_pair[21].u_odd_state_i_2/O
                         net (fo=2, routed)           0.379    15.032    u_shared_bci_accel_core/u_execution_engine/u_accumulation_scratch/gen_state_pair[21].u_odd_state/DIA0
    SLICE_X66Y52         RAMD32                                       r  u_shared_bci_accel_core/u_execution_engine/u_accumulation_scratch/gen_state_pair[21].u_odd_state/RAMA/I
  -------------------------------------------------------------------    -------------------

                         (clock clk rise edge)       14.286    14.286 r  
                                                      0.000    14.286 r  clk (IN)
                         net (fo=11226, unset)        1.541    15.827    u_shared_bci_accel_core/u_execution_engine/u_accumulation_scratch/gen_state_pair[21].u_odd_state/WCLK
    SLICE_X66Y52         RAMD32                                       r  u_shared_bci_accel_core/u_execution_engine/u_accumulation_scratch/gen_state_pair[21].u_odd_state/RAMA/CLK
                         clock pessimism              0.000    15.827    
                         clock uncertainty           -0.035    15.792    
    SLICE_X66Y52         RAMD32 (Setup_ramd32_CLK_I)
                                                     -0.407    15.385    u_shared_bci_accel_core/u_execution_engine/u_accumulation_scratch/gen_state_pair[21].u_odd_state/RAMA
  -------------------------------------------------------------------
                         required time                         15.385    
                         arrival time                         -15.032    
  -------------------------------------------------------------------
                         slack                                  0.352    

Slack (MET) :             0.353ns  (required time - arrival time)
  Source:                 u_shared_bci_accel_core/u_execution_engine/u_apx_cluster/gen_pair_add[0].pair_adder_inst/output_valid_reg/C
                            (rising edge-triggered cell FDCE clocked by clk  {rise@0.000ns fall@7.143ns period=14.286ns})
  Destination:            u_shared_bci_accel_core/u_execution_engine/u_apx_cluster/gen_pair_add[4].pair_adder_inst/select_exponent_delta_q_reg[3]/D
                            (rising edge-triggered cell FDCE clocked by clk  {rise@0.000ns fall@7.143ns period=14.286ns})
  Path Group:             clk
  Path Type:              Setup (Max at Slow Process Corner)
  Requirement:            14.286ns  (clk rise@14.286ns - clk rise@0.000ns)
  Data Path Delay:        13.999ns  (logic 3.247ns (23.195%)  route 10.752ns (76.805%))
  Logic Levels:           16  (CARRY4=2 LUT3=6 LUT4=1 LUT5=3 LUT6=4)
  Clock Path Skew:        0.026ns (DCD - SCD + CPR)
    Destination Clock Delay (DCD):    1.541ns = ( 15.827 - 14.286 ) 
    Source Clock Delay      (SCD):    1.630ns
    Clock Pessimism Removal (CPR):    0.115ns
  Clock Uncertainty:      0.035ns  ((TSJ^2 + TIJ^2)^1/2 + DJ) / 2 + PE
    Total System Jitter     (TSJ):    0.071ns
    Total Input Jitter      (TIJ):    0.000ns
    Discrete Jitter          (DJ):    0.000ns
    Phase Error              (PE):    0.000ns

    Location             Delay type                Incr(ns)  Path(ns)    Netlist Resource(s)
  -------------------------------------------------------------------    -------------------
                         (clock clk rise edge)        0.000     0.000 r  
                                                      0.000     0.000 r  clk (IN)
                         net (fo=11226, unset)        1.630     1.630    u_shared_bci_accel_core/u_execution_engine/u_apx_cluster/gen_pair_add[0].pair_adder_inst/clk
    SLICE_X52Y67         FDCE                                         r  u_shared_bci_accel_core/u_execution_engine/u_apx_cluster/gen_pair_add[0].pair_adder_inst/output_valid_reg/C
  -------------------------------------------------------------------    -------------------
    SLICE_X52Y67         FDCE (Prop_fdce_C_Q)         0.456     2.086 f  u_shared_bci_accel_core/u_execution_engine/u_apx_cluster/gen_pair_add[0].pair_adder_inst/output_valid_reg/Q
                         net (fo=260, routed)         1.740     3.826    u_shared_bci_accel_core/u_execution_engine/u_apx_cluster/gen_pair_add[0].pair_adder_inst/pair_raw_valid
    SLICE_X57Y44         LUT3 (Prop_lut3_I0_O)        0.124     3.950 f  u_shared_bci_accel_core/u_execution_engine/u_apx_cluster/gen_pair_add[0].pair_adder_inst/quad_reduce_d0_q_i_1/O
                         net (fo=25, routed)          0.482     4.432    u_shared_bci_accel_core/u_execution_engine/u_apx_cluster/gen_quad_add[0].quad_adder_inst/pair_reduce_valid
    SLICE_X57Y44         LUT6 (Prop_lut6_I5_O)        0.124     4.556 r  u_shared_bci_accel_core/u_execution_engine/u_apx_cluster/gen_quad_add[0].quad_adder_inst/parallel_add_ready_INST_0_i_1/O
                         net (fo=4, routed)           0.652     5.207    u_shared_bci_accel_core/u_execution_engine/u_apx_cluster/gen_quad_add[0].quad_adder_inst/p_23_in
    SLICE_X61Y52         LUT6 (Prop_lut6_I4_O)        0.124     5.331 r  u_shared_bci_accel_core/u_execution_engine/u_apx_cluster/gen_quad_add[0].quad_adder_inst/post_add_ready_INST_0_i_2/O
                         net (fo=3, routed)           0.164     5.495    u_shared_bci_accel_core/u_execution_engine/u_apx_cluster/gen_quad_add[0].quad_adder_inst/direct_command_issue
    SLICE_X61Y52         LUT4 (Prop_lut4_I0_O)        0.124     5.619 r  u_shared_bci_accel_core/u_execution_engine/u_apx_cluster/gen_quad_add[0].quad_adder_inst/post_add_ready_INST_0_i_1/O
                         net (fo=28, routed)          0.849     6.468    u_shared_bci_accel_core/u_execution_engine/u_apx_cluster/gen_quad_add[0].quad_adder_inst/direct_add_issue0
    SLICE_X62Y63         LUT3 (Prop_lut3_I1_O)        0.124     6.592 r  u_shared_bci_accel_core/u_execution_engine/u_apx_cluster/gen_quad_add[0].quad_adder_inst/pair_vector_pipe_q[0]_i_1/O
                         net (fo=95, routed)          1.656     8.248    u_shared_bci_accel_core/u_execution_engine/u_apx_cluster/gen_pair_add[0].pair_adder_inst/select_bypass_value_q_reg[14]_0[0]
    SLICE_X47Y81         LUT5 (Prop_lut5_I4_O)        0.124     8.372 r  u_shared_bci_accel_core/u_execution_engine/u_apx_cluster/gen_pair_add[0].pair_adder_inst/select_bypass_value_q[3]_i_2__3/O
                         net (fo=1, routed)           0.653     9.025    u_shared_bci_accel_core/u_execution_engine/u_apx_cluster/gen_multiply[8].multiplier_inst/select_bypass_value_q_reg[3]
    SLICE_X50Y83         LUT3 (Prop_lut3_I2_O)        0.124     9.149 r  u_shared_bci_accel_core/u_execution_engine/u_apx_cluster/gen_multiply[8].multiplier_inst/select_bypass_value_q[3]_i_1__1/O
                         net (fo=5, routed)           1.155    10.304    u_shared_bci_accel_core/u_execution_engine/u_apx_cluster/gen_multiply[9].multiplier_inst/pair_operand_x_bus_64[1]
    SLICE_X60Y91         LUT6 (Prop_lut6_I3_O)        0.124    10.428 r  u_shared_bci_accel_core/u_execution_engine/u_apx_cluster/gen_multiply[9].multiplier_inst/select_mantissa_large_q[9]_i_14__2/O
                         net (fo=1, routed)           0.569    10.996    u_shared_bci_accel_core/u_execution_engine/u_apx_cluster/gen_multiply[9].multiplier_inst/select_mantissa_large_q[9]_i_14__2_n_0
    SLICE_X61Y91         CARRY4 (Prop_carry4_DI[1]_CO[3])
                                                      0.507    11.503 r  u_shared_bci_accel_core/u_execution_engine/u_apx_cluster/gen_multiply[9].multiplier_inst/select_mantissa_large_q_reg[9]_i_9__0/CO[3]
                         net (fo=1, routed)           0.000    11.503    u_shared_bci_accel_core/u_execution_engine/u_apx_cluster/gen_multiply[9].multiplier_inst/select_mantissa_large_q_reg[9]_i_9__0_n_0
    SLICE_X61Y92         CARRY4 (Prop_carry4_CI_CO[0])
                                                      0.271    11.774 r  u_shared_bci_accel_core/u_execution_engine/u_apx_cluster/gen_multiply[9].multiplier_inst/select_mantissa_large_q_reg[9]_i_8__2/CO[0]
                         net (fo=1, routed)           0.601    12.376    u_shared_bci_accel_core/u_execution_engine/u_apx_cluster/gen_multiply[9].multiplier_inst/select_mantissa_large_q_reg[9]_i_8__2_n_3
    SLICE_X66Y95         LUT5 (Prop_lut5_I0_O)        0.373    12.749 r  u_shared_bci_accel_core/u_execution_engine/u_apx_cluster/gen_multiply[9].multiplier_inst/select_mantissa_large_q[9]_i_7__1/O
                         net (fo=1, routed)           0.306    13.055    u_shared_bci_accel_core/u_execution_engine/u_apx_cluster/gen_multiply[9].multiplier_inst/select_mantissa_large_q[9]_i_7__1_n_0
    SLICE_X66Y96         LUT3 (Prop_lut3_I0_O)        0.124    13.179 r  u_shared_bci_accel_core/u_execution_engine/u_apx_cluster/gen_multiply[9].multiplier_inst/select_mantissa_large_q[9]_i_6__2/O
                         net (fo=1, routed)           0.344    13.522    u_shared_bci_accel_core/u_execution_engine/u_apx_cluster/gen_pair_add[0].pair_adder_inst/select_exponent_base_q_reg[0]_0
    SLICE_X67Y96         LUT5 (Prop_lut5_I0_O)        0.124    13.646 r  u_shared_bci_accel_core/u_execution_engine/u_apx_cluster/gen_pair_add[0].pair_adder_inst/select_mantissa_large_q[9]_i_4__0/O
                         net (fo=30, routed)          0.601    14.247    u_shared_bci_accel_core/u_execution_engine/u_apx_cluster/gen_pair_add[0].pair_adder_inst/operand_x_is_large
    SLICE_X66Y96         LUT3 (Prop_lut3_I2_O)        0.124    14.371 r  u_shared_bci_accel_core/u_execution_engine/u_apx_cluster/gen_pair_add[0].pair_adder_inst/select_exponent_delta_q[2]_i_4__2/O
                         net (fo=3, routed)           0.315    14.686    u_shared_bci_accel_core/u_execution_engine/u_apx_cluster/gen_pair_add[0].pair_adder_inst/product_reg[10]_0
    SLICE_X66Y97         LUT6 (Prop_lut6_I5_O)        0.124    14.810 r  u_shared_bci_accel_core/u_execution_engine/u_apx_cluster/gen_pair_add[0].pair_adder_inst/select_exponent_delta_q[4]_i_3__3/O
                         net (fo=2, routed)           0.667    15.477    u_shared_bci_accel_core/u_execution_engine/u_apx_cluster/gen_pair_add[0].pair_adder_inst/select_exponent_delta_q[4]_i_3__3_n_0
    SLICE_X67Y97         LUT3 (Prop_lut3_I2_O)        0.152    15.629 r  u_shared_bci_accel_core/u_execution_engine/u_apx_cluster/gen_pair_add[0].pair_adder_inst/select_exponent_delta_q[3]_i_1__4/O
                         net (fo=1, routed)           0.000    15.629    u_shared_bci_accel_core/u_execution_engine/u_apx_cluster/gen_pair_add[4].pair_adder_inst/select_exponent_delta_q_reg[4]_0[3]
    SLICE_X67Y97         FDCE                                         r  u_shared_bci_accel_core/u_execution_engine/u_apx_cluster/gen_pair_add[4].pair_adder_inst/select_exponent_delta_q_reg[3]/D
  -------------------------------------------------------------------    -------------------

                         (clock clk rise edge)       14.286    14.286 r  
                                                      0.000    14.286 r  clk (IN)
                         net (fo=11226, unset)        1.541    15.827    u_shared_bci_accel_core/u_execution_engine/u_apx_cluster/gen_pair_add[4].pair_adder_inst/clk
    SLICE_X67Y97         FDCE                                         r  u_shared_bci_accel_core/u_execution_engine/u_apx_cluster/gen_pair_add[4].pair_adder_inst/select_exponent_delta_q_reg[3]/C
                         clock pessimism              0.115    15.942    
                         clock uncertainty           -0.035    15.907    
    SLICE_X67Y97         FDCE (Setup_fdce_C_D)        0.075    15.982    u_shared_bci_accel_core/u_execution_engine/u_apx_cluster/gen_pair_add[4].pair_adder_inst/select_exponent_delta_q_reg[3]
  -------------------------------------------------------------------
                         required time                         15.982    
                         arrival time                         -15.629    
  -------------------------------------------------------------------
                         slack                                  0.353    

Slack (MET) :             0.363ns  (required time - arrival time)
  Source:                 u_shared_bci_accel_core/u_execution_engine/iir_samples_remaining_q_reg[11]/C
                            (rising edge-triggered cell FDCE clocked by clk  {rise@0.000ns fall@7.143ns period=14.286ns})
  Destination:            u_shared_bci_accel_core/u_execution_engine/u_accumulation_scratch/gen_state_pair[62].u_even_state/RAMA_D1/I
                            (rising edge-triggered cell RAMD32 clocked by clk  {rise@0.000ns fall@7.143ns period=14.286ns})
  Path Group:             clk
  Path Type:              Setup (Max at Slow Process Corner)
  Requirement:            14.286ns  (clk rise@14.286ns - clk rise@0.000ns)
  Data Path Delay:        13.453ns  (logic 2.192ns (16.293%)  route 11.261ns (83.707%))
  Logic Levels:           14  (LUT2=1 LUT3=2 LUT4=2 LUT5=4 LUT6=4 RAMD32=1)
  Clock Path Skew:        -0.176ns (DCD - SCD + CPR)
    Destination Clock Delay (DCD):    1.545ns = ( 15.831 - 14.286 ) 
    Source Clock Delay      (SCD):    1.721ns
    Clock Pessimism Removal (CPR):    0.000ns
  Clock Uncertainty:      0.035ns  ((TSJ^2 + TIJ^2)^1/2 + DJ) / 2 + PE
    Total System Jitter     (TSJ):    0.071ns
    Total Input Jitter      (TIJ):    0.000ns
    Discrete Jitter          (DJ):    0.000ns
    Phase Error              (PE):    0.000ns

    Location             Delay type                Incr(ns)  Path(ns)    Netlist Resource(s)
  -------------------------------------------------------------------    -------------------
                         (clock clk rise edge)        0.000     0.000 r  
                                                      0.000     0.000 r  clk (IN)
                         net (fo=11226, unset)        1.721     1.721    u_shared_bci_accel_core/u_execution_engine/clk
    SLICE_X85Y22         FDCE                                         r  u_shared_bci_accel_core/u_execution_engine/iir_samples_remaining_q_reg[11]/C
  -------------------------------------------------------------------    -------------------
    SLICE_X85Y22         FDCE (Prop_fdce_C_Q)         0.456     2.177 r  u_shared_bci_accel_core/u_execution_engine/iir_samples_remaining_q_reg[11]/Q
                         net (fo=2, routed)           0.815     2.992    u_shared_bci_accel_core/u_execution_engine/u_accumulation_scratch/iir_samples_remaining_q[11]_i_9_0[10]
    SLICE_X86Y22         LUT4 (Prop_lut4_I0_O)        0.124     3.116 r  u_shared_bci_accel_core/u_execution_engine/u_accumulation_scratch/iir_samples_remaining_q[11]_i_16/O
                         net (fo=1, routed)           0.407     3.523    u_shared_bci_accel_core/u_execution_engine/u_accumulation_scratch/iir_samples_remaining_q[11]_i_16_n_0
    SLICE_X88Y22         LUT5 (Prop_lut5_I3_O)        0.124     3.647 f  u_shared_bci_accel_core/u_execution_engine/u_accumulation_scratch/iir_samples_remaining_q[11]_i_9/O
                         net (fo=12, routed)          0.756     4.403    u_shared_bci_accel_core/u_execution_engine/u_accumulation_scratch/iir_samples_remaining_q_reg[10]
    SLICE_X87Y26         LUT6 (Prop_lut6_I0_O)        0.124     4.527 r  u_shared_bci_accel_core/u_execution_engine/u_accumulation_scratch/iir_state_tail_reg_r1_0_15_0_5_i_15/O
                         net (fo=140, routed)         0.730     5.257    u_shared_bci_accel_core/u_execution_engine/u_accumulation_scratch/iir_drain_q_reg
    SLICE_X90Y27         LUT5 (Prop_lut5_I4_O)        0.124     5.381 r  u_shared_bci_accel_core/u_execution_engine/u_accumulation_scratch/iir_state_tail_reg_r2_0_15_0_5_i_9/O
                         net (fo=1, routed)           0.650     6.031    u_shared_bci_accel_core/u_execution_engine/u_accumulation_scratch/iir_state_tail_reg_r2_0_15_0_5_i_9_n_0
    SLICE_X85Y27         LUT6 (Prop_lut6_I5_O)        0.124     6.155 r  u_shared_bci_accel_core/u_execution_engine/u_accumulation_scratch/iir_state_tail_reg_r2_0_15_0_5_i_6/O
                         net (fo=1, routed)           0.300     6.455    u_shared_bci_accel_core/u_execution_engine/u_accumulation_scratch/iir_state_tail_reg_r2_0_15_0_5_i_6_n_0
    SLICE_X84Y28         LUT6 (Prop_lut6_I4_O)        0.124     6.579 r  u_shared_bci_accel_core/u_execution_engine/u_accumulation_scratch/iir_state_tail_reg_r2_0_15_0_5_i_2/O
                         net (fo=69, routed)          0.814     7.393    u_shared_bci_accel_core/u_execution_engine/u_accumulation_scratch/I31[0]
    SLICE_X72Y30         LUT6 (Prop_lut6_I1_O)        0.124     7.517 r  u_shared_bci_accel_core/u_execution_engine/u_accumulation_scratch/gen_state_pair[0].u_even_state_i_29/O
                         net (fo=1, routed)           1.122     8.639    u_shared_bci_accel_core/u_execution_engine/u_unified_retire/gen_state_pair[63].u_odd_state_5
    SLICE_X65Y45         LUT4 (Prop_lut4_I2_O)        0.124     8.763 r  u_shared_bci_accel_core/u_execution_engine/u_unified_retire/gen_state_pair[0].u_even_state_i_8/O
                         net (fo=256, routed)         1.782    10.545    u_shared_bci_accel_core/u_execution_engine/u_accumulation_scratch/gen_state_pair[62].u_odd_state/ADDRB1
    SLICE_X86Y55         RAMD32 (Prop_ramd32_RADR1_O)
                                                      0.124    10.669 r  u_shared_bci_accel_core/u_execution_engine/u_accumulation_scratch/gen_state_pair[62].u_odd_state/RAMB_D1/O
                         net (fo=2, routed)           0.975    11.643    u_shared_bci_accel_core/u_execution_engine/u_accumulation_scratch/scratch_odd_read1_data[125]
    SLICE_X80Y48         LUT3 (Prop_lut3_I0_O)        0.124    11.767 r  u_shared_bci_accel_core/u_execution_engine/u_accumulation_scratch/u_apx_cluster_i_1267/O
                         net (fo=3, routed)           0.433    12.200    u_shared_bci_accel_core/u_execution_engine/u_accumulation_scratch/u_apx_cluster_i_1267_n_0
    SLICE_X81Y46         LUT2 (Prop_lut2_I0_O)        0.124    12.324 r  u_shared_bci_accel_core/u_execution_engine/u_accumulation_scratch/u_apx_cluster_i_832/O
                         net (fo=4, routed)           0.598    12.922    u_shared_bci_accel_core/u_execution_engine/u_accumulation_scratch/u_apx_cluster_i_832_n_0
    SLICE_X78Y46         LUT5 (Prop_lut5_I1_O)        0.124    13.046 f  u_shared_bci_accel_core/u_execution_engine/u_accumulation_scratch/gen_state_pair[62].u_even_state_i_5/O
                         net (fo=1, routed)           0.560    13.606    u_shared_bci_accel_core/u_execution_engine/u_operand_service/gen_state_pair[62].u_odd_state_0
    SLICE_X75Y46         LUT5 (Prop_lut5_I1_O)        0.124    13.730 r  u_shared_bci_accel_core/u_execution_engine/u_operand_service/gen_state_pair[62].u_even_state_i_3/O
                         net (fo=2, routed)           0.782    14.512    u_shared_bci_accel_core/u_execution_engine/u_operand_service/gen_state_pair[62].u_even_state_i_3_n_0
    SLICE_X80Y50         LUT3 (Prop_lut3_I2_O)        0.124    14.636 r  u_shared_bci_accel_core/u_execution_engine/u_operand_service/gen_state_pair[62].u_even_state_i_1/O
                         net (fo=2, routed)           0.538    15.174    u_shared_bci_accel_core/u_execution_engine/u_accumulation_scratch/gen_state_pair[62].u_even_state/DIA1
    SLICE_X86Y54         RAMD32                                       r  u_shared_bci_accel_core/u_execution_engine/u_accumulation_scratch/gen_state_pair[62].u_even_state/RAMA_D1/I
  -------------------------------------------------------------------    -------------------

                         (clock clk rise edge)       14.286    14.286 r  
                                                      0.000    14.286 r  clk (IN)
                         net (fo=11226, unset)        1.545    15.831    u_shared_bci_accel_core/u_execution_engine/u_accumulation_scratch/gen_state_pair[62].u_even_state/WCLK
    SLICE_X86Y54         RAMD32                                       r  u_shared_bci_accel_core/u_execution_engine/u_accumulation_scratch/gen_state_pair[62].u_even_state/RAMA_D1/CLK
                         clock pessimism              0.000    15.831    
                         clock uncertainty           -0.035    15.796    
    SLICE_X86Y54         RAMD32 (Setup_ramd32_CLK_I)
                                                     -0.258    15.538    u_shared_bci_accel_core/u_execution_engine/u_accumulation_scratch/gen_state_pair[62].u_even_state/RAMA_D1
  -------------------------------------------------------------------
                         required time                         15.538    
                         arrival time                         -15.174    
  -------------------------------------------------------------------
                         slack                                  0.363    

Slack (MET) :             0.393ns  (required time - arrival time)
  Source:                 u_shared_bci_accel_core/u_execution_engine/iir_samples_remaining_q_reg[11]/C
                            (rising edge-triggered cell FDCE clocked by clk  {rise@0.000ns fall@7.143ns period=14.286ns})
  Destination:            u_shared_bci_accel_core/u_execution_engine/u_accumulation_scratch/gen_state_pair[62].u_even_state/RAMB_D1/I
                            (rising edge-triggered cell RAMD32 clocked by clk  {rise@0.000ns fall@7.143ns period=14.286ns})
  Path Group:             clk
  Path Type:              Setup (Max at Slow Process Corner)
  Requirement:            14.286ns  (clk rise@14.286ns - clk rise@0.000ns)
  Data Path Delay:        13.453ns  (logic 2.192ns (16.293%)  route 11.261ns (83.707%))
  Logic Levels:           14  (LUT2=1 LUT3=2 LUT4=2 LUT5=4 LUT6=4 RAMD32=1)
  Clock Path Skew:        -0.176ns (DCD - SCD + CPR)
    Destination Clock Delay (DCD):    1.545ns = ( 15.831 - 14.286 ) 
    Source Clock Delay      (SCD):    1.721ns
    Clock Pessimism Removal (CPR):    0.000ns
  Clock Uncertainty:      0.035ns  ((TSJ^2 + TIJ^2)^1/2 + DJ) / 2 + PE
    Total System Jitter     (TSJ):    0.071ns
    Total Input Jitter      (TIJ):    0.000ns
    Discrete Jitter          (DJ):    0.000ns
    Phase Error              (PE):    0.000ns

    Location             Delay type                Incr(ns)  Path(ns)    Netlist Resource(s)
  -------------------------------------------------------------------    -------------------
                         (clock clk rise edge)        0.000     0.000 r  
                                                      0.000     0.000 r  clk (IN)
                         net (fo=11226, unset)        1.721     1.721    u_shared_bci_accel_core/u_execution_engine/clk
    SLICE_X85Y22         FDCE                                         r  u_shared_bci_accel_core/u_execution_engine/iir_samples_remaining_q_reg[11]/C
  -------------------------------------------------------------------    -------------------
    SLICE_X85Y22         FDCE (Prop_fdce_C_Q)         0.456     2.177 r  u_shared_bci_accel_core/u_execution_engine/iir_samples_remaining_q_reg[11]/Q
                         net (fo=2, routed)           0.815     2.992    u_shared_bci_accel_core/u_execution_engine/u_accumulation_scratch/iir_samples_remaining_q[11]_i_9_0[10]
    SLICE_X86Y22         LUT4 (Prop_lut4_I0_O)        0.124     3.116 r  u_shared_bci_accel_core/u_execution_engine/u_accumulation_scratch/iir_samples_remaining_q[11]_i_16/O
                         net (fo=1, routed)           0.407     3.523    u_shared_bci_accel_core/u_execution_engine/u_accumulation_scratch/iir_samples_remaining_q[11]_i_16_n_0
    SLICE_X88Y22         LUT5 (Prop_lut5_I3_O)        0.124     3.647 f  u_shared_bci_accel_core/u_execution_engine/u_accumulation_scratch/iir_samples_remaining_q[11]_i_9/O
                         net (fo=12, routed)          0.756     4.403    u_shared_bci_accel_core/u_execution_engine/u_accumulation_scratch/iir_samples_remaining_q_reg[10]
    SLICE_X87Y26         LUT6 (Prop_lut6_I0_O)        0.124     4.527 r  u_shared_bci_accel_core/u_execution_engine/u_accumulation_scratch/iir_state_tail_reg_r1_0_15_0_5_i_15/O
                         net (fo=140, routed)         0.730     5.257    u_shared_bci_accel_core/u_execution_engine/u_accumulation_scratch/iir_drain_q_reg
    SLICE_X90Y27         LUT5 (Prop_lut5_I4_O)        0.124     5.381 r  u_shared_bci_accel_core/u_execution_engine/u_accumulation_scratch/iir_state_tail_reg_r2_0_15_0_5_i_9/O
                         net (fo=1, routed)           0.650     6.031    u_shared_bci_accel_core/u_execution_engine/u_accumulation_scratch/iir_state_tail_reg_r2_0_15_0_5_i_9_n_0
    SLICE_X85Y27         LUT6 (Prop_lut6_I5_O)        0.124     6.155 r  u_shared_bci_accel_core/u_execution_engine/u_accumulation_scratch/iir_state_tail_reg_r2_0_15_0_5_i_6/O
                         net (fo=1, routed)           0.300     6.455    u_shared_bci_accel_core/u_execution_engine/u_accumulation_scratch/iir_state_tail_reg_r2_0_15_0_5_i_6_n_0
    SLICE_X84Y28         LUT6 (Prop_lut6_I4_O)        0.124     6.579 r  u_shared_bci_accel_core/u_execution_engine/u_accumulation_scratch/iir_state_tail_reg_r2_0_15_0_5_i_2/O
                         net (fo=69, routed)          0.814     7.393    u_shared_bci_accel_core/u_execution_engine/u_accumulation_scratch/I31[0]
    SLICE_X72Y30         LUT6 (Prop_lut6_I1_O)        0.124     7.517 r  u_shared_bci_accel_core/u_execution_engine/u_accumulation_scratch/gen_state_pair[0].u_even_state_i_29/O
                         net (fo=1, routed)           1.122     8.639    u_shared_bci_accel_core/u_execution_engine/u_unified_retire/gen_state_pair[63].u_odd_state_5
    SLICE_X65Y45         LUT4 (Prop_lut4_I2_O)        0.124     8.763 r  u_shared_bci_accel_core/u_execution_engine/u_unified_retire/gen_state_pair[0].u_even_state_i_8/O
                         net (fo=256, routed)         1.782    10.545    u_shared_bci_accel_core/u_execution_engine/u_accumulation_scratch/gen_state_pair[62].u_odd_state/ADDRB1
    SLICE_X86Y55         RAMD32 (Prop_ramd32_RADR1_O)
                                                      0.124    10.669 r  u_shared_bci_accel_core/u_execution_engine/u_accumulation_scratch/gen_state_pair[62].u_odd_state/RAMB_D1/O
                         net (fo=2, routed)           0.975    11.643    u_shared_bci_accel_core/u_execution_engine/u_accumulation_scratch/scratch_odd_read1_data[125]
    SLICE_X80Y48         LUT3 (Prop_lut3_I0_O)        0.124    11.767 r  u_shared_bci_accel_core/u_execution_engine/u_accumulation_scratch/u_apx_cluster_i_1267/O
                         net (fo=3, routed)           0.433    12.200    u_shared_bci_accel_core/u_execution_engine/u_accumulation_scratch/u_apx_cluster_i_1267_n_0
    SLICE_X81Y46         LUT2 (Prop_lut2_I0_O)        0.124    12.324 r  u_shared_bci_accel_core/u_execution_engine/u_accumulation_scratch/u_apx_cluster_i_832/O
                         net (fo=4, routed)           0.598    12.922    u_shared_bci_accel_core/u_execution_engine/u_accumulation_scratch/u_apx_cluster_i_832_n_0
    SLICE_X78Y46         LUT5 (Prop_lut5_I1_O)        0.124    13.046 f  u_shared_bci_accel_core/u_execution_engine/u_accumulation_scratch/gen_state_pair[62].u_even_state_i_5/O
                         net (fo=1, routed)           0.560    13.606    u_shared_bci_accel_core/u_execution_engine/u_operand_service/gen_state_pair[62].u_odd_state_0
    SLICE_X75Y46         LUT5 (Prop_lut5_I1_O)        0.124    13.730 r  u_shared_bci_accel_core/u_execution_engine/u_operand_service/gen_state_pair[62].u_even_state_i_3/O
                         net (fo=2, routed)           0.782    14.512    u_shared_bci_accel_core/u_execution_engine/u_operand_service/gen_state_pair[62].u_even_state_i_3_n_0
    SLICE_X80Y50         LUT3 (Prop_lut3_I2_O)        0.124    14.636 r  u_shared_bci_accel_core/u_execution_engine/u_operand_service/gen_state_pair[62].u_even_state_i_1/O
                         net (fo=2, routed)           0.538    15.174    u_shared_bci_accel_core/u_execution_engine/u_accumulation_scratch/gen_state_pair[62].u_even_state/DIB1
    SLICE_X86Y54         RAMD32                                       r  u_shared_bci_accel_core/u_execution_engine/u_accumulation_scratch/gen_state_pair[62].u_even_state/RAMB_D1/I
  -------------------------------------------------------------------    -------------------

                         (clock clk rise edge)       14.286    14.286 r  
                                                      0.000    14.286 r  clk (IN)
                         net (fo=11226, unset)        1.545    15.831    u_shared_bci_accel_core/u_execution_engine/u_accumulation_scratch/gen_state_pair[62].u_even_state/WCLK
    SLICE_X86Y54         RAMD32                                       r  u_shared_bci_accel_core/u_execution_engine/u_accumulation_scratch/gen_state_pair[62].u_even_state/RAMB_D1/CLK
                         clock pessimism              0.000    15.831    
                         clock uncertainty           -0.035    15.796    
    SLICE_X86Y54         RAMD32 (Setup_ramd32_CLK_I)
                                                     -0.228    15.568    u_shared_bci_accel_core/u_execution_engine/u_accumulation_scratch/gen_state_pair[62].u_even_state/RAMB_D1
  -------------------------------------------------------------------
                         required time                         15.568    
                         arrival time                         -15.174    
  -------------------------------------------------------------------
                         slack                                  0.393    

Slack (MET) :             0.399ns  (required time - arrival time)
  Source:                 u_shared_bci_accel_core/u_execution_engine/iir_samples_remaining_q_reg[11]/C
                            (rising edge-triggered cell FDCE clocked by clk  {rise@0.000ns fall@7.143ns period=14.286ns})
  Destination:            u_shared_bci_accel_core/u_execution_engine/u_accumulation_scratch/gen_state_pair[54].u_even_state/RAMA/I
                            (rising edge-triggered cell RAMD32 clocked by clk  {rise@0.000ns fall@7.143ns period=14.286ns})
  Path Group:             clk
  Path Type:              Setup (Max at Slow Process Corner)
  Requirement:            14.286ns  (clk rise@14.286ns - clk rise@0.000ns)
  Data Path Delay:        13.262ns  (logic 2.444ns (18.428%)  route 10.818ns (81.572%))
  Logic Levels:           14  (LUT2=1 LUT3=2 LUT4=2 LUT5=4 LUT6=4 RAMD32=1)
  Clock Path Skew:        -0.183ns (DCD - SCD + CPR)
    Destination Clock Delay (DCD):    1.538ns = ( 15.824 - 14.286 ) 
    Source Clock Delay      (SCD):    1.721ns
    Clock Pessimism Removal (CPR):    0.000ns
  Clock Uncertainty:      0.035ns  ((TSJ^2 + TIJ^2)^1/2 + DJ) / 2 + PE
    Total System Jitter     (TSJ):    0.071ns
    Total Input Jitter      (TIJ):    0.000ns
    Discrete Jitter          (DJ):    0.000ns
    Phase Error              (PE):    0.000ns

    Location             Delay type                Incr(ns)  Path(ns)    Netlist Resource(s)
  -------------------------------------------------------------------    -------------------
                         (clock clk rise edge)        0.000     0.000 r  
                                                      0.000     0.000 r  clk (IN)
                         net (fo=11226, unset)        1.721     1.721    u_shared_bci_accel_core/u_execution_engine/clk
    SLICE_X85Y22         FDCE                                         r  u_shared_bci_accel_core/u_execution_engine/iir_samples_remaining_q_reg[11]/C
  -------------------------------------------------------------------    -------------------
    SLICE_X85Y22         FDCE (Prop_fdce_C_Q)         0.456     2.177 r  u_shared_bci_accel_core/u_execution_engine/iir_samples_remaining_q_reg[11]/Q
                         net (fo=2, routed)           0.815     2.992    u_shared_bci_accel_core/u_execution_engine/u_accumulation_scratch/iir_samples_remaining_q[11]_i_9_0[10]
    SLICE_X86Y22         LUT4 (Prop_lut4_I0_O)        0.124     3.116 r  u_shared_bci_accel_core/u_execution_engine/u_accumulation_scratch/iir_samples_remaining_q[11]_i_16/O
                         net (fo=1, routed)           0.407     3.523    u_shared_bci_accel_core/u_execution_engine/u_accumulation_scratch/iir_samples_remaining_q[11]_i_16_n_0
    SLICE_X88Y22         LUT5 (Prop_lut5_I3_O)        0.124     3.647 f  u_shared_bci_accel_core/u_execution_engine/u_accumulation_scratch/iir_samples_remaining_q[11]_i_9/O
                         net (fo=12, routed)          0.756     4.403    u_shared_bci_accel_core/u_execution_engine/u_accumulation_scratch/iir_samples_remaining_q_reg[10]
    SLICE_X87Y26         LUT6 (Prop_lut6_I0_O)        0.124     4.527 r  u_shared_bci_accel_core/u_execution_engine/u_accumulation_scratch/iir_state_tail_reg_r1_0_15_0_5_i_15/O
                         net (fo=140, routed)         0.730     5.257    u_shared_bci_accel_core/u_execution_engine/u_accumulation_scratch/iir_drain_q_reg
    SLICE_X90Y27         LUT5 (Prop_lut5_I4_O)        0.124     5.381 r  u_shared_bci_accel_core/u_execution_engine/u_accumulation_scratch/iir_state_tail_reg_r2_0_15_0_5_i_9/O
                         net (fo=1, routed)           0.650     6.031    u_shared_bci_accel_core/u_execution_engine/u_accumulation_scratch/iir_state_tail_reg_r2_0_15_0_5_i_9_n_0
    SLICE_X85Y27         LUT6 (Prop_lut6_I5_O)        0.124     6.155 r  u_shared_bci_accel_core/u_execution_engine/u_accumulation_scratch/iir_state_tail_reg_r2_0_15_0_5_i_6/O
                         net (fo=1, routed)           0.300     6.455    u_shared_bci_accel_core/u_execution_engine/u_accumulation_scratch/iir_state_tail_reg_r2_0_15_0_5_i_6_n_0
    SLICE_X84Y28         LUT6 (Prop_lut6_I4_O)        0.124     6.579 r  u_shared_bci_accel_core/u_execution_engine/u_accumulation_scratch/iir_state_tail_reg_r2_0_15_0_5_i_2/O
                         net (fo=69, routed)          0.814     7.393    u_shared_bci_accel_core/u_execution_engine/u_accumulation_scratch/I31[0]
    SLICE_X72Y30         LUT6 (Prop_lut6_I1_O)        0.124     7.517 r  u_shared_bci_accel_core/u_execution_engine/u_accumulation_scratch/gen_state_pair[0].u_even_state_i_29/O
                         net (fo=1, routed)           1.122     8.639    u_shared_bci_accel_core/u_execution_engine/u_unified_retire/gen_state_pair[63].u_odd_state_5
    SLICE_X65Y45         LUT4 (Prop_lut4_I2_O)        0.124     8.763 r  u_shared_bci_accel_core/u_execution_engine/u_unified_retire/gen_state_pair[0].u_even_state_i_8/O
                         net (fo=256, routed)         1.679    10.442    u_shared_bci_accel_core/u_execution_engine/u_accumulation_scratch/gen_state_pair[54].u_even_state/ADDRB1
    SLICE_X66Y59         RAMD32 (Prop_ramd32_RADR1_O)
                                                      0.152    10.594 r  u_shared_bci_accel_core/u_execution_engine/u_accumulation_scratch/gen_state_pair[54].u_even_state/RAMB/O
                         net (fo=2, routed)           0.967    11.562    u_shared_bci_accel_core/u_execution_engine/u_accumulation_scratch/scratch_even_read1_data[108]
    SLICE_X73Y48         LUT3 (Prop_lut3_I2_O)        0.348    11.910 r  u_shared_bci_accel_core/u_execution_engine/u_accumulation_scratch/u_apx_cluster_i_1297/O
                         net (fo=3, routed)           0.436    12.346    u_shared_bci_accel_core/u_execution_engine/u_accumulation_scratch/u_apx_cluster_i_1297_n_0
    SLICE_X73Y47         LUT2 (Prop_lut2_I1_O)        0.124    12.470 f  u_shared_bci_accel_core/u_execution_engine/u_accumulation_scratch/u_apx_cluster_i_879/O
                         net (fo=4, routed)           0.429    12.899    u_shared_bci_accel_core/u_execution_engine/u_accumulation_scratch/u_apx_cluster_i_879_n_0
    SLICE_X73Y47         LUT5 (Prop_lut5_I1_O)        0.124    13.023 f  u_shared_bci_accel_core/u_execution_engine/u_accumulation_scratch/gen_state_pair[54].u_even_state_i_7/O
                         net (fo=1, routed)           0.403    13.426    u_shared_bci_accel_core/u_execution_engine/u_operand_service/gen_state_pair[54].u_odd_state
    SLICE_X73Y47         LUT5 (Prop_lut5_I1_O)        0.124    13.550 r  u_shared_bci_accel_core/u_execution_engine/u_operand_service/gen_state_pair[54].u_even_state_i_4/O
                         net (fo=2, routed)           0.312    13.862    u_shared_bci_accel_core/u_execution_engine/u_operand_service/gen_state_pair[54].u_even_state_i_4_n_0
    SLICE_X72Y48         LUT3 (Prop_lut3_I2_O)        0.124    13.986 r  u_shared_bci_accel_core/u_execution_engine/u_operand_service/gen_state_pair[54].u_even_state_i_2/O
                         net (fo=2, routed)           0.997    14.983    u_shared_bci_accel_core/u_execution_engine/u_accumulation_scratch/gen_state_pair[54].u_even_state/DIA0
    SLICE_X66Y59         RAMD32                                       r  u_shared_bci_accel_core/u_execution_engine/u_accumulation_scratch/gen_state_pair[54].u_even_state/RAMA/I
  -------------------------------------------------------------------    -------------------

                         (clock clk rise edge)       14.286    14.286 r  
                                                      0.000    14.286 r  clk (IN)
                         net (fo=11226, unset)        1.538    15.824    u_shared_bci_accel_core/u_execution_engine/u_accumulation_scratch/gen_state_pair[54].u_even_state/WCLK
    SLICE_X66Y59         RAMD32                                       r  u_shared_bci_accel_core/u_execution_engine/u_accumulation_scratch/gen_state_pair[54].u_even_state/RAMA/CLK
                         clock pessimism              0.000    15.824    
                         clock uncertainty           -0.035    15.789    
    SLICE_X66Y59         RAMD32 (Setup_ramd32_CLK_I)
                                                     -0.407    15.382    u_shared_bci_accel_core/u_execution_engine/u_accumulation_scratch/gen_state_pair[54].u_even_state/RAMA
  -------------------------------------------------------------------
                         required time                         15.382    
                         arrival time                         -14.983    
  -------------------------------------------------------------------
                         slack                                  0.399    

Slack (MET) :             0.422ns  (required time - arrival time)
  Source:                 u_shared_bci_accel_core/u_execution_engine/iir_samples_remaining_q_reg[11]/C
                            (rising edge-triggered cell FDCE clocked by clk  {rise@0.000ns fall@7.143ns period=14.286ns})
  Destination:            u_shared_bci_accel_core/u_execution_engine/u_accumulation_scratch/gen_state_pair[61].u_odd_state/RAMA_D1/I
                            (rising edge-triggered cell RAMD32 clocked by clk  {rise@0.000ns fall@7.143ns period=14.286ns})
  Path Group:             clk
  Path Type:              Setup (Max at Slow Process Corner)
  Requirement:            14.286ns  (clk rise@14.286ns - clk rise@0.000ns)
  Data Path Delay:        13.388ns  (logic 2.192ns (16.373%)  route 11.196ns (83.627%))
  Logic Levels:           14  (LUT2=1 LUT3=2 LUT4=2 LUT5=4 LUT6=4 RAMD32=1)
  Clock Path Skew:        -0.182ns (DCD - SCD + CPR)
    Destination Clock Delay (DCD):    1.539ns = ( 15.825 - 14.286 ) 
    Source Clock Delay      (SCD):    1.721ns
    Clock Pessimism Removal (CPR):    0.000ns
  Clock Uncertainty:      0.035ns  ((TSJ^2 + TIJ^2)^1/2 + DJ) / 2 + PE
    Total System Jitter     (TSJ):    0.071ns
    Total Input Jitter      (TIJ):    0.000ns
    Discrete Jitter          (DJ):    0.000ns
    Phase Error              (PE):    0.000ns

    Location             Delay type                Incr(ns)  Path(ns)    Netlist Resource(s)
  -------------------------------------------------------------------    -------------------
                         (clock clk rise edge)        0.000     0.000 r  
                                                      0.000     0.000 r  clk (IN)
                         net (fo=11226, unset)        1.721     1.721    u_shared_bci_accel_core/u_execution_engine/clk
    SLICE_X85Y22         FDCE                                         r  u_shared_bci_accel_core/u_execution_engine/iir_samples_remaining_q_reg[11]/C
  -------------------------------------------------------------------    -------------------
    SLICE_X85Y22         FDCE (Prop_fdce_C_Q)         0.456     2.177 r  u_shared_bci_accel_core/u_execution_engine/iir_samples_remaining_q_reg[11]/Q
                         net (fo=2, routed)           0.815     2.992    u_shared_bci_accel_core/u_execution_engine/u_accumulation_scratch/iir_samples_remaining_q[11]_i_9_0[10]
    SLICE_X86Y22         LUT4 (Prop_lut4_I0_O)        0.124     3.116 r  u_shared_bci_accel_core/u_execution_engine/u_accumulation_scratch/iir_samples_remaining_q[11]_i_16/O
                         net (fo=1, routed)           0.407     3.523    u_shared_bci_accel_core/u_execution_engine/u_accumulation_scratch/iir_samples_remaining_q[11]_i_16_n_0
    SLICE_X88Y22         LUT5 (Prop_lut5_I3_O)        0.124     3.647 f  u_shared_bci_accel_core/u_execution_engine/u_accumulation_scratch/iir_samples_remaining_q[11]_i_9/O
                         net (fo=12, routed)          0.756     4.403    u_shared_bci_accel_core/u_execution_engine/u_accumulation_scratch/iir_samples_remaining_q_reg[10]
    SLICE_X87Y26         LUT6 (Prop_lut6_I0_O)        0.124     4.527 r  u_shared_bci_accel_core/u_execution_engine/u_accumulation_scratch/iir_state_tail_reg_r1_0_15_0_5_i_15/O
                         net (fo=140, routed)         0.730     5.257    u_shared_bci_accel_core/u_execution_engine/u_accumulation_scratch/iir_drain_q_reg
    SLICE_X90Y27         LUT5 (Prop_lut5_I4_O)        0.124     5.381 r  u_shared_bci_accel_core/u_execution_engine/u_accumulation_scratch/iir_state_tail_reg_r2_0_15_0_5_i_9/O
                         net (fo=1, routed)           0.650     6.031    u_shared_bci_accel_core/u_execution_engine/u_accumulation_scratch/iir_state_tail_reg_r2_0_15_0_5_i_9_n_0
    SLICE_X85Y27         LUT6 (Prop_lut6_I5_O)        0.124     6.155 r  u_shared_bci_accel_core/u_execution_engine/u_accumulation_scratch/iir_state_tail_reg_r2_0_15_0_5_i_6/O
                         net (fo=1, routed)           0.300     6.455    u_shared_bci_accel_core/u_execution_engine/u_accumulation_scratch/iir_state_tail_reg_r2_0_15_0_5_i_6_n_0
    SLICE_X84Y28         LUT6 (Prop_lut6_I4_O)        0.124     6.579 r  u_shared_bci_accel_core/u_execution_engine/u_accumulation_scratch/iir_state_tail_reg_r2_0_15_0_5_i_2/O
                         net (fo=69, routed)          0.814     7.393    u_shared_bci_accel_core/u_execution_engine/u_accumulation_scratch/I31[0]
    SLICE_X72Y30         LUT6 (Prop_lut6_I1_O)        0.124     7.517 r  u_shared_bci_accel_core/u_execution_engine/u_accumulation_scratch/gen_state_pair[0].u_even_state_i_29/O
                         net (fo=1, routed)           1.122     8.639    u_shared_bci_accel_core/u_execution_engine/u_unified_retire/gen_state_pair[63].u_odd_state_5
    SLICE_X65Y45         LUT4 (Prop_lut4_I2_O)        0.124     8.763 r  u_shared_bci_accel_core/u_execution_engine/u_unified_retire/gen_state_pair[0].u_even_state_i_8/O
                         net (fo=256, routed)         1.587    10.351    u_shared_bci_accel_core/u_execution_engine/u_accumulation_scratch/gen_state_pair[61].u_odd_state/ADDRB1
    SLICE_X66Y57         RAMD32 (Prop_ramd32_RADR1_O)
                                                      0.124    10.474 r  u_shared_bci_accel_core/u_execution_engine/u_accumulation_scratch/gen_state_pair[61].u_odd_state/RAMB_D1/O
                         net (fo=2, routed)           1.269    11.744    u_shared_bci_accel_core/u_execution_engine/u_accumulation_scratch/scratch_odd_read1_data[123]
    SLICE_X72Y48         LUT3 (Prop_lut3_I0_O)        0.124    11.868 r  u_shared_bci_accel_core/u_execution_engine/u_accumulation_scratch/u_apx_cluster_i_1271/O
                         net (fo=3, routed)           0.466    12.334    u_shared_bci_accel_core/u_execution_engine/u_accumulation_scratch/u_apx_cluster_i_1271_n_0
    SLICE_X73Y48         LUT2 (Prop_lut2_I0_O)        0.124    12.458 r  u_shared_bci_accel_core/u_execution_engine/u_accumulation_scratch/u_apx_cluster_i_838/O
                         net (fo=4, routed)           0.816    13.274    u_shared_bci_accel_core/u_execution_engine/u_accumulation_scratch/u_apx_cluster_i_838_n_0
    SLICE_X80Y52         LUT5 (Prop_lut5_I1_O)        0.124    13.398 f  u_shared_bci_accel_core/u_execution_engine/u_accumulation_scratch/gen_state_pair[61].u_even_state_i_5/O
                         net (fo=1, routed)           0.490    13.888    u_shared_bci_accel_core/u_execution_engine/u_operand_service/gen_state_pair[61].u_odd_state_0
    SLICE_X80Y54         LUT5 (Prop_lut5_I1_O)        0.124    14.012 r  u_shared_bci_accel_core/u_execution_engine/u_operand_service/gen_state_pair[61].u_even_state_i_3/O
                         net (fo=2, routed)           0.305    14.317    u_shared_bci_accel_core/u_execution_engine/u_operand_service/gen_state_pair[61].u_even_state_i_3_n_0
    SLICE_X81Y56         LUT3 (Prop_lut3_I2_O)        0.124    14.441 r  u_shared_bci_accel_core/u_execution_engine/u_operand_service/gen_state_pair[61].u_odd_state_i_1/O
                         net (fo=2, routed)           0.668    15.109    u_shared_bci_accel_core/u_execution_engine/u_accumulation_scratch/gen_state_pair[61].u_odd_state/DIA1
    SLICE_X66Y57         RAMD32                                       r  u_shared_bci_accel_core/u_execution_engine/u_accumulation_scratch/gen_state_pair[61].u_odd_state/RAMA_D1/I
  -------------------------------------------------------------------    -------------------

                         (clock clk rise edge)       14.286    14.286 r  
                                                      0.000    14.286 r  clk (IN)
                         net (fo=11226, unset)        1.539    15.825    u_shared_bci_accel_core/u_execution_engine/u_accumulation_scratch/gen_state_pair[61].u_odd_state/WCLK
    SLICE_X66Y57         RAMD32                                       r  u_shared_bci_accel_core/u_execution_engine/u_accumulation_scratch/gen_state_pair[61].u_odd_state/RAMA_D1/CLK
                         clock pessimism              0.000    15.825    
                         clock uncertainty           -0.035    15.790    
    SLICE_X66Y57         RAMD32 (Setup_ramd32_CLK_I)
                                                     -0.258    15.532    u_shared_bci_accel_core/u_execution_engine/u_accumulation_scratch/gen_state_pair[61].u_odd_state/RAMA_D1
  -------------------------------------------------------------------
                         required time                         15.532    
                         arrival time                         -15.109    
  -------------------------------------------------------------------
                         slack                                  0.422    

Slack (MET) :             0.452ns  (required time - arrival time)
  Source:                 u_shared_bci_accel_core/u_execution_engine/iir_samples_remaining_q_reg[11]/C
                            (rising edge-triggered cell FDCE clocked by clk  {rise@0.000ns fall@7.143ns period=14.286ns})
  Destination:            u_shared_bci_accel_core/u_execution_engine/u_accumulation_scratch/gen_state_pair[61].u_odd_state/RAMB_D1/I
                            (rising edge-triggered cell RAMD32 clocked by clk  {rise@0.000ns fall@7.143ns period=14.286ns})
  Path Group:             clk
  Path Type:              Setup (Max at Slow Process Corner)
  Requirement:            14.286ns  (clk rise@14.286ns - clk rise@0.000ns)
  Data Path Delay:        13.388ns  (logic 2.192ns (16.373%)  route 11.196ns (83.627%))
  Logic Levels:           14  (LUT2=1 LUT3=2 LUT4=2 LUT5=4 LUT6=4 RAMD32=1)
  Clock Path Skew:        -0.182ns (DCD - SCD + CPR)
    Destination Clock Delay (DCD):    1.539ns = ( 15.825 - 14.286 ) 
    Source Clock Delay      (SCD):    1.721ns
    Clock Pessimism Removal (CPR):    0.000ns
  Clock Uncertainty:      0.035ns  ((TSJ^2 + TIJ^2)^1/2 + DJ) / 2 + PE
    Total System Jitter     (TSJ):    0.071ns
    Total Input Jitter      (TIJ):    0.000ns
    Discrete Jitter          (DJ):    0.000ns
    Phase Error              (PE):    0.000ns

    Location             Delay type                Incr(ns)  Path(ns)    Netlist Resource(s)
  -------------------------------------------------------------------    -------------------
                         (clock clk rise edge)        0.000     0.000 r  
                                                      0.000     0.000 r  clk (IN)
                         net (fo=11226, unset)        1.721     1.721    u_shared_bci_accel_core/u_execution_engine/clk
    SLICE_X85Y22         FDCE                                         r  u_shared_bci_accel_core/u_execution_engine/iir_samples_remaining_q_reg[11]/C
  -------------------------------------------------------------------    -------------------
    SLICE_X85Y22         FDCE (Prop_fdce_C_Q)         0.456     2.177 r  u_shared_bci_accel_core/u_execution_engine/iir_samples_remaining_q_reg[11]/Q
                         net (fo=2, routed)           0.815     2.992    u_shared_bci_accel_core/u_execution_engine/u_accumulation_scratch/iir_samples_remaining_q[11]_i_9_0[10]
    SLICE_X86Y22         LUT4 (Prop_lut4_I0_O)        0.124     3.116 r  u_shared_bci_accel_core/u_execution_engine/u_accumulation_scratch/iir_samples_remaining_q[11]_i_16/O
                         net (fo=1, routed)           0.407     3.523    u_shared_bci_accel_core/u_execution_engine/u_accumulation_scratch/iir_samples_remaining_q[11]_i_16_n_0
    SLICE_X88Y22         LUT5 (Prop_lut5_I3_O)        0.124     3.647 f  u_shared_bci_accel_core/u_execution_engine/u_accumulation_scratch/iir_samples_remaining_q[11]_i_9/O
                         net (fo=12, routed)          0.756     4.403    u_shared_bci_accel_core/u_execution_engine/u_accumulation_scratch/iir_samples_remaining_q_reg[10]
    SLICE_X87Y26         LUT6 (Prop_lut6_I0_O)        0.124     4.527 r  u_shared_bci_accel_core/u_execution_engine/u_accumulation_scratch/iir_state_tail_reg_r1_0_15_0_5_i_15/O
                         net (fo=140, routed)         0.730     5.257    u_shared_bci_accel_core/u_execution_engine/u_accumulation_scratch/iir_drain_q_reg
    SLICE_X90Y27         LUT5 (Prop_lut5_I4_O)        0.124     5.381 r  u_shared_bci_accel_core/u_execution_engine/u_accumulation_scratch/iir_state_tail_reg_r2_0_15_0_5_i_9/O
                         net (fo=1, routed)           0.650     6.031    u_shared_bci_accel_core/u_execution_engine/u_accumulation_scratch/iir_state_tail_reg_r2_0_15_0_5_i_9_n_0
    SLICE_X85Y27         LUT6 (Prop_lut6_I5_O)        0.124     6.155 r  u_shared_bci_accel_core/u_execution_engine/u_accumulation_scratch/iir_state_tail_reg_r2_0_15_0_5_i_6/O
                         net (fo=1, routed)           0.300     6.455    u_shared_bci_accel_core/u_execution_engine/u_accumulation_scratch/iir_state_tail_reg_r2_0_15_0_5_i_6_n_0
    SLICE_X84Y28         LUT6 (Prop_lut6_I4_O)        0.124     6.579 r  u_shared_bci_accel_core/u_execution_engine/u_accumulation_scratch/iir_state_tail_reg_r2_0_15_0_5_i_2/O
                         net (fo=69, routed)          0.814     7.393    u_shared_bci_accel_core/u_execution_engine/u_accumulation_scratch/I31[0]
    SLICE_X72Y30         LUT6 (Prop_lut6_I1_O)        0.124     7.517 r  u_shared_bci_accel_core/u_execution_engine/u_accumulation_scratch/gen_state_pair[0].u_even_state_i_29/O
                         net (fo=1, routed)           1.122     8.639    u_shared_bci_accel_core/u_execution_engine/u_unified_retire/gen_state_pair[63].u_odd_state_5
    SLICE_X65Y45         LUT4 (Prop_lut4_I2_O)        0.124     8.763 r  u_shared_bci_accel_core/u_execution_engine/u_unified_retire/gen_state_pair[0].u_even_state_i_8/O
                         net (fo=256, routed)         1.587    10.351    u_shared_bci_accel_core/u_execution_engine/u_accumulation_scratch/gen_state_pair[61].u_odd_state/ADDRB1
    SLICE_X66Y57         RAMD32 (Prop_ramd32_RADR1_O)
                                                      0.124    10.474 r  u_shared_bci_accel_core/u_execution_engine/u_accumulation_scratch/gen_state_pair[61].u_odd_state/RAMB_D1/O
                         net (fo=2, routed)           1.269    11.744    u_shared_bci_accel_core/u_execution_engine/u_accumulation_scratch/scratch_odd_read1_data[123]
    SLICE_X72Y48         LUT3 (Prop_lut3_I0_O)        0.124    11.868 r  u_shared_bci_accel_core/u_execution_engine/u_accumulation_scratch/u_apx_cluster_i_1271/O
                         net (fo=3, routed)           0.466    12.334    u_shared_bci_accel_core/u_execution_engine/u_accumulation_scratch/u_apx_cluster_i_1271_n_0
    SLICE_X73Y48         LUT2 (Prop_lut2_I0_O)        0.124    12.458 r  u_shared_bci_accel_core/u_execution_engine/u_accumulation_scratch/u_apx_cluster_i_838/O
                         net (fo=4, routed)           0.816    13.274    u_shared_bci_accel_core/u_execution_engine/u_accumulation_scratch/u_apx_cluster_i_838_n_0
    SLICE_X80Y52         LUT5 (Prop_lut5_I1_O)        0.124    13.398 f  u_shared_bci_accel_core/u_execution_engine/u_accumulation_scratch/gen_state_pair[61].u_even_state_i_5/O
                         net (fo=1, routed)           0.490    13.888    u_shared_bci_accel_core/u_execution_engine/u_operand_service/gen_state_pair[61].u_odd_state_0
    SLICE_X80Y54         LUT5 (Prop_lut5_I1_O)        0.124    14.012 r  u_shared_bci_accel_core/u_execution_engine/u_operand_service/gen_state_pair[61].u_even_state_i_3/O
                         net (fo=2, routed)           0.305    14.317    u_shared_bci_accel_core/u_execution_engine/u_operand_service/gen_state_pair[61].u_even_state_i_3_n_0
    SLICE_X81Y56         LUT3 (Prop_lut3_I2_O)        0.124    14.441 r  u_shared_bci_accel_core/u_execution_engine/u_operand_service/gen_state_pair[61].u_odd_state_i_1/O
                         net (fo=2, routed)           0.668    15.109    u_shared_bci_accel_core/u_execution_engine/u_accumulation_scratch/gen_state_pair[61].u_odd_state/DIB1
    SLICE_X66Y57         RAMD32                                       r  u_shared_bci_accel_core/u_execution_engine/u_accumulation_scratch/gen_state_pair[61].u_odd_state/RAMB_D1/I
  -------------------------------------------------------------------    -------------------

                         (clock clk rise edge)       14.286    14.286 r  
                                                      0.000    14.286 r  clk (IN)
                         net (fo=11226, unset)        1.539    15.825    u_shared_bci_accel_core/u_execution_engine/u_accumulation_scratch/gen_state_pair[61].u_odd_state/WCLK
    SLICE_X66Y57         RAMD32                                       r  u_shared_bci_accel_core/u_execution_engine/u_accumulation_scratch/gen_state_pair[61].u_odd_state/RAMB_D1/CLK
                         clock pessimism              0.000    15.825    
                         clock uncertainty           -0.035    15.790    
    SLICE_X66Y57         RAMD32 (Setup_ramd32_CLK_I)
                                                     -0.228    15.562    u_shared_bci_accel_core/u_execution_engine/u_accumulation_scratch/gen_state_pair[61].u_odd_state/RAMB_D1
  -------------------------------------------------------------------
                         required time                         15.562    
                         arrival time                         -15.109    
  -------------------------------------------------------------------
                         slack                                  0.452    

Slack (MET) :             0.464ns  (required time - arrival time)
  Source:                 u_shared_bci_accel_core/u_execution_engine/iir_samples_remaining_q_reg[11]/C
                            (rising edge-triggered cell FDCE clocked by clk  {rise@0.000ns fall@7.143ns period=14.286ns})
  Destination:            u_shared_bci_accel_core/u_execution_engine/u_accumulation_scratch/gen_state_pair[57].u_odd_state/RAMA/I
                            (rising edge-triggered cell RAMD32 clocked by clk  {rise@0.000ns fall@7.143ns period=14.286ns})
  Path Group:             clk
  Path Type:              Setup (Max at Slow Process Corner)
  Requirement:            14.286ns  (clk rise@14.286ns - clk rise@0.000ns)
  Data Path Delay:        13.125ns  (logic 2.444ns (18.621%)  route 10.681ns (81.379%))
  Logic Levels:           14  (LUT2=1 LUT3=2 LUT4=2 LUT5=4 LUT6=4 RAMD32=1)
  Clock Path Skew:        -0.255ns (DCD - SCD + CPR)
    Destination Clock Delay (DCD):    1.466ns = ( 15.752 - 14.286 ) 
    Source Clock Delay      (SCD):    1.721ns
    Clock Pessimism Removal (CPR):    0.000ns
  Clock Uncertainty:      0.035ns  ((TSJ^2 + TIJ^2)^1/2 + DJ) / 2 + PE
    Total System Jitter     (TSJ):    0.071ns
    Total Input Jitter      (TIJ):    0.000ns
    Discrete Jitter          (DJ):    0.000ns
    Phase Error              (PE):    0.000ns

    Location             Delay type                Incr(ns)  Path(ns)    Netlist Resource(s)
  -------------------------------------------------------------------    -------------------
                         (clock clk rise edge)        0.000     0.000 r  
                                                      0.000     0.000 r  clk (IN)
                         net (fo=11226, unset)        1.721     1.721    u_shared_bci_accel_core/u_execution_engine/clk
    SLICE_X85Y22         FDCE                                         r  u_shared_bci_accel_core/u_execution_engine/iir_samples_remaining_q_reg[11]/C
  -------------------------------------------------------------------    -------------------
    SLICE_X85Y22         FDCE (Prop_fdce_C_Q)         0.456     2.177 r  u_shared_bci_accel_core/u_execution_engine/iir_samples_remaining_q_reg[11]/Q
                         net (fo=2, routed)           0.815     2.992    u_shared_bci_accel_core/u_execution_engine/u_accumulation_scratch/iir_samples_remaining_q[11]_i_9_0[10]
    SLICE_X86Y22         LUT4 (Prop_lut4_I0_O)        0.124     3.116 r  u_shared_bci_accel_core/u_execution_engine/u_accumulation_scratch/iir_samples_remaining_q[11]_i_16/O
                         net (fo=1, routed)           0.407     3.523    u_shared_bci_accel_core/u_execution_engine/u_accumulation_scratch/iir_samples_remaining_q[11]_i_16_n_0
    SLICE_X88Y22         LUT5 (Prop_lut5_I3_O)        0.124     3.647 f  u_shared_bci_accel_core/u_execution_engine/u_accumulation_scratch/iir_samples_remaining_q[11]_i_9/O
                         net (fo=12, routed)          0.756     4.403    u_shared_bci_accel_core/u_execution_engine/u_accumulation_scratch/iir_samples_remaining_q_reg[10]
    SLICE_X87Y26         LUT6 (Prop_lut6_I0_O)        0.124     4.527 r  u_shared_bci_accel_core/u_execution_engine/u_accumulation_scratch/iir_state_tail_reg_r1_0_15_0_5_i_15/O
                         net (fo=140, routed)         0.730     5.257    u_shared_bci_accel_core/u_execution_engine/u_accumulation_scratch/iir_drain_q_reg
    SLICE_X90Y27         LUT5 (Prop_lut5_I4_O)        0.124     5.381 r  u_shared_bci_accel_core/u_execution_engine/u_accumulation_scratch/iir_state_tail_reg_r2_0_15_0_5_i_9/O
                         net (fo=1, routed)           0.650     6.031    u_shared_bci_accel_core/u_execution_engine/u_accumulation_scratch/iir_state_tail_reg_r2_0_15_0_5_i_9_n_0
    SLICE_X85Y27         LUT6 (Prop_lut6_I5_O)        0.124     6.155 r  u_shared_bci_accel_core/u_execution_engine/u_accumulation_scratch/iir_state_tail_reg_r2_0_15_0_5_i_6/O
                         net (fo=1, routed)           0.300     6.455    u_shared_bci_accel_core/u_execution_engine/u_accumulation_scratch/iir_state_tail_reg_r2_0_15_0_5_i_6_n_0
    SLICE_X84Y28         LUT6 (Prop_lut6_I4_O)        0.124     6.579 r  u_shared_bci_accel_core/u_execution_engine/u_accumulation_scratch/iir_state_tail_reg_r2_0_15_0_5_i_2/O
                         net (fo=69, routed)          0.814     7.393    u_shared_bci_accel_core/u_execution_engine/u_accumulation_scratch/I31[0]
    SLICE_X72Y30         LUT6 (Prop_lut6_I1_O)        0.124     7.517 r  u_shared_bci_accel_core/u_execution_engine/u_accumulation_scratch/gen_state_pair[0].u_even_state_i_29/O
                         net (fo=1, routed)           1.122     8.639    u_shared_bci_accel_core/u_execution_engine/u_unified_retire/gen_state_pair[63].u_odd_state_5
    SLICE_X65Y45         LUT4 (Prop_lut4_I2_O)        0.124     8.763 r  u_shared_bci_accel_core/u_execution_engine/u_unified_retire/gen_state_pair[0].u_even_state_i_8/O
                         net (fo=256, routed)         1.814    10.577    u_shared_bci_accel_core/u_execution_engine/u_accumulation_scratch/gen_state_pair[57].u_odd_state/ADDRB1
    SLICE_X50Y52         RAMD32 (Prop_ramd32_RADR1_O)
                                                      0.152    10.729 r  u_shared_bci_accel_core/u_execution_engine/u_accumulation_scratch/gen_state_pair[57].u_odd_state/RAMB/O
                         net (fo=2, routed)           0.515    11.244    u_shared_bci_accel_core/u_execution_engine/u_accumulation_scratch/scratch_odd_read1_data[114]
    SLICE_X51Y52         LUT3 (Prop_lut3_I0_O)        0.348    11.592 r  u_shared_bci_accel_core/u_execution_engine/u_accumulation_scratch/u_apx_cluster_i_1288/O
                         net (fo=3, routed)           0.714    12.305    u_shared_bci_accel_core/u_execution_engine/u_accumulation_scratch/u_apx_cluster_i_1288_n_0
    SLICE_X51Y48         LUT2 (Prop_lut2_I0_O)        0.124    12.429 r  u_shared_bci_accel_core/u_execution_engine/u_accumulation_scratch/u_apx_cluster_i_864/O
                         net (fo=4, routed)           0.620    13.049    u_shared_bci_accel_core/u_execution_engine/u_accumulation_scratch/u_apx_cluster_i_864_n_0
    SLICE_X44Y48         LUT5 (Prop_lut5_I1_O)        0.124    13.173 f  u_shared_bci_accel_core/u_execution_engine/u_accumulation_scratch/gen_state_pair[57].u_even_state_i_7/O
                         net (fo=1, routed)           0.495    13.668    u_shared_bci_accel_core/u_execution_engine/u_operand_service/gen_state_pair[57].u_odd_state
    SLICE_X44Y50         LUT5 (Prop_lut5_I1_O)        0.124    13.792 r  u_shared_bci_accel_core/u_execution_engine/u_operand_service/gen_state_pair[57].u_even_state_i_4/O
                         net (fo=2, routed)           0.598    14.390    u_shared_bci_accel_core/u_execution_engine/u_operand_service/gen_state_pair[57].u_even_state_i_4_n_0
    SLICE_X51Y51         LUT3 (Prop_lut3_I2_O)        0.124    14.514 r  u_shared_bci_accel_core/u_execution_engine/u_operand_service/gen_state_pair[57].u_odd_state_i_2/O
                         net (fo=2, routed)           0.332    14.846    u_shared_bci_accel_core/u_execution_engine/u_accumulation_scratch/gen_state_pair[57].u_odd_state/DIA0
    SLICE_X50Y52         RAMD32                                       r  u_shared_bci_accel_core/u_execution_engine/u_accumulation_scratch/gen_state_pair[57].u_odd_state/RAMA/I
  -------------------------------------------------------------------    -------------------

                         (clock clk rise edge)       14.286    14.286 r  
                                                      0.000    14.286 r  clk (IN)
                         net (fo=11226, unset)        1.466    15.752    u_shared_bci_accel_core/u_execution_engine/u_accumulation_scratch/gen_state_pair[57].u_odd_state/WCLK
    SLICE_X50Y52         RAMD32                                       r  u_shared_bci_accel_core/u_execution_engine/u_accumulation_scratch/gen_state_pair[57].u_odd_state/RAMA/CLK
                         clock pessimism              0.000    15.752    
                         clock uncertainty           -0.035    15.717    
    SLICE_X50Y52         RAMD32 (Setup_ramd32_CLK_I)
                                                     -0.407    15.310    u_shared_bci_accel_core/u_execution_engine/u_accumulation_scratch/gen_state_pair[57].u_odd_state/RAMA
  -------------------------------------------------------------------
                         required time                         15.310    
                         arrival time                         -14.846    
  -------------------------------------------------------------------
                         slack                                  0.464    

Slack (MET) :             0.467ns  (required time - arrival time)
  Source:                 u_shared_bci_accel_core/u_execution_engine/iir_samples_remaining_q_reg[11]/C
                            (rising edge-triggered cell FDCE clocked by clk  {rise@0.000ns fall@7.143ns period=14.286ns})
  Destination:            u_shared_bci_accel_core/u_execution_engine/u_accumulation_scratch/gen_state_pair[54].u_odd_state/RAMA/I
                            (rising edge-triggered cell RAMD32 clocked by clk  {rise@0.000ns fall@7.143ns period=14.286ns})
  Path Group:             clk
  Path Type:              Setup (Max at Slow Process Corner)
  Requirement:            14.286ns  (clk rise@14.286ns - clk rise@0.000ns)
  Data Path Delay:        13.196ns  (logic 2.444ns (18.521%)  route 10.752ns (81.479%))
  Logic Levels:           14  (LUT2=1 LUT3=2 LUT4=2 LUT5=4 LUT6=4 RAMD32=1)
  Clock Path Skew:        -0.180ns (DCD - SCD + CPR)
    Destination Clock Delay (DCD):    1.541ns = ( 15.827 - 14.286 ) 
    Source Clock Delay      (SCD):    1.721ns
    Clock Pessimism Removal (CPR):    0.000ns
  Clock Uncertainty:      0.035ns  ((TSJ^2 + TIJ^2)^1/2 + DJ) / 2 + PE
    Total System Jitter     (TSJ):    0.071ns
    Total Input Jitter      (TIJ):    0.000ns
    Discrete Jitter          (DJ):    0.000ns
    Phase Error              (PE):    0.000ns

    Location             Delay type                Incr(ns)  Path(ns)    Netlist Resource(s)
  -------------------------------------------------------------------    -------------------
                         (clock clk rise edge)        0.000     0.000 r  
                                                      0.000     0.000 r  clk (IN)
                         net (fo=11226, unset)        1.721     1.721    u_shared_bci_accel_core/u_execution_engine/clk
    SLICE_X85Y22         FDCE                                         r  u_shared_bci_accel_core/u_execution_engine/iir_samples_remaining_q_reg[11]/C
  -------------------------------------------------------------------    -------------------
    SLICE_X85Y22         FDCE (Prop_fdce_C_Q)         0.456     2.177 r  u_shared_bci_accel_core/u_execution_engine/iir_samples_remaining_q_reg[11]/Q
                         net (fo=2, routed)           0.815     2.992    u_shared_bci_accel_core/u_execution_engine/u_accumulation_scratch/iir_samples_remaining_q[11]_i_9_0[10]
    SLICE_X86Y22         LUT4 (Prop_lut4_I0_O)        0.124     3.116 r  u_shared_bci_accel_core/u_execution_engine/u_accumulation_scratch/iir_samples_remaining_q[11]_i_16/O
                         net (fo=1, routed)           0.407     3.523    u_shared_bci_accel_core/u_execution_engine/u_accumulation_scratch/iir_samples_remaining_q[11]_i_16_n_0
    SLICE_X88Y22         LUT5 (Prop_lut5_I3_O)        0.124     3.647 f  u_shared_bci_accel_core/u_execution_engine/u_accumulation_scratch/iir_samples_remaining_q[11]_i_9/O
                         net (fo=12, routed)          0.756     4.403    u_shared_bci_accel_core/u_execution_engine/u_accumulation_scratch/iir_samples_remaining_q_reg[10]
    SLICE_X87Y26         LUT6 (Prop_lut6_I0_O)        0.124     4.527 r  u_shared_bci_accel_core/u_execution_engine/u_accumulation_scratch/iir_state_tail_reg_r1_0_15_0_5_i_15/O
                         net (fo=140, routed)         0.730     5.257    u_shared_bci_accel_core/u_execution_engine/u_accumulation_scratch/iir_drain_q_reg
    SLICE_X90Y27         LUT5 (Prop_lut5_I4_O)        0.124     5.381 r  u_shared_bci_accel_core/u_execution_engine/u_accumulation_scratch/iir_state_tail_reg_r2_0_15_0_5_i_9/O
                         net (fo=1, routed)           0.650     6.031    u_shared_bci_accel_core/u_execution_engine/u_accumulation_scratch/iir_state_tail_reg_r2_0_15_0_5_i_9_n_0
    SLICE_X85Y27         LUT6 (Prop_lut6_I5_O)        0.124     6.155 r  u_shared_bci_accel_core/u_execution_engine/u_accumulation_scratch/iir_state_tail_reg_r2_0_15_0_5_i_6/O
                         net (fo=1, routed)           0.300     6.455    u_shared_bci_accel_core/u_execution_engine/u_accumulation_scratch/iir_state_tail_reg_r2_0_15_0_5_i_6_n_0
    SLICE_X84Y28         LUT6 (Prop_lut6_I4_O)        0.124     6.579 r  u_shared_bci_accel_core/u_execution_engine/u_accumulation_scratch/iir_state_tail_reg_r2_0_15_0_5_i_2/O
                         net (fo=69, routed)          0.814     7.393    u_shared_bci_accel_core/u_execution_engine/u_accumulation_scratch/I31[0]
    SLICE_X72Y30         LUT6 (Prop_lut6_I1_O)        0.124     7.517 r  u_shared_bci_accel_core/u_execution_engine/u_accumulation_scratch/gen_state_pair[0].u_even_state_i_29/O
                         net (fo=1, routed)           1.122     8.639    u_shared_bci_accel_core/u_execution_engine/u_unified_retire/gen_state_pair[63].u_odd_state_5
    SLICE_X65Y45         LUT4 (Prop_lut4_I2_O)        0.124     8.763 r  u_shared_bci_accel_core/u_execution_engine/u_unified_retire/gen_state_pair[0].u_even_state_i_8/O
                         net (fo=256, routed)         1.679    10.442    u_shared_bci_accel_core/u_execution_engine/u_accumulation_scratch/gen_state_pair[54].u_even_state/ADDRB1
    SLICE_X66Y59         RAMD32 (Prop_ramd32_RADR1_O)
                                                      0.152    10.594 r  u_shared_bci_accel_core/u_execution_engine/u_accumulation_scratch/gen_state_pair[54].u_even_state/RAMB/O
                         net (fo=2, routed)           0.967    11.562    u_shared_bci_accel_core/u_execution_engine/u_accumulation_scratch/scratch_even_read1_data[108]
    SLICE_X73Y48         LUT3 (Prop_lut3_I2_O)        0.348    11.910 r  u_shared_bci_accel_core/u_execution_engine/u_accumulation_scratch/u_apx_cluster_i_1297/O
                         net (fo=3, routed)           0.436    12.346    u_shared_bci_accel_core/u_execution_engine/u_accumulation_scratch/u_apx_cluster_i_1297_n_0
    SLICE_X73Y47         LUT2 (Prop_lut2_I1_O)        0.124    12.470 f  u_shared_bci_accel_core/u_execution_engine/u_accumulation_scratch/u_apx_cluster_i_879/O
                         net (fo=4, routed)           0.429    12.899    u_shared_bci_accel_core/u_execution_engine/u_accumulation_scratch/u_apx_cluster_i_879_n_0
    SLICE_X73Y47         LUT5 (Prop_lut5_I1_O)        0.124    13.023 f  u_shared_bci_accel_core/u_execution_engine/u_accumulation_scratch/gen_state_pair[54].u_even_state_i_7/O
                         net (fo=1, routed)           0.403    13.426    u_shared_bci_accel_core/u_execution_engine/u_operand_service/gen_state_pair[54].u_odd_state
    SLICE_X73Y47         LUT5 (Prop_lut5_I1_O)        0.124    13.550 r  u_shared_bci_accel_core/u_execution_engine/u_operand_service/gen_state_pair[54].u_even_state_i_4/O
                         net (fo=2, routed)           0.314    13.864    u_shared_bci_accel_core/u_execution_engine/u_operand_service/gen_state_pair[54].u_even_state_i_4_n_0
    SLICE_X72Y49         LUT3 (Prop_lut3_I2_O)        0.124    13.988 r  u_shared_bci_accel_core/u_execution_engine/u_operand_service/gen_state_pair[54].u_odd_state_i_2/O
                         net (fo=2, routed)           0.929    14.917    u_shared_bci_accel_core/u_execution_engine/u_accumulation_scratch/gen_state_pair[54].u_odd_state/DIA0
    SLICE_X66Y50         RAMD32                                       r  u_shared_bci_accel_core/u_execution_engine/u_accumulation_scratch/gen_state_pair[54].u_odd_state/RAMA/I
  -------------------------------------------------------------------    -------------------

                         (clock clk rise edge)       14.286    14.286 r  
                                                      0.000    14.286 r  clk (IN)
                         net (fo=11226, unset)        1.541    15.827    u_shared_bci_accel_core/u_execution_engine/u_accumulation_scratch/gen_state_pair[54].u_odd_state/WCLK
    SLICE_X66Y50         RAMD32                                       r  u_shared_bci_accel_core/u_execution_engine/u_accumulation_scratch/gen_state_pair[54].u_odd_state/RAMA/CLK
                         clock pessimism              0.000    15.827    
                         clock uncertainty           -0.035    15.792    
    SLICE_X66Y50         RAMD32 (Setup_ramd32_CLK_I)
                                                     -0.407    15.385    u_shared_bci_accel_core/u_execution_engine/u_accumulation_scratch/gen_state_pair[54].u_odd_state/RAMA
  -------------------------------------------------------------------
                         required time                         15.385    
                         arrival time                         -14.917    
  -------------------------------------------------------------------
                         slack                                  0.467    

Slack (MET) :             0.478ns  (required time - arrival time)
  Source:                 u_shared_bci_accel_core/u_execution_engine/iir_samples_remaining_q_reg[11]/C
                            (rising edge-triggered cell FDCE clocked by clk  {rise@0.000ns fall@7.143ns period=14.286ns})
  Destination:            u_shared_bci_accel_core/u_execution_engine/u_accumulation_scratch/gen_state_pair[42].u_odd_state/RAMA_D1/I
                            (rising edge-triggered cell RAMD32 clocked by clk  {rise@0.000ns fall@7.143ns period=14.286ns})
  Path Group:             clk
  Path Type:              Setup (Max at Slow Process Corner)
  Requirement:            14.286ns  (clk rise@14.286ns - clk rise@0.000ns)
  Data Path Delay:        13.334ns  (logic 2.192ns (16.440%)  route 11.142ns (83.560%))
  Logic Levels:           14  (LUT2=1 LUT3=2 LUT4=2 LUT5=4 LUT6=4 RAMD32=1)
  Clock Path Skew:        -0.181ns (DCD - SCD + CPR)
    Destination Clock Delay (DCD):    1.540ns = ( 15.826 - 14.286 ) 
    Source Clock Delay      (SCD):    1.721ns
    Clock Pessimism Removal (CPR):    0.000ns
  Clock Uncertainty:      0.035ns  ((TSJ^2 + TIJ^2)^1/2 + DJ) / 2 + PE
    Total System Jitter     (TSJ):    0.071ns
    Total Input Jitter      (TIJ):    0.000ns
    Discrete Jitter          (DJ):    0.000ns
    Phase Error              (PE):    0.000ns

    Location             Delay type                Incr(ns)  Path(ns)    Netlist Resource(s)
  -------------------------------------------------------------------    -------------------
                         (clock clk rise edge)        0.000     0.000 r  
                                                      0.000     0.000 r  clk (IN)
                         net (fo=11226, unset)        1.721     1.721    u_shared_bci_accel_core/u_execution_engine/clk
    SLICE_X85Y22         FDCE                                         r  u_shared_bci_accel_core/u_execution_engine/iir_samples_remaining_q_reg[11]/C
  -------------------------------------------------------------------    -------------------
    SLICE_X85Y22         FDCE (Prop_fdce_C_Q)         0.456     2.177 r  u_shared_bci_accel_core/u_execution_engine/iir_samples_remaining_q_reg[11]/Q
                         net (fo=2, routed)           0.815     2.992    u_shared_bci_accel_core/u_execution_engine/u_accumulation_scratch/iir_samples_remaining_q[11]_i_9_0[10]
    SLICE_X86Y22         LUT4 (Prop_lut4_I0_O)        0.124     3.116 r  u_shared_bci_accel_core/u_execution_engine/u_accumulation_scratch/iir_samples_remaining_q[11]_i_16/O
                         net (fo=1, routed)           0.407     3.523    u_shared_bci_accel_core/u_execution_engine/u_accumulation_scratch/iir_samples_remaining_q[11]_i_16_n_0
    SLICE_X88Y22         LUT5 (Prop_lut5_I3_O)        0.124     3.647 f  u_shared_bci_accel_core/u_execution_engine/u_accumulation_scratch/iir_samples_remaining_q[11]_i_9/O
                         net (fo=12, routed)          0.756     4.403    u_shared_bci_accel_core/u_execution_engine/u_accumulation_scratch/iir_samples_remaining_q_reg[10]
    SLICE_X87Y26         LUT6 (Prop_lut6_I0_O)        0.124     4.527 r  u_shared_bci_accel_core/u_execution_engine/u_accumulation_scratch/iir_state_tail_reg_r1_0_15_0_5_i_15/O
                         net (fo=140, routed)         0.730     5.257    u_shared_bci_accel_core/u_execution_engine/u_accumulation_scratch/iir_drain_q_reg
    SLICE_X90Y27         LUT5 (Prop_lut5_I4_O)        0.124     5.381 r  u_shared_bci_accel_core/u_execution_engine/u_accumulation_scratch/iir_state_tail_reg_r2_0_15_0_5_i_9/O
                         net (fo=1, routed)           0.650     6.031    u_shared_bci_accel_core/u_execution_engine/u_accumulation_scratch/iir_state_tail_reg_r2_0_15_0_5_i_9_n_0
    SLICE_X85Y27         LUT6 (Prop_lut6_I5_O)        0.124     6.155 r  u_shared_bci_accel_core/u_execution_engine/u_accumulation_scratch/iir_state_tail_reg_r2_0_15_0_5_i_6/O
                         net (fo=1, routed)           0.300     6.455    u_shared_bci_accel_core/u_execution_engine/u_accumulation_scratch/iir_state_tail_reg_r2_0_15_0_5_i_6_n_0
    SLICE_X84Y28         LUT6 (Prop_lut6_I4_O)        0.124     6.579 r  u_shared_bci_accel_core/u_execution_engine/u_accumulation_scratch/iir_state_tail_reg_r2_0_15_0_5_i_2/O
                         net (fo=69, routed)          0.814     7.393    u_shared_bci_accel_core/u_execution_engine/u_accumulation_scratch/I31[0]
    SLICE_X72Y30         LUT6 (Prop_lut6_I1_O)        0.124     7.517 r  u_shared_bci_accel_core/u_execution_engine/u_accumulation_scratch/gen_state_pair[0].u_even_state_i_29/O
                         net (fo=1, routed)           1.122     8.639    u_shared_bci_accel_core/u_execution_engine/u_unified_retire/gen_state_pair[63].u_odd_state_5
    SLICE_X65Y45         LUT4 (Prop_lut4_I2_O)        0.124     8.763 r  u_shared_bci_accel_core/u_execution_engine/u_unified_retire/gen_state_pair[0].u_even_state_i_8/O
                         net (fo=256, routed)         1.702    10.465    u_shared_bci_accel_core/u_execution_engine/u_accumulation_scratch/gen_state_pair[42].u_even_state/ADDRB1
    SLICE_X54Y51         RAMD32 (Prop_ramd32_RADR1_O)
                                                      0.124    10.589 r  u_shared_bci_accel_core/u_execution_engine/u_accumulation_scratch/gen_state_pair[42].u_even_state/RAMB_D1/O
                         net (fo=2, routed)           0.569    11.158    u_shared_bci_accel_core/u_execution_engine/u_accumulation_scratch/scratch_even_read1_data[85]
    SLICE_X61Y51         LUT3 (Prop_lut3_I2_O)        0.124    11.282 r  u_shared_bci_accel_core/u_execution_engine/u_accumulation_scratch/u_apx_cluster_i_1320/O
                         net (fo=3, routed)           0.721    12.002    u_shared_bci_accel_core/u_execution_engine/u_accumulation_scratch/u_apx_cluster_i_1320_n_0
    SLICE_X52Y49         LUT2 (Prop_lut2_I1_O)        0.124    12.126 f  u_shared_bci_accel_core/u_execution_engine/u_accumulation_scratch/u_apx_cluster_i_925/O
                         net (fo=4, routed)           0.728    12.854    u_shared_bci_accel_core/u_execution_engine/u_accumulation_scratch/u_apx_cluster_i_925_n_0
    SLICE_X44Y49         LUT5 (Prop_lut5_I1_O)        0.124    12.978 f  u_shared_bci_accel_core/u_execution_engine/u_accumulation_scratch/gen_state_pair[42].u_even_state_i_5/O
                         net (fo=1, routed)           0.735    13.713    u_shared_bci_accel_core/u_execution_engine/u_operand_service/gen_state_pair[42].u_odd_state_0
    SLICE_X52Y51         LUT5 (Prop_lut5_I1_O)        0.124    13.837 r  u_shared_bci_accel_core/u_execution_engine/u_operand_service/gen_state_pair[42].u_even_state_i_3/O
                         net (fo=2, routed)           0.574    14.411    u_shared_bci_accel_core/u_execution_engine/u_operand_service/gen_state_pair[42].u_even_state_i_3_n_0
    SLICE_X60Y51         LUT3 (Prop_lut3_I2_O)        0.124    14.535 r  u_shared_bci_accel_core/u_execution_engine/u_operand_service/gen_state_pair[42].u_odd_state_i_1/O
                         net (fo=2, routed)           0.520    15.055    u_shared_bci_accel_core/u_execution_engine/u_accumulation_scratch/gen_state_pair[42].u_odd_state/DIA1
    SLICE_X62Y51         RAMD32                                       r  u_shared_bci_accel_core/u_execution_engine/u_accumulation_scratch/gen_state_pair[42].u_odd_state/RAMA_D1/I
  -------------------------------------------------------------------    -------------------

                         (clock clk rise edge)       14.286    14.286 r  
                                                      0.000    14.286 r  clk (IN)
                         net (fo=11226, unset)        1.540    15.826    u_shared_bci_accel_core/u_execution_engine/u_accumulation_scratch/gen_state_pair[42].u_odd_state/WCLK
    SLICE_X62Y51         RAMD32                                       r  u_shared_bci_accel_core/u_execution_engine/u_accumulation_scratch/gen_state_pair[42].u_odd_state/RAMA_D1/CLK
                         clock pessimism              0.000    15.826    
                         clock uncertainty           -0.035    15.791    
    SLICE_X62Y51         RAMD32 (Setup_ramd32_CLK_I)
                                                     -0.258    15.533    u_shared_bci_accel_core/u_execution_engine/u_accumulation_scratch/gen_state_pair[42].u_odd_state/RAMA_D1
  -------------------------------------------------------------------
                         required time                         15.533    
                         arrival time                         -15.055    
  -------------------------------------------------------------------
                         slack                                  0.478    

Slack (MET) :             0.491ns  (required time - arrival time)
  Source:                 u_shared_bci_accel_core/u_execution_engine/iir_samples_remaining_q_reg[11]/C
                            (rising edge-triggered cell FDCE clocked by clk  {rise@0.000ns fall@7.143ns period=14.286ns})
  Destination:            u_shared_bci_accel_core/u_execution_engine/u_accumulation_scratch/gen_state_pair[62].u_odd_state/RAMA_D1/I
                            (rising edge-triggered cell RAMD32 clocked by clk  {rise@0.000ns fall@7.143ns period=14.286ns})
  Path Group:             clk
  Path Type:              Setup (Max at Slow Process Corner)
  Requirement:            14.286ns  (clk rise@14.286ns - clk rise@0.000ns)
  Data Path Delay:        13.326ns  (logic 2.192ns (16.450%)  route 11.134ns (83.550%))
  Logic Levels:           14  (LUT2=1 LUT3=2 LUT4=2 LUT5=4 LUT6=4 RAMD32=1)
  Clock Path Skew:        -0.176ns (DCD - SCD + CPR)
    Destination Clock Delay (DCD):    1.545ns = ( 15.831 - 14.286 ) 
    Source Clock Delay      (SCD):    1.721ns
    Clock Pessimism Removal (CPR):    0.000ns
  Clock Uncertainty:      0.035ns  ((TSJ^2 + TIJ^2)^1/2 + DJ) / 2 + PE
    Total System Jitter     (TSJ):    0.071ns
    Total Input Jitter      (TIJ):    0.000ns
    Discrete Jitter          (DJ):    0.000ns
    Phase Error              (PE):    0.000ns

    Location             Delay type                Incr(ns)  Path(ns)    Netlist Resource(s)
  -------------------------------------------------------------------    -------------------
                         (clock clk rise edge)        0.000     0.000 r  
                                                      0.000     0.000 r  clk (IN)
                         net (fo=11226, unset)        1.721     1.721    u_shared_bci_accel_core/u_execution_engine/clk
    SLICE_X85Y22         FDCE                                         r  u_shared_bci_accel_core/u_execution_engine/iir_samples_remaining_q_reg[11]/C
  -------------------------------------------------------------------    -------------------
    SLICE_X85Y22         FDCE (Prop_fdce_C_Q)         0.456     2.177 r  u_shared_bci_accel_core/u_execution_engine/iir_samples_remaining_q_reg[11]/Q
                         net (fo=2, routed)           0.815     2.992    u_shared_bci_accel_core/u_execution_engine/u_accumulation_scratch/iir_samples_remaining_q[11]_i_9_0[10]
    SLICE_X86Y22         LUT4 (Prop_lut4_I0_O)        0.124     3.116 r  u_shared_bci_accel_core/u_execution_engine/u_accumulation_scratch/iir_samples_remaining_q[11]_i_16/O
                         net (fo=1, routed)           0.407     3.523    u_shared_bci_accel_core/u_execution_engine/u_accumulation_scratch/iir_samples_remaining_q[11]_i_16_n_0
    SLICE_X88Y22         LUT5 (Prop_lut5_I3_O)        0.124     3.647 f  u_shared_bci_accel_core/u_execution_engine/u_accumulation_scratch/iir_samples_remaining_q[11]_i_9/O
                         net (fo=12, routed)          0.756     4.403    u_shared_bci_accel_core/u_execution_engine/u_accumulation_scratch/iir_samples_remaining_q_reg[10]
    SLICE_X87Y26         LUT6 (Prop_lut6_I0_O)        0.124     4.527 r  u_shared_bci_accel_core/u_execution_engine/u_accumulation_scratch/iir_state_tail_reg_r1_0_15_0_5_i_15/O
                         net (fo=140, routed)         0.730     5.257    u_shared_bci_accel_core/u_execution_engine/u_accumulation_scratch/iir_drain_q_reg
    SLICE_X90Y27         LUT5 (Prop_lut5_I4_O)        0.124     5.381 r  u_shared_bci_accel_core/u_execution_engine/u_accumulation_scratch/iir_state_tail_reg_r2_0_15_0_5_i_9/O
                         net (fo=1, routed)           0.650     6.031    u_shared_bci_accel_core/u_execution_engine/u_accumulation_scratch/iir_state_tail_reg_r2_0_15_0_5_i_9_n_0
    SLICE_X85Y27         LUT6 (Prop_lut6_I5_O)        0.124     6.155 r  u_shared_bci_accel_core/u_execution_engine/u_accumulation_scratch/iir_state_tail_reg_r2_0_15_0_5_i_6/O
                         net (fo=1, routed)           0.300     6.455    u_shared_bci_accel_core/u_execution_engine/u_accumulation_scratch/iir_state_tail_reg_r2_0_15_0_5_i_6_n_0
    SLICE_X84Y28         LUT6 (Prop_lut6_I4_O)        0.124     6.579 r  u_shared_bci_accel_core/u_execution_engine/u_accumulation_scratch/iir_state_tail_reg_r2_0_15_0_5_i_2/O
                         net (fo=69, routed)          0.814     7.393    u_shared_bci_accel_core/u_execution_engine/u_accumulation_scratch/I31[0]
    SLICE_X72Y30         LUT6 (Prop_lut6_I1_O)        0.124     7.517 r  u_shared_bci_accel_core/u_execution_engine/u_accumulation_scratch/gen_state_pair[0].u_even_state_i_29/O
                         net (fo=1, routed)           1.122     8.639    u_shared_bci_accel_core/u_execution_engine/u_unified_retire/gen_state_pair[63].u_odd_state_5
    SLICE_X65Y45         LUT4 (Prop_lut4_I2_O)        0.124     8.763 r  u_shared_bci_accel_core/u_execution_engine/u_unified_retire/gen_state_pair[0].u_even_state_i_8/O
                         net (fo=256, routed)         1.782    10.545    u_shared_bci_accel_core/u_execution_engine/u_accumulation_scratch/gen_state_pair[62].u_odd_state/ADDRB1
    SLICE_X86Y55         RAMD32 (Prop_ramd32_RADR1_O)
                                                      0.124    10.669 r  u_shared_bci_accel_core/u_execution_engine/u_accumulation_scratch/gen_state_pair[62].u_odd_state/RAMB_D1/O
                         net (fo=2, routed)           0.975    11.643    u_shared_bci_accel_core/u_execution_engine/u_accumulation_scratch/scratch_odd_read1_data[125]
    SLICE_X80Y48         LUT3 (Prop_lut3_I0_O)        0.124    11.767 r  u_shared_bci_accel_core/u_execution_engine/u_accumulation_scratch/u_apx_cluster_i_1267/O
                         net (fo=3, routed)           0.433    12.200    u_shared_bci_accel_core/u_execution_engine/u_accumulation_scratch/u_apx_cluster_i_1267_n_0
    SLICE_X81Y46         LUT2 (Prop_lut2_I0_O)        0.124    12.324 r  u_shared_bci_accel_core/u_execution_engine/u_accumulation_scratch/u_apx_cluster_i_832/O
                         net (fo=4, routed)           0.598    12.922    u_shared_bci_accel_core/u_execution_engine/u_accumulation_scratch/u_apx_cluster_i_832_n_0
    SLICE_X78Y46         LUT5 (Prop_lut5_I1_O)        0.124    13.046 f  u_shared_bci_accel_core/u_execution_engine/u_accumulation_scratch/gen_state_pair[62].u_even_state_i_5/O
                         net (fo=1, routed)           0.560    13.606    u_shared_bci_accel_core/u_execution_engine/u_operand_service/gen_state_pair[62].u_odd_state_0
    SLICE_X75Y46         LUT5 (Prop_lut5_I1_O)        0.124    13.730 r  u_shared_bci_accel_core/u_execution_engine/u_operand_service/gen_state_pair[62].u_even_state_i_3/O
                         net (fo=2, routed)           0.166    13.896    u_shared_bci_accel_core/u_execution_engine/u_operand_service/gen_state_pair[62].u_even_state_i_3_n_0
    SLICE_X75Y46         LUT3 (Prop_lut3_I2_O)        0.124    14.020 r  u_shared_bci_accel_core/u_execution_engine/u_operand_service/gen_state_pair[62].u_odd_state_i_1/O
                         net (fo=2, routed)           1.027    15.047    u_shared_bci_accel_core/u_execution_engine/u_accumulation_scratch/gen_state_pair[62].u_odd_state/DIA1
    SLICE_X86Y55         RAMD32                                       r  u_shared_bci_accel_core/u_execution_engine/u_accumulation_scratch/gen_state_pair[62].u_odd_state/RAMA_D1/I
  -------------------------------------------------------------------    -------------------

                         (clock clk rise edge)       14.286    14.286 r  
                                                      0.000    14.286 r  clk (IN)
                         net (fo=11226, unset)        1.545    15.831    u_shared_bci_accel_core/u_execution_engine/u_accumulation_scratch/gen_state_pair[62].u_odd_state/WCLK
    SLICE_X86Y55         RAMD32                                       r  u_shared_bci_accel_core/u_execution_engine/u_accumulation_scratch/gen_state_pair[62].u_odd_state/RAMA_D1/CLK
                         clock pessimism              0.000    15.831    
                         clock uncertainty           -0.035    15.796    
    SLICE_X86Y55         RAMD32 (Setup_ramd32_CLK_I)
                                                     -0.258    15.538    u_shared_bci_accel_core/u_execution_engine/u_accumulation_scratch/gen_state_pair[62].u_odd_state/RAMA_D1
  -------------------------------------------------------------------
                         required time                         15.538    
                         arrival time                         -15.047    
  -------------------------------------------------------------------
                         slack                                  0.491    

Slack (MET) :             0.508ns  (required time - arrival time)
  Source:                 u_shared_bci_accel_core/u_execution_engine/iir_samples_remaining_q_reg[11]/C
                            (rising edge-triggered cell FDCE clocked by clk  {rise@0.000ns fall@7.143ns period=14.286ns})
  Destination:            u_shared_bci_accel_core/u_execution_engine/u_accumulation_scratch/gen_state_pair[42].u_odd_state/RAMB_D1/I
                            (rising edge-triggered cell RAMD32 clocked by clk  {rise@0.000ns fall@7.143ns period=14.286ns})
  Path Group:             clk
  Path Type:              Setup (Max at Slow Process Corner)
  Requirement:            14.286ns  (clk rise@14.286ns - clk rise@0.000ns)
  Data Path Delay:        13.334ns  (logic 2.192ns (16.440%)  route 11.142ns (83.560%))
  Logic Levels:           14  (LUT2=1 LUT3=2 LUT4=2 LUT5=4 LUT6=4 RAMD32=1)
  Clock Path Skew:        -0.181ns (DCD - SCD + CPR)
    Destination Clock Delay (DCD):    1.540ns = ( 15.826 - 14.286 ) 
    Source Clock Delay      (SCD):    1.721ns
    Clock Pessimism Removal (CPR):    0.000ns
  Clock Uncertainty:      0.035ns  ((TSJ^2 + TIJ^2)^1/2 + DJ) / 2 + PE
    Total System Jitter     (TSJ):    0.071ns
    Total Input Jitter      (TIJ):    0.000ns
    Discrete Jitter          (DJ):    0.000ns
    Phase Error              (PE):    0.000ns

    Location             Delay type                Incr(ns)  Path(ns)    Netlist Resource(s)
  -------------------------------------------------------------------    -------------------
                         (clock clk rise edge)        0.000     0.000 r  
                                                      0.000     0.000 r  clk (IN)
                         net (fo=11226, unset)        1.721     1.721    u_shared_bci_accel_core/u_execution_engine/clk
    SLICE_X85Y22         FDCE                                         r  u_shared_bci_accel_core/u_execution_engine/iir_samples_remaining_q_reg[11]/C
  -------------------------------------------------------------------    -------------------
    SLICE_X85Y22         FDCE (Prop_fdce_C_Q)         0.456     2.177 r  u_shared_bci_accel_core/u_execution_engine/iir_samples_remaining_q_reg[11]/Q
                         net (fo=2, routed)           0.815     2.992    u_shared_bci_accel_core/u_execution_engine/u_accumulation_scratch/iir_samples_remaining_q[11]_i_9_0[10]
    SLICE_X86Y22         LUT4 (Prop_lut4_I0_O)        0.124     3.116 r  u_shared_bci_accel_core/u_execution_engine/u_accumulation_scratch/iir_samples_remaining_q[11]_i_16/O
                         net (fo=1, routed)           0.407     3.523    u_shared_bci_accel_core/u_execution_engine/u_accumulation_scratch/iir_samples_remaining_q[11]_i_16_n_0
    SLICE_X88Y22         LUT5 (Prop_lut5_I3_O)        0.124     3.647 f  u_shared_bci_accel_core/u_execution_engine/u_accumulation_scratch/iir_samples_remaining_q[11]_i_9/O
                         net (fo=12, routed)          0.756     4.403    u_shared_bci_accel_core/u_execution_engine/u_accumulation_scratch/iir_samples_remaining_q_reg[10]
    SLICE_X87Y26         LUT6 (Prop_lut6_I0_O)        0.124     4.527 r  u_shared_bci_accel_core/u_execution_engine/u_accumulation_scratch/iir_state_tail_reg_r1_0_15_0_5_i_15/O
                         net (fo=140, routed)         0.730     5.257    u_shared_bci_accel_core/u_execution_engine/u_accumulation_scratch/iir_drain_q_reg
    SLICE_X90Y27         LUT5 (Prop_lut5_I4_O)        0.124     5.381 r  u_shared_bci_accel_core/u_execution_engine/u_accumulation_scratch/iir_state_tail_reg_r2_0_15_0_5_i_9/O
                         net (fo=1, routed)           0.650     6.031    u_shared_bci_accel_core/u_execution_engine/u_accumulation_scratch/iir_state_tail_reg_r2_0_15_0_5_i_9_n_0
    SLICE_X85Y27         LUT6 (Prop_lut6_I5_O)        0.124     6.155 r  u_shared_bci_accel_core/u_execution_engine/u_accumulation_scratch/iir_state_tail_reg_r2_0_15_0_5_i_6/O
                         net (fo=1, routed)           0.300     6.455    u_shared_bci_accel_core/u_execution_engine/u_accumulation_scratch/iir_state_tail_reg_r2_0_15_0_5_i_6_n_0
    SLICE_X84Y28         LUT6 (Prop_lut6_I4_O)        0.124     6.579 r  u_shared_bci_accel_core/u_execution_engine/u_accumulation_scratch/iir_state_tail_reg_r2_0_15_0_5_i_2/O
                         net (fo=69, routed)          0.814     7.393    u_shared_bci_accel_core/u_execution_engine/u_accumulation_scratch/I31[0]
    SLICE_X72Y30         LUT6 (Prop_lut6_I1_O)        0.124     7.517 r  u_shared_bci_accel_core/u_execution_engine/u_accumulation_scratch/gen_state_pair[0].u_even_state_i_29/O
                         net (fo=1, routed)           1.122     8.639    u_shared_bci_accel_core/u_execution_engine/u_unified_retire/gen_state_pair[63].u_odd_state_5
    SLICE_X65Y45         LUT4 (Prop_lut4_I2_O)        0.124     8.763 r  u_shared_bci_accel_core/u_execution_engine/u_unified_retire/gen_state_pair[0].u_even_state_i_8/O
                         net (fo=256, routed)         1.702    10.465    u_shared_bci_accel_core/u_execution_engine/u_accumulation_scratch/gen_state_pair[42].u_even_state/ADDRB1
    SLICE_X54Y51         RAMD32 (Prop_ramd32_RADR1_O)
                                                      0.124    10.589 r  u_shared_bci_accel_core/u_execution_engine/u_accumulation_scratch/gen_state_pair[42].u_even_state/RAMB_D1/O
                         net (fo=2, routed)           0.569    11.158    u_shared_bci_accel_core/u_execution_engine/u_accumulation_scratch/scratch_even_read1_data[85]
    SLICE_X61Y51         LUT3 (Prop_lut3_I2_O)        0.124    11.282 r  u_shared_bci_accel_core/u_execution_engine/u_accumulation_scratch/u_apx_cluster_i_1320/O
                         net (fo=3, routed)           0.721    12.002    u_shared_bci_accel_core/u_execution_engine/u_accumulation_scratch/u_apx_cluster_i_1320_n_0
    SLICE_X52Y49         LUT2 (Prop_lut2_I1_O)        0.124    12.126 f  u_shared_bci_accel_core/u_execution_engine/u_accumulation_scratch/u_apx_cluster_i_925/O
                         net (fo=4, routed)           0.728    12.854    u_shared_bci_accel_core/u_execution_engine/u_accumulation_scratch/u_apx_cluster_i_925_n_0
    SLICE_X44Y49         LUT5 (Prop_lut5_I1_O)        0.124    12.978 f  u_shared_bci_accel_core/u_execution_engine/u_accumulation_scratch/gen_state_pair[42].u_even_state_i_5/O
                         net (fo=1, routed)           0.735    13.713    u_shared_bci_accel_core/u_execution_engine/u_operand_service/gen_state_pair[42].u_odd_state_0
    SLICE_X52Y51         LUT5 (Prop_lut5_I1_O)        0.124    13.837 r  u_shared_bci_accel_core/u_execution_engine/u_operand_service/gen_state_pair[42].u_even_state_i_3/O
                         net (fo=2, routed)           0.574    14.411    u_shared_bci_accel_core/u_execution_engine/u_operand_service/gen_state_pair[42].u_even_state_i_3_n_0
    SLICE_X60Y51         LUT3 (Prop_lut3_I2_O)        0.124    14.535 r  u_shared_bci_accel_core/u_execution_engine/u_operand_service/gen_state_pair[42].u_odd_state_i_1/O
                         net (fo=2, routed)           0.520    15.055    u_shared_bci_accel_core/u_execution_engine/u_accumulation_scratch/gen_state_pair[42].u_odd_state/DIB1
    SLICE_X62Y51         RAMD32                                       r  u_shared_bci_accel_core/u_execution_engine/u_accumulation_scratch/gen_state_pair[42].u_odd_state/RAMB_D1/I
  -------------------------------------------------------------------    -------------------

                         (clock clk rise edge)       14.286    14.286 r  
                                                      0.000    14.286 r  clk (IN)
                         net (fo=11226, unset)        1.540    15.826    u_shared_bci_accel_core/u_execution_engine/u_accumulation_scratch/gen_state_pair[42].u_odd_state/WCLK
    SLICE_X62Y51         RAMD32                                       r  u_shared_bci_accel_core/u_execution_engine/u_accumulation_scratch/gen_state_pair[42].u_odd_state/RAMB_D1/CLK
                         clock pessimism              0.000    15.826    
                         clock uncertainty           -0.035    15.791    
    SLICE_X62Y51         RAMD32 (Setup_ramd32_CLK_I)
                                                     -0.228    15.563    u_shared_bci_accel_core/u_execution_engine/u_accumulation_scratch/gen_state_pair[42].u_odd_state/RAMB_D1
  -------------------------------------------------------------------
                         required time                         15.563    
                         arrival time                         -15.055    
  -------------------------------------------------------------------
                         slack                                  0.508    

Slack (MET) :             0.509ns  (required time - arrival time)
  Source:                 u_shared_bci_accel_core/u_execution_engine/iir_samples_remaining_q_reg[11]/C
                            (rising edge-triggered cell FDCE clocked by clk  {rise@0.000ns fall@7.143ns period=14.286ns})
  Destination:            u_shared_bci_accel_core/u_execution_engine/u_accumulation_scratch/gen_state_pair[57].u_even_state/RAMA/I
                            (rising edge-triggered cell RAMD32 clocked by clk  {rise@0.000ns fall@7.143ns period=14.286ns})
  Path Group:             clk
  Path Type:              Setup (Max at Slow Process Corner)
  Requirement:            14.286ns  (clk rise@14.286ns - clk rise@0.000ns)
  Data Path Delay:        13.080ns  (logic 2.444ns (18.685%)  route 10.636ns (81.315%))
  Logic Levels:           14  (LUT2=1 LUT3=2 LUT4=2 LUT5=4 LUT6=4 RAMD32=1)
  Clock Path Skew:        -0.255ns (DCD - SCD + CPR)
    Destination Clock Delay (DCD):    1.466ns = ( 15.752 - 14.286 ) 
    Source Clock Delay      (SCD):    1.721ns
    Clock Pessimism Removal (CPR):    0.000ns
  Clock Uncertainty:      0.035ns  ((TSJ^2 + TIJ^2)^1/2 + DJ) / 2 + PE
    Total System Jitter     (TSJ):    0.071ns
    Total Input Jitter      (TIJ):    0.000ns
    Discrete Jitter          (DJ):    0.000ns
    Phase Error              (PE):    0.000ns

    Location             Delay type                Incr(ns)  Path(ns)    Netlist Resource(s)
  -------------------------------------------------------------------    -------------------
                         (clock clk rise edge)        0.000     0.000 r  
                                                      0.000     0.000 r  clk (IN)
                         net (fo=11226, unset)        1.721     1.721    u_shared_bci_accel_core/u_execution_engine/clk
    SLICE_X85Y22         FDCE                                         r  u_shared_bci_accel_core/u_execution_engine/iir_samples_remaining_q_reg[11]/C
  -------------------------------------------------------------------    -------------------
    SLICE_X85Y22         FDCE (Prop_fdce_C_Q)         0.456     2.177 r  u_shared_bci_accel_core/u_execution_engine/iir_samples_remaining_q_reg[11]/Q
                         net (fo=2, routed)           0.815     2.992    u_shared_bci_accel_core/u_execution_engine/u_accumulation_scratch/iir_samples_remaining_q[11]_i_9_0[10]
    SLICE_X86Y22         LUT4 (Prop_lut4_I0_O)        0.124     3.116 r  u_shared_bci_accel_core/u_execution_engine/u_accumulation_scratch/iir_samples_remaining_q[11]_i_16/O
                         net (fo=1, routed)           0.407     3.523    u_shared_bci_accel_core/u_execution_engine/u_accumulation_scratch/iir_samples_remaining_q[11]_i_16_n_0
    SLICE_X88Y22         LUT5 (Prop_lut5_I3_O)        0.124     3.647 f  u_shared_bci_accel_core/u_execution_engine/u_accumulation_scratch/iir_samples_remaining_q[11]_i_9/O
                         net (fo=12, routed)          0.756     4.403    u_shared_bci_accel_core/u_execution_engine/u_accumulation_scratch/iir_samples_remaining_q_reg[10]
    SLICE_X87Y26         LUT6 (Prop_lut6_I0_O)        0.124     4.527 r  u_shared_bci_accel_core/u_execution_engine/u_accumulation_scratch/iir_state_tail_reg_r1_0_15_0_5_i_15/O
                         net (fo=140, routed)         0.730     5.257    u_shared_bci_accel_core/u_execution_engine/u_accumulation_scratch/iir_drain_q_reg
    SLICE_X90Y27         LUT5 (Prop_lut5_I4_O)        0.124     5.381 r  u_shared_bci_accel_core/u_execution_engine/u_accumulation_scratch/iir_state_tail_reg_r2_0_15_0_5_i_9/O
                         net (fo=1, routed)           0.650     6.031    u_shared_bci_accel_core/u_execution_engine/u_accumulation_scratch/iir_state_tail_reg_r2_0_15_0_5_i_9_n_0
    SLICE_X85Y27         LUT6 (Prop_lut6_I5_O)        0.124     6.155 r  u_shared_bci_accel_core/u_execution_engine/u_accumulation_scratch/iir_state_tail_reg_r2_0_15_0_5_i_6/O
                         net (fo=1, routed)           0.300     6.455    u_shared_bci_accel_core/u_execution_engine/u_accumulation_scratch/iir_state_tail_reg_r2_0_15_0_5_i_6_n_0
    SLICE_X84Y28         LUT6 (Prop_lut6_I4_O)        0.124     6.579 r  u_shared_bci_accel_core/u_execution_engine/u_accumulation_scratch/iir_state_tail_reg_r2_0_15_0_5_i_2/O
                         net (fo=69, routed)          0.814     7.393    u_shared_bci_accel_core/u_execution_engine/u_accumulation_scratch/I31[0]
    SLICE_X72Y30         LUT6 (Prop_lut6_I1_O)        0.124     7.517 r  u_shared_bci_accel_core/u_execution_engine/u_accumulation_scratch/gen_state_pair[0].u_even_state_i_29/O
                         net (fo=1, routed)           1.122     8.639    u_shared_bci_accel_core/u_execution_engine/u_unified_retire/gen_state_pair[63].u_odd_state_5
    SLICE_X65Y45         LUT4 (Prop_lut4_I2_O)        0.124     8.763 r  u_shared_bci_accel_core/u_execution_engine/u_unified_retire/gen_state_pair[0].u_even_state_i_8/O
                         net (fo=256, routed)         1.814    10.577    u_shared_bci_accel_core/u_execution_engine/u_accumulation_scratch/gen_state_pair[57].u_odd_state/ADDRB1
    SLICE_X50Y52         RAMD32 (Prop_ramd32_RADR1_O)
                                                      0.152    10.729 r  u_shared_bci_accel_core/u_execution_engine/u_accumulation_scratch/gen_state_pair[57].u_odd_state/RAMB/O
                         net (fo=2, routed)           0.515    11.244    u_shared_bci_accel_core/u_execution_engine/u_accumulation_scratch/scratch_odd_read1_data[114]
    SLICE_X51Y52         LUT3 (Prop_lut3_I0_O)        0.348    11.592 r  u_shared_bci_accel_core/u_execution_engine/u_accumulation_scratch/u_apx_cluster_i_1288/O
                         net (fo=3, routed)           0.714    12.305    u_shared_bci_accel_core/u_execution_engine/u_accumulation_scratch/u_apx_cluster_i_1288_n_0
    SLICE_X51Y48         LUT2 (Prop_lut2_I0_O)        0.124    12.429 r  u_shared_bci_accel_core/u_execution_engine/u_accumulation_scratch/u_apx_cluster_i_864/O
                         net (fo=4, routed)           0.620    13.049    u_shared_bci_accel_core/u_execution_engine/u_accumulation_scratch/u_apx_cluster_i_864_n_0
    SLICE_X44Y48         LUT5 (Prop_lut5_I1_O)        0.124    13.173 f  u_shared_bci_accel_core/u_execution_engine/u_accumulation_scratch/gen_state_pair[57].u_even_state_i_7/O
                         net (fo=1, routed)           0.495    13.668    u_shared_bci_accel_core/u_execution_engine/u_operand_service/gen_state_pair[57].u_odd_state
    SLICE_X44Y50         LUT5 (Prop_lut5_I1_O)        0.124    13.792 r  u_shared_bci_accel_core/u_execution_engine/u_operand_service/gen_state_pair[57].u_even_state_i_4/O
                         net (fo=2, routed)           0.419    14.212    u_shared_bci_accel_core/u_execution_engine/u_operand_service/gen_state_pair[57].u_even_state_i_4_n_0
    SLICE_X49Y50         LUT3 (Prop_lut3_I2_O)        0.124    14.336 r  u_shared_bci_accel_core/u_execution_engine/u_operand_service/gen_state_pair[57].u_even_state_i_2/O
                         net (fo=2, routed)           0.465    14.801    u_shared_bci_accel_core/u_execution_engine/u_accumulation_scratch/gen_state_pair[57].u_even_state/DIA0
    SLICE_X50Y51         RAMD32                                       r  u_shared_bci_accel_core/u_execution_engine/u_accumulation_scratch/gen_state_pair[57].u_even_state/RAMA/I
  -------------------------------------------------------------------    -------------------

                         (clock clk rise edge)       14.286    14.286 r  
                                                      0.000    14.286 r  clk (IN)
                         net (fo=11226, unset)        1.466    15.752    u_shared_bci_accel_core/u_execution_engine/u_accumulation_scratch/gen_state_pair[57].u_even_state/WCLK
    SLICE_X50Y51         RAMD32                                       r  u_shared_bci_accel_core/u_execution_engine/u_accumulation_scratch/gen_state_pair[57].u_even_state/RAMA/CLK
                         clock pessimism              0.000    15.752    
                         clock uncertainty           -0.035    15.717    
    SLICE_X50Y51         RAMD32 (Setup_ramd32_CLK_I)
                                                     -0.407    15.310    u_shared_bci_accel_core/u_execution_engine/u_accumulation_scratch/gen_state_pair[57].u_even_state/RAMA
  -------------------------------------------------------------------
                         required time                         15.310    
                         arrival time                         -14.801    
  -------------------------------------------------------------------
                         slack                                  0.509    

Slack (MET) :             0.510ns  (required time - arrival time)
  Source:                 u_shared_bci_accel_core/u_execution_engine/iir_samples_remaining_q_reg[11]/C
                            (rising edge-triggered cell FDCE clocked by clk  {rise@0.000ns fall@7.143ns period=14.286ns})
  Destination:            u_shared_bci_accel_core/u_execution_engine/u_accumulation_scratch/gen_state_pair[40].u_odd_state/RAMB_D1/I
                            (rising edge-triggered cell RAMD32 clocked by clk  {rise@0.000ns fall@7.143ns period=14.286ns})
  Path Group:             clk
  Path Type:              Setup (Max at Slow Process Corner)
  Requirement:            14.286ns  (clk rise@14.286ns - clk rise@0.000ns)
  Data Path Delay:        13.329ns  (logic 2.192ns (16.446%)  route 11.137ns (83.554%))
  Logic Levels:           14  (LUT2=1 LUT3=2 LUT4=2 LUT5=4 LUT6=4 RAMD32=1)
  Clock Path Skew:        -0.184ns (DCD - SCD + CPR)
    Destination Clock Delay (DCD):    1.537ns = ( 15.823 - 14.286 ) 
    Source Clock Delay      (SCD):    1.721ns
    Clock Pessimism Removal (CPR):    0.000ns
  Clock Uncertainty:      0.035ns  ((TSJ^2 + TIJ^2)^1/2 + DJ) / 2 + PE
    Total System Jitter     (TSJ):    0.071ns
    Total Input Jitter      (TIJ):    0.000ns
    Discrete Jitter          (DJ):    0.000ns
    Phase Error              (PE):    0.000ns

    Location             Delay type                Incr(ns)  Path(ns)    Netlist Resource(s)
  -------------------------------------------------------------------    -------------------
                         (clock clk rise edge)        0.000     0.000 r  
                                                      0.000     0.000 r  clk (IN)
                         net (fo=11226, unset)        1.721     1.721    u_shared_bci_accel_core/u_execution_engine/clk
    SLICE_X85Y22         FDCE                                         r  u_shared_bci_accel_core/u_execution_engine/iir_samples_remaining_q_reg[11]/C
  -------------------------------------------------------------------    -------------------
    SLICE_X85Y22         FDCE (Prop_fdce_C_Q)         0.456     2.177 r  u_shared_bci_accel_core/u_execution_engine/iir_samples_remaining_q_reg[11]/Q
                         net (fo=2, routed)           0.815     2.992    u_shared_bci_accel_core/u_execution_engine/u_accumulation_scratch/iir_samples_remaining_q[11]_i_9_0[10]
    SLICE_X86Y22         LUT4 (Prop_lut4_I0_O)        0.124     3.116 r  u_shared_bci_accel_core/u_execution_engine/u_accumulation_scratch/iir_samples_remaining_q[11]_i_16/O
                         net (fo=1, routed)           0.407     3.523    u_shared_bci_accel_core/u_execution_engine/u_accumulation_scratch/iir_samples_remaining_q[11]_i_16_n_0
    SLICE_X88Y22         LUT5 (Prop_lut5_I3_O)        0.124     3.647 f  u_shared_bci_accel_core/u_execution_engine/u_accumulation_scratch/iir_samples_remaining_q[11]_i_9/O
                         net (fo=12, routed)          0.756     4.403    u_shared_bci_accel_core/u_execution_engine/u_accumulation_scratch/iir_samples_remaining_q_reg[10]
    SLICE_X87Y26         LUT6 (Prop_lut6_I0_O)        0.124     4.527 r  u_shared_bci_accel_core/u_execution_engine/u_accumulation_scratch/iir_state_tail_reg_r1_0_15_0_5_i_15/O
                         net (fo=140, routed)         0.730     5.257    u_shared_bci_accel_core/u_execution_engine/u_accumulation_scratch/iir_drain_q_reg
    SLICE_X90Y27         LUT5 (Prop_lut5_I4_O)        0.124     5.381 r  u_shared_bci_accel_core/u_execution_engine/u_accumulation_scratch/iir_state_tail_reg_r2_0_15_0_5_i_9/O
                         net (fo=1, routed)           0.650     6.031    u_shared_bci_accel_core/u_execution_engine/u_accumulation_scratch/iir_state_tail_reg_r2_0_15_0_5_i_9_n_0
    SLICE_X85Y27         LUT6 (Prop_lut6_I5_O)        0.124     6.155 r  u_shared_bci_accel_core/u_execution_engine/u_accumulation_scratch/iir_state_tail_reg_r2_0_15_0_5_i_6/O
                         net (fo=1, routed)           0.300     6.455    u_shared_bci_accel_core/u_execution_engine/u_accumulation_scratch/iir_state_tail_reg_r2_0_15_0_5_i_6_n_0
    SLICE_X84Y28         LUT6 (Prop_lut6_I4_O)        0.124     6.579 r  u_shared_bci_accel_core/u_execution_engine/u_accumulation_scratch/iir_state_tail_reg_r2_0_15_0_5_i_2/O
                         net (fo=69, routed)          0.814     7.393    u_shared_bci_accel_core/u_execution_engine/u_accumulation_scratch/I31[0]
    SLICE_X72Y30         LUT6 (Prop_lut6_I1_O)        0.124     7.517 r  u_shared_bci_accel_core/u_execution_engine/u_accumulation_scratch/gen_state_pair[0].u_even_state_i_29/O
                         net (fo=1, routed)           1.122     8.639    u_shared_bci_accel_core/u_execution_engine/u_unified_retire/gen_state_pair[63].u_odd_state_5
    SLICE_X65Y45         LUT4 (Prop_lut4_I2_O)        0.124     8.763 r  u_shared_bci_accel_core/u_execution_engine/u_unified_retire/gen_state_pair[0].u_even_state_i_8/O
                         net (fo=256, routed)         1.511    10.274    u_shared_bci_accel_core/u_execution_engine/u_accumulation_scratch/gen_state_pair[40].u_odd_state/ADDRB1
    SLICE_X58Y51         RAMD32 (Prop_ramd32_RADR1_O)
                                                      0.124    10.398 r  u_shared_bci_accel_core/u_execution_engine/u_accumulation_scratch/gen_state_pair[40].u_odd_state/RAMB_D1/O
                         net (fo=2, routed)           0.766    11.164    u_shared_bci_accel_core/u_execution_engine/u_accumulation_scratch/scratch_odd_read1_data[81]
    SLICE_X56Y47         LUT3 (Prop_lut3_I0_O)        0.124    11.288 r  u_shared_bci_accel_core/u_execution_engine/u_accumulation_scratch/u_apx_cluster_i_1325/O
                         net (fo=3, routed)           0.559    11.847    u_shared_bci_accel_core/u_execution_engine/u_accumulation_scratch/u_apx_cluster_i_1325_n_0
    SLICE_X57Y43         LUT2 (Prop_lut2_I1_O)        0.124    11.971 f  u_shared_bci_accel_core/u_execution_engine/u_accumulation_scratch/u_apx_cluster_i_933/O
                         net (fo=4, routed)           0.742    12.713    u_shared_bci_accel_core/u_execution_engine/u_accumulation_scratch/u_apx_cluster_i_933_n_0
    SLICE_X46Y43         LUT5 (Prop_lut5_I1_O)        0.124    12.837 f  u_shared_bci_accel_core/u_execution_engine/u_accumulation_scratch/gen_state_pair[40].u_even_state_i_9/O
                         net (fo=1, routed)           0.695    13.531    u_shared_bci_accel_core/u_execution_engine/u_operand_service/gen_state_pair[40].u_odd_state_0
    SLICE_X49Y46         LUT5 (Prop_lut5_I1_O)        0.124    13.655 r  u_shared_bci_accel_core/u_execution_engine/u_operand_service/gen_state_pair[40].u_even_state_i_5/O
                         net (fo=2, routed)           0.879    14.535    u_shared_bci_accel_core/u_execution_engine/u_operand_service/gen_state_pair[40].u_even_state_i_5_n_0
    SLICE_X59Y51         LUT3 (Prop_lut3_I2_O)        0.124    14.659 r  u_shared_bci_accel_core/u_execution_engine/u_operand_service/gen_state_pair[40].u_odd_state_i_2/O
                         net (fo=2, routed)           0.391    15.050    u_shared_bci_accel_core/u_execution_engine/u_accumulation_scratch/gen_state_pair[40].u_odd_state/DIB1
    SLICE_X58Y51         RAMD32                                       r  u_shared_bci_accel_core/u_execution_engine/u_accumulation_scratch/gen_state_pair[40].u_odd_state/RAMB_D1/I
  -------------------------------------------------------------------    -------------------

                         (clock clk rise edge)       14.286    14.286 r  
                                                      0.000    14.286 r  clk (IN)
                         net (fo=11226, unset)        1.537    15.823    u_shared_bci_accel_core/u_execution_engine/u_accumulation_scratch/gen_state_pair[40].u_odd_state/WCLK
    SLICE_X58Y51         RAMD32                                       r  u_shared_bci_accel_core/u_execution_engine/u_accumulation_scratch/gen_state_pair[40].u_odd_state/RAMB_D1/CLK
                         clock pessimism              0.000    15.823    
                         clock uncertainty           -0.035    15.788    
    SLICE_X58Y51         RAMD32 (Setup_ramd32_CLK_I)
                                                     -0.228    15.560    u_shared_bci_accel_core/u_execution_engine/u_accumulation_scratch/gen_state_pair[40].u_odd_state/RAMB_D1
  -------------------------------------------------------------------
                         required time                         15.560    
                         arrival time                         -15.050    
  -------------------------------------------------------------------
                         slack                                  0.510    

Slack (MET) :             0.516ns  (required time - arrival time)
  Source:                 u_shared_bci_accel_core/u_execution_engine/iir_samples_remaining_q_reg[11]/C
                            (rising edge-triggered cell FDCE clocked by clk  {rise@0.000ns fall@7.143ns period=14.286ns})
  Destination:            u_shared_bci_accel_core/u_execution_engine/retire_packet_data_q_reg[11]/D
                            (rising edge-triggered cell FDCE clocked by clk  {rise@0.000ns fall@7.143ns period=14.286ns})
  Path Group:             clk
  Path Type:              Setup (Max at Slow Process Corner)
  Requirement:            14.286ns  (clk rise@14.286ns - clk rise@0.000ns)
  Data Path Delay:        13.712ns  (logic 2.690ns (19.618%)  route 11.022ns (80.382%))
  Logic Levels:           16  (LUT2=1 LUT3=1 LUT4=2 LUT5=2 LUT6=7 MUXF7=1 MUXF8=1 RAMD32=1)
  Clock Path Skew:        -0.052ns (DCD - SCD + CPR)
    Destination Clock Delay (DCD):    1.554ns = ( 15.840 - 14.286 ) 
    Source Clock Delay      (SCD):    1.721ns
    Clock Pessimism Removal (CPR):    0.115ns
  Clock Uncertainty:      0.035ns  ((TSJ^2 + TIJ^2)^1/2 + DJ) / 2 + PE
    Total System Jitter     (TSJ):    0.071ns
    Total Input Jitter      (TIJ):    0.000ns
    Discrete Jitter          (DJ):    0.000ns
    Phase Error              (PE):    0.000ns

    Location             Delay type                Incr(ns)  Path(ns)    Netlist Resource(s)
  -------------------------------------------------------------------    -------------------
                         (clock clk rise edge)        0.000     0.000 r  
                                                      0.000     0.000 r  clk (IN)
                         net (fo=11226, unset)        1.721     1.721    u_shared_bci_accel_core/u_execution_engine/clk
    SLICE_X85Y22         FDCE                                         r  u_shared_bci_accel_core/u_execution_engine/iir_samples_remaining_q_reg[11]/C
  -------------------------------------------------------------------    -------------------
    SLICE_X85Y22         FDCE (Prop_fdce_C_Q)         0.456     2.177 r  u_shared_bci_accel_core/u_execution_engine/iir_samples_remaining_q_reg[11]/Q
                         net (fo=2, routed)           0.815     2.992    u_shared_bci_accel_core/u_execution_engine/u_accumulation_scratch/iir_samples_remaining_q[11]_i_9_0[10]
    SLICE_X86Y22         LUT4 (Prop_lut4_I0_O)        0.124     3.116 r  u_shared_bci_accel_core/u_execution_engine/u_accumulation_scratch/iir_samples_remaining_q[11]_i_16/O
                         net (fo=1, routed)           0.407     3.523    u_shared_bci_accel_core/u_execution_engine/u_accumulation_scratch/iir_samples_remaining_q[11]_i_16_n_0
    SLICE_X88Y22         LUT5 (Prop_lut5_I3_O)        0.124     3.647 f  u_shared_bci_accel_core/u_execution_engine/u_accumulation_scratch/iir_samples_remaining_q[11]_i_9/O
                         net (fo=12, routed)          0.756     4.403    u_shared_bci_accel_core/u_execution_engine/u_accumulation_scratch/iir_samples_remaining_q_reg[10]
    SLICE_X87Y26         LUT6 (Prop_lut6_I0_O)        0.124     4.527 r  u_shared_bci_accel_core/u_execution_engine/u_accumulation_scratch/iir_state_tail_reg_r1_0_15_0_5_i_15/O
                         net (fo=140, routed)         0.730     5.257    u_shared_bci_accel_core/u_execution_engine/u_accumulation_scratch/iir_drain_q_reg
    SLICE_X90Y27         LUT5 (Prop_lut5_I4_O)        0.124     5.381 r  u_shared_bci_accel_core/u_execution_engine/u_accumulation_scratch/iir_state_tail_reg_r2_0_15_0_5_i_9/O
                         net (fo=1, routed)           0.650     6.031    u_shared_bci_accel_core/u_execution_engine/u_accumulation_scratch/iir_state_tail_reg_r2_0_15_0_5_i_9_n_0
    SLICE_X85Y27         LUT6 (Prop_lut6_I5_O)        0.124     6.155 r  u_shared_bci_accel_core/u_execution_engine/u_accumulation_scratch/iir_state_tail_reg_r2_0_15_0_5_i_6/O
                         net (fo=1, routed)           0.300     6.455    u_shared_bci_accel_core/u_execution_engine/u_accumulation_scratch/iir_state_tail_reg_r2_0_15_0_5_i_6_n_0
    SLICE_X84Y28         LUT6 (Prop_lut6_I4_O)        0.124     6.579 r  u_shared_bci_accel_core/u_execution_engine/u_accumulation_scratch/iir_state_tail_reg_r2_0_15_0_5_i_2/O
                         net (fo=69, routed)          0.814     7.393    u_shared_bci_accel_core/u_execution_engine/u_accumulation_scratch/I31[0]
    SLICE_X72Y30         LUT6 (Prop_lut6_I1_O)        0.124     7.517 r  u_shared_bci_accel_core/u_execution_engine/u_accumulation_scratch/gen_state_pair[0].u_even_state_i_29/O
                         net (fo=1, routed)           1.122     8.639    u_shared_bci_accel_core/u_execution_engine/u_unified_retire/gen_state_pair[63].u_odd_state_5
    SLICE_X65Y45         LUT4 (Prop_lut4_I2_O)        0.124     8.763 r  u_shared_bci_accel_core/u_execution_engine/u_unified_retire/gen_state_pair[0].u_even_state_i_8/O
                         net (fo=256, routed)         1.777    10.540    u_shared_bci_accel_core/u_execution_engine/u_accumulation_scratch/gen_state_pair[47].u_odd_state/ADDRB1
    SLICE_X82Y53         RAMD32 (Prop_ramd32_RADR1_O)
                                                      0.124    10.664 f  u_shared_bci_accel_core/u_execution_engine/u_accumulation_scratch/gen_state_pair[47].u_odd_state/RAMB_D1/O
                         net (fo=2, routed)           0.634    11.299    u_shared_bci_accel_core/u_execution_engine/u_accumulation_scratch/scratch_odd_read1_data[95]
    SLICE_X83Y53         LUT3 (Prop_lut3_I0_O)        0.124    11.423 f  u_shared_bci_accel_core/u_execution_engine/u_accumulation_scratch/u_apx_cluster_i_1310/O
                         net (fo=3, routed)           1.022    12.445    u_shared_bci_accel_core/u_execution_engine/u_accumulation_scratch/u_apx_cluster_i_1310_n_0
    SLICE_X74Y43         LUT6 (Prop_lut6_I5_O)        0.124    12.569 r  u_shared_bci_accel_core/u_execution_engine/u_accumulation_scratch/retire_packet_data_q[15]_i_18/O
                         net (fo=1, routed)           0.000    12.569    u_shared_bci_accel_core/u_execution_engine/u_accumulation_scratch/retire_packet_data_q[15]_i_18_n_0
    SLICE_X74Y43         MUXF7 (Prop_muxf7_I0_O)      0.212    12.781 r  u_shared_bci_accel_core/u_execution_engine/u_accumulation_scratch/retire_packet_data_q_reg[15]_i_15/O
                         net (fo=1, routed)           0.000    12.781    u_shared_bci_accel_core/u_execution_engine/u_accumulation_scratch/retire_packet_data_q_reg[15]_i_15_n_0
    SLICE_X74Y43         MUXF8 (Prop_muxf8_I1_O)      0.094    12.875 r  u_shared_bci_accel_core/u_execution_engine/u_accumulation_scratch/retire_packet_data_q_reg[15]_i_9/O
                         net (fo=2, routed)           0.621    13.496    u_shared_bci_accel_core/u_execution_engine/u_accumulation_scratch/retire_packet_data_q_reg[15]_i_9_n_0
    SLICE_X63Y43         LUT2 (Prop_lut2_I0_O)        0.316    13.812 r  u_shared_bci_accel_core/u_execution_engine/u_accumulation_scratch/retire_packet_data_q[14]_i_5/O
                         net (fo=15, routed)          0.922    14.734    u_shared_bci_accel_core/u_execution_engine/u_accumulation_scratch/retire_packet_data_q[14]_i_5_n_0
    SLICE_X73Y36         LUT6 (Prop_lut6_I1_O)        0.124    14.858 r  u_shared_bci_accel_core/u_execution_engine/u_accumulation_scratch/retire_packet_data_q[11]_i_2/O
                         net (fo=1, routed)           0.451    15.309    u_shared_bci_accel_core/u_execution_engine/u_accumulation_scratch/retire_packet_data_q[11]_i_2_n_0
    SLICE_X73Y36         LUT6 (Prop_lut6_I2_O)        0.124    15.433 r  u_shared_bci_accel_core/u_execution_engine/u_accumulation_scratch/retire_packet_data_q[11]_i_1/O
                         net (fo=1, routed)           0.000    15.433    u_shared_bci_accel_core/u_execution_engine/u_accumulation_scratch_n_768
    SLICE_X73Y36         FDCE                                         r  u_shared_bci_accel_core/u_execution_engine/retire_packet_data_q_reg[11]/D
  -------------------------------------------------------------------    -------------------

                         (clock clk rise edge)       14.286    14.286 r  
                                                      0.000    14.286 r  clk (IN)
                         net (fo=11226, unset)        1.554    15.840    u_shared_bci_accel_core/u_execution_engine/clk
    SLICE_X73Y36         FDCE                                         r  u_shared_bci_accel_core/u_execution_engine/retire_packet_data_q_reg[11]/C
                         clock pessimism              0.115    15.955    
                         clock uncertainty           -0.035    15.920    
    SLICE_X73Y36         FDCE (Setup_fdce_C_D)        0.029    15.949    u_shared_bci_accel_core/u_execution_engine/retire_packet_data_q_reg[11]
  -------------------------------------------------------------------
                         required time                         15.949    
                         arrival time                         -15.433    
  -------------------------------------------------------------------
                         slack                                  0.516    

Slack (MET) :             0.519ns  (required time - arrival time)
  Source:                 u_shared_bci_accel_core/u_execution_engine/iir_samples_remaining_q_reg[11]/C
                            (rising edge-triggered cell FDCE clocked by clk  {rise@0.000ns fall@7.143ns period=14.286ns})
  Destination:            u_shared_bci_accel_core/u_execution_engine/retire_packet_data_q_reg[4]/D
                            (rising edge-triggered cell FDCE clocked by clk  {rise@0.000ns fall@7.143ns period=14.286ns})
  Path Group:             clk
  Path Type:              Setup (Max at Slow Process Corner)
  Requirement:            14.286ns  (clk rise@14.286ns - clk rise@0.000ns)
  Data Path Delay:        13.632ns  (logic 2.690ns (19.733%)  route 10.942ns (80.267%))
  Logic Levels:           16  (LUT2=1 LUT3=1 LUT4=2 LUT5=2 LUT6=7 MUXF7=1 MUXF8=1 RAMD32=1)
  Clock Path Skew:        -0.129ns (DCD - SCD + CPR)
    Destination Clock Delay (DCD):    1.477ns = ( 15.763 - 14.286 ) 
    Source Clock Delay      (SCD):    1.721ns
    Clock Pessimism Removal (CPR):    0.115ns
  Clock Uncertainty:      0.035ns  ((TSJ^2 + TIJ^2)^1/2 + DJ) / 2 + PE
    Total System Jitter     (TSJ):    0.071ns
    Total Input Jitter      (TIJ):    0.000ns
    Discrete Jitter          (DJ):    0.000ns
    Phase Error              (PE):    0.000ns

    Location             Delay type                Incr(ns)  Path(ns)    Netlist Resource(s)
  -------------------------------------------------------------------    -------------------
                         (clock clk rise edge)        0.000     0.000 r  
                                                      0.000     0.000 r  clk (IN)
                         net (fo=11226, unset)        1.721     1.721    u_shared_bci_accel_core/u_execution_engine/clk
    SLICE_X85Y22         FDCE                                         r  u_shared_bci_accel_core/u_execution_engine/iir_samples_remaining_q_reg[11]/C
  -------------------------------------------------------------------    -------------------
    SLICE_X85Y22         FDCE (Prop_fdce_C_Q)         0.456     2.177 r  u_shared_bci_accel_core/u_execution_engine/iir_samples_remaining_q_reg[11]/Q
                         net (fo=2, routed)           0.815     2.992    u_shared_bci_accel_core/u_execution_engine/u_accumulation_scratch/iir_samples_remaining_q[11]_i_9_0[10]
    SLICE_X86Y22         LUT4 (Prop_lut4_I0_O)        0.124     3.116 r  u_shared_bci_accel_core/u_execution_engine/u_accumulation_scratch/iir_samples_remaining_q[11]_i_16/O
                         net (fo=1, routed)           0.407     3.523    u_shared_bci_accel_core/u_execution_engine/u_accumulation_scratch/iir_samples_remaining_q[11]_i_16_n_0
    SLICE_X88Y22         LUT5 (Prop_lut5_I3_O)        0.124     3.647 f  u_shared_bci_accel_core/u_execution_engine/u_accumulation_scratch/iir_samples_remaining_q[11]_i_9/O
                         net (fo=12, routed)          0.756     4.403    u_shared_bci_accel_core/u_execution_engine/u_accumulation_scratch/iir_samples_remaining_q_reg[10]
    SLICE_X87Y26         LUT6 (Prop_lut6_I0_O)        0.124     4.527 r  u_shared_bci_accel_core/u_execution_engine/u_accumulation_scratch/iir_state_tail_reg_r1_0_15_0_5_i_15/O
                         net (fo=140, routed)         0.730     5.257    u_shared_bci_accel_core/u_execution_engine/u_accumulation_scratch/iir_drain_q_reg
    SLICE_X90Y27         LUT5 (Prop_lut5_I4_O)        0.124     5.381 r  u_shared_bci_accel_core/u_execution_engine/u_accumulation_scratch/iir_state_tail_reg_r2_0_15_0_5_i_9/O
                         net (fo=1, routed)           0.650     6.031    u_shared_bci_accel_core/u_execution_engine/u_accumulation_scratch/iir_state_tail_reg_r2_0_15_0_5_i_9_n_0
    SLICE_X85Y27         LUT6 (Prop_lut6_I5_O)        0.124     6.155 r  u_shared_bci_accel_core/u_execution_engine/u_accumulation_scratch/iir_state_tail_reg_r2_0_15_0_5_i_6/O
                         net (fo=1, routed)           0.300     6.455    u_shared_bci_accel_core/u_execution_engine/u_accumulation_scratch/iir_state_tail_reg_r2_0_15_0_5_i_6_n_0
    SLICE_X84Y28         LUT6 (Prop_lut6_I4_O)        0.124     6.579 r  u_shared_bci_accel_core/u_execution_engine/u_accumulation_scratch/iir_state_tail_reg_r2_0_15_0_5_i_2/O
                         net (fo=69, routed)          0.814     7.393    u_shared_bci_accel_core/u_execution_engine/u_accumulation_scratch/I31[0]
    SLICE_X72Y30         LUT6 (Prop_lut6_I1_O)        0.124     7.517 r  u_shared_bci_accel_core/u_execution_engine/u_accumulation_scratch/gen_state_pair[0].u_even_state_i_29/O
                         net (fo=1, routed)           1.122     8.639    u_shared_bci_accel_core/u_execution_engine/u_unified_retire/gen_state_pair[63].u_odd_state_5
    SLICE_X65Y45         LUT4 (Prop_lut4_I2_O)        0.124     8.763 r  u_shared_bci_accel_core/u_execution_engine/u_unified_retire/gen_state_pair[0].u_even_state_i_8/O
                         net (fo=256, routed)         1.777    10.540    u_shared_bci_accel_core/u_execution_engine/u_accumulation_scratch/gen_state_pair[47].u_odd_state/ADDRB1
    SLICE_X82Y53         RAMD32 (Prop_ramd32_RADR1_O)
                                                      0.124    10.664 f  u_shared_bci_accel_core/u_execution_engine/u_accumulation_scratch/gen_state_pair[47].u_odd_state/RAMB_D1/O
                         net (fo=2, routed)           0.634    11.299    u_shared_bci_accel_core/u_execution_engine/u_accumulation_scratch/scratch_odd_read1_data[95]
    SLICE_X83Y53         LUT3 (Prop_lut3_I0_O)        0.124    11.423 f  u_shared_bci_accel_core/u_execution_engine/u_accumulation_scratch/u_apx_cluster_i_1310/O
                         net (fo=3, routed)           1.022    12.445    u_shared_bci_accel_core/u_execution_engine/u_accumulation_scratch/u_apx_cluster_i_1310_n_0
    SLICE_X74Y43         LUT6 (Prop_lut6_I5_O)        0.124    12.569 r  u_shared_bci_accel_core/u_execution_engine/u_accumulation_scratch/retire_packet_data_q[15]_i_18/O
                         net (fo=1, routed)           0.000    12.569    u_shared_bci_accel_core/u_execution_engine/u_accumulation_scratch/retire_packet_data_q[15]_i_18_n_0
    SLICE_X74Y43         MUXF7 (Prop_muxf7_I0_O)      0.212    12.781 r  u_shared_bci_accel_core/u_execution_engine/u_accumulation_scratch/retire_packet_data_q_reg[15]_i_15/O
                         net (fo=1, routed)           0.000    12.781    u_shared_bci_accel_core/u_execution_engine/u_accumulation_scratch/retire_packet_data_q_reg[15]_i_15_n_0
    SLICE_X74Y43         MUXF8 (Prop_muxf8_I1_O)      0.094    12.875 r  u_shared_bci_accel_core/u_execution_engine/u_accumulation_scratch/retire_packet_data_q_reg[15]_i_9/O
                         net (fo=2, routed)           0.621    13.496    u_shared_bci_accel_core/u_execution_engine/u_accumulation_scratch/retire_packet_data_q_reg[15]_i_9_n_0
    SLICE_X63Y43         LUT2 (Prop_lut2_I0_O)        0.316    13.812 r  u_shared_bci_accel_core/u_execution_engine/u_accumulation_scratch/retire_packet_data_q[14]_i_5/O
                         net (fo=15, routed)          0.643    14.455    u_shared_bci_accel_core/u_execution_engine/u_accumulation_scratch/retire_packet_data_q[14]_i_5_n_0
    SLICE_X52Y43         LUT6 (Prop_lut6_I1_O)        0.124    14.579 r  u_shared_bci_accel_core/u_execution_engine/u_accumulation_scratch/retire_packet_data_q[4]_i_2/O
                         net (fo=1, routed)           0.650    15.229    u_shared_bci_accel_core/u_execution_engine/u_accumulation_scratch/retire_packet_data_q[4]_i_2_n_0
    SLICE_X52Y36         LUT6 (Prop_lut6_I2_O)        0.124    15.353 r  u_shared_bci_accel_core/u_execution_engine/u_accumulation_scratch/retire_packet_data_q[4]_i_1/O
                         net (fo=1, routed)           0.000    15.353    u_shared_bci_accel_core/u_execution_engine/u_accumulation_scratch_n_775
    SLICE_X52Y36         FDCE                                         r  u_shared_bci_accel_core/u_execution_engine/retire_packet_data_q_reg[4]/D
  -------------------------------------------------------------------    -------------------

                         (clock clk rise edge)       14.286    14.286 r  
                                                      0.000    14.286 r  clk (IN)
                         net (fo=11226, unset)        1.477    15.763    u_shared_bci_accel_core/u_execution_engine/clk
    SLICE_X52Y36         FDCE                                         r  u_shared_bci_accel_core/u_execution_engine/retire_packet_data_q_reg[4]/C
                         clock pessimism              0.115    15.878    
                         clock uncertainty           -0.035    15.843    
    SLICE_X52Y36         FDCE (Setup_fdce_C_D)        0.029    15.872    u_shared_bci_accel_core/u_execution_engine/retire_packet_data_q_reg[4]
  -------------------------------------------------------------------
                         required time                         15.872    
                         arrival time                         -15.353    
  -------------------------------------------------------------------
                         slack                                  0.519    

Slack (MET) :             0.521ns  (required time - arrival time)
  Source:                 u_shared_bci_accel_core/u_execution_engine/iir_samples_remaining_q_reg[11]/C
                            (rising edge-triggered cell FDCE clocked by clk  {rise@0.000ns fall@7.143ns period=14.286ns})
  Destination:            u_shared_bci_accel_core/u_execution_engine/u_accumulation_scratch/gen_state_pair[62].u_odd_state/RAMB_D1/I
                            (rising edge-triggered cell RAMD32 clocked by clk  {rise@0.000ns fall@7.143ns period=14.286ns})
  Path Group:             clk
  Path Type:              Setup (Max at Slow Process Corner)
  Requirement:            14.286ns  (clk rise@14.286ns - clk rise@0.000ns)
  Data Path Delay:        13.326ns  (logic 2.192ns (16.450%)  route 11.134ns (83.550%))
  Logic Levels:           14  (LUT2=1 LUT3=2 LUT4=2 LUT5=4 LUT6=4 RAMD32=1)
  Clock Path Skew:        -0.176ns (DCD - SCD + CPR)
    Destination Clock Delay (DCD):    1.545ns = ( 15.831 - 14.286 ) 
    Source Clock Delay      (SCD):    1.721ns
    Clock Pessimism Removal (CPR):    0.000ns
  Clock Uncertainty:      0.035ns  ((TSJ^2 + TIJ^2)^1/2 + DJ) / 2 + PE
    Total System Jitter     (TSJ):    0.071ns
    Total Input Jitter      (TIJ):    0.000ns
    Discrete Jitter          (DJ):    0.000ns
    Phase Error              (PE):    0.000ns

    Location             Delay type                Incr(ns)  Path(ns)    Netlist Resource(s)
  -------------------------------------------------------------------    -------------------
                         (clock clk rise edge)        0.000     0.000 r  
                                                      0.000     0.000 r  clk (IN)
                         net (fo=11226, unset)        1.721     1.721    u_shared_bci_accel_core/u_execution_engine/clk
    SLICE_X85Y22         FDCE                                         r  u_shared_bci_accel_core/u_execution_engine/iir_samples_remaining_q_reg[11]/C
  -------------------------------------------------------------------    -------------------
    SLICE_X85Y22         FDCE (Prop_fdce_C_Q)         0.456     2.177 r  u_shared_bci_accel_core/u_execution_engine/iir_samples_remaining_q_reg[11]/Q
                         net (fo=2, routed)           0.815     2.992    u_shared_bci_accel_core/u_execution_engine/u_accumulation_scratch/iir_samples_remaining_q[11]_i_9_0[10]
    SLICE_X86Y22         LUT4 (Prop_lut4_I0_O)        0.124     3.116 r  u_shared_bci_accel_core/u_execution_engine/u_accumulation_scratch/iir_samples_remaining_q[11]_i_16/O
                         net (fo=1, routed)           0.407     3.523    u_shared_bci_accel_core/u_execution_engine/u_accumulation_scratch/iir_samples_remaining_q[11]_i_16_n_0
    SLICE_X88Y22         LUT5 (Prop_lut5_I3_O)        0.124     3.647 f  u_shared_bci_accel_core/u_execution_engine/u_accumulation_scratch/iir_samples_remaining_q[11]_i_9/O
                         net (fo=12, routed)          0.756     4.403    u_shared_bci_accel_core/u_execution_engine/u_accumulation_scratch/iir_samples_remaining_q_reg[10]
    SLICE_X87Y26         LUT6 (Prop_lut6_I0_O)        0.124     4.527 r  u_shared_bci_accel_core/u_execution_engine/u_accumulation_scratch/iir_state_tail_reg_r1_0_15_0_5_i_15/O
                         net (fo=140, routed)         0.730     5.257    u_shared_bci_accel_core/u_execution_engine/u_accumulation_scratch/iir_drain_q_reg
    SLICE_X90Y27         LUT5 (Prop_lut5_I4_O)        0.124     5.381 r  u_shared_bci_accel_core/u_execution_engine/u_accumulation_scratch/iir_state_tail_reg_r2_0_15_0_5_i_9/O
                         net (fo=1, routed)           0.650     6.031    u_shared_bci_accel_core/u_execution_engine/u_accumulation_scratch/iir_state_tail_reg_r2_0_15_0_5_i_9_n_0
    SLICE_X85Y27         LUT6 (Prop_lut6_I5_O)        0.124     6.155 r  u_shared_bci_accel_core/u_execution_engine/u_accumulation_scratch/iir_state_tail_reg_r2_0_15_0_5_i_6/O
                         net (fo=1, routed)           0.300     6.455    u_shared_bci_accel_core/u_execution_engine/u_accumulation_scratch/iir_state_tail_reg_r2_0_15_0_5_i_6_n_0
    SLICE_X84Y28         LUT6 (Prop_lut6_I4_O)        0.124     6.579 r  u_shared_bci_accel_core/u_execution_engine/u_accumulation_scratch/iir_state_tail_reg_r2_0_15_0_5_i_2/O
                         net (fo=69, routed)          0.814     7.393    u_shared_bci_accel_core/u_execution_engine/u_accumulation_scratch/I31[0]
    SLICE_X72Y30         LUT6 (Prop_lut6_I1_O)        0.124     7.517 r  u_shared_bci_accel_core/u_execution_engine/u_accumulation_scratch/gen_state_pair[0].u_even_state_i_29/O
                         net (fo=1, routed)           1.122     8.639    u_shared_bci_accel_core/u_execution_engine/u_unified_retire/gen_state_pair[63].u_odd_state_5
    SLICE_X65Y45         LUT4 (Prop_lut4_I2_O)        0.124     8.763 r  u_shared_bci_accel_core/u_execution_engine/u_unified_retire/gen_state_pair[0].u_even_state_i_8/O
                         net (fo=256, routed)         1.782    10.545    u_shared_bci_accel_core/u_execution_engine/u_accumulation_scratch/gen_state_pair[62].u_odd_state/ADDRB1
    SLICE_X86Y55         RAMD32 (Prop_ramd32_RADR1_O)
                                                      0.124    10.669 r  u_shared_bci_accel_core/u_execution_engine/u_accumulation_scratch/gen_state_pair[62].u_odd_state/RAMB_D1/O
                         net (fo=2, routed)           0.975    11.643    u_shared_bci_accel_core/u_execution_engine/u_accumulation_scratch/scratch_odd_read1_data[125]
    SLICE_X80Y48         LUT3 (Prop_lut3_I0_O)        0.124    11.767 r  u_shared_bci_accel_core/u_execution_engine/u_accumulation_scratch/u_apx_cluster_i_1267/O
                         net (fo=3, routed)           0.433    12.200    u_shared_bci_accel_core/u_execution_engine/u_accumulation_scratch/u_apx_cluster_i_1267_n_0
    SLICE_X81Y46         LUT2 (Prop_lut2_I0_O)        0.124    12.324 r  u_shared_bci_accel_core/u_execution_engine/u_accumulation_scratch/u_apx_cluster_i_832/O
                         net (fo=4, routed)           0.598    12.922    u_shared_bci_accel_core/u_execution_engine/u_accumulation_scratch/u_apx_cluster_i_832_n_0
    SLICE_X78Y46         LUT5 (Prop_lut5_I1_O)        0.124    13.046 f  u_shared_bci_accel_core/u_execution_engine/u_accumulation_scratch/gen_state_pair[62].u_even_state_i_5/O
                         net (fo=1, routed)           0.560    13.606    u_shared_bci_accel_core/u_execution_engine/u_operand_service/gen_state_pair[62].u_odd_state_0
    SLICE_X75Y46         LUT5 (Prop_lut5_I1_O)        0.124    13.730 r  u_shared_bci_accel_core/u_execution_engine/u_operand_service/gen_state_pair[62].u_even_state_i_3/O
                         net (fo=2, routed)           0.166    13.896    u_shared_bci_accel_core/u_execution_engine/u_operand_service/gen_state_pair[62].u_even_state_i_3_n_0
    SLICE_X75Y46         LUT3 (Prop_lut3_I2_O)        0.124    14.020 r  u_shared_bci_accel_core/u_execution_engine/u_operand_service/gen_state_pair[62].u_odd_state_i_1/O
                         net (fo=2, routed)           1.027    15.047    u_shared_bci_accel_core/u_execution_engine/u_accumulation_scratch/gen_state_pair[62].u_odd_state/DIB1
    SLICE_X86Y55         RAMD32                                       r  u_shared_bci_accel_core/u_execution_engine/u_accumulation_scratch/gen_state_pair[62].u_odd_state/RAMB_D1/I
  -------------------------------------------------------------------    -------------------

                         (clock clk rise edge)       14.286    14.286 r  
                                                      0.000    14.286 r  clk (IN)
                         net (fo=11226, unset)        1.545    15.831    u_shared_bci_accel_core/u_execution_engine/u_accumulation_scratch/gen_state_pair[62].u_odd_state/WCLK
    SLICE_X86Y55         RAMD32                                       r  u_shared_bci_accel_core/u_execution_engine/u_accumulation_scratch/gen_state_pair[62].u_odd_state/RAMB_D1/CLK
                         clock pessimism              0.000    15.831    
                         clock uncertainty           -0.035    15.796    
    SLICE_X86Y55         RAMD32 (Setup_ramd32_CLK_I)
                                                     -0.228    15.568    u_shared_bci_accel_core/u_execution_engine/u_accumulation_scratch/gen_state_pair[62].u_odd_state/RAMB_D1
  -------------------------------------------------------------------
                         required time                         15.568    
                         arrival time                         -15.047    
  -------------------------------------------------------------------
                         slack                                  0.521    

Slack (MET) :             0.528ns  (required time - arrival time)
  Source:                 u_shared_bci_accel_core/u_execution_engine/iir_samples_remaining_q_reg[11]/C
                            (rising edge-triggered cell FDCE clocked by clk  {rise@0.000ns fall@7.143ns period=14.286ns})
  Destination:            u_shared_bci_accel_core/u_execution_engine/u_accumulation_scratch/gen_state_pair[42].u_even_state/RAMB_D1/I
                            (rising edge-triggered cell RAMD32 clocked by clk  {rise@0.000ns fall@7.143ns period=14.286ns})
  Path Group:             clk
  Path Type:              Setup (Max at Slow Process Corner)
  Requirement:            14.286ns  (clk rise@14.286ns - clk rise@0.000ns)
  Data Path Delay:        13.309ns  (logic 2.192ns (16.470%)  route 11.117ns (83.530%))
  Logic Levels:           14  (LUT2=1 LUT3=2 LUT4=2 LUT5=4 LUT6=4 RAMD32=1)
  Clock Path Skew:        -0.185ns (DCD - SCD + CPR)
    Destination Clock Delay (DCD):    1.536ns = ( 15.822 - 14.286 ) 
    Source Clock Delay      (SCD):    1.721ns
    Clock Pessimism Removal (CPR):    0.000ns
  Clock Uncertainty:      0.035ns  ((TSJ^2 + TIJ^2)^1/2 + DJ) / 2 + PE
    Total System Jitter     (TSJ):    0.071ns
    Total Input Jitter      (TIJ):    0.000ns
    Discrete Jitter          (DJ):    0.000ns
    Phase Error              (PE):    0.000ns

    Location             Delay type                Incr(ns)  Path(ns)    Netlist Resource(s)
  -------------------------------------------------------------------    -------------------
                         (clock clk rise edge)        0.000     0.000 r  
                                                      0.000     0.000 r  clk (IN)
                         net (fo=11226, unset)        1.721     1.721    u_shared_bci_accel_core/u_execution_engine/clk
    SLICE_X85Y22         FDCE                                         r  u_shared_bci_accel_core/u_execution_engine/iir_samples_remaining_q_reg[11]/C
  -------------------------------------------------------------------    -------------------
    SLICE_X85Y22         FDCE (Prop_fdce_C_Q)         0.456     2.177 r  u_shared_bci_accel_core/u_execution_engine/iir_samples_remaining_q_reg[11]/Q
                         net (fo=2, routed)           0.815     2.992    u_shared_bci_accel_core/u_execution_engine/u_accumulation_scratch/iir_samples_remaining_q[11]_i_9_0[10]
    SLICE_X86Y22         LUT4 (Prop_lut4_I0_O)        0.124     3.116 r  u_shared_bci_accel_core/u_execution_engine/u_accumulation_scratch/iir_samples_remaining_q[11]_i_16/O
                         net (fo=1, routed)           0.407     3.523    u_shared_bci_accel_core/u_execution_engine/u_accumulation_scratch/iir_samples_remaining_q[11]_i_16_n_0
    SLICE_X88Y22         LUT5 (Prop_lut5_I3_O)        0.124     3.647 f  u_shared_bci_accel_core/u_execution_engine/u_accumulation_scratch/iir_samples_remaining_q[11]_i_9/O
                         net (fo=12, routed)          0.756     4.403    u_shared_bci_accel_core/u_execution_engine/u_accumulation_scratch/iir_samples_remaining_q_reg[10]
    SLICE_X87Y26         LUT6 (Prop_lut6_I0_O)        0.124     4.527 r  u_shared_bci_accel_core/u_execution_engine/u_accumulation_scratch/iir_state_tail_reg_r1_0_15_0_5_i_15/O
                         net (fo=140, routed)         0.730     5.257    u_shared_bci_accel_core/u_execution_engine/u_accumulation_scratch/iir_drain_q_reg
    SLICE_X90Y27         LUT5 (Prop_lut5_I4_O)        0.124     5.381 r  u_shared_bci_accel_core/u_execution_engine/u_accumulation_scratch/iir_state_tail_reg_r2_0_15_0_5_i_9/O
                         net (fo=1, routed)           0.650     6.031    u_shared_bci_accel_core/u_execution_engine/u_accumulation_scratch/iir_state_tail_reg_r2_0_15_0_5_i_9_n_0
    SLICE_X85Y27         LUT6 (Prop_lut6_I5_O)        0.124     6.155 r  u_shared_bci_accel_core/u_execution_engine/u_accumulation_scratch/iir_state_tail_reg_r2_0_15_0_5_i_6/O
                         net (fo=1, routed)           0.300     6.455    u_shared_bci_accel_core/u_execution_engine/u_accumulation_scratch/iir_state_tail_reg_r2_0_15_0_5_i_6_n_0
    SLICE_X84Y28         LUT6 (Prop_lut6_I4_O)        0.124     6.579 r  u_shared_bci_accel_core/u_execution_engine/u_accumulation_scratch/iir_state_tail_reg_r2_0_15_0_5_i_2/O
                         net (fo=69, routed)          0.814     7.393    u_shared_bci_accel_core/u_execution_engine/u_accumulation_scratch/I31[0]
    SLICE_X72Y30         LUT6 (Prop_lut6_I1_O)        0.124     7.517 r  u_shared_bci_accel_core/u_execution_engine/u_accumulation_scratch/gen_state_pair[0].u_even_state_i_29/O
                         net (fo=1, routed)           1.122     8.639    u_shared_bci_accel_core/u_execution_engine/u_unified_retire/gen_state_pair[63].u_odd_state_5
    SLICE_X65Y45         LUT4 (Prop_lut4_I2_O)        0.124     8.763 r  u_shared_bci_accel_core/u_execution_engine/u_unified_retire/gen_state_pair[0].u_even_state_i_8/O
                         net (fo=256, routed)         1.702    10.465    u_shared_bci_accel_core/u_execution_engine/u_accumulation_scratch/gen_state_pair[42].u_even_state/ADDRB1
    SLICE_X54Y51         RAMD32 (Prop_ramd32_RADR1_O)
                                                      0.124    10.589 r  u_shared_bci_accel_core/u_execution_engine/u_accumulation_scratch/gen_state_pair[42].u_even_state/RAMB_D1/O
                         net (fo=2, routed)           0.569    11.158    u_shared_bci_accel_core/u_execution_engine/u_accumulation_scratch/scratch_even_read1_data[85]
    SLICE_X61Y51         LUT3 (Prop_lut3_I2_O)        0.124    11.282 r  u_shared_bci_accel_core/u_execution_engine/u_accumulation_scratch/u_apx_cluster_i_1320/O
                         net (fo=3, routed)           0.721    12.002    u_shared_bci_accel_core/u_execution_engine/u_accumulation_scratch/u_apx_cluster_i_1320_n_0
    SLICE_X52Y49         LUT2 (Prop_lut2_I1_O)        0.124    12.126 f  u_shared_bci_accel_core/u_execution_engine/u_accumulation_scratch/u_apx_cluster_i_925/O
                         net (fo=4, routed)           0.728    12.854    u_shared_bci_accel_core/u_execution_engine/u_accumulation_scratch/u_apx_cluster_i_925_n_0
    SLICE_X44Y49         LUT5 (Prop_lut5_I1_O)        0.124    12.978 f  u_shared_bci_accel_core/u_execution_engine/u_accumulation_scratch/gen_state_pair[42].u_even_state_i_5/O
                         net (fo=1, routed)           0.735    13.713    u_shared_bci_accel_core/u_execution_engine/u_operand_service/gen_state_pair[42].u_odd_state_0
    SLICE_X52Y51         LUT5 (Prop_lut5_I1_O)        0.124    13.837 r  u_shared_bci_accel_core/u_execution_engine/u_operand_service/gen_state_pair[42].u_even_state_i_3/O
                         net (fo=2, routed)           0.501    14.338    u_shared_bci_accel_core/u_execution_engine/u_operand_service/gen_state_pair[42].u_even_state_i_3_n_0
    SLICE_X55Y51         LUT3 (Prop_lut3_I2_O)        0.124    14.462 r  u_shared_bci_accel_core/u_execution_engine/u_operand_service/gen_state_pair[42].u_even_state_i_1/O
                         net (fo=2, routed)           0.569    15.030    u_shared_bci_accel_core/u_execution_engine/u_accumulation_scratch/gen_state_pair[42].u_even_state/DIB1
    SLICE_X54Y51         RAMD32                                       r  u_shared_bci_accel_core/u_execution_engine/u_accumulation_scratch/gen_state_pair[42].u_even_state/RAMB_D1/I
  -------------------------------------------------------------------    -------------------

                         (clock clk rise edge)       14.286    14.286 r  
                                                      0.000    14.286 r  clk (IN)
                         net (fo=11226, unset)        1.536    15.822    u_shared_bci_accel_core/u_execution_engine/u_accumulation_scratch/gen_state_pair[42].u_even_state/WCLK
    SLICE_X54Y51         RAMD32                                       r  u_shared_bci_accel_core/u_execution_engine/u_accumulation_scratch/gen_state_pair[42].u_even_state/RAMB_D1/CLK
                         clock pessimism              0.000    15.822    
                         clock uncertainty           -0.035    15.787    
    SLICE_X54Y51         RAMD32 (Setup_ramd32_CLK_I)
                                                     -0.228    15.559    u_shared_bci_accel_core/u_execution_engine/u_accumulation_scratch/gen_state_pair[42].u_even_state/RAMB_D1
  -------------------------------------------------------------------
                         required time                         15.559    
                         arrival time                         -15.030    
  -------------------------------------------------------------------
                         slack                                  0.528    

Slack (MET) :             0.529ns  (required time - arrival time)
  Source:                 u_shared_bci_accel_core/u_execution_engine/iir_samples_remaining_q_reg[11]/C
                            (rising edge-triggered cell FDCE clocked by clk  {rise@0.000ns fall@7.143ns period=14.286ns})
  Destination:            u_shared_bci_accel_core/u_execution_engine/u_accumulation_scratch/gen_state_pair[40].u_odd_state/RAMA_D1/I
                            (rising edge-triggered cell RAMD32 clocked by clk  {rise@0.000ns fall@7.143ns period=14.286ns})
  Path Group:             clk
  Path Type:              Setup (Max at Slow Process Corner)
  Requirement:            14.286ns  (clk rise@14.286ns - clk rise@0.000ns)
  Data Path Delay:        13.280ns  (logic 2.192ns (16.506%)  route 11.088ns (83.494%))
  Logic Levels:           14  (LUT2=1 LUT3=2 LUT4=2 LUT5=4 LUT6=4 RAMD32=1)
  Clock Path Skew:        -0.184ns (DCD - SCD + CPR)
    Destination Clock Delay (DCD):    1.537ns = ( 15.823 - 14.286 ) 
    Source Clock Delay      (SCD):    1.721ns
    Clock Pessimism Removal (CPR):    0.000ns
  Clock Uncertainty:      0.035ns  ((TSJ^2 + TIJ^2)^1/2 + DJ) / 2 + PE
    Total System Jitter     (TSJ):    0.071ns
    Total Input Jitter      (TIJ):    0.000ns
    Discrete Jitter          (DJ):    0.000ns
    Phase Error              (PE):    0.000ns

    Location             Delay type                Incr(ns)  Path(ns)    Netlist Resource(s)
  -------------------------------------------------------------------    -------------------
                         (clock clk rise edge)        0.000     0.000 r  
                                                      0.000     0.000 r  clk (IN)
                         net (fo=11226, unset)        1.721     1.721    u_shared_bci_accel_core/u_execution_engine/clk
    SLICE_X85Y22         FDCE                                         r  u_shared_bci_accel_core/u_execution_engine/iir_samples_remaining_q_reg[11]/C
  -------------------------------------------------------------------    -------------------
    SLICE_X85Y22         FDCE (Prop_fdce_C_Q)         0.456     2.177 r  u_shared_bci_accel_core/u_execution_engine/iir_samples_remaining_q_reg[11]/Q
                         net (fo=2, routed)           0.815     2.992    u_shared_bci_accel_core/u_execution_engine/u_accumulation_scratch/iir_samples_remaining_q[11]_i_9_0[10]
    SLICE_X86Y22         LUT4 (Prop_lut4_I0_O)        0.124     3.116 r  u_shared_bci_accel_core/u_execution_engine/u_accumulation_scratch/iir_samples_remaining_q[11]_i_16/O
                         net (fo=1, routed)           0.407     3.523    u_shared_bci_accel_core/u_execution_engine/u_accumulation_scratch/iir_samples_remaining_q[11]_i_16_n_0
    SLICE_X88Y22         LUT5 (Prop_lut5_I3_O)        0.124     3.647 f  u_shared_bci_accel_core/u_execution_engine/u_accumulation_scratch/iir_samples_remaining_q[11]_i_9/O
                         net (fo=12, routed)          0.756     4.403    u_shared_bci_accel_core/u_execution_engine/u_accumulation_scratch/iir_samples_remaining_q_reg[10]
    SLICE_X87Y26         LUT6 (Prop_lut6_I0_O)        0.124     4.527 r  u_shared_bci_accel_core/u_execution_engine/u_accumulation_scratch/iir_state_tail_reg_r1_0_15_0_5_i_15/O
                         net (fo=140, routed)         0.730     5.257    u_shared_bci_accel_core/u_execution_engine/u_accumulation_scratch/iir_drain_q_reg
    SLICE_X90Y27         LUT5 (Prop_lut5_I4_O)        0.124     5.381 r  u_shared_bci_accel_core/u_execution_engine/u_accumulation_scratch/iir_state_tail_reg_r2_0_15_0_5_i_9/O
                         net (fo=1, routed)           0.650     6.031    u_shared_bci_accel_core/u_execution_engine/u_accumulation_scratch/iir_state_tail_reg_r2_0_15_0_5_i_9_n_0
    SLICE_X85Y27         LUT6 (Prop_lut6_I5_O)        0.124     6.155 r  u_shared_bci_accel_core/u_execution_engine/u_accumulation_scratch/iir_state_tail_reg_r2_0_15_0_5_i_6/O
                         net (fo=1, routed)           0.300     6.455    u_shared_bci_accel_core/u_execution_engine/u_accumulation_scratch/iir_state_tail_reg_r2_0_15_0_5_i_6_n_0
    SLICE_X84Y28         LUT6 (Prop_lut6_I4_O)        0.124     6.579 r  u_shared_bci_accel_core/u_execution_engine/u_accumulation_scratch/iir_state_tail_reg_r2_0_15_0_5_i_2/O
                         net (fo=69, routed)          0.814     7.393    u_shared_bci_accel_core/u_execution_engine/u_accumulation_scratch/I31[0]
    SLICE_X72Y30         LUT6 (Prop_lut6_I1_O)        0.124     7.517 r  u_shared_bci_accel_core/u_execution_engine/u_accumulation_scratch/gen_state_pair[0].u_even_state_i_29/O
                         net (fo=1, routed)           1.122     8.639    u_shared_bci_accel_core/u_execution_engine/u_unified_retire/gen_state_pair[63].u_odd_state_5
    SLICE_X65Y45         LUT4 (Prop_lut4_I2_O)        0.124     8.763 r  u_shared_bci_accel_core/u_execution_engine/u_unified_retire/gen_state_pair[0].u_even_state_i_8/O
                         net (fo=256, routed)         1.511    10.274    u_shared_bci_accel_core/u_execution_engine/u_accumulation_scratch/gen_state_pair[40].u_odd_state/ADDRB1
    SLICE_X58Y51         RAMD32 (Prop_ramd32_RADR1_O)
                                                      0.124    10.398 r  u_shared_bci_accel_core/u_execution_engine/u_accumulation_scratch/gen_state_pair[40].u_odd_state/RAMB_D1/O
                         net (fo=2, routed)           0.766    11.164    u_shared_bci_accel_core/u_execution_engine/u_accumulation_scratch/scratch_odd_read1_data[81]
    SLICE_X56Y47         LUT3 (Prop_lut3_I0_O)        0.124    11.288 r  u_shared_bci_accel_core/u_execution_engine/u_accumulation_scratch/u_apx_cluster_i_1325/O
                         net (fo=3, routed)           0.559    11.847    u_shared_bci_accel_core/u_execution_engine/u_accumulation_scratch/u_apx_cluster_i_1325_n_0
    SLICE_X57Y43         LUT2 (Prop_lut2_I1_O)        0.124    11.971 f  u_shared_bci_accel_core/u_execution_engine/u_accumulation_scratch/u_apx_cluster_i_933/O
                         net (fo=4, routed)           0.742    12.713    u_shared_bci_accel_core/u_execution_engine/u_accumulation_scratch/u_apx_cluster_i_933_n_0
    SLICE_X46Y43         LUT5 (Prop_lut5_I1_O)        0.124    12.837 f  u_shared_bci_accel_core/u_execution_engine/u_accumulation_scratch/gen_state_pair[40].u_even_state_i_9/O
                         net (fo=1, routed)           0.695    13.531    u_shared_bci_accel_core/u_execution_engine/u_operand_service/gen_state_pair[40].u_odd_state_0
    SLICE_X49Y46         LUT5 (Prop_lut5_I1_O)        0.124    13.655 r  u_shared_bci_accel_core/u_execution_engine/u_operand_service/gen_state_pair[40].u_even_state_i_5/O
                         net (fo=2, routed)           0.879    14.535    u_shared_bci_accel_core/u_execution_engine/u_operand_service/gen_state_pair[40].u_even_state_i_5_n_0
    SLICE_X59Y51         LUT3 (Prop_lut3_I2_O)        0.124    14.659 r  u_shared_bci_accel_core/u_execution_engine/u_operand_service/gen_state_pair[40].u_odd_state_i_2/O
                         net (fo=2, routed)           0.343    15.001    u_shared_bci_accel_core/u_execution_engine/u_accumulation_scratch/gen_state_pair[40].u_odd_state/DIA1
    SLICE_X58Y51         RAMD32                                       r  u_shared_bci_accel_core/u_execution_engine/u_accumulation_scratch/gen_state_pair[40].u_odd_state/RAMA_D1/I
  -------------------------------------------------------------------    -------------------

                         (clock clk rise edge)       14.286    14.286 r  
                                                      0.000    14.286 r  clk (IN)
                         net (fo=11226, unset)        1.537    15.823    u_shared_bci_accel_core/u_execution_engine/u_accumulation_scratch/gen_state_pair[40].u_odd_state/WCLK
    SLICE_X58Y51         RAMD32                                       r  u_shared_bci_accel_core/u_execution_engine/u_accumulation_scratch/gen_state_pair[40].u_odd_state/RAMA_D1/CLK
                         clock pessimism              0.000    15.823    
                         clock uncertainty           -0.035    15.788    
    SLICE_X58Y51         RAMD32 (Setup_ramd32_CLK_I)
                                                     -0.258    15.530    u_shared_bci_accel_core/u_execution_engine/u_accumulation_scratch/gen_state_pair[40].u_odd_state/RAMA_D1
  -------------------------------------------------------------------
                         required time                         15.530    
                         arrival time                         -15.001    
  -------------------------------------------------------------------
                         slack                                  0.529    

Slack (MET) :             0.551ns  (required time - arrival time)
  Source:                 u_shared_bci_accel_core/u_execution_engine/chunk_index_q_reg[4]/C
                            (rising edge-triggered cell FDCE clocked by clk  {rise@0.000ns fall@7.143ns period=14.286ns})
  Destination:            u_shared_bci_accel_core/u_execution_engine/u_accumulation_scratch/gen_state_pair[62].u_even_state/RAMA/I
                            (rising edge-triggered cell RAMD32 clocked by clk  {rise@0.000ns fall@7.143ns period=14.286ns})
  Path Group:             clk
  Path Type:              Setup (Max at Slow Process Corner)
  Requirement:            14.286ns  (clk rise@14.286ns - clk rise@0.000ns)
  Data Path Delay:        13.128ns  (logic 2.754ns (20.979%)  route 10.374ns (79.021%))
  Logic Levels:           16  (LUT2=2 LUT3=3 LUT4=2 LUT5=5 LUT6=3 RAMD32=1)
  Clock Path Skew:        -0.165ns (DCD - SCD + CPR)
    Destination Clock Delay (DCD):    1.545ns = ( 15.831 - 14.286 ) 
    Source Clock Delay      (SCD):    1.710ns
    Clock Pessimism Removal (CPR):    0.000ns
  Clock Uncertainty:      0.035ns  ((TSJ^2 + TIJ^2)^1/2 + DJ) / 2 + PE
    Total System Jitter     (TSJ):    0.071ns
    Total Input Jitter      (TIJ):    0.000ns
    Discrete Jitter          (DJ):    0.000ns
    Phase Error              (PE):    0.000ns

    Location             Delay type                Incr(ns)  Path(ns)    Netlist Resource(s)
  -------------------------------------------------------------------    -------------------
                         (clock clk rise edge)        0.000     0.000 r  
                                                      0.000     0.000 r  clk (IN)
                         net (fo=11226, unset)        1.710     1.710    u_shared_bci_accel_core/u_execution_engine/clk
    SLICE_X54Y23         FDCE                                         r  u_shared_bci_accel_core/u_execution_engine/chunk_index_q_reg[4]/C
  -------------------------------------------------------------------    -------------------
    SLICE_X54Y23         FDCE (Prop_fdce_C_Q)         0.518     2.228 f  u_shared_bci_accel_core/u_execution_engine/chunk_index_q_reg[4]/Q
                         net (fo=8, routed)           0.863     3.091    u_shared_bci_accel_core/u_execution_engine/u_unified_retire/retire_packet_word_count_q_reg[3]_i_24_0[4]
    SLICE_X54Y25         LUT3 (Prop_lut3_I0_O)        0.124     3.215 f  u_shared_bci_accel_core/u_execution_engine/u_unified_retire/chunk_index_q[4]_i_12/O
                         net (fo=7, routed)           0.440     3.656    u_shared_bci_accel_core/u_execution_engine/u_unified_retire/chunk_index_q_reg[4]
    SLICE_X56Y25         LUT5 (Prop_lut5_I0_O)        0.124     3.780 f  u_shared_bci_accel_core/u_execution_engine/u_unified_retire/shared_apx_issue_owner_q[1]_i_6/O
                         net (fo=1, routed)           0.445     4.224    u_shared_bci_accel_core/u_execution_engine/u_unified_retire/shared_apx_issue_owner_q[1]_i_6_n_0
    SLICE_X55Y26         LUT6 (Prop_lut6_I3_O)        0.124     4.348 r  u_shared_bci_accel_core/u_execution_engine/u_unified_retire/shared_apx_issue_owner_q[1]_i_5/O
                         net (fo=4, routed)           0.470     4.819    u_shared_bci_accel_core/u_execution_engine/u_unified_retire/shared_apx_issue_owner_q[1]_i_5_n_0
    SLICE_X55Y27         LUT2 (Prop_lut2_I0_O)        0.124     4.943 r  u_shared_bci_accel_core/u_execution_engine/u_unified_retire/gen_state_pair[0].u_even_state_i_65/O
                         net (fo=7, routed)           0.754     5.697    u_shared_bci_accel_core/u_execution_engine/u_unified_retire/gen_state_pair[0].u_even_state_i_65_n_0
    SLICE_X59Y28         LUT6 (Prop_lut6_I0_O)        0.124     5.821 r  u_shared_bci_accel_core/u_execution_engine/u_unified_retire/gen_state_pair[0].u_even_state_i_20/O
                         net (fo=1, routed)           0.714     6.535    u_shared_bci_accel_core/u_execution_engine/u_unified_retire/gen_state_pair[0].u_even_state_i_20_n_0
    SLICE_X64Y30         LUT4 (Prop_lut4_I0_O)        0.124     6.659 r  u_shared_bci_accel_core/u_execution_engine/u_unified_retire/gen_state_pair[0].u_even_state_i_5/O
                         net (fo=258, routed)         0.562     7.221    u_shared_bci_accel_core/u_execution_engine/u_unified_retire/ADDRA[1]
    SLICE_X64Y34         LUT4 (Prop_lut4_I2_O)        0.124     7.345 r  u_shared_bci_accel_core/u_execution_engine/u_unified_retire/gen_state_pair[0].u_even_state_i_131/O
                         net (fo=2, routed)           0.173     7.518    u_shared_bci_accel_core/u_execution_engine/u_unified_retire/gen_state_pair[0].u_even_state_i_131_n_0
    SLICE_X64Y34         LUT6 (Prop_lut6_I4_O)        0.124     7.642 r  u_shared_bci_accel_core/u_execution_engine/u_unified_retire/gen_state_pair[0].u_even_state_i_77/O
                         net (fo=3, routed)           0.324     7.966    u_shared_bci_accel_core/u_execution_engine/u_unified_retire/gen_state_pair[0].u_even_state_i_77_n_0
    SLICE_X64Y33         LUT5 (Prop_lut5_I1_O)        0.124     8.090 f  u_shared_bci_accel_core/u_execution_engine/u_unified_retire/gen_state_pair[0].u_even_state_i_30/O
                         net (fo=1, routed)           0.296     8.386    u_shared_bci_accel_core/u_execution_engine/u_unified_retire/gen_state_pair[0].u_even_state_i_30_n_0
    SLICE_X65Y35         LUT5 (Prop_lut5_I0_O)        0.124     8.510 r  u_shared_bci_accel_core/u_execution_engine/u_unified_retire/gen_state_pair[0].u_even_state_i_9/O
                         net (fo=256, routed)         2.061    10.571    u_shared_bci_accel_core/u_execution_engine/u_accumulation_scratch/gen_state_pair[62].u_even_state/ADDRB0
    SLICE_X86Y54         RAMD32 (Prop_ramd32_RADR0_O)
                                                      0.152    10.723 r  u_shared_bci_accel_core/u_execution_engine/u_accumulation_scratch/gen_state_pair[62].u_even_state/RAMB/O
                         net (fo=2, routed)           1.006    11.729    u_shared_bci_accel_core/u_execution_engine/u_accumulation_scratch/scratch_even_read1_data[124]
    SLICE_X78Y47         LUT3 (Prop_lut3_I2_O)        0.348    12.077 r  u_shared_bci_accel_core/u_execution_engine/u_accumulation_scratch/u_apx_cluster_i_1269/O
                         net (fo=3, routed)           0.356    12.433    u_shared_bci_accel_core/u_execution_engine/u_accumulation_scratch/u_apx_cluster_i_1269_n_0
    SLICE_X79Y47         LUT2 (Prop_lut2_I1_O)        0.124    12.557 f  u_shared_bci_accel_core/u_execution_engine/u_accumulation_scratch/u_apx_cluster_i_835/O
                         net (fo=4, routed)           0.632    13.188    u_shared_bci_accel_core/u_execution_engine/u_accumulation_scratch/u_apx_cluster_i_835_n_0
    SLICE_X83Y49         LUT5 (Prop_lut5_I1_O)        0.124    13.312 f  u_shared_bci_accel_core/u_execution_engine/u_accumulation_scratch/gen_state_pair[62].u_even_state_i_7/O
                         net (fo=1, routed)           0.623    13.936    u_shared_bci_accel_core/u_execution_engine/u_operand_service/gen_state_pair[62].u_odd_state
    SLICE_X85Y54         LUT5 (Prop_lut5_I1_O)        0.124    14.060 r  u_shared_bci_accel_core/u_execution_engine/u_operand_service/gen_state_pair[62].u_even_state_i_4/O
                         net (fo=2, routed)           0.164    14.224    u_shared_bci_accel_core/u_execution_engine/u_operand_service/gen_state_pair[62].u_even_state_i_4_n_0
    SLICE_X85Y54         LUT3 (Prop_lut3_I2_O)        0.124    14.348 r  u_shared_bci_accel_core/u_execution_engine/u_operand_service/gen_state_pair[62].u_even_state_i_2/O
                         net (fo=2, routed)           0.490    14.838    u_shared_bci_accel_core/u_execution_engine/u_accumulation_scratch/gen_state_pair[62].u_even_state/DIA0
    SLICE_X86Y54         RAMD32                                       r  u_shared_bci_accel_core/u_execution_engine/u_accumulation_scratch/gen_state_pair[62].u_even_state/RAMA/I
  -------------------------------------------------------------------    -------------------

                         (clock clk rise edge)       14.286    14.286 r  
                                                      0.000    14.286 r  clk (IN)
                         net (fo=11226, unset)        1.545    15.831    u_shared_bci_accel_core/u_execution_engine/u_accumulation_scratch/gen_state_pair[62].u_even_state/WCLK
    SLICE_X86Y54         RAMD32                                       r  u_shared_bci_accel_core/u_execution_engine/u_accumulation_scratch/gen_state_pair[62].u_even_state/RAMA/CLK
                         clock pessimism              0.000    15.831    
                         clock uncertainty           -0.035    15.796    
    SLICE_X86Y54         RAMD32 (Setup_ramd32_CLK_I)
                                                     -0.407    15.389    u_shared_bci_accel_core/u_execution_engine/u_accumulation_scratch/gen_state_pair[62].u_even_state/RAMA
  -------------------------------------------------------------------
                         required time                         15.389    
                         arrival time                         -14.838    
  -------------------------------------------------------------------
                         slack                                  0.551    





Min Delay Paths
--------------------------------------------------------------------------------------
Slack (MET) :             0.029ns  (arrival time - required time)
  Source:                 u_shared_bci_accel_core/u_execution_engine/u_apx_cluster/gen_multiply[13].multiplier_inst/product_low_sum_q_reg[0]/C
                            (rising edge-triggered cell FDCE clocked by clk  {rise@0.000ns fall@7.143ns period=14.286ns})
  Destination:            u_shared_bci_accel_core/u_execution_engine/u_apx_cluster/gen_multiply[13].multiplier_inst/correction_mantissa_q_reg[8]/D
                            (rising edge-triggered cell FDCE clocked by clk  {rise@0.000ns fall@7.143ns period=14.286ns})
  Path Group:             clk
  Path Type:              Hold (Min at Fast Process Corner)
  Requirement:            0.000ns  (clk rise@0.000ns - clk rise@0.000ns)
  Data Path Delay:        0.512ns  (logic 0.424ns (82.845%)  route 0.088ns (17.155%))
  Logic Levels:           4  (CARRY4=3 LUT3=1)
  Clock Path Skew:        0.349ns (DCD - SCD - CPR)
    Destination Clock Delay (DCD):    0.910ns
    Source Clock Delay      (SCD):    0.556ns
    Clock Pessimism Removal (CPR):    0.005ns

    Location             Delay type                Incr(ns)  Path(ns)    Netlist Resource(s)
  -------------------------------------------------------------------    -------------------
                         (clock clk rise edge)        0.000     0.000 r  
                                                      0.000     0.000 r  clk (IN)
                         net (fo=11226, unset)        0.556     0.556    u_shared_bci_accel_core/u_execution_engine/u_apx_cluster/gen_multiply[13].multiplier_inst/clk
    SLICE_X47Y98         FDCE                                         r  u_shared_bci_accel_core/u_execution_engine/u_apx_cluster/gen_multiply[13].multiplier_inst/product_low_sum_q_reg[0]/C
  -------------------------------------------------------------------    -------------------
    SLICE_X47Y98         FDCE (Prop_fdce_C_Q)         0.141     0.697 r  u_shared_bci_accel_core/u_execution_engine/u_apx_cluster/gen_multiply[13].multiplier_inst/product_low_sum_q_reg[0]/Q
                         net (fo=2, routed)           0.087     0.784    u_shared_bci_accel_core/u_execution_engine/u_apx_cluster/gen_multiply[13].multiplier_inst/product_low_sum_q[0]
    SLICE_X46Y98         LUT3 (Prop_lut3_I0_O)        0.045     0.829 r  u_shared_bci_accel_core/u_execution_engine/u_apx_cluster/gen_multiply[13].multiplier_inst/correction_mantissa_q[3]_i_8/O
                         net (fo=1, routed)           0.000     0.829    u_shared_bci_accel_core/u_execution_engine/u_apx_cluster/gen_multiply[13].multiplier_inst/correction_mantissa_q[3]_i_8_n_0
    SLICE_X46Y98         CARRY4 (Prop_carry4_S[0]_CO[3])
                                                      0.145     0.974 r  u_shared_bci_accel_core/u_execution_engine/u_apx_cluster/gen_multiply[13].multiplier_inst/correction_mantissa_q_reg[3]_i_1/CO[3]
                         net (fo=1, routed)           0.000     0.974    u_shared_bci_accel_core/u_execution_engine/u_apx_cluster/gen_multiply[13].multiplier_inst/correction_mantissa_q_reg[3]_i_1_n_0
    SLICE_X46Y99         CARRY4 (Prop_carry4_CI_CO[3])
                                                      0.040     1.014 r  u_shared_bci_accel_core/u_execution_engine/u_apx_cluster/gen_multiply[13].multiplier_inst/correction_mantissa_q_reg[7]_i_1/CO[3]
                         net (fo=1, routed)           0.001     1.015    u_shared_bci_accel_core/u_execution_engine/u_apx_cluster/gen_multiply[13].multiplier_inst/correction_mantissa_q_reg[7]_i_1_n_0
    SLICE_X46Y100        CARRY4 (Prop_carry4_CI_O[0])
                                                      0.053     1.068 r  u_shared_bci_accel_core/u_execution_engine/u_apx_cluster/gen_multiply[13].multiplier_inst/correction_mantissa_q_reg[11]_i_1/O[0]
                         net (fo=1, routed)           0.000     1.068    u_shared_bci_accel_core/u_execution_engine/u_apx_cluster/gen_multiply[13].multiplier_inst/correction_mantissa_q_reg[11]_i_1_n_7
    SLICE_X46Y100        FDCE                                         r  u_shared_bci_accel_core/u_execution_engine/u_apx_cluster/gen_multiply[13].multiplier_inst/correction_mantissa_q_reg[8]/D
  -------------------------------------------------------------------    -------------------

                         (clock clk rise edge)        0.000     0.000 r  
                                                      0.000     0.000 r  clk (IN)
                         net (fo=11226, unset)        0.910     0.910    u_shared_bci_accel_core/u_execution_engine/u_apx_cluster/gen_multiply[13].multiplier_inst/clk
    SLICE_X46Y100        FDCE                                         r  u_shared_bci_accel_core/u_execution_engine/u_apx_cluster/gen_multiply[13].multiplier_inst/correction_mantissa_q_reg[8]/C
                         clock pessimism             -0.005     0.905    
    SLICE_X46Y100        FDCE (Hold_fdce_C_D)         0.134     1.039    u_shared_bci_accel_core/u_execution_engine/u_apx_cluster/gen_multiply[13].multiplier_inst/correction_mantissa_q_reg[8]
  -------------------------------------------------------------------
                         required time                         -1.039    
                         arrival time                           1.068    
  -------------------------------------------------------------------
                         slack                                  0.029    

Slack (MET) :             0.042ns  (arrival time - required time)
  Source:                 u_shared_bci_accel_core/u_execution_engine/u_apx_cluster/gen_multiply[13].multiplier_inst/product_low_sum_q_reg[0]/C
                            (rising edge-triggered cell FDCE clocked by clk  {rise@0.000ns fall@7.143ns period=14.286ns})
  Destination:            u_shared_bci_accel_core/u_execution_engine/u_apx_cluster/gen_multiply[13].multiplier_inst/correction_mantissa_q_reg[10]/D
                            (rising edge-triggered cell FDCE clocked by clk  {rise@0.000ns fall@7.143ns period=14.286ns})
  Path Group:             clk
  Path Type:              Hold (Min at Fast Process Corner)
  Requirement:            0.000ns  (clk rise@0.000ns - clk rise@0.000ns)
  Data Path Delay:        0.525ns  (logic 0.437ns (83.270%)  route 0.088ns (16.730%))
  Logic Levels:           4  (CARRY4=3 LUT3=1)
  Clock Path Skew:        0.349ns (DCD - SCD - CPR)
    Destination Clock Delay (DCD):    0.910ns
    Source Clock Delay      (SCD):    0.556ns
    Clock Pessimism Removal (CPR):    0.005ns

    Location             Delay type                Incr(ns)  Path(ns)    Netlist Resource(s)
  -------------------------------------------------------------------    -------------------
                         (clock clk rise edge)        0.000     0.000 r  
                                                      0.000     0.000 r  clk (IN)
                         net (fo=11226, unset)        0.556     0.556    u_shared_bci_accel_core/u_execution_engine/u_apx_cluster/gen_multiply[13].multiplier_inst/clk
    SLICE_X47Y98         FDCE                                         r  u_shared_bci_accel_core/u_execution_engine/u_apx_cluster/gen_multiply[13].multiplier_inst/product_low_sum_q_reg[0]/C
  -------------------------------------------------------------------    -------------------
    SLICE_X47Y98         FDCE (Prop_fdce_C_Q)         0.141     0.697 r  u_shared_bci_accel_core/u_execution_engine/u_apx_cluster/gen_multiply[13].multiplier_inst/product_low_sum_q_reg[0]/Q
                         net (fo=2, routed)           0.087     0.784    u_shared_bci_accel_core/u_execution_engine/u_apx_cluster/gen_multiply[13].multiplier_inst/product_low_sum_q[0]
    SLICE_X46Y98         LUT3 (Prop_lut3_I0_O)        0.045     0.829 r  u_shared_bci_accel_core/u_execution_engine/u_apx_cluster/gen_multiply[13].multiplier_inst/correction_mantissa_q[3]_i_8/O
                         net (fo=1, routed)           0.000     0.829    u_shared_bci_accel_core/u_execution_engine/u_apx_cluster/gen_multiply[13].multiplier_inst/correction_mantissa_q[3]_i_8_n_0
    SLICE_X46Y98         CARRY4 (Prop_carry4_S[0]_CO[3])
                                                      0.145     0.974 r  u_shared_bci_accel_core/u_execution_engine/u_apx_cluster/gen_multiply[13].multiplier_inst/correction_mantissa_q_reg[3]_i_1/CO[3]
                         net (fo=1, routed)           0.000     0.974    u_shared_bci_accel_core/u_execution_engine/u_apx_cluster/gen_multiply[13].multiplier_inst/correction_mantissa_q_reg[3]_i_1_n_0
    SLICE_X46Y99         CARRY4 (Prop_carry4_CI_CO[3])
                                                      0.040     1.014 r  u_shared_bci_accel_core/u_execution_engine/u_apx_cluster/gen_multiply[13].multiplier_inst/correction_mantissa_q_reg[7]_i_1/CO[3]
                         net (fo=1, routed)           0.001     1.015    u_shared_bci_accel_core/u_execution_engine/u_apx_cluster/gen_multiply[13].multiplier_inst/correction_mantissa_q_reg[7]_i_1_n_0
    SLICE_X46Y100        CARRY4 (Prop_carry4_CI_O[2])
                                                      0.066     1.081 r  u_shared_bci_accel_core/u_execution_engine/u_apx_cluster/gen_multiply[13].multiplier_inst/correction_mantissa_q_reg[11]_i_1/O[2]
                         net (fo=1, routed)           0.000     1.081    u_shared_bci_accel_core/u_execution_engine/u_apx_cluster/gen_multiply[13].multiplier_inst/correction_mantissa_q_reg[11]_i_1_n_5
    SLICE_X46Y100        FDCE                                         r  u_shared_bci_accel_core/u_execution_engine/u_apx_cluster/gen_multiply[13].multiplier_inst/correction_mantissa_q_reg[10]/D
  -------------------------------------------------------------------    -------------------

                         (clock clk rise edge)        0.000     0.000 r  
                                                      0.000     0.000 r  clk (IN)
                         net (fo=11226, unset)        0.910     0.910    u_shared_bci_accel_core/u_execution_engine/u_apx_cluster/gen_multiply[13].multiplier_inst/clk
    SLICE_X46Y100        FDCE                                         r  u_shared_bci_accel_core/u_execution_engine/u_apx_cluster/gen_multiply[13].multiplier_inst/correction_mantissa_q_reg[10]/C
                         clock pessimism             -0.005     0.905    
    SLICE_X46Y100        FDCE (Hold_fdce_C_D)         0.134     1.039    u_shared_bci_accel_core/u_execution_engine/u_apx_cluster/gen_multiply[13].multiplier_inst/correction_mantissa_q_reg[10]
  -------------------------------------------------------------------
                         required time                         -1.039    
                         arrival time                           1.081    
  -------------------------------------------------------------------
                         slack                                  0.042    

Slack (MET) :             0.045ns  (arrival time - required time)
  Source:                 u_shared_bci_accel_core/u_execution_engine/u_apx_cluster/parallel_prefetch_operand_b_q_reg[21]/C
                            (rising edge-triggered cell FDCE clocked by clk  {rise@0.000ns fall@7.143ns period=14.286ns})
  Destination:            u_shared_bci_accel_core/u_execution_engine/u_apx_cluster/parallel_operand_b_q_reg[21]/D
                            (rising edge-triggered cell FDCE clocked by clk  {rise@0.000ns fall@7.143ns period=14.286ns})
  Path Group:             clk
  Path Type:              Hold (Min at Fast Process Corner)
  Requirement:            0.000ns  (clk rise@0.000ns - clk rise@0.000ns)
  Data Path Delay:        0.366ns  (logic 0.141ns (38.555%)  route 0.225ns (61.445%))
  Logic Levels:           0  
  Clock Path Skew:        0.262ns (DCD - SCD - CPR)
    Destination Clock Delay (DCD):    0.824ns
    Source Clock Delay      (SCD):    0.562ns
    Clock Pessimism Removal (CPR):    -0.000ns

    Location             Delay type                Incr(ns)  Path(ns)    Netlist Resource(s)
  -------------------------------------------------------------------    -------------------
                         (clock clk rise edge)        0.000     0.000 r  
                                                      0.000     0.000 r  clk (IN)
                         net (fo=11226, unset)        0.562     0.562    u_shared_bci_accel_core/u_execution_engine/u_apx_cluster/clk
    SLICE_X40Y47         FDCE                                         r  u_shared_bci_accel_core/u_execution_engine/u_apx_cluster/parallel_prefetch_operand_b_q_reg[21]/C
  -------------------------------------------------------------------    -------------------
    SLICE_X40Y47         FDCE (Prop_fdce_C_Q)         0.141     0.703 r  u_shared_bci_accel_core/u_execution_engine/u_apx_cluster/parallel_prefetch_operand_b_q_reg[21]/Q
                         net (fo=1, routed)           0.225     0.928    u_shared_bci_accel_core/u_execution_engine/u_apx_cluster/parallel_prefetch_operand_b_q[21]
    SLICE_X42Y50         FDCE                                         r  u_shared_bci_accel_core/u_execution_engine/u_apx_cluster/parallel_operand_b_q_reg[21]/D
  -------------------------------------------------------------------    -------------------

                         (clock clk rise edge)        0.000     0.000 r  
                                                      0.000     0.000 r  clk (IN)
                         net (fo=11226, unset)        0.824     0.824    u_shared_bci_accel_core/u_execution_engine/u_apx_cluster/clk
    SLICE_X42Y50         FDCE                                         r  u_shared_bci_accel_core/u_execution_engine/u_apx_cluster/parallel_operand_b_q_reg[21]/C
                         clock pessimism              0.000     0.824    
    SLICE_X42Y50         FDCE (Hold_fdce_C_D)         0.059     0.883    u_shared_bci_accel_core/u_execution_engine/u_apx_cluster/parallel_operand_b_q_reg[21]
  -------------------------------------------------------------------
                         required time                         -0.883    
                         arrival time                           0.928    
  -------------------------------------------------------------------
                         slack                                  0.045    

Slack (MET) :             0.048ns  (arrival time - required time)
  Source:                 u_shared_bci_accel_core/u_execution_engine/u_apx_cluster/gen_multiply[8].multiplier_inst/decode_exponent_q_reg[1]/C
                            (rising edge-triggered cell FDCE clocked by clk  {rise@0.000ns fall@7.143ns period=14.286ns})
  Destination:            u_shared_bci_accel_core/u_execution_engine/u_apx_cluster/gen_multiply[8].multiplier_inst/product_exponent_q_reg[1]/D
                            (rising edge-triggered cell FDCE clocked by clk  {rise@0.000ns fall@7.143ns period=14.286ns})
  Path Group:             clk
  Path Type:              Hold (Min at Fast Process Corner)
  Requirement:            0.000ns  (clk rise@0.000ns - clk rise@0.000ns)
  Data Path Delay:        0.414ns  (logic 0.128ns (30.939%)  route 0.286ns (69.061%))
  Logic Levels:           0  
  Clock Path Skew:        0.349ns (DCD - SCD - CPR)
    Destination Clock Delay (DCD):    0.962ns
    Source Clock Delay      (SCD):    0.608ns
    Clock Pessimism Removal (CPR):    0.005ns

    Location             Delay type                Incr(ns)  Path(ns)    Netlist Resource(s)
  -------------------------------------------------------------------    -------------------
                         (clock clk rise edge)        0.000     0.000 r  
                                                      0.000     0.000 r  clk (IN)
                         net (fo=11226, unset)        0.608     0.608    u_shared_bci_accel_core/u_execution_engine/u_apx_cluster/gen_multiply[8].multiplier_inst/clk
    SLICE_X103Y97        FDCE                                         r  u_shared_bci_accel_core/u_execution_engine/u_apx_cluster/gen_multiply[8].multiplier_inst/decode_exponent_q_reg[1]/C
  -------------------------------------------------------------------    -------------------
    SLICE_X103Y97        FDCE (Prop_fdce_C_Q)         0.128     0.736 r  u_shared_bci_accel_core/u_execution_engine/u_apx_cluster/gen_multiply[8].multiplier_inst/decode_exponent_q_reg[1]/Q
                         net (fo=1, routed)           0.286     1.022    u_shared_bci_accel_core/u_execution_engine/u_apx_cluster/gen_multiply[8].multiplier_inst/decode_exponent_q[1]
    SLICE_X103Y110       FDCE                                         r  u_shared_bci_accel_core/u_execution_engine/u_apx_cluster/gen_multiply[8].multiplier_inst/product_exponent_q_reg[1]/D
  -------------------------------------------------------------------    -------------------

                         (clock clk rise edge)        0.000     0.000 r  
                                                      0.000     0.000 r  clk (IN)
                         net (fo=11226, unset)        0.962     0.962    u_shared_bci_accel_core/u_execution_engine/u_apx_cluster/gen_multiply[8].multiplier_inst/clk
    SLICE_X103Y110       FDCE                                         r  u_shared_bci_accel_core/u_execution_engine/u_apx_cluster/gen_multiply[8].multiplier_inst/product_exponent_q_reg[1]/C
                         clock pessimism             -0.005     0.957    
    SLICE_X103Y110       FDCE (Hold_fdce_C_D)         0.017     0.974    u_shared_bci_accel_core/u_execution_engine/u_apx_cluster/gen_multiply[8].multiplier_inst/product_exponent_q_reg[1]
  -------------------------------------------------------------------
                         required time                         -0.974    
                         arrival time                           1.022    
  -------------------------------------------------------------------
                         slack                                  0.048    

Slack (MET) :             0.048ns  (arrival time - required time)
  Source:                 u_shared_bci_accel_core/u_execution_engine/u_apx_cluster/window_resident_q_reg[119]/C
                            (rising edge-triggered cell FDCE clocked by clk  {rise@0.000ns fall@7.143ns period=14.286ns})
  Destination:            u_shared_bci_accel_core/u_execution_engine/u_apx_cluster/window_resident_q_reg[103]/D
                            (rising edge-triggered cell FDCE clocked by clk  {rise@0.000ns fall@7.143ns period=14.286ns})
  Path Group:             clk
  Path Type:              Hold (Min at Fast Process Corner)
  Requirement:            0.000ns  (clk rise@0.000ns - clk rise@0.000ns)
  Data Path Delay:        0.403ns  (logic 0.186ns (46.180%)  route 0.217ns (53.820%))
  Logic Levels:           1  (LUT6=1)
  Clock Path Skew:        0.264ns (DCD - SCD - CPR)
    Destination Clock Delay (DCD):    0.815ns
    Source Clock Delay      (SCD):    0.546ns
    Clock Pessimism Removal (CPR):    0.005ns

    Location             Delay type                Incr(ns)  Path(ns)    Netlist Resource(s)
  -------------------------------------------------------------------    -------------------
                         (clock clk rise edge)        0.000     0.000 r  
                                                      0.000     0.000 r  clk (IN)
                         net (fo=11226, unset)        0.546     0.546    u_shared_bci_accel_core/u_execution_engine/u_apx_cluster/clk
    SLICE_X52Y83         FDCE                                         r  u_shared_bci_accel_core/u_execution_engine/u_apx_cluster/window_resident_q_reg[119]/C
  -------------------------------------------------------------------    -------------------
    SLICE_X52Y83         FDCE (Prop_fdce_C_Q)         0.141     0.687 r  u_shared_bci_accel_core/u_execution_engine/u_apx_cluster/window_resident_q_reg[119]/Q
                         net (fo=3, routed)           0.217     0.904    u_shared_bci_accel_core/u_execution_engine/u_apx_cluster/data15[103]
    SLICE_X49Y82         LUT6 (Prop_lut6_I3_O)        0.045     0.949 r  u_shared_bci_accel_core/u_execution_engine/u_apx_cluster/window_resident_q[103]_i_1/O
                         net (fo=1, routed)           0.000     0.949    u_shared_bci_accel_core/u_execution_engine/u_apx_cluster/window_resident_q[103]
    SLICE_X49Y82         FDCE                                         r  u_shared_bci_accel_core/u_execution_engine/u_apx_cluster/window_resident_q_reg[103]/D
  -------------------------------------------------------------------    -------------------

                         (clock clk rise edge)        0.000     0.000 r  
                                                      0.000     0.000 r  clk (IN)
                         net (fo=11226, unset)        0.815     0.815    u_shared_bci_accel_core/u_execution_engine/u_apx_cluster/clk
    SLICE_X49Y82         FDCE                                         r  u_shared_bci_accel_core/u_execution_engine/u_apx_cluster/window_resident_q_reg[103]/C
                         clock pessimism             -0.005     0.810    
    SLICE_X49Y82         FDCE (Hold_fdce_C_D)         0.091     0.901    u_shared_bci_accel_core/u_execution_engine/u_apx_cluster/window_resident_q_reg[103]
  -------------------------------------------------------------------
                         required time                         -0.901    
                         arrival time                           0.949    
  -------------------------------------------------------------------
                         slack                                  0.048    

Slack (MET) :             0.051ns  (arrival time - required time)
  Source:                 u_shared_bci_accel_core/u_execution_engine/u_apx_cluster/gen_multiply[8].multiplier_inst/decode_exponent_q_reg[4]/C
                            (rising edge-triggered cell FDCE clocked by clk  {rise@0.000ns fall@7.143ns period=14.286ns})
  Destination:            u_shared_bci_accel_core/u_execution_engine/u_apx_cluster/gen_multiply[8].multiplier_inst/product_exponent_q_reg[4]/D
                            (rising edge-triggered cell FDCE clocked by clk  {rise@0.000ns fall@7.143ns period=14.286ns})
  Path Group:             clk
  Path Type:              Hold (Min at Fast Process Corner)
  Requirement:            0.000ns  (clk rise@0.000ns - clk rise@0.000ns)
  Data Path Delay:        0.464ns  (logic 0.141ns (30.363%)  route 0.323ns (69.637%))
  Logic Levels:           0  
  Clock Path Skew:        0.350ns (DCD - SCD - CPR)
    Destination Clock Delay (DCD):    0.963ns
    Source Clock Delay      (SCD):    0.608ns
    Clock Pessimism Removal (CPR):    0.005ns

    Location             Delay type                Incr(ns)  Path(ns)    Netlist Resource(s)
  -------------------------------------------------------------------    -------------------
                         (clock clk rise edge)        0.000     0.000 r  
                                                      0.000     0.000 r  clk (IN)
                         net (fo=11226, unset)        0.608     0.608    u_shared_bci_accel_core/u_execution_engine/u_apx_cluster/gen_multiply[8].multiplier_inst/clk
    SLICE_X103Y97        FDCE                                         r  u_shared_bci_accel_core/u_execution_engine/u_apx_cluster/gen_multiply[8].multiplier_inst/decode_exponent_q_reg[4]/C
  -------------------------------------------------------------------    -------------------
    SLICE_X103Y97        FDCE (Prop_fdce_C_Q)         0.141     0.749 r  u_shared_bci_accel_core/u_execution_engine/u_apx_cluster/gen_multiply[8].multiplier_inst/decode_exponent_q_reg[4]/Q
                         net (fo=1, routed)           0.323     1.072    u_shared_bci_accel_core/u_execution_engine/u_apx_cluster/gen_multiply[8].multiplier_inst/decode_exponent_q[4]
    SLICE_X104Y109       FDCE                                         r  u_shared_bci_accel_core/u_execution_engine/u_apx_cluster/gen_multiply[8].multiplier_inst/product_exponent_q_reg[4]/D
  -------------------------------------------------------------------    -------------------

                         (clock clk rise edge)        0.000     0.000 r  
                                                      0.000     0.000 r  clk (IN)
                         net (fo=11226, unset)        0.963     0.963    u_shared_bci_accel_core/u_execution_engine/u_apx_cluster/gen_multiply[8].multiplier_inst/clk
    SLICE_X104Y109       FDCE                                         r  u_shared_bci_accel_core/u_execution_engine/u_apx_cluster/gen_multiply[8].multiplier_inst/product_exponent_q_reg[4]/C
                         clock pessimism             -0.005     0.958    
    SLICE_X104Y109       FDCE (Hold_fdce_C_D)         0.063     1.021    u_shared_bci_accel_core/u_execution_engine/u_apx_cluster/gen_multiply[8].multiplier_inst/product_exponent_q_reg[4]
  -------------------------------------------------------------------
                         required time                         -1.021    
                         arrival time                           1.072    
  -------------------------------------------------------------------
                         slack                                  0.051    

Slack (MET) :             0.053ns  (arrival time - required time)
  Source:                 u_shared_bci_accel_core/u_execution_engine/u_apx_cluster/gen_quad_add[0].quad_adder_inst/select_bypass_value_q_reg[4]/C
                            (rising edge-triggered cell FDCE clocked by clk  {rise@0.000ns fall@7.143ns period=14.286ns})
  Destination:            u_shared_bci_accel_core/u_execution_engine/u_apx_cluster/gen_quad_add[0].quad_adder_inst/align_bypass_value_q_reg[4]/D
                            (rising edge-triggered cell FDCE clocked by clk  {rise@0.000ns fall@7.143ns period=14.286ns})
  Path Group:             clk
  Path Type:              Hold (Min at Fast Process Corner)
  Requirement:            0.000ns  (clk rise@0.000ns - clk rise@0.000ns)
  Data Path Delay:        0.386ns  (logic 0.141ns (36.574%)  route 0.245ns (63.426%))
  Logic Levels:           0  
  Clock Path Skew:        0.267ns (DCD - SCD - CPR)
    Destination Clock Delay (DCD):    0.910ns
    Source Clock Delay      (SCD):    0.635ns
    Clock Pessimism Removal (CPR):    0.008ns

    Location             Delay type                Incr(ns)  Path(ns)    Netlist Resource(s)
  -------------------------------------------------------------------    -------------------
                         (clock clk rise edge)        0.000     0.000 r  
                                                      0.000     0.000 r  clk (IN)
                         net (fo=11226, unset)        0.635     0.635    u_shared_bci_accel_core/u_execution_engine/u_apx_cluster/gen_quad_add[0].quad_adder_inst/clk
    SLICE_X51Y102        FDCE                                         r  u_shared_bci_accel_core/u_execution_engine/u_apx_cluster/gen_quad_add[0].quad_adder_inst/select_bypass_value_q_reg[4]/C
  -------------------------------------------------------------------    -------------------
    SLICE_X51Y102        FDCE (Prop_fdce_C_Q)         0.141     0.776 r  u_shared_bci_accel_core/u_execution_engine/u_apx_cluster/gen_quad_add[0].quad_adder_inst/select_bypass_value_q_reg[4]/Q
                         net (fo=1, routed)           0.245     1.021    u_shared_bci_accel_core/u_execution_engine/u_apx_cluster/gen_quad_add[0].quad_adder_inst/select_bypass_value_q[4]
    SLICE_X43Y102        FDCE                                         r  u_shared_bci_accel_core/u_execution_engine/u_apx_cluster/gen_quad_add[0].quad_adder_inst/align_bypass_value_q_reg[4]/D
  -------------------------------------------------------------------    -------------------

                         (clock clk rise edge)        0.000     0.000 r  
                                                      0.000     0.000 r  clk (IN)
                         net (fo=11226, unset)        0.910     0.910    u_shared_bci_accel_core/u_execution_engine/u_apx_cluster/gen_quad_add[0].quad_adder_inst/clk
    SLICE_X43Y102        FDCE                                         r  u_shared_bci_accel_core/u_execution_engine/u_apx_cluster/gen_quad_add[0].quad_adder_inst/align_bypass_value_q_reg[4]/C
                         clock pessimism             -0.008     0.902    
    SLICE_X43Y102        FDCE (Hold_fdce_C_D)         0.066     0.968    u_shared_bci_accel_core/u_execution_engine/u_apx_cluster/gen_quad_add[0].quad_adder_inst/align_bypass_value_q_reg[4]
  -------------------------------------------------------------------
                         required time                         -0.968    
                         arrival time                           1.021    
  -------------------------------------------------------------------
                         slack                                  0.053    

Slack (MET) :             0.055ns  (arrival time - required time)
  Source:                 u_shared_bci_accel_core/u_execution_engine/u_apx_cluster/gen_multiply[8].multiplier_inst/decode_exponent_q_reg[2]/C
                            (rising edge-triggered cell FDCE clocked by clk  {rise@0.000ns fall@7.143ns period=14.286ns})
  Destination:            u_shared_bci_accel_core/u_execution_engine/u_apx_cluster/gen_multiply[8].multiplier_inst/product_exponent_q_reg[2]/D
                            (rising edge-triggered cell FDCE clocked by clk  {rise@0.000ns fall@7.143ns period=14.286ns})
  Path Group:             clk
  Path Type:              Hold (Min at Fast Process Corner)
  Requirement:            0.000ns  (clk rise@0.000ns - clk rise@0.000ns)
  Data Path Delay:        0.476ns  (logic 0.141ns (29.612%)  route 0.335ns (70.388%))
  Logic Levels:           0  
  Clock Path Skew:        0.349ns (DCD - SCD - CPR)
    Destination Clock Delay (DCD):    0.962ns
    Source Clock Delay      (SCD):    0.608ns
    Clock Pessimism Removal (CPR):    0.005ns

    Location             Delay type                Incr(ns)  Path(ns)    Netlist Resource(s)
  -------------------------------------------------------------------    -------------------
                         (clock clk rise edge)        0.000     0.000 r  
                                                      0.000     0.000 r  clk (IN)
                         net (fo=11226, unset)        0.608     0.608    u_shared_bci_accel_core/u_execution_engine/u_apx_cluster/gen_multiply[8].multiplier_inst/clk
    SLICE_X103Y97        FDCE                                         r  u_shared_bci_accel_core/u_execution_engine/u_apx_cluster/gen_multiply[8].multiplier_inst/decode_exponent_q_reg[2]/C
  -------------------------------------------------------------------    -------------------
    SLICE_X103Y97        FDCE (Prop_fdce_C_Q)         0.141     0.749 r  u_shared_bci_accel_core/u_execution_engine/u_apx_cluster/gen_multiply[8].multiplier_inst/decode_exponent_q_reg[2]/Q
                         net (fo=1, routed)           0.335     1.084    u_shared_bci_accel_core/u_execution_engine/u_apx_cluster/gen_multiply[8].multiplier_inst/decode_exponent_q[2]
    SLICE_X103Y110       FDCE                                         r  u_shared_bci_accel_core/u_execution_engine/u_apx_cluster/gen_multiply[8].multiplier_inst/product_exponent_q_reg[2]/D
  -------------------------------------------------------------------    -------------------

                         (clock clk rise edge)        0.000     0.000 r  
                                                      0.000     0.000 r  clk (IN)
                         net (fo=11226, unset)        0.962     0.962    u_shared_bci_accel_core/u_execution_engine/u_apx_cluster/gen_multiply[8].multiplier_inst/clk
    SLICE_X103Y110       FDCE                                         r  u_shared_bci_accel_core/u_execution_engine/u_apx_cluster/gen_multiply[8].multiplier_inst/product_exponent_q_reg[2]/C
                         clock pessimism             -0.005     0.957    
    SLICE_X103Y110       FDCE (Hold_fdce_C_D)         0.072     1.029    u_shared_bci_accel_core/u_execution_engine/u_apx_cluster/gen_multiply[8].multiplier_inst/product_exponent_q_reg[2]
  -------------------------------------------------------------------
                         required time                         -1.029    
                         arrival time                           1.084    
  -------------------------------------------------------------------
                         slack                                  0.055    

Slack (MET) :             0.057ns  (arrival time - required time)
  Source:                 u_shared_bci_accel_core/u_execution_engine/u_apx_cluster/gen_multiply[11].multiplier_inst/decode_exponent_q_reg[4]/C
                            (rising edge-triggered cell FDCE clocked by clk  {rise@0.000ns fall@7.143ns period=14.286ns})
  Destination:            u_shared_bci_accel_core/u_execution_engine/u_apx_cluster/gen_multiply[11].multiplier_inst/product_exponent_q_reg[4]/D
                            (rising edge-triggered cell FDCE clocked by clk  {rise@0.000ns fall@7.143ns period=14.286ns})
  Path Group:             clk
  Path Type:              Hold (Min at Fast Process Corner)
  Requirement:            0.000ns  (clk rise@0.000ns - clk rise@0.000ns)
  Data Path Delay:        0.470ns  (logic 0.141ns (29.974%)  route 0.329ns (70.026%))
  Logic Levels:           0  
  Clock Path Skew:        0.354ns (DCD - SCD - CPR)
    Destination Clock Delay (DCD):    0.965ns
    Source Clock Delay      (SCD):    0.606ns
    Clock Pessimism Removal (CPR):    0.005ns

    Location             Delay type                Incr(ns)  Path(ns)    Netlist Resource(s)
  -------------------------------------------------------------------    -------------------
                         (clock clk rise edge)        0.000     0.000 r  
                                                      0.000     0.000 r  clk (IN)
                         net (fo=11226, unset)        0.606     0.606    u_shared_bci_accel_core/u_execution_engine/u_apx_cluster/gen_multiply[11].multiplier_inst/clk
    SLICE_X103Y92        FDCE                                         r  u_shared_bci_accel_core/u_execution_engine/u_apx_cluster/gen_multiply[11].multiplier_inst/decode_exponent_q_reg[4]/C
  -------------------------------------------------------------------    -------------------
    SLICE_X103Y92        FDCE (Prop_fdce_C_Q)         0.141     0.747 r  u_shared_bci_accel_core/u_execution_engine/u_apx_cluster/gen_multiply[11].multiplier_inst/decode_exponent_q_reg[4]/Q
                         net (fo=1, routed)           0.329     1.076    u_shared_bci_accel_core/u_execution_engine/u_apx_cluster/gen_multiply[11].multiplier_inst/decode_exponent_q[4]
    SLICE_X104Y102       FDCE                                         r  u_shared_bci_accel_core/u_execution_engine/u_apx_cluster/gen_multiply[11].multiplier_inst/product_exponent_q_reg[4]/D
  -------------------------------------------------------------------    -------------------

                         (clock clk rise edge)        0.000     0.000 r  
                                                      0.000     0.000 r  clk (IN)
                         net (fo=11226, unset)        0.965     0.965    u_shared_bci_accel_core/u_execution_engine/u_apx_cluster/gen_multiply[11].multiplier_inst/clk
    SLICE_X104Y102       FDCE                                         r  u_shared_bci_accel_core/u_execution_engine/u_apx_cluster/gen_multiply[11].multiplier_inst/product_exponent_q_reg[4]/C
                         clock pessimism             -0.005     0.960    
    SLICE_X104Y102       FDCE (Hold_fdce_C_D)         0.059     1.019    u_shared_bci_accel_core/u_execution_engine/u_apx_cluster/gen_multiply[11].multiplier_inst/product_exponent_q_reg[4]
  -------------------------------------------------------------------
                         required time                         -1.019    
                         arrival time                           1.076    
  -------------------------------------------------------------------
                         slack                                  0.057    

Slack (MET) :             0.058ns  (arrival time - required time)
  Source:                 u_shared_bci_accel_core/u_execution_engine/u_apx_cluster/gen_multiply[9].multiplier_inst/decode_exponent_q_reg[4]/C
                            (rising edge-triggered cell FDCE clocked by clk  {rise@0.000ns fall@7.143ns period=14.286ns})
  Destination:            u_shared_bci_accel_core/u_execution_engine/u_apx_cluster/gen_multiply[9].multiplier_inst/product_exponent_q_reg[4]/D
                            (rising edge-triggered cell FDCE clocked by clk  {rise@0.000ns fall@7.143ns period=14.286ns})
  Path Group:             clk
  Path Type:              Hold (Min at Fast Process Corner)
  Requirement:            0.000ns  (clk rise@0.000ns - clk rise@0.000ns)
  Data Path Delay:        0.478ns  (logic 0.141ns (29.496%)  route 0.337ns (70.504%))
  Logic Levels:           0  
  Clock Path Skew:        0.350ns (DCD - SCD - CPR)
    Destination Clock Delay (DCD):    0.962ns
    Source Clock Delay      (SCD):    0.607ns
    Clock Pessimism Removal (CPR):    0.005ns

    Location             Delay type                Incr(ns)  Path(ns)    Netlist Resource(s)
  -------------------------------------------------------------------    -------------------
                         (clock clk rise edge)        0.000     0.000 r  
                                                      0.000     0.000 r  clk (IN)
                         net (fo=11226, unset)        0.607     0.607    u_shared_bci_accel_core/u_execution_engine/u_apx_cluster/gen_multiply[9].multiplier_inst/clk
    SLICE_X101Y95        FDCE                                         r  u_shared_bci_accel_core/u_execution_engine/u_apx_cluster/gen_multiply[9].multiplier_inst/decode_exponent_q_reg[4]/C
  -------------------------------------------------------------------    -------------------
    SLICE_X101Y95        FDCE (Prop_fdce_C_Q)         0.141     0.748 r  u_shared_bci_accel_core/u_execution_engine/u_apx_cluster/gen_multiply[9].multiplier_inst/decode_exponent_q_reg[4]/Q
                         net (fo=1, routed)           0.337     1.085    u_shared_bci_accel_core/u_execution_engine/u_apx_cluster/gen_multiply[9].multiplier_inst/decode_exponent_q[4]
    SLICE_X101Y110       FDCE                                         r  u_shared_bci_accel_core/u_execution_engine/u_apx_cluster/gen_multiply[9].multiplier_inst/product_exponent_q_reg[4]/D
  -------------------------------------------------------------------    -------------------

                         (clock clk rise edge)        0.000     0.000 r  
                                                      0.000     0.000 r  clk (IN)
                         net (fo=11226, unset)        0.962     0.962    u_shared_bci_accel_core/u_execution_engine/u_apx_cluster/gen_multiply[9].multiplier_inst/clk
    SLICE_X101Y110       FDCE                                         r  u_shared_bci_accel_core/u_execution_engine/u_apx_cluster/gen_multiply[9].multiplier_inst/product_exponent_q_reg[4]/C
                         clock pessimism             -0.005     0.957    
    SLICE_X101Y110       FDCE (Hold_fdce_C_D)         0.070     1.027    u_shared_bci_accel_core/u_execution_engine/u_apx_cluster/gen_multiply[9].multiplier_inst/product_exponent_q_reg[4]
  -------------------------------------------------------------------
                         required time                         -1.027    
                         arrival time                           1.085    
  -------------------------------------------------------------------
                         slack                                  0.058    

Slack (MET) :             0.059ns  (arrival time - required time)
  Source:                 u_shared_bci_accel_core/u_execution_engine/result_chunk_q_reg[65]/C
                            (rising edge-triggered cell FDCE clocked by clk  {rise@0.000ns fall@7.143ns period=14.286ns})
  Destination:            u_shared_bci_accel_core/u_execution_engine/shared_apx_issue_narrow_b_q_reg[65]/D
                            (rising edge-triggered cell FDRE clocked by clk  {rise@0.000ns fall@7.143ns period=14.286ns})
  Path Group:             clk
  Path Type:              Hold (Min at Fast Process Corner)
  Requirement:            0.000ns  (clk rise@0.000ns - clk rise@0.000ns)
  Data Path Delay:        0.409ns  (logic 0.186ns (45.485%)  route 0.223ns (54.515%))
  Logic Levels:           1  (LUT5=1)
  Clock Path Skew:        0.258ns (DCD - SCD - CPR)
    Destination Clock Delay (DCD):    0.823ns
    Source Clock Delay      (SCD):    0.560ns
    Clock Pessimism Removal (CPR):    0.005ns

    Location             Delay type                Incr(ns)  Path(ns)    Netlist Resource(s)
  -------------------------------------------------------------------    -------------------
                         (clock clk rise edge)        0.000     0.000 r  
                                                      0.000     0.000 r  clk (IN)
                         net (fo=11226, unset)        0.560     0.560    u_shared_bci_accel_core/u_execution_engine/clk
    SLICE_X45Y42         FDCE                                         r  u_shared_bci_accel_core/u_execution_engine/result_chunk_q_reg[65]/C
  -------------------------------------------------------------------    -------------------
    SLICE_X45Y42         FDCE (Prop_fdce_C_Q)         0.141     0.701 r  u_shared_bci_accel_core/u_execution_engine/result_chunk_q_reg[65]/Q
                         net (fo=3, routed)           0.223     0.924    u_shared_bci_accel_core/u_execution_engine/u_unified_retire/shared_apx_issue_narrow_b_q_reg[127][65]
    SLICE_X51Y41         LUT5 (Prop_lut5_I2_O)        0.045     0.969 r  u_shared_bci_accel_core/u_execution_engine/u_unified_retire/shared_apx_issue_narrow_b_q[65]_i_1/O
                         net (fo=1, routed)           0.000     0.969    u_shared_bci_accel_core/u_execution_engine/u_unified_retire_n_497
    SLICE_X51Y41         FDRE                                         r  u_shared_bci_accel_core/u_execution_engine/shared_apx_issue_narrow_b_q_reg[65]/D
  -------------------------------------------------------------------    -------------------

                         (clock clk rise edge)        0.000     0.000 r  
                                                      0.000     0.000 r  clk (IN)
                         net (fo=11226, unset)        0.823     0.823    u_shared_bci_accel_core/u_execution_engine/clk
    SLICE_X51Y41         FDRE                                         r  u_shared_bci_accel_core/u_execution_engine/shared_apx_issue_narrow_b_q_reg[65]/C
                         clock pessimism             -0.005     0.818    
    SLICE_X51Y41         FDRE (Hold_fdre_C_D)         0.092     0.910    u_shared_bci_accel_core/u_execution_engine/shared_apx_issue_narrow_b_q_reg[65]
  -------------------------------------------------------------------
                         required time                         -0.910    
                         arrival time                           0.969    
  -------------------------------------------------------------------
                         slack                                  0.059    

Slack (MET) :             0.060ns  (arrival time - required time)
  Source:                 u_shared_bci_accel_core/u_execution_engine/u_apx_cluster/gen_pair_add[4].pair_adder_inst/sum_reg[15]/C
                            (rising edge-triggered cell FDCE clocked by clk  {rise@0.000ns fall@7.143ns period=14.286ns})
  Destination:            u_shared_bci_accel_core/u_execution_engine/u_apx_cluster/gen_quad_add[2].quad_adder_inst/select_different_sign_q_reg/D
                            (rising edge-triggered cell FDCE clocked by clk  {rise@0.000ns fall@7.143ns period=14.286ns})
  Path Group:             clk
  Path Type:              Hold (Min at Fast Process Corner)
  Requirement:            0.000ns  (clk rise@0.000ns - clk rise@0.000ns)
  Data Path Delay:        0.517ns  (logic 0.189ns (36.577%)  route 0.328ns (63.423%))
  Logic Levels:           1  (LUT5=1)
  Clock Path Skew:        0.350ns (DCD - SCD - CPR)
    Destination Clock Delay (DCD):    0.938ns
    Source Clock Delay      (SCD):    0.583ns
    Clock Pessimism Removal (CPR):    0.005ns

    Location             Delay type                Incr(ns)  Path(ns)    Netlist Resource(s)
  -------------------------------------------------------------------    -------------------
                         (clock clk rise edge)        0.000     0.000 r  
                                                      0.000     0.000 r  clk (IN)
                         net (fo=11226, unset)        0.583     0.583    u_shared_bci_accel_core/u_execution_engine/u_apx_cluster/gen_pair_add[4].pair_adder_inst/clk
    SLICE_X81Y97         FDCE                                         r  u_shared_bci_accel_core/u_execution_engine/u_apx_cluster/gen_pair_add[4].pair_adder_inst/sum_reg[15]/C
  -------------------------------------------------------------------    -------------------
    SLICE_X81Y97         FDCE (Prop_fdce_C_Q)         0.141     0.724 r  u_shared_bci_accel_core/u_execution_engine/u_apx_cluster/gen_pair_add[4].pair_adder_inst/sum_reg[15]/Q
                         net (fo=6, routed)           0.328     1.052    u_shared_bci_accel_core/u_execution_engine/u_apx_cluster/gen_pair_add[4].pair_adder_inst/sum_reg[15]_0[15]
    SLICE_X80Y106        LUT5 (Prop_lut5_I2_O)        0.048     1.100 r  u_shared_bci_accel_core/u_execution_engine/u_apx_cluster/gen_pair_add[4].pair_adder_inst/select_different_sign_q_i_1__12/O
                         net (fo=1, routed)           0.000     1.100    u_shared_bci_accel_core/u_execution_engine/u_apx_cluster/gen_quad_add[2].quad_adder_inst/select_different_sign_q_reg_0
    SLICE_X80Y106        FDCE                                         r  u_shared_bci_accel_core/u_execution_engine/u_apx_cluster/gen_quad_add[2].quad_adder_inst/select_different_sign_q_reg/D
  -------------------------------------------------------------------    -------------------

                         (clock clk rise edge)        0.000     0.000 r  
                                                      0.000     0.000 r  clk (IN)
                         net (fo=11226, unset)        0.938     0.938    u_shared_bci_accel_core/u_execution_engine/u_apx_cluster/gen_quad_add[2].quad_adder_inst/clk
    SLICE_X80Y106        FDCE                                         r  u_shared_bci_accel_core/u_execution_engine/u_apx_cluster/gen_quad_add[2].quad_adder_inst/select_different_sign_q_reg/C
                         clock pessimism             -0.005     0.933    
    SLICE_X80Y106        FDCE (Hold_fdce_C_D)         0.107     1.040    u_shared_bci_accel_core/u_execution_engine/u_apx_cluster/gen_quad_add[2].quad_adder_inst/select_different_sign_q_reg
  -------------------------------------------------------------------
                         required time                         -1.040    
                         arrival time                           1.100    
  -------------------------------------------------------------------
                         slack                                  0.060    

Slack (MET) :             0.060ns  (arrival time - required time)
  Source:                 u_shared_bci_accel_core/u_execution_engine/u_apx_cluster/gen_multiply[11].multiplier_inst/correction_mantissa_q_reg[0]/C
                            (rising edge-triggered cell FDCE clocked by clk  {rise@0.000ns fall@7.143ns period=14.286ns})
  Destination:            u_shared_bci_accel_core/u_execution_engine/u_apx_cluster/gen_multiply[11].multiplier_inst/product_reg[0]/D
                            (rising edge-triggered cell FDCE clocked by clk  {rise@0.000ns fall@7.143ns period=14.286ns})
  Path Group:             clk
  Path Type:              Hold (Min at Fast Process Corner)
  Requirement:            0.000ns  (clk rise@0.000ns - clk rise@0.000ns)
  Data Path Delay:        0.333ns  (logic 0.186ns (55.820%)  route 0.147ns (44.180%))
  Logic Levels:           1  (LUT3=1)
  Clock Path Skew:        0.182ns (DCD - SCD - CPR)
    Destination Clock Delay (DCD):    0.847ns
    Source Clock Delay      (SCD):    0.660ns
    Clock Pessimism Removal (CPR):    0.005ns

    Location             Delay type                Incr(ns)  Path(ns)    Netlist Resource(s)
  -------------------------------------------------------------------    -------------------
                         (clock clk rise edge)        0.000     0.000 r  
                                                      0.000     0.000 r  clk (IN)
                         net (fo=11226, unset)        0.660     0.660    u_shared_bci_accel_core/u_execution_engine/u_apx_cluster/gen_multiply[11].multiplier_inst/clk
    SLICE_X56Y100        FDCE                                         r  u_shared_bci_accel_core/u_execution_engine/u_apx_cluster/gen_multiply[11].multiplier_inst/correction_mantissa_q_reg[0]/C
  -------------------------------------------------------------------    -------------------
    SLICE_X56Y100        FDCE (Prop_fdce_C_Q)         0.141     0.801 r  u_shared_bci_accel_core/u_execution_engine/u_apx_cluster/gen_multiply[11].multiplier_inst/correction_mantissa_q_reg[0]/Q
                         net (fo=1, routed)           0.147     0.948    u_shared_bci_accel_core/u_execution_engine/u_apx_cluster/gen_multiply[11].multiplier_inst/correction_mantissa_q[0]
    SLICE_X57Y98         LUT3 (Prop_lut3_I2_O)        0.045     0.993 r  u_shared_bci_accel_core/u_execution_engine/u_apx_cluster/gen_multiply[11].multiplier_inst/product[0]_i_1__10/O
                         net (fo=1, routed)           0.000     0.993    u_shared_bci_accel_core/u_execution_engine/u_apx_cluster/gen_multiply[11].multiplier_inst/p_2_out[0]
    SLICE_X57Y98         FDCE                                         r  u_shared_bci_accel_core/u_execution_engine/u_apx_cluster/gen_multiply[11].multiplier_inst/product_reg[0]/D
  -------------------------------------------------------------------    -------------------

                         (clock clk rise edge)        0.000     0.000 r  
                                                      0.000     0.000 r  clk (IN)
                         net (fo=11226, unset)        0.847     0.847    u_shared_bci_accel_core/u_execution_engine/u_apx_cluster/gen_multiply[11].multiplier_inst/clk
    SLICE_X57Y98         FDCE                                         r  u_shared_bci_accel_core/u_execution_engine/u_apx_cluster/gen_multiply[11].multiplier_inst/product_reg[0]/C
                         clock pessimism             -0.005     0.842    
    SLICE_X57Y98         FDCE (Hold_fdce_C_D)         0.091     0.933    u_shared_bci_accel_core/u_execution_engine/u_apx_cluster/gen_multiply[11].multiplier_inst/product_reg[0]
  -------------------------------------------------------------------
                         required time                         -0.933    
                         arrival time                           0.993    
  -------------------------------------------------------------------
                         slack                                  0.060    

Slack (MET) :             0.061ns  (arrival time - required time)
  Source:                 u_shared_bci_accel_core/u_execution_engine/u_apx_cluster/gen_quad_add[0].quad_adder_inst/select_bypass_value_q_reg[12]/C
                            (rising edge-triggered cell FDCE clocked by clk  {rise@0.000ns fall@7.143ns period=14.286ns})
  Destination:            u_shared_bci_accel_core/u_execution_engine/u_apx_cluster/gen_quad_add[0].quad_adder_inst/align_bypass_value_q_reg[12]/D
                            (rising edge-triggered cell FDCE clocked by clk  {rise@0.000ns fall@7.143ns period=14.286ns})
  Path Group:             clk
  Path Type:              Hold (Min at Fast Process Corner)
  Requirement:            0.000ns  (clk rise@0.000ns - clk rise@0.000ns)
  Data Path Delay:        0.379ns  (logic 0.141ns (37.182%)  route 0.238ns (62.818%))
  Logic Levels:           0  
  Clock Path Skew:        0.266ns (DCD - SCD - CPR)
    Destination Clock Delay (DCD):    0.908ns
    Source Clock Delay      (SCD):    0.634ns
    Clock Pessimism Removal (CPR):    0.008ns

    Location             Delay type                Incr(ns)  Path(ns)    Netlist Resource(s)
  -------------------------------------------------------------------    -------------------
                         (clock clk rise edge)        0.000     0.000 r  
                                                      0.000     0.000 r  clk (IN)
                         net (fo=11226, unset)        0.634     0.634    u_shared_bci_accel_core/u_execution_engine/u_apx_cluster/gen_quad_add[0].quad_adder_inst/clk
    SLICE_X52Y106        FDCE                                         r  u_shared_bci_accel_core/u_execution_engine/u_apx_cluster/gen_quad_add[0].quad_adder_inst/select_bypass_value_q_reg[12]/C
  -------------------------------------------------------------------    -------------------
    SLICE_X52Y106        FDCE (Prop_fdce_C_Q)         0.141     0.775 r  u_shared_bci_accel_core/u_execution_engine/u_apx_cluster/gen_quad_add[0].quad_adder_inst/select_bypass_value_q_reg[12]/Q
                         net (fo=1, routed)           0.238     1.013    u_shared_bci_accel_core/u_execution_engine/u_apx_cluster/gen_quad_add[0].quad_adder_inst/select_bypass_value_q[12]
    SLICE_X42Y107        FDCE                                         r  u_shared_bci_accel_core/u_execution_engine/u_apx_cluster/gen_quad_add[0].quad_adder_inst/align_bypass_value_q_reg[12]/D
  -------------------------------------------------------------------    -------------------

                         (clock clk rise edge)        0.000     0.000 r  
                                                      0.000     0.000 r  clk (IN)
                         net (fo=11226, unset)        0.908     0.908    u_shared_bci_accel_core/u_execution_engine/u_apx_cluster/gen_quad_add[0].quad_adder_inst/clk
    SLICE_X42Y107        FDCE                                         r  u_shared_bci_accel_core/u_execution_engine/u_apx_cluster/gen_quad_add[0].quad_adder_inst/align_bypass_value_q_reg[12]/C
                         clock pessimism             -0.008     0.900    
    SLICE_X42Y107        FDCE (Hold_fdce_C_D)         0.052     0.952    u_shared_bci_accel_core/u_execution_engine/u_apx_cluster/gen_quad_add[0].quad_adder_inst/align_bypass_value_q_reg[12]
  -------------------------------------------------------------------
                         required time                         -0.952    
                         arrival time                           1.013    
  -------------------------------------------------------------------
                         slack                                  0.061    

Slack (MET) :             0.065ns  (arrival time - required time)
  Source:                 u_shared_bci_accel_core/u_execution_engine/u_apx_cluster/gen_multiply[13].multiplier_inst/product_low_sum_q_reg[0]/C
                            (rising edge-triggered cell FDCE clocked by clk  {rise@0.000ns fall@7.143ns period=14.286ns})
  Destination:            u_shared_bci_accel_core/u_execution_engine/u_apx_cluster/gen_multiply[13].multiplier_inst/correction_mantissa_q_reg[9]/D
                            (rising edge-triggered cell FDCE clocked by clk  {rise@0.000ns fall@7.143ns period=14.286ns})
  Path Group:             clk
  Path Type:              Hold (Min at Fast Process Corner)
  Requirement:            0.000ns  (clk rise@0.000ns - clk rise@0.000ns)
  Data Path Delay:        0.548ns  (logic 0.460ns (83.973%)  route 0.088ns (16.027%))
  Logic Levels:           4  (CARRY4=3 LUT3=1)
  Clock Path Skew:        0.349ns (DCD - SCD - CPR)
    Destination Clock Delay (DCD):    0.910ns
    Source Clock Delay      (SCD):    0.556ns
    Clock Pessimism Removal (CPR):    0.005ns

    Location             Delay type                Incr(ns)  Path(ns)    Netlist Resource(s)
  -------------------------------------------------------------------    -------------------
                         (clock clk rise edge)        0.000     0.000 r  
                                                      0.000     0.000 r  clk (IN)
                         net (fo=11226, unset)        0.556     0.556    u_shared_bci_accel_core/u_execution_engine/u_apx_cluster/gen_multiply[13].multiplier_inst/clk
    SLICE_X47Y98         FDCE                                         r  u_shared_bci_accel_core/u_execution_engine/u_apx_cluster/gen_multiply[13].multiplier_inst/product_low_sum_q_reg[0]/C
  -------------------------------------------------------------------    -------------------
    SLICE_X47Y98         FDCE (Prop_fdce_C_Q)         0.141     0.697 r  u_shared_bci_accel_core/u_execution_engine/u_apx_cluster/gen_multiply[13].multiplier_inst/product_low_sum_q_reg[0]/Q
                         net (fo=2, routed)           0.087     0.784    u_shared_bci_accel_core/u_execution_engine/u_apx_cluster/gen_multiply[13].multiplier_inst/product_low_sum_q[0]
    SLICE_X46Y98         LUT3 (Prop_lut3_I0_O)        0.045     0.829 r  u_shared_bci_accel_core/u_execution_engine/u_apx_cluster/gen_multiply[13].multiplier_inst/correction_mantissa_q[3]_i_8/O
                         net (fo=1, routed)           0.000     0.829    u_shared_bci_accel_core/u_execution_engine/u_apx_cluster/gen_multiply[13].multiplier_inst/correction_mantissa_q[3]_i_8_n_0
    SLICE_X46Y98         CARRY4 (Prop_carry4_S[0]_CO[3])
                                                      0.145     0.974 r  u_shared_bci_accel_core/u_execution_engine/u_apx_cluster/gen_multiply[13].multiplier_inst/correction_mantissa_q_reg[3]_i_1/CO[3]
                         net (fo=1, routed)           0.000     0.974    u_shared_bci_accel_core/u_execution_engine/u_apx_cluster/gen_multiply[13].multiplier_inst/correction_mantissa_q_reg[3]_i_1_n_0
    SLICE_X46Y99         CARRY4 (Prop_carry4_CI_CO[3])
                                                      0.040     1.014 r  u_shared_bci_accel_core/u_execution_engine/u_apx_cluster/gen_multiply[13].multiplier_inst/correction_mantissa_q_reg[7]_i_1/CO[3]
                         net (fo=1, routed)           0.001     1.015    u_shared_bci_accel_core/u_execution_engine/u_apx_cluster/gen_multiply[13].multiplier_inst/correction_mantissa_q_reg[7]_i_1_n_0
    SLICE_X46Y100        CARRY4 (Prop_carry4_CI_O[1])
                                                      0.089     1.104 r  u_shared_bci_accel_core/u_execution_engine/u_apx_cluster/gen_multiply[13].multiplier_inst/correction_mantissa_q_reg[11]_i_1/O[1]
                         net (fo=1, routed)           0.000     1.104    u_shared_bci_accel_core/u_execution_engine/u_apx_cluster/gen_multiply[13].multiplier_inst/correction_mantissa_q_reg[11]_i_1_n_6
    SLICE_X46Y100        FDCE                                         r  u_shared_bci_accel_core/u_execution_engine/u_apx_cluster/gen_multiply[13].multiplier_inst/correction_mantissa_q_reg[9]/D
  -------------------------------------------------------------------    -------------------

                         (clock clk rise edge)        0.000     0.000 r  
                                                      0.000     0.000 r  clk (IN)
                         net (fo=11226, unset)        0.910     0.910    u_shared_bci_accel_core/u_execution_engine/u_apx_cluster/gen_multiply[13].multiplier_inst/clk
    SLICE_X46Y100        FDCE                                         r  u_shared_bci_accel_core/u_execution_engine/u_apx_cluster/gen_multiply[13].multiplier_inst/correction_mantissa_q_reg[9]/C
                         clock pessimism             -0.005     0.905    
    SLICE_X46Y100        FDCE (Hold_fdce_C_D)         0.134     1.039    u_shared_bci_accel_core/u_execution_engine/u_apx_cluster/gen_multiply[13].multiplier_inst/correction_mantissa_q_reg[9]
  -------------------------------------------------------------------
                         required time                         -1.039    
                         arrival time                           1.104    
  -------------------------------------------------------------------
                         slack                                  0.065    

Slack (MET) :             0.065ns  (arrival time - required time)
  Source:                 u_shared_bci_accel_core/u_execution_engine/u_apx_cluster/gen_multiply[10].multiplier_inst/decode_exponent_q_reg[3]/C
                            (rising edge-triggered cell FDCE clocked by clk  {rise@0.000ns fall@7.143ns period=14.286ns})
  Destination:            u_shared_bci_accel_core/u_execution_engine/u_apx_cluster/gen_multiply[10].multiplier_inst/product_exponent_q_reg[3]/D
                            (rising edge-triggered cell FDCE clocked by clk  {rise@0.000ns fall@7.143ns period=14.286ns})
  Path Group:             clk
  Path Type:              Hold (Min at Fast Process Corner)
  Requirement:            0.000ns  (clk rise@0.000ns - clk rise@0.000ns)
  Data Path Delay:        0.484ns  (logic 0.141ns (29.108%)  route 0.343ns (70.892%))
  Logic Levels:           0  
  Clock Path Skew:        0.349ns (DCD - SCD - CPR)
    Destination Clock Delay (DCD):    0.989ns
    Source Clock Delay      (SCD):    0.635ns
    Clock Pessimism Removal (CPR):    0.005ns

    Location             Delay type                Incr(ns)  Path(ns)    Netlist Resource(s)
  -------------------------------------------------------------------    -------------------
                         (clock clk rise edge)        0.000     0.000 r  
                                                      0.000     0.000 r  clk (IN)
                         net (fo=11226, unset)        0.635     0.635    u_shared_bci_accel_core/u_execution_engine/u_apx_cluster/gen_multiply[10].multiplier_inst/clk
    SLICE_X107Y97        FDCE                                         r  u_shared_bci_accel_core/u_execution_engine/u_apx_cluster/gen_multiply[10].multiplier_inst/decode_exponent_q_reg[3]/C
  -------------------------------------------------------------------    -------------------
    SLICE_X107Y97        FDCE (Prop_fdce_C_Q)         0.141     0.776 r  u_shared_bci_accel_core/u_execution_engine/u_apx_cluster/gen_multiply[10].multiplier_inst/decode_exponent_q_reg[3]/Q
                         net (fo=1, routed)           0.343     1.119    u_shared_bci_accel_core/u_execution_engine/u_apx_cluster/gen_multiply[10].multiplier_inst/decode_exponent_q[3]
    SLICE_X106Y109       FDCE                                         r  u_shared_bci_accel_core/u_execution_engine/u_apx_cluster/gen_multiply[10].multiplier_inst/product_exponent_q_reg[3]/D
  -------------------------------------------------------------------    -------------------

                         (clock clk rise edge)        0.000     0.000 r  
                                                      0.000     0.000 r  clk (IN)
                         net (fo=11226, unset)        0.989     0.989    u_shared_bci_accel_core/u_execution_engine/u_apx_cluster/gen_multiply[10].multiplier_inst/clk
    SLICE_X106Y109       FDCE                                         r  u_shared_bci_accel_core/u_execution_engine/u_apx_cluster/gen_multiply[10].multiplier_inst/product_exponent_q_reg[3]/C
                         clock pessimism             -0.005     0.984    
    SLICE_X106Y109       FDCE (Hold_fdce_C_D)         0.070     1.054    u_shared_bci_accel_core/u_execution_engine/u_apx_cluster/gen_multiply[10].multiplier_inst/product_exponent_q_reg[3]
  -------------------------------------------------------------------
                         required time                         -1.054    
                         arrival time                           1.119    
  -------------------------------------------------------------------
                         slack                                  0.065    

Slack (MET) :             0.067ns  (arrival time - required time)
  Source:                 u_shared_bci_accel_core/u_execution_engine/u_apx_cluster/gen_multiply[13].multiplier_inst/product_low_sum_q_reg[0]/C
                            (rising edge-triggered cell FDCE clocked by clk  {rise@0.000ns fall@7.143ns period=14.286ns})
  Destination:            u_shared_bci_accel_core/u_execution_engine/u_apx_cluster/gen_multiply[13].multiplier_inst/correction_mantissa_q_reg[11]/D
                            (rising edge-triggered cell FDCE clocked by clk  {rise@0.000ns fall@7.143ns period=14.286ns})
  Path Group:             clk
  Path Type:              Hold (Min at Fast Process Corner)
  Requirement:            0.000ns  (clk rise@0.000ns - clk rise@0.000ns)
  Data Path Delay:        0.550ns  (logic 0.462ns (84.031%)  route 0.088ns (15.969%))
  Logic Levels:           4  (CARRY4=3 LUT3=1)
  Clock Path Skew:        0.349ns (DCD - SCD - CPR)
    Destination Clock Delay (DCD):    0.910ns
    Source Clock Delay      (SCD):    0.556ns
    Clock Pessimism Removal (CPR):    0.005ns

    Location             Delay type                Incr(ns)  Path(ns)    Netlist Resource(s)
  -------------------------------------------------------------------    -------------------
                         (clock clk rise edge)        0.000     0.000 r  
                                                      0.000     0.000 r  clk (IN)
                         net (fo=11226, unset)        0.556     0.556    u_shared_bci_accel_core/u_execution_engine/u_apx_cluster/gen_multiply[13].multiplier_inst/clk
    SLICE_X47Y98         FDCE                                         r  u_shared_bci_accel_core/u_execution_engine/u_apx_cluster/gen_multiply[13].multiplier_inst/product_low_sum_q_reg[0]/C
  -------------------------------------------------------------------    -------------------
    SLICE_X47Y98         FDCE (Prop_fdce_C_Q)         0.141     0.697 r  u_shared_bci_accel_core/u_execution_engine/u_apx_cluster/gen_multiply[13].multiplier_inst/product_low_sum_q_reg[0]/Q
                         net (fo=2, routed)           0.087     0.784    u_shared_bci_accel_core/u_execution_engine/u_apx_cluster/gen_multiply[13].multiplier_inst/product_low_sum_q[0]
    SLICE_X46Y98         LUT3 (Prop_lut3_I0_O)        0.045     0.829 r  u_shared_bci_accel_core/u_execution_engine/u_apx_cluster/gen_multiply[13].multiplier_inst/correction_mantissa_q[3]_i_8/O
                         net (fo=1, routed)           0.000     0.829    u_shared_bci_accel_core/u_execution_engine/u_apx_cluster/gen_multiply[13].multiplier_inst/correction_mantissa_q[3]_i_8_n_0
    SLICE_X46Y98         CARRY4 (Prop_carry4_S[0]_CO[3])
                                                      0.145     0.974 r  u_shared_bci_accel_core/u_execution_engine/u_apx_cluster/gen_multiply[13].multiplier_inst/correction_mantissa_q_reg[3]_i_1/CO[3]
                         net (fo=1, routed)           0.000     0.974    u_shared_bci_accel_core/u_execution_engine/u_apx_cluster/gen_multiply[13].multiplier_inst/correction_mantissa_q_reg[3]_i_1_n_0
    SLICE_X46Y99         CARRY4 (Prop_carry4_CI_CO[3])
                                                      0.040     1.014 r  u_shared_bci_accel_core/u_execution_engine/u_apx_cluster/gen_multiply[13].multiplier_inst/correction_mantissa_q_reg[7]_i_1/CO[3]
                         net (fo=1, routed)           0.001     1.015    u_shared_bci_accel_core/u_execution_engine/u_apx_cluster/gen_multiply[13].multiplier_inst/correction_mantissa_q_reg[7]_i_1_n_0
    SLICE_X46Y100        CARRY4 (Prop_carry4_CI_O[3])
                                                      0.091     1.106 r  u_shared_bci_accel_core/u_execution_engine/u_apx_cluster/gen_multiply[13].multiplier_inst/correction_mantissa_q_reg[11]_i_1/O[3]
                         net (fo=1, routed)           0.000     1.106    u_shared_bci_accel_core/u_execution_engine/u_apx_cluster/gen_multiply[13].multiplier_inst/correction_mantissa_q_reg[11]_i_1_n_4
    SLICE_X46Y100        FDCE                                         r  u_shared_bci_accel_core/u_execution_engine/u_apx_cluster/gen_multiply[13].multiplier_inst/correction_mantissa_q_reg[11]/D
  -------------------------------------------------------------------    -------------------

                         (clock clk rise edge)        0.000     0.000 r  
                                                      0.000     0.000 r  clk (IN)
                         net (fo=11226, unset)        0.910     0.910    u_shared_bci_accel_core/u_execution_engine/u_apx_cluster/gen_multiply[13].multiplier_inst/clk
    SLICE_X46Y100        FDCE                                         r  u_shared_bci_accel_core/u_execution_engine/u_apx_cluster/gen_multiply[13].multiplier_inst/correction_mantissa_q_reg[11]/C
                         clock pessimism             -0.005     0.905    
    SLICE_X46Y100        FDCE (Hold_fdce_C_D)         0.134     1.039    u_shared_bci_accel_core/u_execution_engine/u_apx_cluster/gen_multiply[13].multiplier_inst/correction_mantissa_q_reg[11]
  -------------------------------------------------------------------
                         required time                         -1.039    
                         arrival time                           1.106    
  -------------------------------------------------------------------
                         slack                                  0.067    

Slack (MET) :             0.073ns  (arrival time - required time)
  Source:                 u_shared_bci_accel_core/u_execution_engine/u_apx_cluster/gen_pair_add[4].pair_adder_inst/sum_reg[15]/C
                            (rising edge-triggered cell FDCE clocked by clk  {rise@0.000ns fall@7.143ns period=14.286ns})
  Destination:            u_shared_bci_accel_core/u_execution_engine/u_apx_cluster/gen_quad_add[2].quad_adder_inst/select_bypass_value_q_reg[15]/D
                            (rising edge-triggered cell FDCE clocked by clk  {rise@0.000ns fall@7.143ns period=14.286ns})
  Path Group:             clk
  Path Type:              Hold (Min at Fast Process Corner)
  Requirement:            0.000ns  (clk rise@0.000ns - clk rise@0.000ns)
  Data Path Delay:        0.514ns  (logic 0.186ns (36.207%)  route 0.328ns (63.793%))
  Logic Levels:           1  (LUT3=1)
  Clock Path Skew:        0.350ns (DCD - SCD - CPR)
    Destination Clock Delay (DCD):    0.938ns
    Source Clock Delay      (SCD):    0.583ns
    Clock Pessimism Removal (CPR):    0.005ns

    Location             Delay type                Incr(ns)  Path(ns)    Netlist Resource(s)
  -------------------------------------------------------------------    -------------------
                         (clock clk rise edge)        0.000     0.000 r  
                                                      0.000     0.000 r  clk (IN)
                         net (fo=11226, unset)        0.583     0.583    u_shared_bci_accel_core/u_execution_engine/u_apx_cluster/gen_pair_add[4].pair_adder_inst/clk
    SLICE_X81Y97         FDCE                                         r  u_shared_bci_accel_core/u_execution_engine/u_apx_cluster/gen_pair_add[4].pair_adder_inst/sum_reg[15]/C
  -------------------------------------------------------------------    -------------------
    SLICE_X81Y97         FDCE (Prop_fdce_C_Q)         0.141     0.724 r  u_shared_bci_accel_core/u_execution_engine/u_apx_cluster/gen_pair_add[4].pair_adder_inst/sum_reg[15]/Q
                         net (fo=6, routed)           0.328     1.052    u_shared_bci_accel_core/u_execution_engine/u_apx_cluster/gen_pair_add[4].pair_adder_inst/sum_reg[15]_0[15]
    SLICE_X80Y106        LUT3 (Prop_lut3_I2_O)        0.045     1.097 r  u_shared_bci_accel_core/u_execution_engine/u_apx_cluster/gen_pair_add[4].pair_adder_inst/select_bypass_value_q[15]_i_1__7/O
                         net (fo=1, routed)           0.000     1.097    u_shared_bci_accel_core/u_execution_engine/u_apx_cluster/gen_quad_add[2].quad_adder_inst/select_bypass_value_q_reg[15]_0[15]
    SLICE_X80Y106        FDCE                                         r  u_shared_bci_accel_core/u_execution_engine/u_apx_cluster/gen_quad_add[2].quad_adder_inst/select_bypass_value_q_reg[15]/D
  -------------------------------------------------------------------    -------------------

                         (clock clk rise edge)        0.000     0.000 r  
                                                      0.000     0.000 r  clk (IN)
                         net (fo=11226, unset)        0.938     0.938    u_shared_bci_accel_core/u_execution_engine/u_apx_cluster/gen_quad_add[2].quad_adder_inst/clk
    SLICE_X80Y106        FDCE                                         r  u_shared_bci_accel_core/u_execution_engine/u_apx_cluster/gen_quad_add[2].quad_adder_inst/select_bypass_value_q_reg[15]/C
                         clock pessimism             -0.005     0.933    
    SLICE_X80Y106        FDCE (Hold_fdce_C_D)         0.091     1.024    u_shared_bci_accel_core/u_execution_engine/u_apx_cluster/gen_quad_add[2].quad_adder_inst/select_bypass_value_q_reg[15]
  -------------------------------------------------------------------
                         required time                         -1.024    
                         arrival time                           1.097    
  -------------------------------------------------------------------
                         slack                                  0.073    

Slack (MET) :             0.073ns  (arrival time - required time)
  Source:                 u_shared_bci_accel_core/u_execution_engine/u_apx_cluster/gen_pair_add[4].pair_adder_inst/sum_reg[15]/C
                            (rising edge-triggered cell FDCE clocked by clk  {rise@0.000ns fall@7.143ns period=14.286ns})
  Destination:            u_shared_bci_accel_core/u_execution_engine/u_apx_cluster/gen_quad_add[2].quad_adder_inst/select_sign_q_reg/D
                            (rising edge-triggered cell FDCE clocked by clk  {rise@0.000ns fall@7.143ns period=14.286ns})
  Path Group:             clk
  Path Type:              Hold (Min at Fast Process Corner)
  Requirement:            0.000ns  (clk rise@0.000ns - clk rise@0.000ns)
  Data Path Delay:        0.515ns  (logic 0.186ns (36.136%)  route 0.329ns (63.864%))
  Logic Levels:           1  (LUT6=1)
  Clock Path Skew:        0.350ns (DCD - SCD - CPR)
    Destination Clock Delay (DCD):    0.938ns
    Source Clock Delay      (SCD):    0.583ns
    Clock Pessimism Removal (CPR):    0.005ns

    Location             Delay type                Incr(ns)  Path(ns)    Netlist Resource(s)
  -------------------------------------------------------------------    -------------------
                         (clock clk rise edge)        0.000     0.000 r  
                                                      0.000     0.000 r  clk (IN)
                         net (fo=11226, unset)        0.583     0.583    u_shared_bci_accel_core/u_execution_engine/u_apx_cluster/gen_pair_add[4].pair_adder_inst/clk
    SLICE_X81Y97         FDCE                                         r  u_shared_bci_accel_core/u_execution_engine/u_apx_cluster/gen_pair_add[4].pair_adder_inst/sum_reg[15]/C
  -------------------------------------------------------------------    -------------------
    SLICE_X81Y97         FDCE (Prop_fdce_C_Q)         0.141     0.724 r  u_shared_bci_accel_core/u_execution_engine/u_apx_cluster/gen_pair_add[4].pair_adder_inst/sum_reg[15]/Q
                         net (fo=6, routed)           0.329     1.053    u_shared_bci_accel_core/u_execution_engine/u_apx_cluster/gen_pair_add[4].pair_adder_inst/sum_reg[15]_0[15]
    SLICE_X80Y106        LUT6 (Prop_lut6_I2_O)        0.045     1.098 r  u_shared_bci_accel_core/u_execution_engine/u_apx_cluster/gen_pair_add[4].pair_adder_inst/select_sign_q_i_1__12/O
                         net (fo=1, routed)           0.000     1.098    u_shared_bci_accel_core/u_execution_engine/u_apx_cluster/gen_quad_add[2].quad_adder_inst/select_sign_q_reg_0
    SLICE_X80Y106        FDCE                                         r  u_shared_bci_accel_core/u_execution_engine/u_apx_cluster/gen_quad_add[2].quad_adder_inst/select_sign_q_reg/D
  -------------------------------------------------------------------    -------------------

                         (clock clk rise edge)        0.000     0.000 r  
                                                      0.000     0.000 r  clk (IN)
                         net (fo=11226, unset)        0.938     0.938    u_shared_bci_accel_core/u_execution_engine/u_apx_cluster/gen_quad_add[2].quad_adder_inst/clk
    SLICE_X80Y106        FDCE                                         r  u_shared_bci_accel_core/u_execution_engine/u_apx_cluster/gen_quad_add[2].quad_adder_inst/select_sign_q_reg/C
                         clock pessimism             -0.005     0.933    
    SLICE_X80Y106        FDCE (Hold_fdce_C_D)         0.092     1.025    u_shared_bci_accel_core/u_execution_engine/u_apx_cluster/gen_quad_add[2].quad_adder_inst/select_sign_q_reg
  -------------------------------------------------------------------
                         required time                         -1.025    
                         arrival time                           1.098    
  -------------------------------------------------------------------
                         slack                                  0.073    

Slack (MET) :             0.073ns  (arrival time - required time)
  Source:                 u_shared_bci_accel_core/u_execution_engine/u_apx_cluster/gen_pair_add[4].pair_adder_inst/select_bypass_value_q_reg[9]/C
                            (rising edge-triggered cell FDCE clocked by clk  {rise@0.000ns fall@7.143ns period=14.286ns})
  Destination:            u_shared_bci_accel_core/u_execution_engine/u_apx_cluster/gen_pair_add[4].pair_adder_inst/align_bypass_value_q_reg[9]/D
                            (rising edge-triggered cell FDCE clocked by clk  {rise@0.000ns fall@7.143ns period=14.286ns})
  Path Group:             clk
  Path Type:              Hold (Min at Fast Process Corner)
  Requirement:            0.000ns  (clk rise@0.000ns - clk rise@0.000ns)
  Data Path Delay:        0.324ns  (logic 0.141ns (43.545%)  route 0.183ns (56.455%))
  Logic Levels:           0  
  Clock Path Skew:        0.181ns (DCD - SCD - CPR)
    Destination Clock Delay (DCD):    0.848ns
    Source Clock Delay      (SCD):    0.662ns
    Clock Pessimism Removal (CPR):    0.005ns

    Location             Delay type                Incr(ns)  Path(ns)    Netlist Resource(s)
  -------------------------------------------------------------------    -------------------
                         (clock clk rise edge)        0.000     0.000 r  
                                                      0.000     0.000 r  clk (IN)
                         net (fo=11226, unset)        0.662     0.662    u_shared_bci_accel_core/u_execution_engine/u_apx_cluster/gen_pair_add[4].pair_adder_inst/clk
    SLICE_X64Y100        FDCE                                         r  u_shared_bci_accel_core/u_execution_engine/u_apx_cluster/gen_pair_add[4].pair_adder_inst/select_bypass_value_q_reg[9]/C
  -------------------------------------------------------------------    -------------------
    SLICE_X64Y100        FDCE (Prop_fdce_C_Q)         0.141     0.803 r  u_shared_bci_accel_core/u_execution_engine/u_apx_cluster/gen_pair_add[4].pair_adder_inst/select_bypass_value_q_reg[9]/Q
                         net (fo=1, routed)           0.183     0.986    u_shared_bci_accel_core/u_execution_engine/u_apx_cluster/gen_pair_add[4].pair_adder_inst/select_bypass_value_q[9]
    SLICE_X64Y99         FDCE                                         r  u_shared_bci_accel_core/u_execution_engine/u_apx_cluster/gen_pair_add[4].pair_adder_inst/align_bypass_value_q_reg[9]/D
  -------------------------------------------------------------------    -------------------

                         (clock clk rise edge)        0.000     0.000 r  
                                                      0.000     0.000 r  clk (IN)
                         net (fo=11226, unset)        0.848     0.848    u_shared_bci_accel_core/u_execution_engine/u_apx_cluster/gen_pair_add[4].pair_adder_inst/clk
    SLICE_X64Y99         FDCE                                         r  u_shared_bci_accel_core/u_execution_engine/u_apx_cluster/gen_pair_add[4].pair_adder_inst/align_bypass_value_q_reg[9]/C
                         clock pessimism             -0.005     0.843    
    SLICE_X64Y99         FDCE (Hold_fdce_C_D)         0.070     0.913    u_shared_bci_accel_core/u_execution_engine/u_apx_cluster/gen_pair_add[4].pair_adder_inst/align_bypass_value_q_reg[9]
  -------------------------------------------------------------------
                         required time                         -0.913    
                         arrival time                           0.986    
  -------------------------------------------------------------------
                         slack                                  0.073    





Pulse Width Checks
--------------------------------------------------------------------------------------
Clock Name:         clk
Waveform(ns):       { 0.000 7.143 }
Period(ns):         14.286
Sources:            { clk }

Check Type        Corner  Lib Pin             Reference Pin  Required(ns)  Actual(ns)  Slack(ns)  Location      Pin
Min Period        n/a     RAMB36E1/CLKARDCLK  n/a            2.944         14.286      11.342     RAMB36_X1Y2   <hidden>
Min Period        n/a     RAMB36E1/CLKBWRCLK  n/a            2.944         14.286      11.342     RAMB36_X1Y2   <hidden>
Min Period        n/a     RAMB36E1/CLKARDCLK  n/a            2.944         14.286      11.342     RAMB36_X1Y4   <hidden>
Min Period        n/a     RAMB36E1/CLKBWRCLK  n/a            2.944         14.286      11.342     RAMB36_X1Y4   <hidden>
Min Period        n/a     RAMB36E1/CLKARDCLK  n/a            2.944         14.286      11.342     RAMB36_X2Y4   <hidden>
Min Period        n/a     RAMB36E1/CLKBWRCLK  n/a            2.944         14.286      11.342     RAMB36_X2Y4   <hidden>
Min Period        n/a     RAMB36E1/CLKARDCLK  n/a            2.944         14.286      11.342     RAMB36_X2Y3   <hidden>
Min Period        n/a     RAMB36E1/CLKBWRCLK  n/a            2.944         14.286      11.342     RAMB36_X2Y3   <hidden>
Min Period        n/a     RAMB36E1/CLKARDCLK  n/a            2.576         14.286      11.710     RAMB36_X1Y1   <hidden>
Min Period        n/a     RAMB36E1/CLKBWRCLK  n/a            2.576         14.286      11.710     RAMB36_X1Y1   <hidden>
Min Period        n/a     RAMB36E1/CLKARDCLK  n/a            2.576         14.286      11.710     RAMB36_X2Y1   <hidden>
Min Period        n/a     RAMB36E1/CLKBWRCLK  n/a            2.576         14.286      11.710     RAMB36_X2Y1   <hidden>
Min Period        n/a     FDCE/C              n/a            1.000         14.286      13.286     SLICE_X20Y3   u_axi_control_loader/done_sticky_q_reg/C
Min Period        n/a     FDCE/C              n/a            1.000         14.286      13.286     SLICE_X25Y4   u_axi_control_loader/frame_begin_reg/C
Min Period        n/a     FDCE/C              n/a            1.000         14.286      13.286     SLICE_X16Y5   u_axi_control_loader/frame_config_q_reg[0]/C
Min Period        n/a     FDCE/C              n/a            1.000         14.286      13.286     SLICE_X16Y6   u_axi_control_loader/frame_config_q_reg[10]/C
Min Period        n/a     FDCE/C              n/a            1.000         14.286      13.286     SLICE_X17Y5   u_axi_control_loader/frame_config_q_reg[11]/C
Min Period        n/a     FDCE/C              n/a            1.000         14.286      13.286     SLICE_X17Y5   u_axi_control_loader/frame_config_q_reg[12]/C
Min Period        n/a     FDCE/C              n/a            1.000         14.286      13.286     SLICE_X17Y5   u_axi_control_loader/frame_config_q_reg[13]/C
Min Period        n/a     FDCE/C              n/a            1.000         14.286      13.286     SLICE_X17Y5   u_axi_control_loader/frame_config_q_reg[14]/C
Low Pulse Width   Slow    RAMD32/CLK          n/a            1.250         7.143       5.893      SLICE_X46Y39  u_shared_bci_accel_core/u_execution_engine/iir_state_tail_reg_r1_0_15_0_5/RAMA/CLK
Low Pulse Width   Fast    RAMD32/CLK          n/a            1.250         7.143       5.893      SLICE_X46Y39  u_shared_bci_accel_core/u_execution_engine/iir_state_tail_reg_r1_0_15_0_5/RAMA/CLK
Low Pulse Width   Slow    RAMD32/CLK          n/a            1.250         7.143       5.893      SLICE_X46Y39  u_shared_bci_accel_core/u_execution_engine/iir_state_tail_reg_r1_0_15_0_5/RAMA_D1/CLK
Low Pulse Width   Fast    RAMD32/CLK          n/a            1.250         7.143       5.893      SLICE_X46Y39  u_shared_bci_accel_core/u_execution_engine/iir_state_tail_reg_r1_0_15_0_5/RAMA_D1/CLK
Low Pulse Width   Slow    RAMD32/CLK          n/a            1.250         7.143       5.893      SLICE_X46Y39  u_shared_bci_accel_core/u_execution_engine/iir_state_tail_reg_r1_0_15_0_5/RAMB/CLK
Low Pulse Width   Fast    RAMD32/CLK          n/a            1.250         7.143       5.893      SLICE_X46Y39  u_shared_bci_accel_core/u_execution_engine/iir_state_tail_reg_r1_0_15_0_5/RAMB/CLK
Low Pulse Width   Slow    RAMD32/CLK          n/a            1.250         7.143       5.893      SLICE_X46Y39  u_shared_bci_accel_core/u_execution_engine/iir_state_tail_reg_r1_0_15_0_5/RAMB_D1/CLK
Low Pulse Width   Fast    RAMD32/CLK          n/a            1.250         7.143       5.893      SLICE_X46Y39  u_shared_bci_accel_core/u_execution_engine/iir_state_tail_reg_r1_0_15_0_5/RAMB_D1/CLK
Low Pulse Width   Slow    RAMD32/CLK          n/a            1.250         7.143       5.893      SLICE_X46Y39  u_shared_bci_accel_core/u_execution_engine/iir_state_tail_reg_r1_0_15_0_5/RAMC/CLK
Low Pulse Width   Fast    RAMD32/CLK          n/a            1.250         7.143       5.893      SLICE_X46Y39  u_shared_bci_accel_core/u_execution_engine/iir_state_tail_reg_r1_0_15_0_5/RAMC/CLK
Low Pulse Width   Slow    RAMD32/CLK          n/a            1.250         7.143       5.893      SLICE_X46Y39  u_shared_bci_accel_core/u_execution_engine/iir_state_tail_reg_r1_0_15_0_5/RAMC_D1/CLK
Low Pulse Width   Fast    RAMD32/CLK          n/a            1.250         7.143       5.893      SLICE_X46Y39  u_shared_bci_accel_core/u_execution_engine/iir_state_tail_reg_r1_0_15_0_5/RAMC_D1/CLK
Low Pulse Width   Slow    RAMS32/CLK          n/a            1.250         7.143       5.893      SLICE_X46Y39  u_shared_bci_accel_core/u_execution_engine/iir_state_tail_reg_r1_0_15_0_5/RAMD/CLK
Low Pulse Width   Fast    RAMS32/CLK          n/a            1.250         7.143       5.893      SLICE_X46Y39  u_shared_bci_accel_core/u_execution_engine/iir_state_tail_reg_r1_0_15_0_5/RAMD/CLK
Low Pulse Width   Slow    RAMS32/CLK          n/a            1.250         7.143       5.893      SLICE_X46Y39  u_shared_bci_accel_core/u_execution_engine/iir_state_tail_reg_r1_0_15_0_5/RAMD_D1/CLK
Low Pulse Width   Fast    RAMS32/CLK          n/a            1.250         7.143       5.893      SLICE_X46Y39  u_shared_bci_accel_core/u_execution_engine/iir_state_tail_reg_r1_0_15_0_5/RAMD_D1/CLK
Low Pulse Width   Slow    RAMD32/CLK          n/a            1.250         7.143       5.893      SLICE_X92Y52  u_shared_bci_accel_core/u_execution_engine/iir_state_tail_reg_r1_0_15_12_17/RAMA/CLK
Low Pulse Width   Fast    RAMD32/CLK          n/a            1.250         7.143       5.893      SLICE_X92Y52  u_shared_bci_accel_core/u_execution_engine/iir_state_tail_reg_r1_0_15_12_17/RAMA/CLK
Low Pulse Width   Slow    RAMD32/CLK          n/a            1.250         7.143       5.893      SLICE_X92Y52  u_shared_bci_accel_core/u_execution_engine/iir_state_tail_reg_r1_0_15_12_17/RAMA_D1/CLK
Low Pulse Width   Fast    RAMD32/CLK          n/a            1.250         7.143       5.893      SLICE_X92Y52  u_shared_bci_accel_core/u_execution_engine/iir_state_tail_reg_r1_0_15_12_17/RAMA_D1/CLK
High Pulse Width  Slow    RAMD32/CLK          n/a            1.250         7.143       5.893      SLICE_X46Y39  u_shared_bci_accel_core/u_execution_engine/iir_state_tail_reg_r1_0_15_0_5/RAMA/CLK
High Pulse Width  Fast    RAMD32/CLK          n/a            1.250         7.143       5.893      SLICE_X46Y39  u_shared_bci_accel_core/u_execution_engine/iir_state_tail_reg_r1_0_15_0_5/RAMA/CLK
High Pulse Width  Slow    RAMD32/CLK          n/a            1.250         7.143       5.893      SLICE_X46Y39  u_shared_bci_accel_core/u_execution_engine/iir_state_tail_reg_r1_0_15_0_5/RAMA_D1/CLK
High Pulse Width  Fast    RAMD32/CLK          n/a            1.250         7.143       5.893      SLICE_X46Y39  u_shared_bci_accel_core/u_execution_engine/iir_state_tail_reg_r1_0_15_0_5/RAMA_D1/CLK
High Pulse Width  Slow    RAMD32/CLK          n/a            1.250         7.143       5.893      SLICE_X46Y39  u_shared_bci_accel_core/u_execution_engine/iir_state_tail_reg_r1_0_15_0_5/RAMB/CLK
High Pulse Width  Fast    RAMD32/CLK          n/a            1.250         7.143       5.893      SLICE_X46Y39  u_shared_bci_accel_core/u_execution_engine/iir_state_tail_reg_r1_0_15_0_5/RAMB/CLK
High Pulse Width  Slow    RAMD32/CLK          n/a            1.250         7.143       5.893      SLICE_X46Y39  u_shared_bci_accel_core/u_execution_engine/iir_state_tail_reg_r1_0_15_0_5/RAMB_D1/CLK
High Pulse Width  Fast    RAMD32/CLK          n/a            1.250         7.143       5.893      SLICE_X46Y39  u_shared_bci_accel_core/u_execution_engine/iir_state_tail_reg_r1_0_15_0_5/RAMB_D1/CLK
High Pulse Width  Slow    RAMD32/CLK          n/a            1.250         7.143       5.893      SLICE_X46Y39  u_shared_bci_accel_core/u_execution_engine/iir_state_tail_reg_r1_0_15_0_5/RAMC/CLK
High Pulse Width  Fast    RAMD32/CLK          n/a            1.250         7.143       5.893      SLICE_X46Y39  u_shared_bci_accel_core/u_execution_engine/iir_state_tail_reg_r1_0_15_0_5/RAMC/CLK
High Pulse Width  Slow    RAMD32/CLK          n/a            1.250         7.143       5.893      SLICE_X46Y39  u_shared_bci_accel_core/u_execution_engine/iir_state_tail_reg_r1_0_15_0_5/RAMC_D1/CLK
High Pulse Width  Fast    RAMD32/CLK          n/a            1.250         7.143       5.893      SLICE_X46Y39  u_shared_bci_accel_core/u_execution_engine/iir_state_tail_reg_r1_0_15_0_5/RAMC_D1/CLK
High Pulse Width  Slow    RAMS32/CLK          n/a            1.250         7.143       5.893      SLICE_X46Y39  u_shared_bci_accel_core/u_execution_engine/iir_state_tail_reg_r1_0_15_0_5/RAMD/CLK
High Pulse Width  Fast    RAMS32/CLK          n/a            1.250         7.143       5.893      SLICE_X46Y39  u_shared_bci_accel_core/u_execution_engine/iir_state_tail_reg_r1_0_15_0_5/RAMD/CLK
High Pulse Width  Slow    RAMS32/CLK          n/a            1.250         7.143       5.893      SLICE_X46Y39  u_shared_bci_accel_core/u_execution_engine/iir_state_tail_reg_r1_0_15_0_5/RAMD_D1/CLK
High Pulse Width  Fast    RAMS32/CLK          n/a            1.250         7.143       5.893      SLICE_X46Y39  u_shared_bci_accel_core/u_execution_engine/iir_state_tail_reg_r1_0_15_0_5/RAMD_D1/CLK
High Pulse Width  Slow    RAMD32/CLK          n/a            1.250         7.143       5.893      SLICE_X92Y52  u_shared_bci_accel_core/u_execution_engine/iir_state_tail_reg_r1_0_15_12_17/RAMA/CLK
High Pulse Width  Fast    RAMD32/CLK          n/a            1.250         7.143       5.893      SLICE_X92Y52  u_shared_bci_accel_core/u_execution_engine/iir_state_tail_reg_r1_0_15_12_17/RAMA/CLK
High Pulse Width  Slow    RAMD32/CLK          n/a            1.250         7.143       5.893      SLICE_X92Y52  u_shared_bci_accel_core/u_execution_engine/iir_state_tail_reg_r1_0_15_12_17/RAMA_D1/CLK
High Pulse Width  Fast    RAMD32/CLK          n/a            1.250         7.143       5.893      SLICE_X92Y52  u_shared_bci_accel_core/u_execution_engine/iir_state_tail_reg_r1_0_15_12_17/RAMA_D1/CLK



--------------------------------------------------------------------------------------
Path Group:  (none)
From Clock:  clk
  To Clock:  

Max Delay            69 Endpoints
Min Delay            69 Endpoints
--------------------------------------------------------------------------------------


Max Delay Paths
--------------------------------------------------------------------------------------
Slack:                    inf
  Source:                 u_axi_control_loader/write_response_valid_q_reg/C
                            (rising edge-triggered cell FDCE clocked by clk  {rise@0.000ns fall@7.143ns period=14.286ns})
  Destination:            s_axi_awready
                            (output port)
  Path Group:             (none)
  Path Type:              Max at Slow Process Corner
  Data Path Delay:        2.537ns  (logic 0.670ns (26.410%)  route 1.867ns (73.590%))
  Logic Levels:           1  (LUT2=1)
  Clock Uncertainty:      0.025ns  ((TSJ^2 + TIJ^2)^1/2 + DJ) / 2 + PE
    Total System Jitter     (TSJ):    0.050ns
    Total Input Jitter      (TIJ):    0.000ns
    Discrete Jitter          (DJ):    0.000ns
    Phase Error              (PE):    0.000ns

    Location             Delay type                Incr(ns)  Path(ns)    Netlist Resource(s)
  -------------------------------------------------------------------    -------------------
                         (clock clk rise edge)        0.000     0.000 r  
                                                      0.000     0.000 r  clk (IN)
                         net (fo=11226, unset)        1.753     1.753    u_axi_control_loader/clk
    SLICE_X22Y3          FDCE                                         r  u_axi_control_loader/write_response_valid_q_reg/C
  -------------------------------------------------------------------    -------------------
    SLICE_X22Y3          FDCE (Prop_fdce_C_Q)         0.518     2.271 f  u_axi_control_loader/write_response_valid_q_reg/Q
                         net (fo=8, routed)           0.894     3.165    u_axi_control_loader/s_axi_bvalid
    SLICE_X22Y3          LUT2 (Prop_lut2_I0_O)        0.152     3.317 r  u_axi_control_loader/s_axi_awready_INST_0/O
                         net (fo=0)                   0.973     4.290    s_axi_awready
                                                                      r  s_axi_awready (OUT)
  -------------------------------------------------------------------    -------------------

Slack:                    inf
  Source:                 u_axi_control_loader/write_data_pending_q_reg/C
                            (rising edge-triggered cell FDCE clocked by clk  {rise@0.000ns fall@7.143ns period=14.286ns})
  Destination:            s_axi_wready
                            (output port)
  Path Group:             (none)
  Path Type:              Max at Slow Process Corner
  Data Path Delay:        2.321ns  (logic 0.671ns (28.909%)  route 1.650ns (71.091%))
  Logic Levels:           1  (LUT2=1)
  Clock Uncertainty:      0.025ns  ((TSJ^2 + TIJ^2)^1/2 + DJ) / 2 + PE
    Total System Jitter     (TSJ):    0.050ns
    Total Input Jitter      (TIJ):    0.000ns
    Discrete Jitter          (DJ):    0.000ns
    Phase Error              (PE):    0.000ns

    Location             Delay type                Incr(ns)  Path(ns)    Netlist Resource(s)
  -------------------------------------------------------------------    -------------------
                         (clock clk rise edge)        0.000     0.000 r  
                                                      0.000     0.000 r  clk (IN)
                         net (fo=11226, unset)        1.753     1.753    u_axi_control_loader/clk
    SLICE_X22Y3          FDCE                                         r  u_axi_control_loader/write_data_pending_q_reg/C
  -------------------------------------------------------------------    -------------------
    SLICE_X22Y3          FDCE (Prop_fdce_C_Q)         0.518     2.271 f  u_axi_control_loader/write_data_pending_q_reg/Q
                         net (fo=4, routed)           0.677     2.948    u_axi_control_loader/write_data_pending_q_reg_n_0
    SLICE_X22Y3          LUT2 (Prop_lut2_I1_O)        0.153     3.101 r  u_axi_control_loader/s_axi_wready_INST_0/O
                         net (fo=0)                   0.973     4.074    s_axi_wready
                                                                      r  s_axi_wready (OUT)
  -------------------------------------------------------------------    -------------------

Slack:                    inf
  Source:                 u_axi_control_loader/result_read_pending_q_reg/C
                            (rising edge-triggered cell FDCE clocked by clk  {rise@0.000ns fall@7.143ns period=14.286ns})
  Destination:            s_axi_arready
                            (output port)
  Path Group:             (none)
  Path Type:              Max at Slow Process Corner
  Data Path Delay:        2.278ns  (logic 0.608ns (26.690%)  route 1.670ns (73.310%))
  Logic Levels:           1  (LUT2=1)
  Clock Uncertainty:      0.025ns  ((TSJ^2 + TIJ^2)^1/2 + DJ) / 2 + PE
    Total System Jitter     (TSJ):    0.050ns
    Total Input Jitter      (TIJ):    0.000ns
    Discrete Jitter          (DJ):    0.000ns
    Phase Error              (PE):    0.000ns

    Location             Delay type                Incr(ns)  Path(ns)    Netlist Resource(s)
  -------------------------------------------------------------------    -------------------
                         (clock clk rise edge)        0.000     0.000 r  
                                                      0.000     0.000 r  clk (IN)
                         net (fo=11226, unset)        1.665     1.665    u_axi_control_loader/clk
    SLICE_X48Y9          FDCE                                         r  u_axi_control_loader/result_read_pending_q_reg/C
  -------------------------------------------------------------------    -------------------
    SLICE_X48Y9          FDCE (Prop_fdce_C_Q)         0.456     2.121 f  u_axi_control_loader/result_read_pending_q_reg/Q
                         net (fo=9, routed)           0.697     2.818    u_axi_control_loader/result_read_pending_q_reg_0
    SLICE_X48Y9          LUT2 (Prop_lut2_I0_O)        0.152     2.970 r  u_axi_control_loader/s_axi_arready_INST_0/O
                         net (fo=0)                   0.973     3.943    s_axi_arready
                                                                      r  s_axi_arready (OUT)
  -------------------------------------------------------------------    -------------------

Slack:                    inf
  Source:                 u_axi_control_loader/read_response_data_q_reg[10]/C
                            (rising edge-triggered cell FDCE clocked by clk  {rise@0.000ns fall@7.143ns period=14.286ns})
  Destination:            s_axi_rdata[10]
                            (output port)
  Path Group:             (none)
  Path Type:              Max at Slow Process Corner
  Data Path Delay:        1.491ns  (logic 0.518ns (34.742%)  route 0.973ns (65.258%))
  Logic Levels:           0  
  Clock Uncertainty:      0.025ns  ((TSJ^2 + TIJ^2)^1/2 + DJ) / 2 + PE
    Total System Jitter     (TSJ):    0.050ns
    Total Input Jitter      (TIJ):    0.000ns
    Discrete Jitter          (DJ):    0.000ns
    Phase Error              (PE):    0.000ns

    Location             Delay type                Incr(ns)  Path(ns)    Netlist Resource(s)
  -------------------------------------------------------------------    -------------------
                         (clock clk rise edge)        0.000     0.000 r  
                                                      0.000     0.000 r  clk (IN)
                         net (fo=11226, unset)        1.756     1.756    u_axi_control_loader/clk
    SLICE_X18Y6          FDCE                                         r  u_axi_control_loader/read_response_data_q_reg[10]/C
  -------------------------------------------------------------------    -------------------
    SLICE_X18Y6          FDCE (Prop_fdce_C_Q)         0.518     2.274 r  u_axi_control_loader/read_response_data_q_reg[10]/Q
                         net (fo=0)                   0.973     3.247    s_axi_rdata[10]
                                                                      r  s_axi_rdata[10] (OUT)
  -------------------------------------------------------------------    -------------------

Slack:                    inf
  Source:                 u_axi_control_loader/read_response_data_q_reg[11]/C
                            (rising edge-triggered cell FDCE clocked by clk  {rise@0.000ns fall@7.143ns period=14.286ns})
  Destination:            s_axi_rdata[11]
                            (output port)
  Path Group:             (none)
  Path Type:              Max at Slow Process Corner
  Data Path Delay:        1.491ns  (logic 0.518ns (34.742%)  route 0.973ns (65.258%))
  Logic Levels:           0  
  Clock Uncertainty:      0.025ns  ((TSJ^2 + TIJ^2)^1/2 + DJ) / 2 + PE
    Total System Jitter     (TSJ):    0.050ns
    Total Input Jitter      (TIJ):    0.000ns
    Discrete Jitter          (DJ):    0.000ns
    Phase Error              (PE):    0.000ns

    Location             Delay type                Incr(ns)  Path(ns)    Netlist Resource(s)
  -------------------------------------------------------------------    -------------------
                         (clock clk rise edge)        0.000     0.000 r  
                                                      0.000     0.000 r  clk (IN)
                         net (fo=11226, unset)        1.756     1.756    u_axi_control_loader/clk
    SLICE_X18Y6          FDCE                                         r  u_axi_control_loader/read_response_data_q_reg[11]/C
  -------------------------------------------------------------------    -------------------
    SLICE_X18Y6          FDCE (Prop_fdce_C_Q)         0.518     2.274 r  u_axi_control_loader/read_response_data_q_reg[11]/Q
                         net (fo=0)                   0.973     3.247    s_axi_rdata[11]
                                                                      r  s_axi_rdata[11] (OUT)
  -------------------------------------------------------------------    -------------------

Slack:                    inf
  Source:                 u_axi_control_loader/read_response_data_q_reg[12]/C
                            (rising edge-triggered cell FDCE clocked by clk  {rise@0.000ns fall@7.143ns period=14.286ns})
  Destination:            s_axi_rdata[12]
                            (output port)
  Path Group:             (none)
  Path Type:              Max at Slow Process Corner
  Data Path Delay:        1.491ns  (logic 0.518ns (34.742%)  route 0.973ns (65.258%))
  Logic Levels:           0  
  Clock Uncertainty:      0.025ns  ((TSJ^2 + TIJ^2)^1/2 + DJ) / 2 + PE
    Total System Jitter     (TSJ):    0.050ns
    Total Input Jitter      (TIJ):    0.000ns
    Discrete Jitter          (DJ):    0.000ns
    Phase Error              (PE):    0.000ns

    Location             Delay type                Incr(ns)  Path(ns)    Netlist Resource(s)
  -------------------------------------------------------------------    -------------------
                         (clock clk rise edge)        0.000     0.000 r  
                                                      0.000     0.000 r  clk (IN)
                         net (fo=11226, unset)        1.756     1.756    u_axi_control_loader/clk
    SLICE_X18Y6          FDCE                                         r  u_axi_control_loader/read_response_data_q_reg[12]/C
  -------------------------------------------------------------------    -------------------
    SLICE_X18Y6          FDCE (Prop_fdce_C_Q)         0.518     2.274 r  u_axi_control_loader/read_response_data_q_reg[12]/Q
                         net (fo=0)                   0.973     3.247    s_axi_rdata[12]
                                                                      r  s_axi_rdata[12] (OUT)
  -------------------------------------------------------------------    -------------------

Slack:                    inf
  Source:                 u_axi_control_loader/write_response_valid_q_reg/C
                            (rising edge-triggered cell FDCE clocked by clk  {rise@0.000ns fall@7.143ns period=14.286ns})
  Destination:            s_axi_bvalid
                            (output port)
  Path Group:             (none)
  Path Type:              Max at Slow Process Corner
  Data Path Delay:        1.491ns  (logic 0.518ns (34.742%)  route 0.973ns (65.258%))
  Logic Levels:           0  
  Clock Uncertainty:      0.025ns  ((TSJ^2 + TIJ^2)^1/2 + DJ) / 2 + PE
    Total System Jitter     (TSJ):    0.050ns
    Total Input Jitter      (TIJ):    0.000ns
    Discrete Jitter          (DJ):    0.000ns
    Phase Error              (PE):    0.000ns

    Location             Delay type                Incr(ns)  Path(ns)    Netlist Resource(s)
  -------------------------------------------------------------------    -------------------
                         (clock clk rise edge)        0.000     0.000 r  
                                                      0.000     0.000 r  clk (IN)
                         net (fo=11226, unset)        1.753     1.753    u_axi_control_loader/clk
    SLICE_X22Y3          FDCE                                         r  u_axi_control_loader/write_response_valid_q_reg/C
  -------------------------------------------------------------------    -------------------
    SLICE_X22Y3          FDCE (Prop_fdce_C_Q)         0.518     2.271 r  u_axi_control_loader/write_response_valid_q_reg/Q
                         net (fo=8, unset)            0.973     3.244    s_axi_bvalid
                                                                      r  s_axi_bvalid (OUT)
  -------------------------------------------------------------------    -------------------

Slack:                    inf
  Source:                 u_axi_control_loader/read_response_data_q_reg[14]/C
                            (rising edge-triggered cell FDCE clocked by clk  {rise@0.000ns fall@7.143ns period=14.286ns})
  Destination:            s_axi_rdata[14]
                            (output port)
  Path Group:             (none)
  Path Type:              Max at Slow Process Corner
  Data Path Delay:        1.491ns  (logic 0.518ns (34.742%)  route 0.973ns (65.258%))
  Logic Levels:           0  
  Clock Uncertainty:      0.025ns  ((TSJ^2 + TIJ^2)^1/2 + DJ) / 2 + PE
    Total System Jitter     (TSJ):    0.050ns
    Total Input Jitter      (TIJ):    0.000ns
    Discrete Jitter          (DJ):    0.000ns
    Phase Error              (PE):    0.000ns

    Location             Delay type                Incr(ns)  Path(ns)    Netlist Resource(s)
  -------------------------------------------------------------------    -------------------
                         (clock clk rise edge)        0.000     0.000 r  
                                                      0.000     0.000 r  clk (IN)
                         net (fo=11226, unset)        1.753     1.753    u_axi_control_loader/clk
    SLICE_X22Y6          FDCE                                         r  u_axi_control_loader/read_response_data_q_reg[14]/C
  -------------------------------------------------------------------    -------------------
    SLICE_X22Y6          FDCE (Prop_fdce_C_Q)         0.518     2.271 r  u_axi_control_loader/read_response_data_q_reg[14]/Q
                         net (fo=0)                   0.973     3.244    s_axi_rdata[14]
                                                                      r  s_axi_rdata[14] (OUT)
  -------------------------------------------------------------------    -------------------

Slack:                    inf
  Source:                 u_axi_control_loader/read_response_data_q_reg[15]/C
                            (rising edge-triggered cell FDCE clocked by clk  {rise@0.000ns fall@7.143ns period=14.286ns})
  Destination:            s_axi_rdata[15]
                            (output port)
  Path Group:             (none)
  Path Type:              Max at Slow Process Corner
  Data Path Delay:        1.491ns  (logic 0.518ns (34.742%)  route 0.973ns (65.258%))
  Logic Levels:           0  
  Clock Uncertainty:      0.025ns  ((TSJ^2 + TIJ^2)^1/2 + DJ) / 2 + PE
    Total System Jitter     (TSJ):    0.050ns
    Total Input Jitter      (TIJ):    0.000ns
    Discrete Jitter          (DJ):    0.000ns
    Phase Error              (PE):    0.000ns

    Location             Delay type                Incr(ns)  Path(ns)    Netlist Resource(s)
  -------------------------------------------------------------------    -------------------
                         (clock clk rise edge)        0.000     0.000 r  
                                                      0.000     0.000 r  clk (IN)
                         net (fo=11226, unset)        1.753     1.753    u_axi_control_loader/clk
    SLICE_X22Y6          FDCE                                         r  u_axi_control_loader/read_response_data_q_reg[15]/C
  -------------------------------------------------------------------    -------------------
    SLICE_X22Y6          FDCE (Prop_fdce_C_Q)         0.518     2.271 r  u_axi_control_loader/read_response_data_q_reg[15]/Q
                         net (fo=0)                   0.973     3.244    s_axi_rdata[15]
                                                                      r  s_axi_rdata[15] (OUT)
  -------------------------------------------------------------------    -------------------

Slack:                    inf
  Source:                 u_axi_control_loader/read_response_data_q_reg[40]/C
                            (rising edge-triggered cell FDCE clocked by clk  {rise@0.000ns fall@7.143ns period=14.286ns})
  Destination:            s_axi_rdata[40]
                            (output port)
  Path Group:             (none)
  Path Type:              Max at Slow Process Corner
  Data Path Delay:        1.491ns  (logic 0.518ns (34.742%)  route 0.973ns (65.258%))
  Logic Levels:           0  
  Clock Uncertainty:      0.025ns  ((TSJ^2 + TIJ^2)^1/2 + DJ) / 2 + PE
    Total System Jitter     (TSJ):    0.050ns
    Total Input Jitter      (TIJ):    0.000ns
    Discrete Jitter          (DJ):    0.000ns
    Phase Error              (PE):    0.000ns

    Location             Delay type                Incr(ns)  Path(ns)    Netlist Resource(s)
  -------------------------------------------------------------------    -------------------
                         (clock clk rise edge)        0.000     0.000 r  
                                                      0.000     0.000 r  clk (IN)
                         net (fo=11226, unset)        1.753     1.753    u_axi_control_loader/clk
    SLICE_X22Y6          FDCE                                         r  u_axi_control_loader/read_response_data_q_reg[40]/C
  -------------------------------------------------------------------    -------------------
    SLICE_X22Y6          FDCE (Prop_fdce_C_Q)         0.518     2.271 r  u_axi_control_loader/read_response_data_q_reg[40]/Q
                         net (fo=0)                   0.973     3.244    s_axi_rdata[40]
                                                                      r  s_axi_rdata[40] (OUT)
  -------------------------------------------------------------------    -------------------

Slack:                    inf
  Source:                 u_axi_control_loader/read_response_data_q_reg[18]/C
                            (rising edge-triggered cell FDCE clocked by clk  {rise@0.000ns fall@7.143ns period=14.286ns})
  Destination:            s_axi_rdata[18]
                            (output port)
  Path Group:             (none)
  Path Type:              Max at Slow Process Corner
  Data Path Delay:        1.491ns  (logic 0.518ns (34.742%)  route 0.973ns (65.258%))
  Logic Levels:           0  
  Clock Uncertainty:      0.025ns  ((TSJ^2 + TIJ^2)^1/2 + DJ) / 2 + PE
    Total System Jitter     (TSJ):    0.050ns
    Total Input Jitter      (TIJ):    0.000ns
    Discrete Jitter          (DJ):    0.000ns
    Phase Error              (PE):    0.000ns

    Location             Delay type                Incr(ns)  Path(ns)    Netlist Resource(s)
  -------------------------------------------------------------------    -------------------
                         (clock clk rise edge)        0.000     0.000 r  
                                                      0.000     0.000 r  clk (IN)
                         net (fo=11226, unset)        1.748     1.748    u_axi_control_loader/clk
    SLICE_X30Y2          FDCE                                         r  u_axi_control_loader/read_response_data_q_reg[18]/C
  -------------------------------------------------------------------    -------------------
    SLICE_X30Y2          FDCE (Prop_fdce_C_Q)         0.518     2.266 r  u_axi_control_loader/read_response_data_q_reg[18]/Q
                         net (fo=0)                   0.973     3.239    s_axi_rdata[18]
                                                                      r  s_axi_rdata[18] (OUT)
  -------------------------------------------------------------------    -------------------

Slack:                    inf
  Source:                 u_axi_control_loader/read_response_data_q_reg[20]/C
                            (rising edge-triggered cell FDCE clocked by clk  {rise@0.000ns fall@7.143ns period=14.286ns})
  Destination:            s_axi_rdata[20]
                            (output port)
  Path Group:             (none)
  Path Type:              Max at Slow Process Corner
  Data Path Delay:        1.491ns  (logic 0.518ns (34.742%)  route 0.973ns (65.258%))
  Logic Levels:           0  
  Clock Uncertainty:      0.025ns  ((TSJ^2 + TIJ^2)^1/2 + DJ) / 2 + PE
    Total System Jitter     (TSJ):    0.050ns
    Total Input Jitter      (TIJ):    0.000ns
    Discrete Jitter          (DJ):    0.000ns
    Phase Error              (PE):    0.000ns

    Location             Delay type                Incr(ns)  Path(ns)    Netlist Resource(s)
  -------------------------------------------------------------------    -------------------
                         (clock clk rise edge)        0.000     0.000 r  
                                                      0.000     0.000 r  clk (IN)
                         net (fo=11226, unset)        1.748     1.748    u_axi_control_loader/clk
    SLICE_X30Y2          FDCE                                         r  u_axi_control_loader/read_response_data_q_reg[20]/C
  -------------------------------------------------------------------    -------------------
    SLICE_X30Y2          FDCE (Prop_fdce_C_Q)         0.518     2.266 r  u_axi_control_loader/read_response_data_q_reg[20]/Q
                         net (fo=0)                   0.973     3.239    s_axi_rdata[20]
                                                                      r  s_axi_rdata[20] (OUT)
  -------------------------------------------------------------------    -------------------

Slack:                    inf
  Source:                 u_axi_control_loader/read_response_data_q_reg[41]/C
                            (rising edge-triggered cell FDCE clocked by clk  {rise@0.000ns fall@7.143ns period=14.286ns})
  Destination:            s_axi_rdata[41]
                            (output port)
  Path Group:             (none)
  Path Type:              Max at Slow Process Corner
  Data Path Delay:        1.451ns  (logic 0.478ns (32.943%)  route 0.973ns (67.057%))
  Logic Levels:           0  
  Clock Uncertainty:      0.025ns  ((TSJ^2 + TIJ^2)^1/2 + DJ) / 2 + PE
    Total System Jitter     (TSJ):    0.050ns
    Total Input Jitter      (TIJ):    0.000ns
    Discrete Jitter          (DJ):    0.000ns
    Phase Error              (PE):    0.000ns

    Location             Delay type                Incr(ns)  Path(ns)    Netlist Resource(s)
  -------------------------------------------------------------------    -------------------
                         (clock clk rise edge)        0.000     0.000 r  
                                                      0.000     0.000 r  clk (IN)
                         net (fo=11226, unset)        1.753     1.753    u_axi_control_loader/clk
    SLICE_X22Y6          FDCE                                         r  u_axi_control_loader/read_response_data_q_reg[41]/C
  -------------------------------------------------------------------    -------------------
    SLICE_X22Y6          FDCE (Prop_fdce_C_Q)         0.478     2.231 r  u_axi_control_loader/read_response_data_q_reg[41]/Q
                         net (fo=0)                   0.973     3.204    s_axi_rdata[41]
                                                                      r  s_axi_rdata[41] (OUT)
  -------------------------------------------------------------------    -------------------

Slack:                    inf
  Source:                 u_axi_control_loader/read_response_data_q_reg[19]/C
                            (rising edge-triggered cell FDCE clocked by clk  {rise@0.000ns fall@7.143ns period=14.286ns})
  Destination:            s_axi_rdata[19]
                            (output port)
  Path Group:             (none)
  Path Type:              Max at Slow Process Corner
  Data Path Delay:        1.451ns  (logic 0.478ns (32.943%)  route 0.973ns (67.057%))
  Logic Levels:           0  
  Clock Uncertainty:      0.025ns  ((TSJ^2 + TIJ^2)^1/2 + DJ) / 2 + PE
    Total System Jitter     (TSJ):    0.050ns
    Total Input Jitter      (TIJ):    0.000ns
    Discrete Jitter          (DJ):    0.000ns
    Phase Error              (PE):    0.000ns

    Location             Delay type                Incr(ns)  Path(ns)    Netlist Resource(s)
  -------------------------------------------------------------------    -------------------
                         (clock clk rise edge)        0.000     0.000 r  
                                                      0.000     0.000 r  clk (IN)
                         net (fo=11226, unset)        1.748     1.748    u_axi_control_loader/clk
    SLICE_X30Y2          FDCE                                         r  u_axi_control_loader/read_response_data_q_reg[19]/C
  -------------------------------------------------------------------    -------------------
    SLICE_X30Y2          FDCE (Prop_fdce_C_Q)         0.478     2.226 r  u_axi_control_loader/read_response_data_q_reg[19]/Q
                         net (fo=0)                   0.973     3.199    s_axi_rdata[19]
                                                                      r  s_axi_rdata[19] (OUT)
  -------------------------------------------------------------------    -------------------

Slack:                    inf
  Source:                 u_axi_control_loader/read_response_data_q_reg[21]/C
                            (rising edge-triggered cell FDCE clocked by clk  {rise@0.000ns fall@7.143ns period=14.286ns})
  Destination:            s_axi_rdata[21]
                            (output port)
  Path Group:             (none)
  Path Type:              Max at Slow Process Corner
  Data Path Delay:        1.451ns  (logic 0.478ns (32.943%)  route 0.973ns (67.057%))
  Logic Levels:           0  
  Clock Uncertainty:      0.025ns  ((TSJ^2 + TIJ^2)^1/2 + DJ) / 2 + PE
    Total System Jitter     (TSJ):    0.050ns
    Total Input Jitter      (TIJ):    0.000ns
    Discrete Jitter          (DJ):    0.000ns
    Phase Error              (PE):    0.000ns

    Location             Delay type                Incr(ns)  Path(ns)    Netlist Resource(s)
  -------------------------------------------------------------------    -------------------
                         (clock clk rise edge)        0.000     0.000 r  
                                                      0.000     0.000 r  clk (IN)
                         net (fo=11226, unset)        1.748     1.748    u_axi_control_loader/clk
    SLICE_X30Y2          FDCE                                         r  u_axi_control_loader/read_response_data_q_reg[21]/C
  -------------------------------------------------------------------    -------------------
    SLICE_X30Y2          FDCE (Prop_fdce_C_Q)         0.478     2.226 r  u_axi_control_loader/read_response_data_q_reg[21]/Q
                         net (fo=0)                   0.973     3.199    s_axi_rdata[21]
                                                                      r  s_axi_rdata[21] (OUT)
  -------------------------------------------------------------------    -------------------

Slack:                    inf
  Source:                 u_axi_control_loader/read_response_data_q_reg[0]/C
                            (rising edge-triggered cell FDCE clocked by clk  {rise@0.000ns fall@7.143ns period=14.286ns})
  Destination:            s_axi_rdata[0]
                            (output port)
  Path Group:             (none)
  Path Type:              Max at Slow Process Corner
  Data Path Delay:        1.429ns  (logic 0.456ns (31.910%)  route 0.973ns (68.090%))
  Logic Levels:           0  
  Clock Uncertainty:      0.025ns  ((TSJ^2 + TIJ^2)^1/2 + DJ) / 2 + PE
    Total System Jitter     (TSJ):    0.050ns
    Total Input Jitter      (TIJ):    0.000ns
    Discrete Jitter          (DJ):    0.000ns
    Phase Error              (PE):    0.000ns

    Location             Delay type                Incr(ns)  Path(ns)    Netlist Resource(s)
  -------------------------------------------------------------------    -------------------
                         (clock clk rise edge)        0.000     0.000 r  
                                                      0.000     0.000 r  clk (IN)
                         net (fo=11226, unset)        1.757     1.757    u_axi_control_loader/clk
    SLICE_X15Y5          FDCE                                         r  u_axi_control_loader/read_response_data_q_reg[0]/C
  -------------------------------------------------------------------    -------------------
    SLICE_X15Y5          FDCE (Prop_fdce_C_Q)         0.456     2.213 r  u_axi_control_loader/read_response_data_q_reg[0]/Q
                         net (fo=0)                   0.973     3.186    s_axi_rdata[0]
                                                                      r  s_axi_rdata[0] (OUT)
  -------------------------------------------------------------------    -------------------

Slack:                    inf
  Source:                 u_axi_control_loader/read_response_data_q_reg[1]/C
                            (rising edge-triggered cell FDCE clocked by clk  {rise@0.000ns fall@7.143ns period=14.286ns})
  Destination:            s_axi_rdata[1]
                            (output port)
  Path Group:             (none)
  Path Type:              Max at Slow Process Corner
  Data Path Delay:        1.429ns  (logic 0.456ns (31.910%)  route 0.973ns (68.090%))
  Logic Levels:           0  
  Clock Uncertainty:      0.025ns  ((TSJ^2 + TIJ^2)^1/2 + DJ) / 2 + PE
    Total System Jitter     (TSJ):    0.050ns
    Total Input Jitter      (TIJ):    0.000ns
    Discrete Jitter          (DJ):    0.000ns
    Phase Error              (PE):    0.000ns

    Location             Delay type                Incr(ns)  Path(ns)    Netlist Resource(s)
  -------------------------------------------------------------------    -------------------
                         (clock clk rise edge)        0.000     0.000 r  
                                                      0.000     0.000 r  clk (IN)
                         net (fo=11226, unset)        1.757     1.757    u_axi_control_loader/clk
    SLICE_X15Y5          FDCE                                         r  u_axi_control_loader/read_response_data_q_reg[1]/C
  -------------------------------------------------------------------    -------------------
    SLICE_X15Y5          FDCE (Prop_fdce_C_Q)         0.456     2.213 r  u_axi_control_loader/read_response_data_q_reg[1]/Q
                         net (fo=0)                   0.973     3.186    s_axi_rdata[1]
                                                                      r  s_axi_rdata[1] (OUT)
  -------------------------------------------------------------------    -------------------

Slack:                    inf
  Source:                 u_axi_control_loader/read_response_data_q_reg[2]/C
                            (rising edge-triggered cell FDCE clocked by clk  {rise@0.000ns fall@7.143ns period=14.286ns})
  Destination:            s_axi_rdata[2]
                            (output port)
  Path Group:             (none)
  Path Type:              Max at Slow Process Corner
  Data Path Delay:        1.429ns  (logic 0.456ns (31.910%)  route 0.973ns (68.090%))
  Logic Levels:           0  
  Clock Uncertainty:      0.025ns  ((TSJ^2 + TIJ^2)^1/2 + DJ) / 2 + PE
    Total System Jitter     (TSJ):    0.050ns
    Total Input Jitter      (TIJ):    0.000ns
    Discrete Jitter          (DJ):    0.000ns
    Phase Error              (PE):    0.000ns

    Location             Delay type                Incr(ns)  Path(ns)    Netlist Resource(s)
  -------------------------------------------------------------------    -------------------
                         (clock clk rise edge)        0.000     0.000 r  
                                                      0.000     0.000 r  clk (IN)
                         net (fo=11226, unset)        1.757     1.757    u_axi_control_loader/clk
    SLICE_X15Y6          FDCE                                         r  u_axi_control_loader/read_response_data_q_reg[2]/C
  -------------------------------------------------------------------    -------------------
    SLICE_X15Y6          FDCE (Prop_fdce_C_Q)         0.456     2.213 r  u_axi_control_loader/read_response_data_q_reg[2]/Q
                         net (fo=0)                   0.973     3.186    s_axi_rdata[2]
                                                                      r  s_axi_rdata[2] (OUT)
  -------------------------------------------------------------------    -------------------

Slack:                    inf
  Source:                 u_axi_control_loader/read_response_data_q_reg[34]/C
                            (rising edge-triggered cell FDCE clocked by clk  {rise@0.000ns fall@7.143ns period=14.286ns})
  Destination:            s_axi_rdata[34]
                            (output port)
  Path Group:             (none)
  Path Type:              Max at Slow Process Corner
  Data Path Delay:        1.429ns  (logic 0.456ns (31.910%)  route 0.973ns (68.090%))
  Logic Levels:           0  
  Clock Uncertainty:      0.025ns  ((TSJ^2 + TIJ^2)^1/2 + DJ) / 2 + PE
    Total System Jitter     (TSJ):    0.050ns
    Total Input Jitter      (TIJ):    0.000ns
    Discrete Jitter          (DJ):    0.000ns
    Phase Error              (PE):    0.000ns

    Location             Delay type                Incr(ns)  Path(ns)    Netlist Resource(s)
  -------------------------------------------------------------------    -------------------
                         (clock clk rise edge)        0.000     0.000 r  
                                                      0.000     0.000 r  clk (IN)
                         net (fo=11226, unset)        1.757     1.757    u_axi_control_loader/clk
    SLICE_X13Y3          FDCE                                         r  u_axi_control_loader/read_response_data_q_reg[34]/C
  -------------------------------------------------------------------    -------------------
    SLICE_X13Y3          FDCE (Prop_fdce_C_Q)         0.456     2.213 r  u_axi_control_loader/read_response_data_q_reg[34]/Q
                         net (fo=0)                   0.973     3.186    s_axi_rdata[34]
                                                                      r  s_axi_rdata[34] (OUT)
  -------------------------------------------------------------------    -------------------

Slack:                    inf
  Source:                 u_axi_control_loader/read_response_data_q_reg[36]/C
                            (rising edge-triggered cell FDCE clocked by clk  {rise@0.000ns fall@7.143ns period=14.286ns})
  Destination:            s_axi_rdata[36]
                            (output port)
  Path Group:             (none)
  Path Type:              Max at Slow Process Corner
  Data Path Delay:        1.429ns  (logic 0.456ns (31.910%)  route 0.973ns (68.090%))
  Logic Levels:           0  
  Clock Uncertainty:      0.025ns  ((TSJ^2 + TIJ^2)^1/2 + DJ) / 2 + PE
    Total System Jitter     (TSJ):    0.050ns
    Total Input Jitter      (TIJ):    0.000ns
    Discrete Jitter          (DJ):    0.000ns
    Phase Error              (PE):    0.000ns

    Location             Delay type                Incr(ns)  Path(ns)    Netlist Resource(s)
  -------------------------------------------------------------------    -------------------
                         (clock clk rise edge)        0.000     0.000 r  
                                                      0.000     0.000 r  clk (IN)
                         net (fo=11226, unset)        1.757     1.757    u_axi_control_loader/clk
    SLICE_X13Y3          FDCE                                         r  u_axi_control_loader/read_response_data_q_reg[36]/C
  -------------------------------------------------------------------    -------------------
    SLICE_X13Y3          FDCE (Prop_fdce_C_Q)         0.456     2.213 r  u_axi_control_loader/read_response_data_q_reg[36]/Q
                         net (fo=0)                   0.973     3.186    s_axi_rdata[36]
                                                                      r  s_axi_rdata[36] (OUT)
  -------------------------------------------------------------------    -------------------





Min Delay Paths
--------------------------------------------------------------------------------------
Slack:                    inf
  Source:                 u_axi_control_loader/read_response_data_q_reg[27]/C
                            (rising edge-triggered cell FDCE clocked by clk  {rise@0.000ns fall@7.143ns period=14.286ns})
  Destination:            s_axi_rdata[27]
                            (output port)
  Path Group:             (none)
  Path Type:              Min at Fast Process Corner
  Data Path Delay:        0.538ns  (logic 0.128ns (23.786%)  route 0.410ns (76.214%))
  Logic Levels:           0  
  Clock Uncertainty:      0.025ns  ((TSJ^2 + TIJ^2)^1/2 + DJ) / 2 + PE
    Total System Jitter     (TSJ):    0.050ns
    Total Input Jitter      (TIJ):    0.000ns
    Discrete Jitter          (DJ):    0.000ns
    Phase Error              (PE):    0.000ns

    Location             Delay type                Incr(ns)  Path(ns)    Netlist Resource(s)
  -------------------------------------------------------------------    -------------------
                         (clock clk rise edge)        0.000     0.000 r  
                                                      0.000     0.000 r  clk (IN)
                         net (fo=11226, unset)        0.561     0.561    u_axi_control_loader/clk
    SLICE_X39Y5          FDCE                                         r  u_axi_control_loader/read_response_data_q_reg[27]/C
  -------------------------------------------------------------------    -------------------
    SLICE_X39Y5          FDCE (Prop_fdce_C_Q)         0.128     0.689 r  u_axi_control_loader/read_response_data_q_reg[27]/Q
                         net (fo=0)                   0.410     1.099    s_axi_rdata[27]
                                                                      r  s_axi_rdata[27] (OUT)
  -------------------------------------------------------------------    -------------------

Slack:                    inf
  Source:                 u_axi_control_loader/read_response_data_q_reg[29]/C
                            (rising edge-triggered cell FDCE clocked by clk  {rise@0.000ns fall@7.143ns period=14.286ns})
  Destination:            s_axi_rdata[29]
                            (output port)
  Path Group:             (none)
  Path Type:              Min at Fast Process Corner
  Data Path Delay:        0.538ns  (logic 0.128ns (23.786%)  route 0.410ns (76.214%))
  Logic Levels:           0  
  Clock Uncertainty:      0.025ns  ((TSJ^2 + TIJ^2)^1/2 + DJ) / 2 + PE
    Total System Jitter     (TSJ):    0.050ns
    Total Input Jitter      (TIJ):    0.000ns
    Discrete Jitter          (DJ):    0.000ns
    Phase Error              (PE):    0.000ns

    Location             Delay type                Incr(ns)  Path(ns)    Netlist Resource(s)
  -------------------------------------------------------------------    -------------------
                         (clock clk rise edge)        0.000     0.000 r  
                                                      0.000     0.000 r  clk (IN)
                         net (fo=11226, unset)        0.561     0.561    u_axi_control_loader/clk
    SLICE_X41Y5          FDCE                                         r  u_axi_control_loader/read_response_data_q_reg[29]/C
  -------------------------------------------------------------------    -------------------
    SLICE_X41Y5          FDCE (Prop_fdce_C_Q)         0.128     0.689 r  u_axi_control_loader/read_response_data_q_reg[29]/Q
                         net (fo=0)                   0.410     1.099    s_axi_rdata[29]
                                                                      r  s_axi_rdata[29] (OUT)
  -------------------------------------------------------------------    -------------------

Slack:                    inf
  Source:                 u_axi_control_loader/read_response_data_q_reg[31]/C
                            (rising edge-triggered cell FDCE clocked by clk  {rise@0.000ns fall@7.143ns period=14.286ns})
  Destination:            s_axi_rdata[31]
                            (output port)
  Path Group:             (none)
  Path Type:              Min at Fast Process Corner
  Data Path Delay:        0.538ns  (logic 0.128ns (23.786%)  route 0.410ns (76.214%))
  Logic Levels:           0  
  Clock Uncertainty:      0.025ns  ((TSJ^2 + TIJ^2)^1/2 + DJ) / 2 + PE
    Total System Jitter     (TSJ):    0.050ns
    Total Input Jitter      (TIJ):    0.000ns
    Discrete Jitter          (DJ):    0.000ns
    Phase Error              (PE):    0.000ns

    Location             Delay type                Incr(ns)  Path(ns)    Netlist Resource(s)
  -------------------------------------------------------------------    -------------------
                         (clock clk rise edge)        0.000     0.000 r  
                                                      0.000     0.000 r  clk (IN)
                         net (fo=11226, unset)        0.561     0.561    u_axi_control_loader/clk
    SLICE_X41Y5          FDCE                                         r  u_axi_control_loader/read_response_data_q_reg[31]/C
  -------------------------------------------------------------------    -------------------
    SLICE_X41Y5          FDCE (Prop_fdce_C_Q)         0.128     0.689 r  u_axi_control_loader/read_response_data_q_reg[31]/Q
                         net (fo=0)                   0.410     1.099    s_axi_rdata[31]
                                                                      r  s_axi_rdata[31] (OUT)
  -------------------------------------------------------------------    -------------------

Slack:                    inf
  Source:                 u_axi_control_loader/read_response_data_q_reg[59]/C
                            (rising edge-triggered cell FDCE clocked by clk  {rise@0.000ns fall@7.143ns period=14.286ns})
  Destination:            s_axi_rdata[59]
                            (output port)
  Path Group:             (none)
  Path Type:              Min at Fast Process Corner
  Data Path Delay:        0.538ns  (logic 0.128ns (23.786%)  route 0.410ns (76.214%))
  Logic Levels:           0  
  Clock Uncertainty:      0.025ns  ((TSJ^2 + TIJ^2)^1/2 + DJ) / 2 + PE
    Total System Jitter     (TSJ):    0.050ns
    Total Input Jitter      (TIJ):    0.000ns
    Discrete Jitter          (DJ):    0.000ns
    Phase Error              (PE):    0.000ns

    Location             Delay type                Incr(ns)  Path(ns)    Netlist Resource(s)
  -------------------------------------------------------------------    -------------------
                         (clock clk rise edge)        0.000     0.000 r  
                                                      0.000     0.000 r  clk (IN)
                         net (fo=11226, unset)        0.561     0.561    u_axi_control_loader/clk
    SLICE_X39Y5          FDCE                                         r  u_axi_control_loader/read_response_data_q_reg[59]/C
  -------------------------------------------------------------------    -------------------
    SLICE_X39Y5          FDCE (Prop_fdce_C_Q)         0.128     0.689 r  u_axi_control_loader/read_response_data_q_reg[59]/Q
                         net (fo=0)                   0.410     1.099    s_axi_rdata[59]
                                                                      r  s_axi_rdata[59] (OUT)
  -------------------------------------------------------------------    -------------------

Slack:                    inf
  Source:                 u_axi_control_loader/read_response_data_q_reg[61]/C
                            (rising edge-triggered cell FDCE clocked by clk  {rise@0.000ns fall@7.143ns period=14.286ns})
  Destination:            s_axi_rdata[61]
                            (output port)
  Path Group:             (none)
  Path Type:              Min at Fast Process Corner
  Data Path Delay:        0.538ns  (logic 0.128ns (23.786%)  route 0.410ns (76.214%))
  Logic Levels:           0  
  Clock Uncertainty:      0.025ns  ((TSJ^2 + TIJ^2)^1/2 + DJ) / 2 + PE
    Total System Jitter     (TSJ):    0.050ns
    Total Input Jitter      (TIJ):    0.000ns
    Discrete Jitter          (DJ):    0.000ns
    Phase Error              (PE):    0.000ns

    Location             Delay type                Incr(ns)  Path(ns)    Netlist Resource(s)
  -------------------------------------------------------------------    -------------------
                         (clock clk rise edge)        0.000     0.000 r  
                                                      0.000     0.000 r  clk (IN)
                         net (fo=11226, unset)        0.561     0.561    u_axi_control_loader/clk
    SLICE_X39Y6          FDCE                                         r  u_axi_control_loader/read_response_data_q_reg[61]/C
  -------------------------------------------------------------------    -------------------
    SLICE_X39Y6          FDCE (Prop_fdce_C_Q)         0.128     0.689 r  u_axi_control_loader/read_response_data_q_reg[61]/Q
                         net (fo=0)                   0.410     1.099    s_axi_rdata[61]
                                                                      r  s_axi_rdata[61] (OUT)
  -------------------------------------------------------------------    -------------------

Slack:                    inf
  Source:                 u_axi_control_loader/read_response_data_q_reg[63]/C
                            (rising edge-triggered cell FDCE clocked by clk  {rise@0.000ns fall@7.143ns period=14.286ns})
  Destination:            s_axi_rdata[63]
                            (output port)
  Path Group:             (none)
  Path Type:              Min at Fast Process Corner
  Data Path Delay:        0.538ns  (logic 0.128ns (23.786%)  route 0.410ns (76.214%))
  Logic Levels:           0  
  Clock Uncertainty:      0.025ns  ((TSJ^2 + TIJ^2)^1/2 + DJ) / 2 + PE
    Total System Jitter     (TSJ):    0.050ns
    Total Input Jitter      (TIJ):    0.000ns
    Discrete Jitter          (DJ):    0.000ns
    Phase Error              (PE):    0.000ns

    Location             Delay type                Incr(ns)  Path(ns)    Netlist Resource(s)
  -------------------------------------------------------------------    -------------------
                         (clock clk rise edge)        0.000     0.000 r  
                                                      0.000     0.000 r  clk (IN)
                         net (fo=11226, unset)        0.561     0.561    u_axi_control_loader/clk
    SLICE_X39Y6          FDCE                                         r  u_axi_control_loader/read_response_data_q_reg[63]/C
  -------------------------------------------------------------------    -------------------
    SLICE_X39Y6          FDCE (Prop_fdce_C_Q)         0.128     0.689 r  u_axi_control_loader/read_response_data_q_reg[63]/Q
                         net (fo=0)                   0.410     1.099    s_axi_rdata[63]
                                                                      r  s_axi_rdata[63] (OUT)
  -------------------------------------------------------------------    -------------------

Slack:                    inf
  Source:                 u_axi_control_loader/read_response_data_q_reg[57]/C
                            (rising edge-triggered cell FDCE clocked by clk  {rise@0.000ns fall@7.143ns period=14.286ns})
  Destination:            s_axi_rdata[57]
                            (output port)
  Path Group:             (none)
  Path Type:              Min at Fast Process Corner
  Data Path Delay:        0.538ns  (logic 0.128ns (23.786%)  route 0.410ns (76.214%))
  Logic Levels:           0  
  Clock Uncertainty:      0.025ns  ((TSJ^2 + TIJ^2)^1/2 + DJ) / 2 + PE
    Total System Jitter     (TSJ):    0.050ns
    Total Input Jitter      (TIJ):    0.000ns
    Discrete Jitter          (DJ):    0.000ns
    Phase Error              (PE):    0.000ns

    Location             Delay type                Incr(ns)  Path(ns)    Netlist Resource(s)
  -------------------------------------------------------------------    -------------------
                         (clock clk rise edge)        0.000     0.000 r  
                                                      0.000     0.000 r  clk (IN)
                         net (fo=11226, unset)        0.563     0.563    u_axi_control_loader/clk
    SLICE_X33Y6          FDCE                                         r  u_axi_control_loader/read_response_data_q_reg[57]/C
  -------------------------------------------------------------------    -------------------
    SLICE_X33Y6          FDCE (Prop_fdce_C_Q)         0.128     0.691 r  u_axi_control_loader/read_response_data_q_reg[57]/Q
                         net (fo=0)                   0.410     1.101    s_axi_rdata[57]
                                                                      r  s_axi_rdata[57] (OUT)
  -------------------------------------------------------------------    -------------------

Slack:                    inf
  Source:                 u_axi_control_loader/read_response_valid_q_reg/C
                            (rising edge-triggered cell FDCE clocked by clk  {rise@0.000ns fall@7.143ns period=14.286ns})
  Destination:            s_axi_rvalid
                            (output port)
  Path Group:             (none)
  Path Type:              Min at Fast Process Corner
  Data Path Delay:        0.551ns  (logic 0.141ns (25.583%)  route 0.410ns (74.417%))
  Logic Levels:           0  
  Clock Uncertainty:      0.025ns  ((TSJ^2 + TIJ^2)^1/2 + DJ) / 2 + PE
    Total System Jitter     (TSJ):    0.050ns
    Total Input Jitter      (TIJ):    0.000ns
    Discrete Jitter          (DJ):    0.000ns
    Phase Error              (PE):    0.000ns

    Location             Delay type                Incr(ns)  Path(ns)    Netlist Resource(s)
  -------------------------------------------------------------------    -------------------
                         (clock clk rise edge)        0.000     0.000 r  
                                                      0.000     0.000 r  clk (IN)
                         net (fo=11226, unset)        0.559     0.559    u_axi_control_loader/clk
    SLICE_X48Y9          FDCE                                         r  u_axi_control_loader/read_response_valid_q_reg/C
  -------------------------------------------------------------------    -------------------
    SLICE_X48Y9          FDCE (Prop_fdce_C_Q)         0.141     0.700 r  u_axi_control_loader/read_response_valid_q_reg/Q
                         net (fo=8, unset)            0.410     1.110    s_axi_rvalid
                                                                      r  s_axi_rvalid (OUT)
  -------------------------------------------------------------------    -------------------

Slack:                    inf
  Source:                 u_axi_control_loader/read_response_data_q_reg[26]/C
                            (rising edge-triggered cell FDCE clocked by clk  {rise@0.000ns fall@7.143ns period=14.286ns})
  Destination:            s_axi_rdata[26]
                            (output port)
  Path Group:             (none)
  Path Type:              Min at Fast Process Corner
  Data Path Delay:        0.551ns  (logic 0.141ns (25.583%)  route 0.410ns (74.417%))
  Logic Levels:           0  
  Clock Uncertainty:      0.025ns  ((TSJ^2 + TIJ^2)^1/2 + DJ) / 2 + PE
    Total System Jitter     (TSJ):    0.050ns
    Total Input Jitter      (TIJ):    0.000ns
    Discrete Jitter          (DJ):    0.000ns
    Phase Error              (PE):    0.000ns

    Location             Delay type                Incr(ns)  Path(ns)    Netlist Resource(s)
  -------------------------------------------------------------------    -------------------
                         (clock clk rise edge)        0.000     0.000 r  
                                                      0.000     0.000 r  clk (IN)
                         net (fo=11226, unset)        0.561     0.561    u_axi_control_loader/clk
    SLICE_X39Y5          FDCE                                         r  u_axi_control_loader/read_response_data_q_reg[26]/C
  -------------------------------------------------------------------    -------------------
    SLICE_X39Y5          FDCE (Prop_fdce_C_Q)         0.141     0.702 r  u_axi_control_loader/read_response_data_q_reg[26]/Q
                         net (fo=0)                   0.410     1.112    s_axi_rdata[26]
                                                                      r  s_axi_rdata[26] (OUT)
  -------------------------------------------------------------------    -------------------

Slack:                    inf
  Source:                 u_axi_control_loader/read_response_data_q_reg[28]/C
                            (rising edge-triggered cell FDCE clocked by clk  {rise@0.000ns fall@7.143ns period=14.286ns})
  Destination:            s_axi_rdata[28]
                            (output port)
  Path Group:             (none)
  Path Type:              Min at Fast Process Corner
  Data Path Delay:        0.551ns  (logic 0.141ns (25.583%)  route 0.410ns (74.417%))
  Logic Levels:           0  
  Clock Uncertainty:      0.025ns  ((TSJ^2 + TIJ^2)^1/2 + DJ) / 2 + PE
    Total System Jitter     (TSJ):    0.050ns
    Total Input Jitter      (TIJ):    0.000ns
    Discrete Jitter          (DJ):    0.000ns
    Phase Error              (PE):    0.000ns

    Location             Delay type                Incr(ns)  Path(ns)    Netlist Resource(s)
  -------------------------------------------------------------------    -------------------
                         (clock clk rise edge)        0.000     0.000 r  
                                                      0.000     0.000 r  clk (IN)
                         net (fo=11226, unset)        0.561     0.561    u_axi_control_loader/clk
    SLICE_X41Y5          FDCE                                         r  u_axi_control_loader/read_response_data_q_reg[28]/C
  -------------------------------------------------------------------    -------------------
    SLICE_X41Y5          FDCE (Prop_fdce_C_Q)         0.141     0.702 r  u_axi_control_loader/read_response_data_q_reg[28]/Q
                         net (fo=0)                   0.410     1.112    s_axi_rdata[28]
                                                                      r  s_axi_rdata[28] (OUT)
  -------------------------------------------------------------------    -------------------

Slack:                    inf
  Source:                 u_axi_control_loader/read_response_data_q_reg[30]/C
                            (rising edge-triggered cell FDCE clocked by clk  {rise@0.000ns fall@7.143ns period=14.286ns})
  Destination:            s_axi_rdata[30]
                            (output port)
  Path Group:             (none)
  Path Type:              Min at Fast Process Corner
  Data Path Delay:        0.551ns  (logic 0.141ns (25.583%)  route 0.410ns (74.417%))
  Logic Levels:           0  
  Clock Uncertainty:      0.025ns  ((TSJ^2 + TIJ^2)^1/2 + DJ) / 2 + PE
    Total System Jitter     (TSJ):    0.050ns
    Total Input Jitter      (TIJ):    0.000ns
    Discrete Jitter          (DJ):    0.000ns
    Phase Error              (PE):    0.000ns

    Location             Delay type                Incr(ns)  Path(ns)    Netlist Resource(s)
  -------------------------------------------------------------------    -------------------
                         (clock clk rise edge)        0.000     0.000 r  
                                                      0.000     0.000 r  clk (IN)
                         net (fo=11226, unset)        0.561     0.561    u_axi_control_loader/clk
    SLICE_X41Y5          FDCE                                         r  u_axi_control_loader/read_response_data_q_reg[30]/C
  -------------------------------------------------------------------    -------------------
    SLICE_X41Y5          FDCE (Prop_fdce_C_Q)         0.141     0.702 r  u_axi_control_loader/read_response_data_q_reg[30]/Q
                         net (fo=0)                   0.410     1.112    s_axi_rdata[30]
                                                                      r  s_axi_rdata[30] (OUT)
  -------------------------------------------------------------------    -------------------

Slack:                    inf
  Source:                 u_axi_control_loader/read_response_data_q_reg[58]/C
                            (rising edge-triggered cell FDCE clocked by clk  {rise@0.000ns fall@7.143ns period=14.286ns})
  Destination:            s_axi_rdata[58]
                            (output port)
  Path Group:             (none)
  Path Type:              Min at Fast Process Corner
  Data Path Delay:        0.551ns  (logic 0.141ns (25.583%)  route 0.410ns (74.417%))
  Logic Levels:           0  
  Clock Uncertainty:      0.025ns  ((TSJ^2 + TIJ^2)^1/2 + DJ) / 2 + PE
    Total System Jitter     (TSJ):    0.050ns
    Total Input Jitter      (TIJ):    0.000ns
    Discrete Jitter          (DJ):    0.000ns
    Phase Error              (PE):    0.000ns

    Location             Delay type                Incr(ns)  Path(ns)    Netlist Resource(s)
  -------------------------------------------------------------------    -------------------
                         (clock clk rise edge)        0.000     0.000 r  
                                                      0.000     0.000 r  clk (IN)
                         net (fo=11226, unset)        0.561     0.561    u_axi_control_loader/clk
    SLICE_X39Y5          FDCE                                         r  u_axi_control_loader/read_response_data_q_reg[58]/C
  -------------------------------------------------------------------    -------------------
    SLICE_X39Y5          FDCE (Prop_fdce_C_Q)         0.141     0.702 r  u_axi_control_loader/read_response_data_q_reg[58]/Q
                         net (fo=0)                   0.410     1.112    s_axi_rdata[58]
                                                                      r  s_axi_rdata[58] (OUT)
  -------------------------------------------------------------------    -------------------

Slack:                    inf
  Source:                 u_axi_control_loader/read_response_data_q_reg[60]/C
                            (rising edge-triggered cell FDCE clocked by clk  {rise@0.000ns fall@7.143ns period=14.286ns})
  Destination:            s_axi_rdata[60]
                            (output port)
  Path Group:             (none)
  Path Type:              Min at Fast Process Corner
  Data Path Delay:        0.551ns  (logic 0.141ns (25.583%)  route 0.410ns (74.417%))
  Logic Levels:           0  
  Clock Uncertainty:      0.025ns  ((TSJ^2 + TIJ^2)^1/2 + DJ) / 2 + PE
    Total System Jitter     (TSJ):    0.050ns
    Total Input Jitter      (TIJ):    0.000ns
    Discrete Jitter          (DJ):    0.000ns
    Phase Error              (PE):    0.000ns

    Location             Delay type                Incr(ns)  Path(ns)    Netlist Resource(s)
  -------------------------------------------------------------------    -------------------
                         (clock clk rise edge)        0.000     0.000 r  
                                                      0.000     0.000 r  clk (IN)
                         net (fo=11226, unset)        0.561     0.561    u_axi_control_loader/clk
    SLICE_X39Y6          FDCE                                         r  u_axi_control_loader/read_response_data_q_reg[60]/C
  -------------------------------------------------------------------    -------------------
    SLICE_X39Y6          FDCE (Prop_fdce_C_Q)         0.141     0.702 r  u_axi_control_loader/read_response_data_q_reg[60]/Q
                         net (fo=0)                   0.410     1.112    s_axi_rdata[60]
                                                                      r  s_axi_rdata[60] (OUT)
  -------------------------------------------------------------------    -------------------

Slack:                    inf
  Source:                 u_axi_control_loader/read_response_data_q_reg[62]/C
                            (rising edge-triggered cell FDCE clocked by clk  {rise@0.000ns fall@7.143ns period=14.286ns})
  Destination:            s_axi_rdata[62]
                            (output port)
  Path Group:             (none)
  Path Type:              Min at Fast Process Corner
  Data Path Delay:        0.551ns  (logic 0.141ns (25.583%)  route 0.410ns (74.417%))
  Logic Levels:           0  
  Clock Uncertainty:      0.025ns  ((TSJ^2 + TIJ^2)^1/2 + DJ) / 2 + PE
    Total System Jitter     (TSJ):    0.050ns
    Total Input Jitter      (TIJ):    0.000ns
    Discrete Jitter          (DJ):    0.000ns
    Phase Error              (PE):    0.000ns

    Location             Delay type                Incr(ns)  Path(ns)    Netlist Resource(s)
  -------------------------------------------------------------------    -------------------
                         (clock clk rise edge)        0.000     0.000 r  
                                                      0.000     0.000 r  clk (IN)
                         net (fo=11226, unset)        0.561     0.561    u_axi_control_loader/clk
    SLICE_X39Y6          FDCE                                         r  u_axi_control_loader/read_response_data_q_reg[62]/C
  -------------------------------------------------------------------    -------------------
    SLICE_X39Y6          FDCE (Prop_fdce_C_Q)         0.141     0.702 r  u_axi_control_loader/read_response_data_q_reg[62]/Q
                         net (fo=0)                   0.410     1.112    s_axi_rdata[62]
                                                                      r  s_axi_rdata[62] (OUT)
  -------------------------------------------------------------------    -------------------

Slack:                    inf
  Source:                 u_axi_control_loader/read_response_data_q_reg[56]/C
                            (rising edge-triggered cell FDCE clocked by clk  {rise@0.000ns fall@7.143ns period=14.286ns})
  Destination:            s_axi_rdata[56]
                            (output port)
  Path Group:             (none)
  Path Type:              Min at Fast Process Corner
  Data Path Delay:        0.551ns  (logic 0.141ns (25.583%)  route 0.410ns (74.417%))
  Logic Levels:           0  
  Clock Uncertainty:      0.025ns  ((TSJ^2 + TIJ^2)^1/2 + DJ) / 2 + PE
    Total System Jitter     (TSJ):    0.050ns
    Total Input Jitter      (TIJ):    0.000ns
    Discrete Jitter          (DJ):    0.000ns
    Phase Error              (PE):    0.000ns

    Location             Delay type                Incr(ns)  Path(ns)    Netlist Resource(s)
  -------------------------------------------------------------------    -------------------
                         (clock clk rise edge)        0.000     0.000 r  
                                                      0.000     0.000 r  clk (IN)
                         net (fo=11226, unset)        0.563     0.563    u_axi_control_loader/clk
    SLICE_X33Y6          FDCE                                         r  u_axi_control_loader/read_response_data_q_reg[56]/C
  -------------------------------------------------------------------    -------------------
    SLICE_X33Y6          FDCE (Prop_fdce_C_Q)         0.141     0.704 r  u_axi_control_loader/read_response_data_q_reg[56]/Q
                         net (fo=0)                   0.410     1.114    s_axi_rdata[56]
                                                                      r  s_axi_rdata[56] (OUT)
  -------------------------------------------------------------------    -------------------

Slack:                    inf
  Source:                 u_axi_control_loader/read_response_data_q_reg[17]/C
                            (rising edge-triggered cell FDCE clocked by clk  {rise@0.000ns fall@7.143ns period=14.286ns})
  Destination:            s_axi_rdata[17]
                            (output port)
  Path Group:             (none)
  Path Type:              Min at Fast Process Corner
  Data Path Delay:        0.558ns  (logic 0.148ns (26.517%)  route 0.410ns (73.483%))
  Logic Levels:           0  
  Clock Uncertainty:      0.025ns  ((TSJ^2 + TIJ^2)^1/2 + DJ) / 2 + PE
    Total System Jitter     (TSJ):    0.050ns
    Total Input Jitter      (TIJ):    0.000ns
    Discrete Jitter          (DJ):    0.000ns
    Phase Error              (PE):    0.000ns

    Location             Delay type                Incr(ns)  Path(ns)    Netlist Resource(s)
  -------------------------------------------------------------------    -------------------
                         (clock clk rise edge)        0.000     0.000 r  
                                                      0.000     0.000 r  clk (IN)
                         net (fo=11226, unset)        0.563     0.563    u_axi_control_loader/clk
    SLICE_X34Y4          FDCE                                         r  u_axi_control_loader/read_response_data_q_reg[17]/C
  -------------------------------------------------------------------    -------------------
    SLICE_X34Y4          FDCE (Prop_fdce_C_Q)         0.148     0.711 r  u_axi_control_loader/read_response_data_q_reg[17]/Q
                         net (fo=0)                   0.410     1.121    s_axi_rdata[17]
                                                                      r  s_axi_rdata[17] (OUT)
  -------------------------------------------------------------------    -------------------

Slack:                    inf
  Source:                 u_axi_control_loader/read_response_data_q_reg[23]/C
                            (rising edge-triggered cell FDCE clocked by clk  {rise@0.000ns fall@7.143ns period=14.286ns})
  Destination:            s_axi_rdata[23]
                            (output port)
  Path Group:             (none)
  Path Type:              Min at Fast Process Corner
  Data Path Delay:        0.558ns  (logic 0.148ns (26.517%)  route 0.410ns (73.483%))
  Logic Levels:           0  
  Clock Uncertainty:      0.025ns  ((TSJ^2 + TIJ^2)^1/2 + DJ) / 2 + PE
    Total System Jitter     (TSJ):    0.050ns
    Total Input Jitter      (TIJ):    0.000ns
    Discrete Jitter          (DJ):    0.000ns
    Phase Error              (PE):    0.000ns

    Location             Delay type                Incr(ns)  Path(ns)    Netlist Resource(s)
  -------------------------------------------------------------------    -------------------
                         (clock clk rise edge)        0.000     0.000 r  
                                                      0.000     0.000 r  clk (IN)
                         net (fo=11226, unset)        0.563     0.563    u_axi_control_loader/clk
    SLICE_X32Y3          FDCE                                         r  u_axi_control_loader/read_response_data_q_reg[23]/C
  -------------------------------------------------------------------    -------------------
    SLICE_X32Y3          FDCE (Prop_fdce_C_Q)         0.148     0.711 r  u_axi_control_loader/read_response_data_q_reg[23]/Q
                         net (fo=0)                   0.410     1.121    s_axi_rdata[23]
                                                                      r  s_axi_rdata[23] (OUT)
  -------------------------------------------------------------------    -------------------

Slack:                    inf
  Source:                 u_axi_control_loader/read_response_data_q_reg[25]/C
                            (rising edge-triggered cell FDCE clocked by clk  {rise@0.000ns fall@7.143ns period=14.286ns})
  Destination:            s_axi_rdata[25]
                            (output port)
  Path Group:             (none)
  Path Type:              Min at Fast Process Corner
  Data Path Delay:        0.558ns  (logic 0.148ns (26.517%)  route 0.410ns (73.483%))
  Logic Levels:           0  
  Clock Uncertainty:      0.025ns  ((TSJ^2 + TIJ^2)^1/2 + DJ) / 2 + PE
    Total System Jitter     (TSJ):    0.050ns
    Total Input Jitter      (TIJ):    0.000ns
    Discrete Jitter          (DJ):    0.000ns
    Phase Error              (PE):    0.000ns

    Location             Delay type                Incr(ns)  Path(ns)    Netlist Resource(s)
  -------------------------------------------------------------------    -------------------
                         (clock clk rise edge)        0.000     0.000 r  
                                                      0.000     0.000 r  clk (IN)
                         net (fo=11226, unset)        0.563     0.563    u_axi_control_loader/clk
    SLICE_X32Y3          FDCE                                         r  u_axi_control_loader/read_response_data_q_reg[25]/C
  -------------------------------------------------------------------    -------------------
    SLICE_X32Y3          FDCE (Prop_fdce_C_Q)         0.148     0.711 r  u_axi_control_loader/read_response_data_q_reg[25]/Q
                         net (fo=0)                   0.410     1.121    s_axi_rdata[25]
                                                                      r  s_axi_rdata[25] (OUT)
  -------------------------------------------------------------------    -------------------

Slack:                    inf
  Source:                 u_axi_control_loader/read_response_data_q_reg[33]/C
                            (rising edge-triggered cell FDCE clocked by clk  {rise@0.000ns fall@7.143ns period=14.286ns})
  Destination:            s_axi_rdata[33]
                            (output port)
  Path Group:             (none)
  Path Type:              Min at Fast Process Corner
  Data Path Delay:        0.538ns  (logic 0.128ns (23.786%)  route 0.410ns (76.214%))
  Logic Levels:           0  
  Clock Uncertainty:      0.025ns  ((TSJ^2 + TIJ^2)^1/2 + DJ) / 2 + PE
    Total System Jitter     (TSJ):    0.050ns
    Total Input Jitter      (TIJ):    0.000ns
    Discrete Jitter          (DJ):    0.000ns
    Phase Error              (PE):    0.000ns

    Location             Delay type                Incr(ns)  Path(ns)    Netlist Resource(s)
  -------------------------------------------------------------------    -------------------
                         (clock clk rise edge)        0.000     0.000 r  
                                                      0.000     0.000 r  clk (IN)
                         net (fo=11226, unset)        0.590     0.590    u_axi_control_loader/clk
    SLICE_X27Y4          FDCE                                         r  u_axi_control_loader/read_response_data_q_reg[33]/C
  -------------------------------------------------------------------    -------------------
    SLICE_X27Y4          FDCE (Prop_fdce_C_Q)         0.128     0.718 r  u_axi_control_loader/read_response_data_q_reg[33]/Q
                         net (fo=0)                   0.410     1.128    s_axi_rdata[33]
                                                                      r  s_axi_rdata[33] (OUT)
  -------------------------------------------------------------------    -------------------

Slack:                    inf
  Source:                 u_axi_control_loader/read_response_data_q_reg[43]/C
                            (rising edge-triggered cell FDCE clocked by clk  {rise@0.000ns fall@7.143ns period=14.286ns})
  Destination:            s_axi_rdata[43]
                            (output port)
  Path Group:             (none)
  Path Type:              Min at Fast Process Corner
  Data Path Delay:        0.538ns  (logic 0.128ns (23.786%)  route 0.410ns (76.214%))
  Logic Levels:           0  
  Clock Uncertainty:      0.025ns  ((TSJ^2 + TIJ^2)^1/2 + DJ) / 2 + PE
    Total System Jitter     (TSJ):    0.050ns
    Total Input Jitter      (TIJ):    0.000ns
    Discrete Jitter          (DJ):    0.000ns
    Phase Error              (PE):    0.000ns

    Location             Delay type                Incr(ns)  Path(ns)    Netlist Resource(s)
  -------------------------------------------------------------------    -------------------
                         (clock clk rise edge)        0.000     0.000 r  
                                                      0.000     0.000 r  clk (IN)
                         net (fo=11226, unset)        0.594     0.594    u_axi_control_loader/clk
    SLICE_X19Y5          FDCE                                         r  u_axi_control_loader/read_response_data_q_reg[43]/C
  -------------------------------------------------------------------    -------------------
    SLICE_X19Y5          FDCE (Prop_fdce_C_Q)         0.128     0.722 r  u_axi_control_loader/read_response_data_q_reg[43]/Q
                         net (fo=0)                   0.410     1.132    s_axi_rdata[43]
                                                                      r  s_axi_rdata[43] (OUT)
  -------------------------------------------------------------------    -------------------





--------------------------------------------------------------------------------------
Path Group:  (none)
From Clock:  
  To Clock:  clk

Max Delay          9517 Endpoints
Min Delay          9517 Endpoints
--------------------------------------------------------------------------------------


Max Delay Paths
--------------------------------------------------------------------------------------
Slack:                    inf
  Source:                 reset_n
                            (input port)
  Destination:            u_shared_bci_accel_core/u_execution_engine/retire_packet_data_q_reg[31]/CLR
                            (recovery check against rising-edge clock clk  {rise@0.000ns fall@7.143ns period=14.286ns})
  Path Group:             (none)
  Path Type:              Recovery (Max at Slow Process Corner)
  Data Path Delay:        26.194ns  (logic 0.124ns (0.473%)  route 26.070ns (99.527%))
  Logic Levels:           1  (LUT1=1)
  Clock Path Skew:        1.620ns (DCD - SCD + CPR)
    Destination Clock Delay (DCD):    1.620ns
    Source Clock Delay      (SCD):    0.000ns
    Clock Pessimism Removal (CPR):    0.000ns
  Clock Uncertainty:      0.025ns  ((TSJ^2 + TIJ^2)^1/2 + DJ) / 2 + PE
    Total System Jitter     (TSJ):    0.050ns
    Total Input Jitter      (TIJ):    0.000ns
    Discrete Jitter          (DJ):    0.000ns
    Phase Error              (PE):    0.000ns

    Location             Delay type                Incr(ns)  Path(ns)    Netlist Resource(s)
  -------------------------------------------------------------------    -------------------
                                                      0.000     0.000 r  reset_n (IN)
                         net (fo=2, unset)            0.973     0.973    u_shared_bci_accel_core/u_execution_engine/u_operand_service/reset_n
    SLICE_X26Y66         LUT1 (Prop_lut1_I0_O)        0.124     1.097 f  u_shared_bci_accel_core/u_execution_engine/u_operand_service/write_response_valid_q_i_2/O
                         net (fo=3924, routed)       25.097    26.194    u_shared_bci_accel_core/u_execution_engine/reset_n_0
    SLICE_X92Y39         FDCE                                         f  u_shared_bci_accel_core/u_execution_engine/retire_packet_data_q_reg[31]/CLR
  -------------------------------------------------------------------    -------------------

                         (clock clk rise edge)        0.000     0.000 r  
                                                      0.000     0.000 r  clk (IN)
                         net (fo=11226, unset)        1.620     1.620    u_shared_bci_accel_core/u_execution_engine/clk
    SLICE_X92Y39         FDCE                                         r  u_shared_bci_accel_core/u_execution_engine/retire_packet_data_q_reg[31]/C

Slack:                    inf
  Source:                 reset_n
                            (input port)
  Destination:            u_shared_bci_accel_core/u_execution_engine/kernel_scalar_command_y_q_reg[15]/CLR
                            (recovery check against rising-edge clock clk  {rise@0.000ns fall@7.143ns period=14.286ns})
  Path Group:             (none)
  Path Type:              Recovery (Max at Slow Process Corner)
  Data Path Delay:        26.054ns  (logic 0.124ns (0.476%)  route 25.930ns (99.524%))
  Logic Levels:           1  (LUT1=1)
  Clock Path Skew:        1.615ns (DCD - SCD + CPR)
    Destination Clock Delay (DCD):    1.615ns
    Source Clock Delay      (SCD):    0.000ns
    Clock Pessimism Removal (CPR):    0.000ns
  Clock Uncertainty:      0.025ns  ((TSJ^2 + TIJ^2)^1/2 + DJ) / 2 + PE
    Total System Jitter     (TSJ):    0.050ns
    Total Input Jitter      (TIJ):    0.000ns
    Discrete Jitter          (DJ):    0.000ns
    Phase Error              (PE):    0.000ns

    Location             Delay type                Incr(ns)  Path(ns)    Netlist Resource(s)
  -------------------------------------------------------------------    -------------------
                                                      0.000     0.000 r  reset_n (IN)
                         net (fo=2, unset)            0.973     0.973    u_shared_bci_accel_core/u_execution_engine/u_operand_service/reset_n
    SLICE_X26Y66         LUT1 (Prop_lut1_I0_O)        0.124     1.097 f  u_shared_bci_accel_core/u_execution_engine/u_operand_service/write_response_valid_q_i_2/O
                         net (fo=3924, routed)       24.957    26.054    u_shared_bci_accel_core/u_execution_engine/reset_n_0
    SLICE_X90Y33         FDCE                                         f  u_shared_bci_accel_core/u_execution_engine/kernel_scalar_command_y_q_reg[15]/CLR
  -------------------------------------------------------------------    -------------------

                         (clock clk rise edge)        0.000     0.000 r  
                                                      0.000     0.000 r  clk (IN)
                         net (fo=11226, unset)        1.615     1.615    u_shared_bci_accel_core/u_execution_engine/clk
    SLICE_X90Y33         FDCE                                         r  u_shared_bci_accel_core/u_execution_engine/kernel_scalar_command_y_q_reg[15]/C

Slack:                    inf
  Source:                 reset_n
                            (input port)
  Destination:            u_shared_bci_accel_core/u_execution_engine/kernel_scalar_command_y_q_reg[9]/CLR
                            (recovery check against rising-edge clock clk  {rise@0.000ns fall@7.143ns period=14.286ns})
  Path Group:             (none)
  Path Type:              Recovery (Max at Slow Process Corner)
  Data Path Delay:        26.054ns  (logic 0.124ns (0.476%)  route 25.930ns (99.524%))
  Logic Levels:           1  (LUT1=1)
  Clock Path Skew:        1.615ns (DCD - SCD + CPR)
    Destination Clock Delay (DCD):    1.615ns
    Source Clock Delay      (SCD):    0.000ns
    Clock Pessimism Removal (CPR):    0.000ns
  Clock Uncertainty:      0.025ns  ((TSJ^2 + TIJ^2)^1/2 + DJ) / 2 + PE
    Total System Jitter     (TSJ):    0.050ns
    Total Input Jitter      (TIJ):    0.000ns
    Discrete Jitter          (DJ):    0.000ns
    Phase Error              (PE):    0.000ns

    Location             Delay type                Incr(ns)  Path(ns)    Netlist Resource(s)
  -------------------------------------------------------------------    -------------------
                                                      0.000     0.000 r  reset_n (IN)
                         net (fo=2, unset)            0.973     0.973    u_shared_bci_accel_core/u_execution_engine/u_operand_service/reset_n
    SLICE_X26Y66         LUT1 (Prop_lut1_I0_O)        0.124     1.097 f  u_shared_bci_accel_core/u_execution_engine/u_operand_service/write_response_valid_q_i_2/O
                         net (fo=3924, routed)       24.957    26.054    u_shared_bci_accel_core/u_execution_engine/reset_n_0
    SLICE_X90Y33         FDCE                                         f  u_shared_bci_accel_core/u_execution_engine/kernel_scalar_command_y_q_reg[9]/CLR
  -------------------------------------------------------------------    -------------------

                         (clock clk rise edge)        0.000     0.000 r  
                                                      0.000     0.000 r  clk (IN)
                         net (fo=11226, unset)        1.615     1.615    u_shared_bci_accel_core/u_execution_engine/clk
    SLICE_X90Y33         FDCE                                         r  u_shared_bci_accel_core/u_execution_engine/kernel_scalar_command_y_q_reg[9]/C

Slack:                    inf
  Source:                 reset_n
                            (input port)
  Destination:            u_shared_bci_accel_core/u_execution_engine/result_chunk_q_reg[9]/CLR
                            (recovery check against rising-edge clock clk  {rise@0.000ns fall@7.143ns period=14.286ns})
  Path Group:             (none)
  Path Type:              Recovery (Max at Slow Process Corner)
  Data Path Delay:        25.862ns  (logic 0.124ns (0.479%)  route 25.738ns (99.521%))
  Logic Levels:           1  (LUT1=1)
  Clock Path Skew:        1.620ns (DCD - SCD + CPR)
    Destination Clock Delay (DCD):    1.620ns
    Source Clock Delay      (SCD):    0.000ns
    Clock Pessimism Removal (CPR):    0.000ns
  Clock Uncertainty:      0.025ns  ((TSJ^2 + TIJ^2)^1/2 + DJ) / 2 + PE
    Total System Jitter     (TSJ):    0.050ns
    Total Input Jitter      (TIJ):    0.000ns
    Discrete Jitter          (DJ):    0.000ns
    Phase Error              (PE):    0.000ns

    Location             Delay type                Incr(ns)  Path(ns)    Netlist Resource(s)
  -------------------------------------------------------------------    -------------------
                                                      0.000     0.000 r  reset_n (IN)
                         net (fo=2, unset)            0.973     0.973    u_shared_bci_accel_core/u_execution_engine/u_operand_service/reset_n
    SLICE_X26Y66         LUT1 (Prop_lut1_I0_O)        0.124     1.097 f  u_shared_bci_accel_core/u_execution_engine/u_operand_service/write_response_valid_q_i_2/O
                         net (fo=3924, routed)       24.765    25.862    u_shared_bci_accel_core/u_execution_engine/reset_n_0
    SLICE_X91Y39         FDCE                                         f  u_shared_bci_accel_core/u_execution_engine/result_chunk_q_reg[9]/CLR
  -------------------------------------------------------------------    -------------------

                         (clock clk rise edge)        0.000     0.000 r  
                                                      0.000     0.000 r  clk (IN)
                         net (fo=11226, unset)        1.620     1.620    u_shared_bci_accel_core/u_execution_engine/clk
    SLICE_X91Y39         FDCE                                         r  u_shared_bci_accel_core/u_execution_engine/result_chunk_q_reg[9]/C

Slack:                    inf
  Source:                 reset_n
                            (input port)
  Destination:            u_shared_bci_accel_core/u_execution_engine/u_apx_cluster/parallel_operand_b_q_reg[72]/CLR
                            (recovery check against rising-edge clock clk  {rise@0.000ns fall@7.143ns period=14.286ns})
  Path Group:             (none)
  Path Type:              Recovery (Max at Slow Process Corner)
  Data Path Delay:        25.775ns  (logic 0.116ns (0.450%)  route 25.659ns (99.550%))
  Logic Levels:           1  (LUT1=1)
  Clock Path Skew:        1.540ns (DCD - SCD + CPR)
    Destination Clock Delay (DCD):    1.540ns
    Source Clock Delay      (SCD):    0.000ns
    Clock Pessimism Removal (CPR):    0.000ns
  Clock Uncertainty:      0.025ns  ((TSJ^2 + TIJ^2)^1/2 + DJ) / 2 + PE
    Total System Jitter     (TSJ):    0.050ns
    Total Input Jitter      (TIJ):    0.000ns
    Discrete Jitter          (DJ):    0.000ns
    Phase Error              (PE):    0.000ns

    Location             Delay type                Incr(ns)  Path(ns)    Netlist Resource(s)
  -------------------------------------------------------------------    -------------------
                                                      0.000     0.000 r  reset_n (IN)
                         net (fo=2, unset)            0.973     0.973    u_shared_bci_accel_core/u_execution_engine/u_apx_cluster/gen_quad_add[1].quad_adder_inst/reset_n
    SLICE_X26Y66         LUT1 (Prop_lut1_I0_O)        0.116     1.089 f  u_shared_bci_accel_core/u_execution_engine/u_apx_cluster/gen_quad_add[1].quad_adder_inst/post_add_tag_d2_q[15]_i_1/O
                         net (fo=4750, routed)       24.686    25.775    u_shared_bci_accel_core/u_execution_engine/u_apx_cluster/gen_quad_add[1].quad_adder_inst_n_0
    SLICE_X88Y85         FDCE                                         f  u_shared_bci_accel_core/u_execution_engine/u_apx_cluster/parallel_operand_b_q_reg[72]/CLR
  -------------------------------------------------------------------    -------------------

                         (clock clk rise edge)        0.000     0.000 r  
                                                      0.000     0.000 r  clk (IN)
                         net (fo=11226, unset)        1.540     1.540    u_shared_bci_accel_core/u_execution_engine/u_apx_cluster/clk
    SLICE_X88Y85         FDCE                                         r  u_shared_bci_accel_core/u_execution_engine/u_apx_cluster/parallel_operand_b_q_reg[72]/C

Slack:                    inf
  Source:                 reset_n
                            (input port)
  Destination:            u_shared_bci_accel_core/u_execution_engine/u_apx_cluster/window_resident_q_reg[137]/CLR
                            (recovery check against rising-edge clock clk  {rise@0.000ns fall@7.143ns period=14.286ns})
  Path Group:             (none)
  Path Type:              Recovery (Max at Slow Process Corner)
  Data Path Delay:        25.771ns  (logic 0.116ns (0.450%)  route 25.655ns (99.550%))
  Logic Levels:           1  (LUT1=1)
  Clock Path Skew:        1.540ns (DCD - SCD + CPR)
    Destination Clock Delay (DCD):    1.540ns
    Source Clock Delay      (SCD):    0.000ns
    Clock Pessimism Removal (CPR):    0.000ns
  Clock Uncertainty:      0.025ns  ((TSJ^2 + TIJ^2)^1/2 + DJ) / 2 + PE
    Total System Jitter     (TSJ):    0.050ns
    Total Input Jitter      (TIJ):    0.000ns
    Discrete Jitter          (DJ):    0.000ns
    Phase Error              (PE):    0.000ns

    Location             Delay type                Incr(ns)  Path(ns)    Netlist Resource(s)
  -------------------------------------------------------------------    -------------------
                                                      0.000     0.000 r  reset_n (IN)
                         net (fo=2, unset)            0.973     0.973    u_shared_bci_accel_core/u_execution_engine/u_apx_cluster/gen_quad_add[1].quad_adder_inst/reset_n
    SLICE_X26Y66         LUT1 (Prop_lut1_I0_O)        0.116     1.089 f  u_shared_bci_accel_core/u_execution_engine/u_apx_cluster/gen_quad_add[1].quad_adder_inst/post_add_tag_d2_q[15]_i_1/O
                         net (fo=4750, routed)       24.682    25.771    u_shared_bci_accel_core/u_execution_engine/u_apx_cluster/gen_quad_add[1].quad_adder_inst_n_0
    SLICE_X89Y85         FDCE                                         f  u_shared_bci_accel_core/u_execution_engine/u_apx_cluster/window_resident_q_reg[137]/CLR
  -------------------------------------------------------------------    -------------------

                         (clock clk rise edge)        0.000     0.000 r  
                                                      0.000     0.000 r  clk (IN)
                         net (fo=11226, unset)        1.540     1.540    u_shared_bci_accel_core/u_execution_engine/u_apx_cluster/clk
    SLICE_X89Y85         FDCE                                         r  u_shared_bci_accel_core/u_execution_engine/u_apx_cluster/window_resident_q_reg[137]/C

Slack:                    inf
  Source:                 reset_n
                            (input port)
  Destination:            u_shared_bci_accel_core/u_execution_engine/kernel_scalar_bank_q_reg[24]/CLR
                            (recovery check against rising-edge clock clk  {rise@0.000ns fall@7.143ns period=14.286ns})
  Path Group:             (none)
  Path Type:              Recovery (Max at Slow Process Corner)
  Data Path Delay:        25.706ns  (logic 0.124ns (0.482%)  route 25.582ns (99.518%))
  Logic Levels:           1  (LUT1=1)
  Clock Path Skew:        1.621ns (DCD - SCD + CPR)
    Destination Clock Delay (DCD):    1.621ns
    Source Clock Delay      (SCD):    0.000ns
    Clock Pessimism Removal (CPR):    0.000ns
  Clock Uncertainty:      0.025ns  ((TSJ^2 + TIJ^2)^1/2 + DJ) / 2 + PE
    Total System Jitter     (TSJ):    0.050ns
    Total Input Jitter      (TIJ):    0.000ns
    Discrete Jitter          (DJ):    0.000ns
    Phase Error              (PE):    0.000ns

    Location             Delay type                Incr(ns)  Path(ns)    Netlist Resource(s)
  -------------------------------------------------------------------    -------------------
                                                      0.000     0.000 r  reset_n (IN)
                         net (fo=2, unset)            0.973     0.973    u_shared_bci_accel_core/u_execution_engine/u_operand_service/reset_n
    SLICE_X26Y66         LUT1 (Prop_lut1_I0_O)        0.124     1.097 f  u_shared_bci_accel_core/u_execution_engine/u_operand_service/write_response_valid_q_i_2/O
                         net (fo=3924, routed)       24.609    25.706    u_shared_bci_accel_core/u_execution_engine/reset_n_0
    SLICE_X90Y41         FDCE                                         f  u_shared_bci_accel_core/u_execution_engine/kernel_scalar_bank_q_reg[24]/CLR
  -------------------------------------------------------------------    -------------------

                         (clock clk rise edge)        0.000     0.000 r  
                                                      0.000     0.000 r  clk (IN)
                         net (fo=11226, unset)        1.621     1.621    u_shared_bci_accel_core/u_execution_engine/clk
    SLICE_X90Y41         FDCE                                         r  u_shared_bci_accel_core/u_execution_engine/kernel_scalar_bank_q_reg[24]/C

Slack:                    inf
  Source:                 reset_n
                            (input port)
  Destination:            u_shared_bci_accel_core/u_execution_engine/result_chunk_q_reg[125]/CLR
                            (recovery check against rising-edge clock clk  {rise@0.000ns fall@7.143ns period=14.286ns})
  Path Group:             (none)
  Path Type:              Recovery (Max at Slow Process Corner)
  Data Path Delay:        25.706ns  (logic 0.124ns (0.482%)  route 25.582ns (99.518%))
  Logic Levels:           1  (LUT1=1)
  Clock Path Skew:        1.621ns (DCD - SCD + CPR)
    Destination Clock Delay (DCD):    1.621ns
    Source Clock Delay      (SCD):    0.000ns
    Clock Pessimism Removal (CPR):    0.000ns
  Clock Uncertainty:      0.025ns  ((TSJ^2 + TIJ^2)^1/2 + DJ) / 2 + PE
    Total System Jitter     (TSJ):    0.050ns
    Total Input Jitter      (TIJ):    0.000ns
    Discrete Jitter          (DJ):    0.000ns
    Phase Error              (PE):    0.000ns

    Location             Delay type                Incr(ns)  Path(ns)    Netlist Resource(s)
  -------------------------------------------------------------------    -------------------
                                                      0.000     0.000 r  reset_n (IN)
                         net (fo=2, unset)            0.973     0.973    u_shared_bci_accel_core/u_execution_engine/u_operand_service/reset_n
    SLICE_X26Y66         LUT1 (Prop_lut1_I0_O)        0.124     1.097 f  u_shared_bci_accel_core/u_execution_engine/u_operand_service/write_response_valid_q_i_2/O
                         net (fo=3924, routed)       24.609    25.706    u_shared_bci_accel_core/u_execution_engine/reset_n_0
    SLICE_X91Y41         FDCE                                         f  u_shared_bci_accel_core/u_execution_engine/result_chunk_q_reg[125]/CLR
  -------------------------------------------------------------------    -------------------

                         (clock clk rise edge)        0.000     0.000 r  
                                                      0.000     0.000 r  clk (IN)
                         net (fo=11226, unset)        1.621     1.621    u_shared_bci_accel_core/u_execution_engine/clk
    SLICE_X91Y41         FDCE                                         r  u_shared_bci_accel_core/u_execution_engine/result_chunk_q_reg[125]/C

Slack:                    inf
  Source:                 reset_n
                            (input port)
  Destination:            u_shared_bci_accel_core/u_execution_engine/result_chunk_q_reg[126]/CLR
                            (recovery check against rising-edge clock clk  {rise@0.000ns fall@7.143ns period=14.286ns})
  Path Group:             (none)
  Path Type:              Recovery (Max at Slow Process Corner)
  Data Path Delay:        25.706ns  (logic 0.124ns (0.482%)  route 25.582ns (99.518%))
  Logic Levels:           1  (LUT1=1)
  Clock Path Skew:        1.621ns (DCD - SCD + CPR)
    Destination Clock Delay (DCD):    1.621ns
    Source Clock Delay      (SCD):    0.000ns
    Clock Pessimism Removal (CPR):    0.000ns
  Clock Uncertainty:      0.025ns  ((TSJ^2 + TIJ^2)^1/2 + DJ) / 2 + PE
    Total System Jitter     (TSJ):    0.050ns
    Total Input Jitter      (TIJ):    0.000ns
    Discrete Jitter          (DJ):    0.000ns
    Phase Error              (PE):    0.000ns

    Location             Delay type                Incr(ns)  Path(ns)    Netlist Resource(s)
  -------------------------------------------------------------------    -------------------
                                                      0.000     0.000 r  reset_n (IN)
                         net (fo=2, unset)            0.973     0.973    u_shared_bci_accel_core/u_execution_engine/u_operand_service/reset_n
    SLICE_X26Y66         LUT1 (Prop_lut1_I0_O)        0.124     1.097 f  u_shared_bci_accel_core/u_execution_engine/u_operand_service/write_response_valid_q_i_2/O
                         net (fo=3924, routed)       24.609    25.706    u_shared_bci_accel_core/u_execution_engine/reset_n_0
    SLICE_X91Y41         FDCE                                         f  u_shared_bci_accel_core/u_execution_engine/result_chunk_q_reg[126]/CLR
  -------------------------------------------------------------------    -------------------

                         (clock clk rise edge)        0.000     0.000 r  
                                                      0.000     0.000 r  clk (IN)
                         net (fo=11226, unset)        1.621     1.621    u_shared_bci_accel_core/u_execution_engine/clk
    SLICE_X91Y41         FDCE                                         r  u_shared_bci_accel_core/u_execution_engine/result_chunk_q_reg[126]/C

Slack:                    inf
  Source:                 reset_n
                            (input port)
  Destination:            u_shared_bci_accel_core/u_execution_engine/u_apx_cluster/gen_pair_add[3].pair_adder_inst/select_exponent_base_q_reg[2]/CLR
                            (recovery check against rising-edge clock clk  {rise@0.000ns fall@7.143ns period=14.286ns})
  Path Group:             (none)
  Path Type:              Recovery (Max at Slow Process Corner)
  Data Path Delay:        25.652ns  (logic 0.116ns (0.452%)  route 25.536ns (99.548%))
  Logic Levels:           1  (LUT1=1)
  Clock Path Skew:        1.599ns (DCD - SCD + CPR)
    Destination Clock Delay (DCD):    1.599ns
    Source Clock Delay      (SCD):    0.000ns
    Clock Pessimism Removal (CPR):    0.000ns
  Clock Uncertainty:      0.025ns  ((TSJ^2 + TIJ^2)^1/2 + DJ) / 2 + PE
    Total System Jitter     (TSJ):    0.050ns
    Total Input Jitter      (TIJ):    0.000ns
    Discrete Jitter          (DJ):    0.000ns
    Phase Error              (PE):    0.000ns

    Location             Delay type                Incr(ns)  Path(ns)    Netlist Resource(s)
  -------------------------------------------------------------------    -------------------
                                                      0.000     0.000 r  reset_n (IN)
                         net (fo=2, unset)            0.973     0.973    u_shared_bci_accel_core/u_execution_engine/u_apx_cluster/gen_quad_add[1].quad_adder_inst/reset_n
    SLICE_X26Y66         LUT1 (Prop_lut1_I0_O)        0.116     1.089 f  u_shared_bci_accel_core/u_execution_engine/u_apx_cluster/gen_quad_add[1].quad_adder_inst/post_add_tag_d2_q[15]_i_1/O
                         net (fo=4750, routed)       24.563    25.652    u_shared_bci_accel_core/u_execution_engine/u_apx_cluster/gen_pair_add[3].pair_adder_inst/select_bypass_value_q_reg[15]_0
    SLICE_X91Y86         FDCE                                         f  u_shared_bci_accel_core/u_execution_engine/u_apx_cluster/gen_pair_add[3].pair_adder_inst/select_exponent_base_q_reg[2]/CLR
  -------------------------------------------------------------------    -------------------

                         (clock clk rise edge)        0.000     0.000 r  
                                                      0.000     0.000 r  clk (IN)
                         net (fo=11226, unset)        1.599     1.599    u_shared_bci_accel_core/u_execution_engine/u_apx_cluster/gen_pair_add[3].pair_adder_inst/clk
    SLICE_X91Y86         FDCE                                         r  u_shared_bci_accel_core/u_execution_engine/u_apx_cluster/gen_pair_add[3].pair_adder_inst/select_exponent_base_q_reg[2]/C

Slack:                    inf
  Source:                 reset_n
                            (input port)
  Destination:            u_shared_bci_accel_core/u_execution_engine/bias_value_q_reg[9]/CLR
                            (recovery check against rising-edge clock clk  {rise@0.000ns fall@7.143ns period=14.286ns})
  Path Group:             (none)
  Path Type:              Recovery (Max at Slow Process Corner)
  Data Path Delay:        25.618ns  (logic 0.124ns (0.484%)  route 25.494ns (99.516%))
  Logic Levels:           1  (LUT1=1)
  Clock Path Skew:        1.617ns (DCD - SCD + CPR)
    Destination Clock Delay (DCD):    1.617ns
    Source Clock Delay      (SCD):    0.000ns
    Clock Pessimism Removal (CPR):    0.000ns
  Clock Uncertainty:      0.025ns  ((TSJ^2 + TIJ^2)^1/2 + DJ) / 2 + PE
    Total System Jitter     (TSJ):    0.050ns
    Total Input Jitter      (TIJ):    0.000ns
    Discrete Jitter          (DJ):    0.000ns
    Phase Error              (PE):    0.000ns

    Location             Delay type                Incr(ns)  Path(ns)    Netlist Resource(s)
  -------------------------------------------------------------------    -------------------
                                                      0.000     0.000 r  reset_n (IN)
                         net (fo=2, unset)            0.973     0.973    u_shared_bci_accel_core/u_execution_engine/u_operand_service/reset_n
    SLICE_X26Y66         LUT1 (Prop_lut1_I0_O)        0.124     1.097 f  u_shared_bci_accel_core/u_execution_engine/u_operand_service/write_response_valid_q_i_2/O
                         net (fo=3924, routed)       24.521    25.618    u_shared_bci_accel_core/u_execution_engine/reset_n_0
    SLICE_X90Y36         FDCE                                         f  u_shared_bci_accel_core/u_execution_engine/bias_value_q_reg[9]/CLR
  -------------------------------------------------------------------    -------------------

                         (clock clk rise edge)        0.000     0.000 r  
                                                      0.000     0.000 r  clk (IN)
                         net (fo=11226, unset)        1.617     1.617    u_shared_bci_accel_core/u_execution_engine/clk
    SLICE_X90Y36         FDCE                                         r  u_shared_bci_accel_core/u_execution_engine/bias_value_q_reg[9]/C

Slack:                    inf
  Source:                 reset_n
                            (input port)
  Destination:            u_shared_bci_accel_core/u_execution_engine/retire_packet_data_q_reg[47]/CLR
                            (recovery check against rising-edge clock clk  {rise@0.000ns fall@7.143ns period=14.286ns})
  Path Group:             (none)
  Path Type:              Recovery (Max at Slow Process Corner)
  Data Path Delay:        25.618ns  (logic 0.124ns (0.484%)  route 25.494ns (99.516%))
  Logic Levels:           1  (LUT1=1)
  Clock Path Skew:        1.617ns (DCD - SCD + CPR)
    Destination Clock Delay (DCD):    1.617ns
    Source Clock Delay      (SCD):    0.000ns
    Clock Pessimism Removal (CPR):    0.000ns
  Clock Uncertainty:      0.025ns  ((TSJ^2 + TIJ^2)^1/2 + DJ) / 2 + PE
    Total System Jitter     (TSJ):    0.050ns
    Total Input Jitter      (TIJ):    0.000ns
    Discrete Jitter          (DJ):    0.000ns
    Phase Error              (PE):    0.000ns

    Location             Delay type                Incr(ns)  Path(ns)    Netlist Resource(s)
  -------------------------------------------------------------------    -------------------
                                                      0.000     0.000 r  reset_n (IN)
                         net (fo=2, unset)            0.973     0.973    u_shared_bci_accel_core/u_execution_engine/u_operand_service/reset_n
    SLICE_X26Y66         LUT1 (Prop_lut1_I0_O)        0.124     1.097 f  u_shared_bci_accel_core/u_execution_engine/u_operand_service/write_response_valid_q_i_2/O
                         net (fo=3924, routed)       24.521    25.618    u_shared_bci_accel_core/u_execution_engine/reset_n_0
    SLICE_X91Y36         FDCE                                         f  u_shared_bci_accel_core/u_execution_engine/retire_packet_data_q_reg[47]/CLR
  -------------------------------------------------------------------    -------------------

                         (clock clk rise edge)        0.000     0.000 r  
                                                      0.000     0.000 r  clk (IN)
                         net (fo=11226, unset)        1.617     1.617    u_shared_bci_accel_core/u_execution_engine/clk
    SLICE_X91Y36         FDCE                                         r  u_shared_bci_accel_core/u_execution_engine/retire_packet_data_q_reg[47]/C

Slack:                    inf
  Source:                 reset_n
                            (input port)
  Destination:            u_shared_bci_accel_core/u_execution_engine/result_chunk_q_reg[107]/CLR
                            (recovery check against rising-edge clock clk  {rise@0.000ns fall@7.143ns period=14.286ns})
  Path Group:             (none)
  Path Type:              Recovery (Max at Slow Process Corner)
  Data Path Delay:        25.569ns  (logic 0.124ns (0.485%)  route 25.445ns (99.515%))
  Logic Levels:           1  (LUT1=1)
  Clock Path Skew:        1.623ns (DCD - SCD + CPR)
    Destination Clock Delay (DCD):    1.623ns
    Source Clock Delay      (SCD):    0.000ns
    Clock Pessimism Removal (CPR):    0.000ns
  Clock Uncertainty:      0.025ns  ((TSJ^2 + TIJ^2)^1/2 + DJ) / 2 + PE
    Total System Jitter     (TSJ):    0.050ns
    Total Input Jitter      (TIJ):    0.000ns
    Discrete Jitter          (DJ):    0.000ns
    Phase Error              (PE):    0.000ns

    Location             Delay type                Incr(ns)  Path(ns)    Netlist Resource(s)
  -------------------------------------------------------------------    -------------------
                                                      0.000     0.000 r  reset_n (IN)
                         net (fo=2, unset)            0.973     0.973    u_shared_bci_accel_core/u_execution_engine/u_operand_service/reset_n
    SLICE_X26Y66         LUT1 (Prop_lut1_I0_O)        0.124     1.097 f  u_shared_bci_accel_core/u_execution_engine/u_operand_service/write_response_valid_q_i_2/O
                         net (fo=3924, routed)       24.472    25.569    u_shared_bci_accel_core/u_execution_engine/reset_n_0
    SLICE_X92Y47         FDCE                                         f  u_shared_bci_accel_core/u_execution_engine/result_chunk_q_reg[107]/CLR
  -------------------------------------------------------------------    -------------------

                         (clock clk rise edge)        0.000     0.000 r  
                                                      0.000     0.000 r  clk (IN)
                         net (fo=11226, unset)        1.623     1.623    u_shared_bci_accel_core/u_execution_engine/clk
    SLICE_X92Y47         FDCE                                         r  u_shared_bci_accel_core/u_execution_engine/result_chunk_q_reg[107]/C

Slack:                    inf
  Source:                 reset_n
                            (input port)
  Destination:            u_shared_bci_accel_core/u_execution_engine/retire_packet_data_q_reg[59]/CLR
                            (recovery check against rising-edge clock clk  {rise@0.000ns fall@7.143ns period=14.286ns})
  Path Group:             (none)
  Path Type:              Recovery (Max at Slow Process Corner)
  Data Path Delay:        25.569ns  (logic 0.124ns (0.485%)  route 25.445ns (99.515%))
  Logic Levels:           1  (LUT1=1)
  Clock Path Skew:        1.623ns (DCD - SCD + CPR)
    Destination Clock Delay (DCD):    1.623ns
    Source Clock Delay      (SCD):    0.000ns
    Clock Pessimism Removal (CPR):    0.000ns
  Clock Uncertainty:      0.025ns  ((TSJ^2 + TIJ^2)^1/2 + DJ) / 2 + PE
    Total System Jitter     (TSJ):    0.050ns
    Total Input Jitter      (TIJ):    0.000ns
    Discrete Jitter          (DJ):    0.000ns
    Phase Error              (PE):    0.000ns

    Location             Delay type                Incr(ns)  Path(ns)    Netlist Resource(s)
  -------------------------------------------------------------------    -------------------
                                                      0.000     0.000 r  reset_n (IN)
                         net (fo=2, unset)            0.973     0.973    u_shared_bci_accel_core/u_execution_engine/u_operand_service/reset_n
    SLICE_X26Y66         LUT1 (Prop_lut1_I0_O)        0.124     1.097 f  u_shared_bci_accel_core/u_execution_engine/u_operand_service/write_response_valid_q_i_2/O
                         net (fo=3924, routed)       24.472    25.569    u_shared_bci_accel_core/u_execution_engine/reset_n_0
    SLICE_X93Y47         FDCE                                         f  u_shared_bci_accel_core/u_execution_engine/retire_packet_data_q_reg[59]/CLR
  -------------------------------------------------------------------    -------------------

                         (clock clk rise edge)        0.000     0.000 r  
                                                      0.000     0.000 r  clk (IN)
                         net (fo=11226, unset)        1.623     1.623    u_shared_bci_accel_core/u_execution_engine/clk
    SLICE_X93Y47         FDCE                                         r  u_shared_bci_accel_core/u_execution_engine/retire_packet_data_q_reg[59]/C

Slack:                    inf
  Source:                 reset_n
                            (input port)
  Destination:            u_shared_bci_accel_core/u_execution_engine/retire_packet_data_q_reg[90]/CLR
                            (recovery check against rising-edge clock clk  {rise@0.000ns fall@7.143ns period=14.286ns})
  Path Group:             (none)
  Path Type:              Recovery (Max at Slow Process Corner)
  Data Path Delay:        25.569ns  (logic 0.124ns (0.485%)  route 25.445ns (99.515%))
  Logic Levels:           1  (LUT1=1)
  Clock Path Skew:        1.623ns (DCD - SCD + CPR)
    Destination Clock Delay (DCD):    1.623ns
    Source Clock Delay      (SCD):    0.000ns
    Clock Pessimism Removal (CPR):    0.000ns
  Clock Uncertainty:      0.025ns  ((TSJ^2 + TIJ^2)^1/2 + DJ) / 2 + PE
    Total System Jitter     (TSJ):    0.050ns
    Total Input Jitter      (TIJ):    0.000ns
    Discrete Jitter          (DJ):    0.000ns
    Phase Error              (PE):    0.000ns

    Location             Delay type                Incr(ns)  Path(ns)    Netlist Resource(s)
  -------------------------------------------------------------------    -------------------
                                                      0.000     0.000 r  reset_n (IN)
                         net (fo=2, unset)            0.973     0.973    u_shared_bci_accel_core/u_execution_engine/u_operand_service/reset_n
    SLICE_X26Y66         LUT1 (Prop_lut1_I0_O)        0.124     1.097 f  u_shared_bci_accel_core/u_execution_engine/u_operand_service/write_response_valid_q_i_2/O
                         net (fo=3924, routed)       24.472    25.569    u_shared_bci_accel_core/u_execution_engine/reset_n_0
    SLICE_X93Y47         FDCE                                         f  u_shared_bci_accel_core/u_execution_engine/retire_packet_data_q_reg[90]/CLR
  -------------------------------------------------------------------    -------------------

                         (clock clk rise edge)        0.000     0.000 r  
                                                      0.000     0.000 r  clk (IN)
                         net (fo=11226, unset)        1.623     1.623    u_shared_bci_accel_core/u_execution_engine/clk
    SLICE_X93Y47         FDCE                                         r  u_shared_bci_accel_core/u_execution_engine/retire_packet_data_q_reg[90]/C

Slack:                    inf
  Source:                 reset_n
                            (input port)
  Destination:            u_shared_bci_accel_core/u_frame_ingress/frame_config_q_reg[34]/CLR
                            (recovery check against rising-edge clock clk  {rise@0.000ns fall@7.143ns period=14.286ns})
  Path Group:             (none)
  Path Type:              Recovery (Max at Slow Process Corner)
  Data Path Delay:        25.526ns  (logic 0.124ns (0.486%)  route 25.402ns (99.514%))
  Logic Levels:           1  (LUT1=1)
  Clock Path Skew:        1.580ns (DCD - SCD + CPR)
    Destination Clock Delay (DCD):    1.580ns
    Source Clock Delay      (SCD):    0.000ns
    Clock Pessimism Removal (CPR):    0.000ns
  Clock Uncertainty:      0.025ns  ((TSJ^2 + TIJ^2)^1/2 + DJ) / 2 + PE
    Total System Jitter     (TSJ):    0.050ns
    Total Input Jitter      (TIJ):    0.000ns
    Discrete Jitter          (DJ):    0.000ns
    Phase Error              (PE):    0.000ns

    Location             Delay type                Incr(ns)  Path(ns)    Netlist Resource(s)
  -------------------------------------------------------------------    -------------------
                                                      0.000     0.000 r  reset_n (IN)
                         net (fo=2, unset)            0.973     0.973    u_shared_bci_accel_core/u_execution_engine/u_operand_service/reset_n
    SLICE_X26Y66         LUT1 (Prop_lut1_I0_O)        0.124     1.097 f  u_shared_bci_accel_core/u_execution_engine/u_operand_service/write_response_valid_q_i_2/O
                         net (fo=3924, routed)       24.429    25.526    u_shared_bci_accel_core/u_frame_ingress/correction_sign_q_reg
    SLICE_X9Y3           FDCE                                         f  u_shared_bci_accel_core/u_frame_ingress/frame_config_q_reg[34]/CLR
  -------------------------------------------------------------------    -------------------

                         (clock clk rise edge)        0.000     0.000 r  
                                                      0.000     0.000 r  clk (IN)
                         net (fo=11226, unset)        1.580     1.580    u_shared_bci_accel_core/u_frame_ingress/clk
    SLICE_X9Y3           FDCE                                         r  u_shared_bci_accel_core/u_frame_ingress/frame_config_q_reg[34]/C

Slack:                    inf
  Source:                 reset_n
                            (input port)
  Destination:            u_shared_bci_accel_core/u_frame_ingress/frame_config_q_reg[36]/CLR
                            (recovery check against rising-edge clock clk  {rise@0.000ns fall@7.143ns period=14.286ns})
  Path Group:             (none)
  Path Type:              Recovery (Max at Slow Process Corner)
  Data Path Delay:        25.526ns  (logic 0.124ns (0.486%)  route 25.402ns (99.514%))
  Logic Levels:           1  (LUT1=1)
  Clock Path Skew:        1.580ns (DCD - SCD + CPR)
    Destination Clock Delay (DCD):    1.580ns
    Source Clock Delay      (SCD):    0.000ns
    Clock Pessimism Removal (CPR):    0.000ns
  Clock Uncertainty:      0.025ns  ((TSJ^2 + TIJ^2)^1/2 + DJ) / 2 + PE
    Total System Jitter     (TSJ):    0.050ns
    Total Input Jitter      (TIJ):    0.000ns
    Discrete Jitter          (DJ):    0.000ns
    Phase Error              (PE):    0.000ns

    Location             Delay type                Incr(ns)  Path(ns)    Netlist Resource(s)
  -------------------------------------------------------------------    -------------------
                                                      0.000     0.000 r  reset_n (IN)
                         net (fo=2, unset)            0.973     0.973    u_shared_bci_accel_core/u_execution_engine/u_operand_service/reset_n
    SLICE_X26Y66         LUT1 (Prop_lut1_I0_O)        0.124     1.097 f  u_shared_bci_accel_core/u_execution_engine/u_operand_service/write_response_valid_q_i_2/O
                         net (fo=3924, routed)       24.429    25.526    u_shared_bci_accel_core/u_frame_ingress/correction_sign_q_reg
    SLICE_X9Y3           FDCE                                         f  u_shared_bci_accel_core/u_frame_ingress/frame_config_q_reg[36]/CLR
  -------------------------------------------------------------------    -------------------

                         (clock clk rise edge)        0.000     0.000 r  
                                                      0.000     0.000 r  clk (IN)
                         net (fo=11226, unset)        1.580     1.580    u_shared_bci_accel_core/u_frame_ingress/clk
    SLICE_X9Y3           FDCE                                         r  u_shared_bci_accel_core/u_frame_ingress/frame_config_q_reg[36]/C

Slack:                    inf
  Source:                 reset_n
                            (input port)
  Destination:            u_shared_bci_accel_core/u_frame_ingress/frame_config_q_reg[37]/CLR
                            (recovery check against rising-edge clock clk  {rise@0.000ns fall@7.143ns period=14.286ns})
  Path Group:             (none)
  Path Type:              Recovery (Max at Slow Process Corner)
  Data Path Delay:        25.526ns  (logic 0.124ns (0.486%)  route 25.402ns (99.514%))
  Logic Levels:           1  (LUT1=1)
  Clock Path Skew:        1.580ns (DCD - SCD + CPR)
    Destination Clock Delay (DCD):    1.580ns
    Source Clock Delay      (SCD):    0.000ns
    Clock Pessimism Removal (CPR):    0.000ns
  Clock Uncertainty:      0.025ns  ((TSJ^2 + TIJ^2)^1/2 + DJ) / 2 + PE
    Total System Jitter     (TSJ):    0.050ns
    Total Input Jitter      (TIJ):    0.000ns
    Discrete Jitter          (DJ):    0.000ns
    Phase Error              (PE):    0.000ns

    Location             Delay type                Incr(ns)  Path(ns)    Netlist Resource(s)
  -------------------------------------------------------------------    -------------------
                                                      0.000     0.000 r  reset_n (IN)
                         net (fo=2, unset)            0.973     0.973    u_shared_bci_accel_core/u_execution_engine/u_operand_service/reset_n
    SLICE_X26Y66         LUT1 (Prop_lut1_I0_O)        0.124     1.097 f  u_shared_bci_accel_core/u_execution_engine/u_operand_service/write_response_valid_q_i_2/O
                         net (fo=3924, routed)       24.429    25.526    u_shared_bci_accel_core/u_frame_ingress/correction_sign_q_reg
    SLICE_X8Y3           FDCE                                         f  u_shared_bci_accel_core/u_frame_ingress/frame_config_q_reg[37]/CLR
  -------------------------------------------------------------------    -------------------

                         (clock clk rise edge)        0.000     0.000 r  
                                                      0.000     0.000 r  clk (IN)
                         net (fo=11226, unset)        1.580     1.580    u_shared_bci_accel_core/u_frame_ingress/clk
    SLICE_X8Y3           FDCE                                         r  u_shared_bci_accel_core/u_frame_ingress/frame_config_q_reg[37]/C

Slack:                    inf
  Source:                 reset_n
                            (input port)
  Destination:            u_shared_bci_accel_core/u_execution_engine/u_apx_cluster/wide_add_lower_result_q_reg[76]/CLR
                            (recovery check against rising-edge clock clk  {rise@0.000ns fall@7.143ns period=14.286ns})
  Path Group:             (none)
  Path Type:              Recovery (Max at Slow Process Corner)
  Data Path Delay:        25.518ns  (logic 0.116ns (0.455%)  route 25.402ns (99.545%))
  Logic Levels:           1  (LUT1=1)
  Clock Path Skew:        1.600ns (DCD - SCD + CPR)
    Destination Clock Delay (DCD):    1.600ns
    Source Clock Delay      (SCD):    0.000ns
    Clock Pessimism Removal (CPR):    0.000ns
  Clock Uncertainty:      0.025ns  ((TSJ^2 + TIJ^2)^1/2 + DJ) / 2 + PE
    Total System Jitter     (TSJ):    0.050ns
    Total Input Jitter      (TIJ):    0.000ns
    Discrete Jitter          (DJ):    0.000ns
    Phase Error              (PE):    0.000ns

    Location             Delay type                Incr(ns)  Path(ns)    Netlist Resource(s)
  -------------------------------------------------------------------    -------------------
                                                      0.000     0.000 r  reset_n (IN)
                         net (fo=2, unset)            0.973     0.973    u_shared_bci_accel_core/u_execution_engine/u_apx_cluster/gen_quad_add[1].quad_adder_inst/reset_n
    SLICE_X26Y66         LUT1 (Prop_lut1_I0_O)        0.116     1.089 f  u_shared_bci_accel_core/u_execution_engine/u_apx_cluster/gen_quad_add[1].quad_adder_inst/post_add_tag_d2_q[15]_i_1/O
                         net (fo=4750, routed)       24.429    25.518    u_shared_bci_accel_core/u_execution_engine/u_apx_cluster/gen_quad_add[1].quad_adder_inst_n_0
    SLICE_X91Y87         FDCE                                         f  u_shared_bci_accel_core/u_execution_engine/u_apx_cluster/wide_add_lower_result_q_reg[76]/CLR
  -------------------------------------------------------------------    -------------------

                         (clock clk rise edge)        0.000     0.000 r  
                                                      0.000     0.000 r  clk (IN)
                         net (fo=11226, unset)        1.600     1.600    u_shared_bci_accel_core/u_execution_engine/u_apx_cluster/clk
    SLICE_X91Y87         FDCE                                         r  u_shared_bci_accel_core/u_execution_engine/u_apx_cluster/wide_add_lower_result_q_reg[76]/C

Slack:                    inf
  Source:                 reset_n
                            (input port)
  Destination:            u_shared_bci_accel_core/u_execution_engine/u_apx_cluster/wide_add_lower_result_q_reg[77]/CLR
                            (recovery check against rising-edge clock clk  {rise@0.000ns fall@7.143ns period=14.286ns})
  Path Group:             (none)
  Path Type:              Recovery (Max at Slow Process Corner)
  Data Path Delay:        25.518ns  (logic 0.116ns (0.455%)  route 25.402ns (99.545%))
  Logic Levels:           1  (LUT1=1)
  Clock Path Skew:        1.600ns (DCD - SCD + CPR)
    Destination Clock Delay (DCD):    1.600ns
    Source Clock Delay      (SCD):    0.000ns
    Clock Pessimism Removal (CPR):    0.000ns
  Clock Uncertainty:      0.025ns  ((TSJ^2 + TIJ^2)^1/2 + DJ) / 2 + PE
    Total System Jitter     (TSJ):    0.050ns
    Total Input Jitter      (TIJ):    0.000ns
    Discrete Jitter          (DJ):    0.000ns
    Phase Error              (PE):    0.000ns

    Location             Delay type                Incr(ns)  Path(ns)    Netlist Resource(s)
  -------------------------------------------------------------------    -------------------
                                                      0.000     0.000 r  reset_n (IN)
                         net (fo=2, unset)            0.973     0.973    u_shared_bci_accel_core/u_execution_engine/u_apx_cluster/gen_quad_add[1].quad_adder_inst/reset_n
    SLICE_X26Y66         LUT1 (Prop_lut1_I0_O)        0.116     1.089 f  u_shared_bci_accel_core/u_execution_engine/u_apx_cluster/gen_quad_add[1].quad_adder_inst/post_add_tag_d2_q[15]_i_1/O
                         net (fo=4750, routed)       24.429    25.518    u_shared_bci_accel_core/u_execution_engine/u_apx_cluster/gen_quad_add[1].quad_adder_inst_n_0
    SLICE_X91Y87         FDCE                                         f  u_shared_bci_accel_core/u_execution_engine/u_apx_cluster/wide_add_lower_result_q_reg[77]/CLR
  -------------------------------------------------------------------    -------------------

                         (clock clk rise edge)        0.000     0.000 r  
                                                      0.000     0.000 r  clk (IN)
                         net (fo=11226, unset)        1.600     1.600    u_shared_bci_accel_core/u_execution_engine/u_apx_cluster/clk
    SLICE_X91Y87         FDCE                                         r  u_shared_bci_accel_core/u_execution_engine/u_apx_cluster/wide_add_lower_result_q_reg[77]/C





Min Delay Paths
--------------------------------------------------------------------------------------
Slack:                    inf
  Source:                 s_axi_awaddr[0]
                            (input port)
  Destination:            u_axi_control_loader/write_address_q_reg[0]/D
                            (rising edge-triggered cell FDCE clocked by clk  {rise@0.000ns fall@7.143ns period=14.286ns})
  Path Group:             (none)
  Path Type:              Hold (Min at Fast Process Corner)
  Data Path Delay:        0.410ns  (logic 0.000ns (0.000%)  route 0.410ns (100.000%))
  Logic Levels:           0  
  Clock Path Skew:        0.863ns (DCD - SCD - CPR)
    Destination Clock Delay (DCD):    0.863ns
    Source Clock Delay      (SCD):    0.000ns
    Clock Pessimism Removal (CPR):    -0.000ns

    Location             Delay type                Incr(ns)  Path(ns)    Netlist Resource(s)
  -------------------------------------------------------------------    -------------------
                                                      0.000     0.000 r  s_axi_awaddr[0] (IN)
                         net (fo=0)                   0.410     0.410    u_axi_control_loader/s_axi_awaddr[0]
    SLICE_X23Y3          FDCE                                         r  u_axi_control_loader/write_address_q_reg[0]/D
  -------------------------------------------------------------------    -------------------

                         (clock clk rise edge)        0.000     0.000 r  
                                                      0.000     0.000 r  clk (IN)
                         net (fo=11226, unset)        0.863     0.863    u_axi_control_loader/clk
    SLICE_X23Y3          FDCE                                         r  u_axi_control_loader/write_address_q_reg[0]/C

Slack:                    inf
  Source:                 s_axi_awaddr[10]
                            (input port)
  Destination:            u_axi_control_loader/write_address_q_reg[10]/D
                            (rising edge-triggered cell FDCE clocked by clk  {rise@0.000ns fall@7.143ns period=14.286ns})
  Path Group:             (none)
  Path Type:              Hold (Min at Fast Process Corner)
  Data Path Delay:        0.410ns  (logic 0.000ns (0.000%)  route 0.410ns (100.000%))
  Logic Levels:           0  
  Clock Path Skew:        0.858ns (DCD - SCD - CPR)
    Destination Clock Delay (DCD):    0.858ns
    Source Clock Delay      (SCD):    0.000ns
    Clock Pessimism Removal (CPR):    -0.000ns

    Location             Delay type                Incr(ns)  Path(ns)    Netlist Resource(s)
  -------------------------------------------------------------------    -------------------
                                                      0.000     0.000 r  s_axi_awaddr[10] (IN)
                         net (fo=0)                   0.410     0.410    u_axi_control_loader/s_axi_awaddr[10]
    SLICE_X24Y5          FDCE                                         r  u_axi_control_loader/write_address_q_reg[10]/D
  -------------------------------------------------------------------    -------------------

                         (clock clk rise edge)        0.000     0.000 r  
                                                      0.000     0.000 r  clk (IN)
                         net (fo=11226, unset)        0.858     0.858    u_axi_control_loader/clk
    SLICE_X24Y5          FDCE                                         r  u_axi_control_loader/write_address_q_reg[10]/C

Slack:                    inf
  Source:                 s_axi_awaddr[11]
                            (input port)
  Destination:            u_axi_control_loader/write_address_q_reg[11]/D
                            (rising edge-triggered cell FDCE clocked by clk  {rise@0.000ns fall@7.143ns period=14.286ns})
  Path Group:             (none)
  Path Type:              Hold (Min at Fast Process Corner)
  Data Path Delay:        0.410ns  (logic 0.000ns (0.000%)  route 0.410ns (100.000%))
  Logic Levels:           0  
  Clock Path Skew:        0.858ns (DCD - SCD - CPR)
    Destination Clock Delay (DCD):    0.858ns
    Source Clock Delay      (SCD):    0.000ns
    Clock Pessimism Removal (CPR):    -0.000ns

    Location             Delay type                Incr(ns)  Path(ns)    Netlist Resource(s)
  -------------------------------------------------------------------    -------------------
                                                      0.000     0.000 r  s_axi_awaddr[11] (IN)
                         net (fo=0)                   0.410     0.410    u_axi_control_loader/s_axi_awaddr[11]
    SLICE_X26Y4          FDCE                                         r  u_axi_control_loader/write_address_q_reg[11]/D
  -------------------------------------------------------------------    -------------------

                         (clock clk rise edge)        0.000     0.000 r  
                                                      0.000     0.000 r  clk (IN)
                         net (fo=11226, unset)        0.858     0.858    u_axi_control_loader/clk
    SLICE_X26Y4          FDCE                                         r  u_axi_control_loader/write_address_q_reg[11]/C

Slack:                    inf
  Source:                 s_axi_awaddr[12]
                            (input port)
  Destination:            u_axi_control_loader/write_address_q_reg[12]/D
                            (rising edge-triggered cell FDCE clocked by clk  {rise@0.000ns fall@7.143ns period=14.286ns})
  Path Group:             (none)
  Path Type:              Hold (Min at Fast Process Corner)
  Data Path Delay:        0.410ns  (logic 0.000ns (0.000%)  route 0.410ns (100.000%))
  Logic Levels:           0  
  Clock Path Skew:        0.858ns (DCD - SCD - CPR)
    Destination Clock Delay (DCD):    0.858ns
    Source Clock Delay      (SCD):    0.000ns
    Clock Pessimism Removal (CPR):    -0.000ns

    Location             Delay type                Incr(ns)  Path(ns)    Netlist Resource(s)
  -------------------------------------------------------------------    -------------------
                                                      0.000     0.000 r  s_axi_awaddr[12] (IN)
                         net (fo=0)                   0.410     0.410    u_axi_control_loader/s_axi_awaddr[12]
    SLICE_X24Y3          FDCE                                         r  u_axi_control_loader/write_address_q_reg[12]/D
  -------------------------------------------------------------------    -------------------

                         (clock clk rise edge)        0.000     0.000 r  
                                                      0.000     0.000 r  clk (IN)
                         net (fo=11226, unset)        0.858     0.858    u_axi_control_loader/clk
    SLICE_X24Y3          FDCE                                         r  u_axi_control_loader/write_address_q_reg[12]/C

Slack:                    inf
  Source:                 s_axi_awaddr[13]
                            (input port)
  Destination:            u_axi_control_loader/write_address_q_reg[13]/D
                            (rising edge-triggered cell FDCE clocked by clk  {rise@0.000ns fall@7.143ns period=14.286ns})
  Path Group:             (none)
  Path Type:              Hold (Min at Fast Process Corner)
  Data Path Delay:        0.410ns  (logic 0.000ns (0.000%)  route 0.410ns (100.000%))
  Logic Levels:           0  
  Clock Path Skew:        0.858ns (DCD - SCD - CPR)
    Destination Clock Delay (DCD):    0.858ns
    Source Clock Delay      (SCD):    0.000ns
    Clock Pessimism Removal (CPR):    -0.000ns

    Location             Delay type                Incr(ns)  Path(ns)    Netlist Resource(s)
  -------------------------------------------------------------------    -------------------
                                                      0.000     0.000 r  s_axi_awaddr[13] (IN)
                         net (fo=0)                   0.410     0.410    u_axi_control_loader/s_axi_awaddr[13]
    SLICE_X24Y3          FDCE                                         r  u_axi_control_loader/write_address_q_reg[13]/D
  -------------------------------------------------------------------    -------------------

                         (clock clk rise edge)        0.000     0.000 r  
                                                      0.000     0.000 r  clk (IN)
                         net (fo=11226, unset)        0.858     0.858    u_axi_control_loader/clk
    SLICE_X24Y3          FDCE                                         r  u_axi_control_loader/write_address_q_reg[13]/C

Slack:                    inf
  Source:                 s_axi_awaddr[14]
                            (input port)
  Destination:            u_axi_control_loader/write_address_q_reg[14]/D
                            (rising edge-triggered cell FDCE clocked by clk  {rise@0.000ns fall@7.143ns period=14.286ns})
  Path Group:             (none)
  Path Type:              Hold (Min at Fast Process Corner)
  Data Path Delay:        0.410ns  (logic 0.000ns (0.000%)  route 0.410ns (100.000%))
  Logic Levels:           0  
  Clock Path Skew:        0.858ns (DCD - SCD - CPR)
    Destination Clock Delay (DCD):    0.858ns
    Source Clock Delay      (SCD):    0.000ns
    Clock Pessimism Removal (CPR):    -0.000ns

    Location             Delay type                Incr(ns)  Path(ns)    Netlist Resource(s)
  -------------------------------------------------------------------    -------------------
                                                      0.000     0.000 r  s_axi_awaddr[14] (IN)
                         net (fo=0)                   0.410     0.410    u_axi_control_loader/s_axi_awaddr[14]
    SLICE_X24Y3          FDCE                                         r  u_axi_control_loader/write_address_q_reg[14]/D
  -------------------------------------------------------------------    -------------------

                         (clock clk rise edge)        0.000     0.000 r  
                                                      0.000     0.000 r  clk (IN)
                         net (fo=11226, unset)        0.858     0.858    u_axi_control_loader/clk
    SLICE_X24Y3          FDCE                                         r  u_axi_control_loader/write_address_q_reg[14]/C

Slack:                    inf
  Source:                 s_axi_awaddr[15]
                            (input port)
  Destination:            u_axi_control_loader/write_address_q_reg[15]/D
                            (rising edge-triggered cell FDCE clocked by clk  {rise@0.000ns fall@7.143ns period=14.286ns})
  Path Group:             (none)
  Path Type:              Hold (Min at Fast Process Corner)
  Data Path Delay:        0.410ns  (logic 0.000ns (0.000%)  route 0.410ns (100.000%))
  Logic Levels:           0  
  Clock Path Skew:        0.858ns (DCD - SCD - CPR)
    Destination Clock Delay (DCD):    0.858ns
    Source Clock Delay      (SCD):    0.000ns
    Clock Pessimism Removal (CPR):    -0.000ns

    Location             Delay type                Incr(ns)  Path(ns)    Netlist Resource(s)
  -------------------------------------------------------------------    -------------------
                                                      0.000     0.000 r  s_axi_awaddr[15] (IN)
                         net (fo=0)                   0.410     0.410    u_axi_control_loader/s_axi_awaddr[15]
    SLICE_X24Y3          FDCE                                         r  u_axi_control_loader/write_address_q_reg[15]/D
  -------------------------------------------------------------------    -------------------

                         (clock clk rise edge)        0.000     0.000 r  
                                                      0.000     0.000 r  clk (IN)
                         net (fo=11226, unset)        0.858     0.858    u_axi_control_loader/clk
    SLICE_X24Y3          FDCE                                         r  u_axi_control_loader/write_address_q_reg[15]/C

Slack:                    inf
  Source:                 s_axi_awaddr[1]
                            (input port)
  Destination:            u_axi_control_loader/write_address_q_reg[1]/D
                            (rising edge-triggered cell FDCE clocked by clk  {rise@0.000ns fall@7.143ns period=14.286ns})
  Path Group:             (none)
  Path Type:              Hold (Min at Fast Process Corner)
  Data Path Delay:        0.410ns  (logic 0.000ns (0.000%)  route 0.410ns (100.000%))
  Logic Levels:           0  
  Clock Path Skew:        0.863ns (DCD - SCD - CPR)
    Destination Clock Delay (DCD):    0.863ns
    Source Clock Delay      (SCD):    0.000ns
    Clock Pessimism Removal (CPR):    -0.000ns

    Location             Delay type                Incr(ns)  Path(ns)    Netlist Resource(s)
  -------------------------------------------------------------------    -------------------
                                                      0.000     0.000 r  s_axi_awaddr[1] (IN)
                         net (fo=0)                   0.410     0.410    u_axi_control_loader/s_axi_awaddr[1]
    SLICE_X23Y3          FDCE                                         r  u_axi_control_loader/write_address_q_reg[1]/D
  -------------------------------------------------------------------    -------------------

                         (clock clk rise edge)        0.000     0.000 r  
                                                      0.000     0.000 r  clk (IN)
                         net (fo=11226, unset)        0.863     0.863    u_axi_control_loader/clk
    SLICE_X23Y3          FDCE                                         r  u_axi_control_loader/write_address_q_reg[1]/C

Slack:                    inf
  Source:                 s_axi_awaddr[2]
                            (input port)
  Destination:            u_axi_control_loader/write_address_q_reg[2]/D
                            (rising edge-triggered cell FDCE clocked by clk  {rise@0.000ns fall@7.143ns period=14.286ns})
  Path Group:             (none)
  Path Type:              Hold (Min at Fast Process Corner)
  Data Path Delay:        0.410ns  (logic 0.000ns (0.000%)  route 0.410ns (100.000%))
  Logic Levels:           0  
  Clock Path Skew:        0.863ns (DCD - SCD - CPR)
    Destination Clock Delay (DCD):    0.863ns
    Source Clock Delay      (SCD):    0.000ns
    Clock Pessimism Removal (CPR):    -0.000ns

    Location             Delay type                Incr(ns)  Path(ns)    Netlist Resource(s)
  -------------------------------------------------------------------    -------------------
                                                      0.000     0.000 r  s_axi_awaddr[2] (IN)
                         net (fo=0)                   0.410     0.410    u_axi_control_loader/s_axi_awaddr[2]
    SLICE_X23Y3          FDCE                                         r  u_axi_control_loader/write_address_q_reg[2]/D
  -------------------------------------------------------------------    -------------------

                         (clock clk rise edge)        0.000     0.000 r  
                                                      0.000     0.000 r  clk (IN)
                         net (fo=11226, unset)        0.863     0.863    u_axi_control_loader/clk
    SLICE_X23Y3          FDCE                                         r  u_axi_control_loader/write_address_q_reg[2]/C

Slack:                    inf
  Source:                 s_axi_awaddr[3]
                            (input port)
  Destination:            u_axi_control_loader/write_address_q_reg[3]/D
                            (rising edge-triggered cell FDCE clocked by clk  {rise@0.000ns fall@7.143ns period=14.286ns})
  Path Group:             (none)
  Path Type:              Hold (Min at Fast Process Corner)
  Data Path Delay:        0.410ns  (logic 0.000ns (0.000%)  route 0.410ns (100.000%))
  Logic Levels:           0  
  Clock Path Skew:        0.858ns (DCD - SCD - CPR)
    Destination Clock Delay (DCD):    0.858ns
    Source Clock Delay      (SCD):    0.000ns
    Clock Pessimism Removal (CPR):    -0.000ns

    Location             Delay type                Incr(ns)  Path(ns)    Netlist Resource(s)
  -------------------------------------------------------------------    -------------------
                                                      0.000     0.000 r  s_axi_awaddr[3] (IN)
                         net (fo=0)                   0.410     0.410    u_axi_control_loader/s_axi_awaddr[3]
    SLICE_X24Y3          FDCE                                         r  u_axi_control_loader/write_address_q_reg[3]/D
  -------------------------------------------------------------------    -------------------

                         (clock clk rise edge)        0.000     0.000 r  
                                                      0.000     0.000 r  clk (IN)
                         net (fo=11226, unset)        0.858     0.858    u_axi_control_loader/clk
    SLICE_X24Y3          FDCE                                         r  u_axi_control_loader/write_address_q_reg[3]/C

Slack:                    inf
  Source:                 s_axi_awaddr[4]
                            (input port)
  Destination:            u_axi_control_loader/write_address_q_reg[4]/D
                            (rising edge-triggered cell FDCE clocked by clk  {rise@0.000ns fall@7.143ns period=14.286ns})
  Path Group:             (none)
  Path Type:              Hold (Min at Fast Process Corner)
  Data Path Delay:        0.410ns  (logic 0.000ns (0.000%)  route 0.410ns (100.000%))
  Logic Levels:           0  
  Clock Path Skew:        0.859ns (DCD - SCD - CPR)
    Destination Clock Delay (DCD):    0.859ns
    Source Clock Delay      (SCD):    0.000ns
    Clock Pessimism Removal (CPR):    -0.000ns

    Location             Delay type                Incr(ns)  Path(ns)    Netlist Resource(s)
  -------------------------------------------------------------------    -------------------
                                                      0.000     0.000 r  s_axi_awaddr[4] (IN)
                         net (fo=0)                   0.410     0.410    u_axi_control_loader/s_axi_awaddr[4]
    SLICE_X24Y2          FDCE                                         r  u_axi_control_loader/write_address_q_reg[4]/D
  -------------------------------------------------------------------    -------------------

                         (clock clk rise edge)        0.000     0.000 r  
                                                      0.000     0.000 r  clk (IN)
                         net (fo=11226, unset)        0.859     0.859    u_axi_control_loader/clk
    SLICE_X24Y2          FDCE                                         r  u_axi_control_loader/write_address_q_reg[4]/C

Slack:                    inf
  Source:                 s_axi_awaddr[5]
                            (input port)
  Destination:            u_axi_control_loader/write_address_q_reg[5]/D
                            (rising edge-triggered cell FDCE clocked by clk  {rise@0.000ns fall@7.143ns period=14.286ns})
  Path Group:             (none)
  Path Type:              Hold (Min at Fast Process Corner)
  Data Path Delay:        0.410ns  (logic 0.000ns (0.000%)  route 0.410ns (100.000%))
  Logic Levels:           0  
  Clock Path Skew:        0.859ns (DCD - SCD - CPR)
    Destination Clock Delay (DCD):    0.859ns
    Source Clock Delay      (SCD):    0.000ns
    Clock Pessimism Removal (CPR):    -0.000ns

    Location             Delay type                Incr(ns)  Path(ns)    Netlist Resource(s)
  -------------------------------------------------------------------    -------------------
                                                      0.000     0.000 r  s_axi_awaddr[5] (IN)
                         net (fo=0)                   0.410     0.410    u_axi_control_loader/s_axi_awaddr[5]
    SLICE_X24Y2          FDCE                                         r  u_axi_control_loader/write_address_q_reg[5]/D
  -------------------------------------------------------------------    -------------------

                         (clock clk rise edge)        0.000     0.000 r  
                                                      0.000     0.000 r  clk (IN)
                         net (fo=11226, unset)        0.859     0.859    u_axi_control_loader/clk
    SLICE_X24Y2          FDCE                                         r  u_axi_control_loader/write_address_q_reg[5]/C

Slack:                    inf
  Source:                 s_axi_awaddr[6]
                            (input port)
  Destination:            u_axi_control_loader/write_address_q_reg[6]/D
                            (rising edge-triggered cell FDCE clocked by clk  {rise@0.000ns fall@7.143ns period=14.286ns})
  Path Group:             (none)
  Path Type:              Hold (Min at Fast Process Corner)
  Data Path Delay:        0.410ns  (logic 0.000ns (0.000%)  route 0.410ns (100.000%))
  Logic Levels:           0  
  Clock Path Skew:        0.858ns (DCD - SCD - CPR)
    Destination Clock Delay (DCD):    0.858ns
    Source Clock Delay      (SCD):    0.000ns
    Clock Pessimism Removal (CPR):    -0.000ns

    Location             Delay type                Incr(ns)  Path(ns)    Netlist Resource(s)
  -------------------------------------------------------------------    -------------------
                                                      0.000     0.000 r  s_axi_awaddr[6] (IN)
                         net (fo=0)                   0.410     0.410    u_axi_control_loader/s_axi_awaddr[6]
    SLICE_X24Y3          FDCE                                         r  u_axi_control_loader/write_address_q_reg[6]/D
  -------------------------------------------------------------------    -------------------

                         (clock clk rise edge)        0.000     0.000 r  
                                                      0.000     0.000 r  clk (IN)
                         net (fo=11226, unset)        0.858     0.858    u_axi_control_loader/clk
    SLICE_X24Y3          FDCE                                         r  u_axi_control_loader/write_address_q_reg[6]/C

Slack:                    inf
  Source:                 s_axi_awaddr[7]
                            (input port)
  Destination:            u_axi_control_loader/write_address_q_reg[7]/D
                            (rising edge-triggered cell FDCE clocked by clk  {rise@0.000ns fall@7.143ns period=14.286ns})
  Path Group:             (none)
  Path Type:              Hold (Min at Fast Process Corner)
  Data Path Delay:        0.410ns  (logic 0.000ns (0.000%)  route 0.410ns (100.000%))
  Logic Levels:           0  
  Clock Path Skew:        0.858ns (DCD - SCD - CPR)
    Destination Clock Delay (DCD):    0.858ns
    Source Clock Delay      (SCD):    0.000ns
    Clock Pessimism Removal (CPR):    -0.000ns

    Location             Delay type                Incr(ns)  Path(ns)    Netlist Resource(s)
  -------------------------------------------------------------------    -------------------
                                                      0.000     0.000 r  s_axi_awaddr[7] (IN)
                         net (fo=0)                   0.410     0.410    u_axi_control_loader/s_axi_awaddr[7]
    SLICE_X24Y5          FDCE                                         r  u_axi_control_loader/write_address_q_reg[7]/D
  -------------------------------------------------------------------    -------------------

                         (clock clk rise edge)        0.000     0.000 r  
                                                      0.000     0.000 r  clk (IN)
                         net (fo=11226, unset)        0.858     0.858    u_axi_control_loader/clk
    SLICE_X24Y5          FDCE                                         r  u_axi_control_loader/write_address_q_reg[7]/C

Slack:                    inf
  Source:                 s_axi_awaddr[8]
                            (input port)
  Destination:            u_axi_control_loader/write_address_q_reg[8]/D
                            (rising edge-triggered cell FDCE clocked by clk  {rise@0.000ns fall@7.143ns period=14.286ns})
  Path Group:             (none)
  Path Type:              Hold (Min at Fast Process Corner)
  Data Path Delay:        0.410ns  (logic 0.000ns (0.000%)  route 0.410ns (100.000%))
  Logic Levels:           0  
  Clock Path Skew:        0.858ns (DCD - SCD - CPR)
    Destination Clock Delay (DCD):    0.858ns
    Source Clock Delay      (SCD):    0.000ns
    Clock Pessimism Removal (CPR):    -0.000ns

    Location             Delay type                Incr(ns)  Path(ns)    Netlist Resource(s)
  -------------------------------------------------------------------    -------------------
                                                      0.000     0.000 r  s_axi_awaddr[8] (IN)
                         net (fo=0)                   0.410     0.410    u_axi_control_loader/s_axi_awaddr[8]
    SLICE_X26Y4          FDCE                                         r  u_axi_control_loader/write_address_q_reg[8]/D
  -------------------------------------------------------------------    -------------------

                         (clock clk rise edge)        0.000     0.000 r  
                                                      0.000     0.000 r  clk (IN)
                         net (fo=11226, unset)        0.858     0.858    u_axi_control_loader/clk
    SLICE_X26Y4          FDCE                                         r  u_axi_control_loader/write_address_q_reg[8]/C

Slack:                    inf
  Source:                 s_axi_awaddr[9]
                            (input port)
  Destination:            u_axi_control_loader/write_address_q_reg[9]/D
                            (rising edge-triggered cell FDCE clocked by clk  {rise@0.000ns fall@7.143ns period=14.286ns})
  Path Group:             (none)
  Path Type:              Hold (Min at Fast Process Corner)
  Data Path Delay:        0.410ns  (logic 0.000ns (0.000%)  route 0.410ns (100.000%))
  Logic Levels:           0  
  Clock Path Skew:        0.858ns (DCD - SCD - CPR)
    Destination Clock Delay (DCD):    0.858ns
    Source Clock Delay      (SCD):    0.000ns
    Clock Pessimism Removal (CPR):    -0.000ns

    Location             Delay type                Incr(ns)  Path(ns)    Netlist Resource(s)
  -------------------------------------------------------------------    -------------------
                                                      0.000     0.000 r  s_axi_awaddr[9] (IN)
                         net (fo=0)                   0.410     0.410    u_axi_control_loader/s_axi_awaddr[9]
    SLICE_X24Y5          FDCE                                         r  u_axi_control_loader/write_address_q_reg[9]/D
  -------------------------------------------------------------------    -------------------

                         (clock clk rise edge)        0.000     0.000 r  
                                                      0.000     0.000 r  clk (IN)
                         net (fo=11226, unset)        0.858     0.858    u_axi_control_loader/clk
    SLICE_X24Y5          FDCE                                         r  u_axi_control_loader/write_address_q_reg[9]/C

Slack:                    inf
  Source:                 s_axi_wdata[0]
                            (input port)
  Destination:            u_axi_control_loader/write_data_q_reg[0]/D
                            (rising edge-triggered cell FDCE clocked by clk  {rise@0.000ns fall@7.143ns period=14.286ns})
  Path Group:             (none)
  Path Type:              Hold (Min at Fast Process Corner)
  Data Path Delay:        0.410ns  (logic 0.000ns (0.000%)  route 0.410ns (100.000%))
  Logic Levels:           0  
  Clock Path Skew:        0.865ns (DCD - SCD - CPR)
    Destination Clock Delay (DCD):    0.865ns
    Source Clock Delay      (SCD):    0.000ns
    Clock Pessimism Removal (CPR):    -0.000ns

    Location             Delay type                Incr(ns)  Path(ns)    Netlist Resource(s)
  -------------------------------------------------------------------    -------------------
                                                      0.000     0.000 r  s_axi_wdata[0] (IN)
                         net (fo=0)                   0.410     0.410    u_axi_control_loader/s_axi_wdata[0]
    SLICE_X19Y4          FDCE                                         r  u_axi_control_loader/write_data_q_reg[0]/D
  -------------------------------------------------------------------    -------------------

                         (clock clk rise edge)        0.000     0.000 r  
                                                      0.000     0.000 r  clk (IN)
                         net (fo=11226, unset)        0.865     0.865    u_axi_control_loader/clk
    SLICE_X19Y4          FDCE                                         r  u_axi_control_loader/write_data_q_reg[0]/C

Slack:                    inf
  Source:                 s_axi_wdata[10]
                            (input port)
  Destination:            u_axi_control_loader/write_data_q_reg[10]/D
                            (rising edge-triggered cell FDCE clocked by clk  {rise@0.000ns fall@7.143ns period=14.286ns})
  Path Group:             (none)
  Path Type:              Hold (Min at Fast Process Corner)
  Data Path Delay:        0.410ns  (logic 0.000ns (0.000%)  route 0.410ns (100.000%))
  Logic Levels:           0  
  Clock Path Skew:        0.865ns (DCD - SCD - CPR)
    Destination Clock Delay (DCD):    0.865ns
    Source Clock Delay      (SCD):    0.000ns
    Clock Pessimism Removal (CPR):    -0.000ns

    Location             Delay type                Incr(ns)  Path(ns)    Netlist Resource(s)
  -------------------------------------------------------------------    -------------------
                                                      0.000     0.000 r  s_axi_wdata[10] (IN)
                         net (fo=0)                   0.410     0.410    u_axi_control_loader/s_axi_wdata[10]
    SLICE_X18Y4          FDCE                                         r  u_axi_control_loader/write_data_q_reg[10]/D
  -------------------------------------------------------------------    -------------------

                         (clock clk rise edge)        0.000     0.000 r  
                                                      0.000     0.000 r  clk (IN)
                         net (fo=11226, unset)        0.865     0.865    u_axi_control_loader/clk
    SLICE_X18Y4          FDCE                                         r  u_axi_control_loader/write_data_q_reg[10]/C

Slack:                    inf
  Source:                 s_axi_wdata[11]
                            (input port)
  Destination:            u_axi_control_loader/write_data_q_reg[11]/D
                            (rising edge-triggered cell FDCE clocked by clk  {rise@0.000ns fall@7.143ns period=14.286ns})
  Path Group:             (none)
  Path Type:              Hold (Min at Fast Process Corner)
  Data Path Delay:        0.410ns  (logic 0.000ns (0.000%)  route 0.410ns (100.000%))
  Logic Levels:           0  
  Clock Path Skew:        0.828ns (DCD - SCD - CPR)
    Destination Clock Delay (DCD):    0.828ns
    Source Clock Delay      (SCD):    0.000ns
    Clock Pessimism Removal (CPR):    -0.000ns

    Location             Delay type                Incr(ns)  Path(ns)    Netlist Resource(s)
  -------------------------------------------------------------------    -------------------
                                                      0.000     0.000 r  s_axi_wdata[11] (IN)
                         net (fo=0)                   0.410     0.410    u_axi_control_loader/s_axi_wdata[11]
    SLICE_X36Y7          FDCE                                         r  u_axi_control_loader/write_data_q_reg[11]/D
  -------------------------------------------------------------------    -------------------

                         (clock clk rise edge)        0.000     0.000 r  
                                                      0.000     0.000 r  clk (IN)
                         net (fo=11226, unset)        0.828     0.828    u_axi_control_loader/clk
    SLICE_X36Y7          FDCE                                         r  u_axi_control_loader/write_data_q_reg[11]/C

Slack:                    inf
  Source:                 s_axi_wdata[12]
                            (input port)
  Destination:            u_axi_control_loader/write_data_q_reg[12]/D
                            (rising edge-triggered cell FDCE clocked by clk  {rise@0.000ns fall@7.143ns period=14.286ns})
  Path Group:             (none)
  Path Type:              Hold (Min at Fast Process Corner)
  Data Path Delay:        0.410ns  (logic 0.000ns (0.000%)  route 0.410ns (100.000%))
  Logic Levels:           0  
  Clock Path Skew:        0.865ns (DCD - SCD - CPR)
    Destination Clock Delay (DCD):    0.865ns
    Source Clock Delay      (SCD):    0.000ns
    Clock Pessimism Removal (CPR):    -0.000ns

    Location             Delay type                Incr(ns)  Path(ns)    Netlist Resource(s)
  -------------------------------------------------------------------    -------------------
                                                      0.000     0.000 r  s_axi_wdata[12] (IN)
                         net (fo=0)                   0.410     0.410    u_axi_control_loader/s_axi_wdata[12]
    SLICE_X18Y4          FDCE                                         r  u_axi_control_loader/write_data_q_reg[12]/D
  -------------------------------------------------------------------    -------------------

                         (clock clk rise edge)        0.000     0.000 r  
                                                      0.000     0.000 r  clk (IN)
                         net (fo=11226, unset)        0.865     0.865    u_axi_control_loader/clk
    SLICE_X18Y4          FDCE                                         r  u_axi_control_loader/write_data_q_reg[12]/C





